source_id,target_id,edge_type,notes
thinker:dharampal,book:bol-the-beautiful-tree,authored,Foundational text on pre-colonial Indian education
thinker:dharampal,book:bol-civil-disobedience-in-indian-tradition,authored,
thinker:dharampal,"book:bol-essays-on-tradition,-recovery-and-freedom",authored,
thinker:dharampal,book:bol-indian-science-and-technology-in-the-18th-century,authored,
thinker:dharampal,book:bol-panchayat-raj-and-india's-polity,authored,
thinker:dharampal,book:bol-rediscovering-india,authored,
thinker:ak-saran,book:bol-gandhis-theory-of-society-and-our-times,authored,
thinker:ak-saran,book:bol-the-crisis-of-hinduism,authored,
thinker:km-munshi,b1000:681,authored,Foundations of Indian Culture
thinker:dharampal,school:dharampal-svayambodha-school,founded,Dharampal is the founding figure; school bears his name
thinker:ram-swarup,school:voice-of-india-shatrubodha-school,founded,Ram Swarup co-founded Voice of India with Sita Ram Goel in 1981
thinker:ak-saran,school:dharampal-svayambodha-school,member_of,AK Saran was a Gandhian sociologist and intellectual peer of Dharampal
thinker:eo-wilson,school:conscilience-school,member_of,Wilson coined 'consilience'; the school is named after his 1998 book
thinker:ivan-illich,school:cultural-traditionalists-school,member_of,Illich's deschooling and institutional critique is canonical cultural traditionalism
thinker:theodore-dalrymple,school:cultural-traditionalists-school,member_of,Dalrymple is a cultural conservative critic of post-1960s liberal institutions
thinker:nassim-nicholas-taleb,school:political-traditionalists-school,member_of,Taleb's antifragility and skin-in-the-game arguments are a form of political traditionalism
thinker:km-munshi,school:swami-vivekananda-school,member_of,Munshi's cultural nationalism was shaped by Vivekananda's civilizational vision; founded Bharatiya Vidya Bhavan
thinker:ivan-illich,thinker:dharampal,influences,Illich's Deschooling Society (1971) ran parallel to and reinforced Dharampal's archival research; Dharampal cited Illich in later essays
thinker:ak-saran,thinker:dharampal,influences,Saran's sociological framework for analysing modernity's disruption of Hindu society shaped Dharampal's approach
thinker:vs-naipaul,thinker:ram-swarup,influences,Naipaul's India trilogy engaged with the same civilizational questions; they were in dialogue in Delhi intellectual circles
thinker:alexander-solzhenitsyn,thinker:ak-saran,influences,Solzhenitsyn's civilizational critique of the West from a non-liberal standpoint is a structural parallel to Saran's critique from a Hindu one
project:battle-for-dharma-north-east,question:what-will-destroy,investigates,Direct investigation of missionary-demographic threat in Northeast India
project:dangs-anatomy-of-religious-terror,question:what-will-destroy,investigates,Case study of organised religious terror and conversion in Dangs
project:year-in-hajong-village,question:what-will-destroy,investigates,Ethnographic account of tribal village under conversion pressure in Northeast India
project:hindu-response-to-enlightenment,question:will-save-sanatana-dharma,investigates,Central question: what is the Hindu intellectual response to modernity
project:hindu-response-to-enlightenment,question:modernity-and-hindu-values,investigates,Directly examines the encounter between Enlightenment thought and Hindu values
project:hindu-frameworks-of-education,question:core-of-sanatana-dharma,investigates,Education as the transmission mechanism of civilizational knowledge
project:hindu-frameworks-of-education,question:will-save-sanatana-dharma,investigates,Educational frameworks as an answer to civilizational survival
project:hindu-models-of-temple-management,question:hindu-institution-generate,investigates,Temples as generative institutions — how they can be restored to that function
project:structure-of-hindu-charity,question:hindu-institution-generate,investigates,Dana as an institution that generates social trust and community
project:interchanging-dynamics-of-hindu-family,question:hindu-institution-generate,investigates,The family as the primary institution of Hindu civilizational reproduction
project:hindu-school-of-history,question:being-indian,investigates,A Hindu historiography is the precondition for knowing what 'being Indian' means
project:artist-in-art,question:core-of-sanatana-dharma,investigates,Hindu aesthetics as an expression of dharmic cosmology — art as civilizational core
project:hindu-frameworks-of-education,thinker:dharampal,draws_on,The Beautiful Tree is the canonical text; Dharampal's archival research is the project's foundation
project:hindu-school-of-history,thinker:dharampal,draws_on,Dharampal's approach to pre-colonial sources is the methodological basis
project:hindu-school-of-history,thinker:km-munshi,draws_on,Munshi's Foundations of Indian Culture is a reference text for Hindu civilizational history
project:battle-for-dharma-north-east,thinker:ram-swarup,draws_on,Voice of India's shatrubodha framework — missionary activity as civilizational threat
project:dangs-anatomy-of-religious-terror,thinker:ram-swarup,draws_on,Same Voice of India analytical framework applied to the Dangs case
project:year-in-hajong-village,thinker:ram-swarup,draws_on,VOI analytical lens on conversion pressure in tribal areas
project:hindu-response-to-enlightenment,thinker:ak-saran,draws_on,Saran's critique of modernity is one of the project's theoretical anchors
project:hindu-response-to-enlightenment,thinker:ivan-illich,draws_on,Illich's institutional critique of modernity as a purva-paksha reference
project:artist-in-art,thinker:kapila-vatsyayana,draws_on,Kapila Vatsyayana's work on the classical arts is the primary scholarly reference
project:artist-in-art,thinker:ms-hiriyanna,draws_on,Hiriyanna's aesthetics — art as expression of Indian philosophical vision
thinker:dharampal,question:will-save-sanatana-dharma,responds_to,Dharampal's entire project is a civilizational recovery programme
thinker:dharampal,question:core-of-sanatana-dharma,responds_to,His research on indigenous knowledge and governance maps the civilizational core
thinker:ram-swarup,question:what-will-destroy,responds_to,His analysis of Islam and Christianity as systemic threats is a direct answer
thinker:ram-swarup,question:will-save-sanatana-dharma,responds_to,Understanding the threat is part of the survival framework
thinker:vs-naipaul,question:being-indian,responds_to,"The India trilogy — An Area of Darkness, A Wounded Civilisation, A Million Mutinies Now — is essentially this question"
thinker:km-munshi,question:being-indian,responds_to,Munshi's cultural nationalism and Bharatiya Vidya Bhavan project
thinker:ak-saran,question:modernity-and-hindu-values,responds_to,The Crisis of Hinduism directly addresses whether Hindu values survive modernity
thinker:ivan-illich,question:modernity-and-hindu-values,responds_to,Illich as purva-paksha: his critique of modernity parallels the Hindu concern from outside
thinker:theodore-dalrymple,question:modernity-and-hindu-values,responds_to,Dalrymple's documentation of modernity's social damage as a purva-paksha parallel
thinker:nassim-nicholas-taleb,question:modernity-and-hindu-values,responds_to,Antifragility offers a non-Hindu but structurally compatible critique of modern rationalism
thinker:ms-hiriyanna,question:core-of-sanatana-dharma,responds_to,Outlines of Indian Philosophy and Essentials are canonical statements of the philosophical core
thinker:kapila-vatsyayana,question:core-of-sanatana-dharma,responds_to,Classical arts as a unified civilizational expression
thinker:sk-rama-rao,question:core-of-sanatana-dharma,responds_to,"Encyclopaedic work on Hindu ritual, temple, and cosmology"
book:bol-the-beautiful-tree,question:will-save-sanatana-dharma,addresses,The definitive text arguing indigenous education systems survived colonialism and can be restored
book:bol-the-beautiful-tree,question:core-of-sanatana-dharma,addresses,Education as civilizational transmission
book:bol-rediscovering-india,question:being-indian,addresses,Dharampal's direct engagement with understanding India on its own terms
book:bol-the-crisis-of-hinduism,question:what-will-destroy,addresses,AK Saran's diagnosis of internal and external crises facing Hinduism
book:bol-the-crisis-of-hinduism,question:modernity-and-hindu-values,addresses,The 'crisis' is precisely the encounter with modernity
"book:bol-essays-on-tradition,-recovery-and-freedom",question:will-save-sanatana-dharma,addresses,"Ram Swarup, Goel, and others argue that recovery of Hindu tradition on its own terms — not reform under Western pressure — is what saves dharma"
book:bol-indian-science-and-technology-in-the-18th-century,question:core-of-sanatana-dharma,addresses,Documents the sophistication of Hindu knowledge systems before colonial disruption
school:dharampal-svayambodha-school,question:will-save-sanatana-dharma,investigates,The school's project is civilizational recovery — the answer to this question
school:dharampal-svayambodha-school,question:core-of-sanatana-dharma,investigates,"Dharampal's archival recovery of indigenous knowledge, governance, and education demonstrates what the Hindu civilizational core actually consisted of"
school:dharampal-svayambodha-school,question:being-indian,investigates,Recovering India's self-understanding is the svayambodha project
school:voice-of-india-shatrubodha-school,question:what-will-destroy,investigates,Voice of India's analytical framework maps the existential threats to Hindu civilisation
school:voice-of-india-shatrubodha-school,question:will-save-sanatana-dharma,investigates,Voice of India argues that intellectual clarity about existential threats — shatrubodha — is a necessary precondition for civilizational survival
school:sri-aurobindo-school,question:modernity-and-hindu-values,investigates,Aurobindo's integral synthesis is a direct answer to this question
school:sri-aurobindo-school,question:will-save-sanatana-dharma,investigates,"Aurobindo's integral vision: India's spiritual consciousness, once awakened and expressed in action, is the engine of civilizational renewal"
school:swami-vivekananda-school,question:will-save-sanatana-dharma,investigates,Vivekananda's neo-Vedanta renaissance is the original Hindu response to this question
school:swami-vivekananda-school,question:being-indian,investigates,Vivekananda's neo-Vedanta project was to articulate Hindu identity — what it means to be Indian — in terms capable of surviving the encounter with modernity
reading-path:arts-performance-and-aesthetics,book:bol-art-experience,path_step,step 1 of 5 | Art Experience
reading-path:arts-performance-and-aesthetics,book:bol-hindustani-music,path_step,step 2 of 5 | Hindustani Music
reading-path:arts-performance-and-aesthetics,book:bol-indian-concept-of-performance,path_step,step 3 of 5 | Indian Concept of Performance
reading-path:arts-performance-and-aesthetics,book:bol-on-natyashastra,path_step,step 4 of 5 | On Natyashastra
reading-path:arts-performance-and-aesthetics,book:bol-the-kalās,path_step,step 5 of 5 | The Kalās
reading-path:darshanas-and-philosophy,book:bol-a-primer-of-indian-logic,path_step,step 1 of 38 | A Primer of Indian Logic
reading-path:darshanas-and-philosophy,book:bol-an-elementary-treatise-on-mimamsa,path_step,step 2 of 38 | An Elementary Treatise on Mimamsa
reading-path:darshanas-and-philosophy,book:bol-gangesa's-theory-of-truth,path_step,step 3 of 38 | Gangesa's Theory of Truth
reading-path:darshanas-and-philosophy,book:bol-gaudapada-karika,path_step,step 4 of 38 | Gaudapada Karika
reading-path:darshanas-and-philosophy,book:bol-gautama's-nyayasutras,path_step,step 5 of 38 | Gautama's Nyayasutras
reading-path:darshanas-and-philosophy,book:bol-gheranda-samhita,path_step,step 6 of 38 | Gheranda Samhita
reading-path:darshanas-and-philosophy,book:bol-hindu-realism-an-introduction-to-vaisheshika,path_step,step 7 of 38 | Hindu Realism An Introduction to Vaisheshika
reading-path:darshanas-and-philosophy,book:bol-outline-of-hindu-philosophy,path_step,step 8 of 38 | Outline of Hindu Philosophy
reading-path:darshanas-and-philosophy,book:bol-paratrishika-vivarana-by-abhinavagupta,path_step,step 9 of 38 | Paratrishika Vivarana by Abhinavagupta
reading-path:darshanas-and-philosophy,book:bol-patanjali's-yogasutras,path_step,step 10 of 38 | Patanjali's Yogasutras
reading-path:darshanas-and-philosophy,book:bol-purva-mimamsa-in-its-sources,path_step,step 11 of 38 | Purva Mimamsa in its Sources
reading-path:darshanas-and-philosophy,book:bol-quintessence-of-brahmasutra,path_step,step 12 of 38 | Quintessence of Brahmasutra
reading-path:darshanas-and-philosophy,book:bol-sankhya-philosophy-by-banerji,path_step,step 13 of 38 | Sankhya Philosophy by Banerji
reading-path:darshanas-and-philosophy,book:bol-sastradipika,path_step,step 14 of 38 | Sastradipika
reading-path:darshanas-and-philosophy,book:bol-siddhantabindu,path_step,step 15 of 38 | Siddhantabindu
reading-path:darshanas-and-philosophy,book:bol-six-ways-of-knowing,path_step,step 16 of 38 | Six Ways of Knowing
reading-path:darshanas-and-philosophy,book:bol-the-nyaya-theory-of-knowledge,path_step,step 17 of 38 | The Nyaya Theory of Knowledge
reading-path:darshanas-and-philosophy,book:bol-the-paramarthasara-of-adisesa,path_step,step 18 of 38 | The Paramarthasara of Adisesa
reading-path:darshanas-and-philosophy,book:bol-the-purva-mimamsa-sutras-of-jaimini,path_step,step 19 of 38 | The Purva Mimamsa Sutras of Jaimini
reading-path:darshanas-and-philosophy,book:bol-the-sankhya-aphorisms-of-kapila,path_step,step 20 of 38 | The Sankhya Aphorisms of Kapila
reading-path:darshanas-and-philosophy,book:bol-the-sankhya-karika-of-iswara-krishna,path_step,step 21 of 38 | The Sankhya Karika of Iswara Krishna
reading-path:darshanas-and-philosophy,book:bol-the-sankhya-philosophy,path_step,step 22 of 38 | The Sankhya Philosophy
reading-path:darshanas-and-philosophy,book:bol-the-sankhya-system-by-keith,path_step,step 23 of 38 | The Sankhya System by Keith
reading-path:darshanas-and-philosophy,book:bol-the-vaisheshika-darshan,path_step,step 24 of 38 | The Vaisheshika Darshan
reading-path:darshanas-and-philosophy,book:bol-the-yogasutras-of-patanjali,path_step,step 25 of 38 | The Yogasutras of Patanjali
reading-path:darshanas-and-philosophy,book:bol-yogasutra-with-commentary-of-madhavacharya,path_step,step 26 of 38 | Yogasutra with Commentary of Madhavacharya
reading-path:darshanas-and-philosophy,book:bol-64-arts-in-ancient-india,path_step,step 27 of 38 | 64 Arts in Ancient India
reading-path:darshanas-and-philosophy,book:bol-amarakosha-english-translation,path_step,step 28 of 38 | Amarakośaḥ Devanāgarī
reading-path:darshanas-and-philosophy,book:bol-introduction-to-iks,path_step,step 29 of 38 | Introduction to IKS
reading-path:darshanas-and-philosophy,"book:bol-language-and-reality,-world-view-of-the-nyaya-vaisesika-system-of-indian-philosophy",path_step,"step 30 of 38 | Language and Reality, World View of the Nyaya-Vaisesika System of Indian Philosophy"
reading-path:darshanas-and-philosophy,"book:bol-essays-on-tradition,-recovery-and-freedom",path_step,"step 31 of 38 | Essays on Tradition, Recovery and Freedom"
reading-path:darshanas-and-philosophy,book:bol-hermeneutics-and-narrative-architecture,path_step,step 32 of 38 | Hermeneutics and Narrative Architecture
reading-path:darshanas-and-philosophy,book:bol-the-crisis-of-hinduism,path_step,step 33 of 38 | The Crisis of Hinduism
reading-path:darshanas-and-philosophy,book:bol-the-perils-of-textual-transmission,path_step,step 34 of 38 | The Perils of Textual Transmission
reading-path:darshanas-and-philosophy,book:bol-the-redemption-of-the-brahman,path_step,step 35 of 38 | The Redemption of the Brahman
reading-path:darshanas-and-philosophy,book:bol-a-study-of-tarakasamgraha-as-compromise-between-nyaya-and-vaisheshika,path_step,step 36 of 38 | A Study of Tarakasamgraha as Compromise Between Nyaya and Vaisheshika
reading-path:darshanas-and-philosophy,book:bol-abhinavagupta-a-historical-and-philosophical-study,path_step,step 37 of 38 | Abhinavagupta a Historical and Philosophical Study
reading-path:darshanas-and-philosophy,book:bol-the-mimamsa-sutras-of-jaimini,path_step,step 38 of 38 | The Mimamsa Sutras of Jaimini
reading-path:dharma-ethics-and-law,book:bol-history-of-dharmashastras-vol-1,path_step,step 1 of 11 | History of Dharmashastras Vol 1
reading-path:dharma-ethics-and-law,book:bol-history-of-dharmashastras-vol-2-part-1,path_step,step 2 of 11 | History of Dharmashastras Vol 2 Part 1
reading-path:dharma-ethics-and-law,book:bol-history-of-dharmashastras-vol-2-part-2,path_step,step 3 of 11 | History of Dharmashastras Vol 2 Part 2
reading-path:dharma-ethics-and-law,book:bol-history-of-dharmashastras-vol-3,path_step,step 4 of 11 | History of Dharmashastras Vol 3
reading-path:dharma-ethics-and-law,book:bol-history-of-dharmashastras-vol-4,path_step,step 5 of 11 | History of Dharmashastras Vol 4
reading-path:dharma-ethics-and-law,book:bol-history-of-dharmashastras-vol-5-part-1,path_step,step 6 of 11 | History of Dharmashastras Vol 5 Part 1
reading-path:dharma-ethics-and-law,book:bol-history-of-dharmashastras-vol-5-part-2,path_step,step 7 of 11 | History of Dharmashastras Vol 5 Part 2
reading-path:dharma-ethics-and-law,book:bol-hindu-dharma,path_step,step 8 of 11 | Hindu Dharma
reading-path:dharma-ethics-and-law,book:bol-elementary-textbook-of-hindu-ethics,path_step,step 9 of 11 | Elementary Textbook of Hindu Religion and Ethics
reading-path:dharma-ethics-and-law,book:bol-advanced-textbook-of-hindu-religion-and-ethics,path_step,step 10 of 11 | Advanced Textbook of Hindu Religion and Ethics
reading-path:dharma-ethics-and-law,book:bol-hindu-dharma-radhakrishnan,path_step,step 11 of 11 | Hindu Dharma Radhakrishnan
reading-path:hinduism-overview,book:bol-essential-coomaraswamy,path_step,step 1 of 6 | Essential Coomaraswamy
reading-path:hinduism-overview,book:bol-future-of-mankind,path_step,step 2 of 6 | Future of Mankind
reading-path:hinduism-overview,book:bol-the-beautiful-tree,path_step,step 3 of 6 | The Beautiful Tree
reading-path:hinduism-overview,book:bol-religious-sects-of-hindus,path_step,step 4 of 6 | Religious Sects of Hindus
reading-path:hinduism-overview,book:bol-all-about-hinduism,path_step,step 5 of 6 | All About Hinduism
reading-path:hinduism-overview,book:bol-hinduism-ancient-and-modern,path_step,step 6 of 6 | Hinduism Ancient and Modern
reading-path:history-polity-and-society,book:bol-arthashastra,path_step,step 1 of 6 | Arthashastra
reading-path:history-polity-and-society,book:bol-civil-disobedience-in-indian-tradition,path_step,step 2 of 6 | Civil Disobedience in Indian Tradition
reading-path:history-polity-and-society,book:bol-gandhis-theory-of-society-and-our-times,path_step,step 3 of 6 | Gandhis Theory of Society and Our Times
reading-path:history-polity-and-society,book:bol-panchayat-raj-and-india's-polity,path_step,step 4 of 6 | Panchayat Raj and India's Polity
reading-path:history-polity-and-society,book:bol-rajatarangini,path_step,step 5 of 6 | Rajatarangini
reading-path:history-polity-and-society,book:bol-rediscovering-india,path_step,step 6 of 6 | Rediscovering India
reading-path:indian-knowledge-systems,book:bol-historical-methods,path_step,step 1 of 5 | Historical Methods
reading-path:indian-knowledge-systems,book:bol-on-the-nature-of-mathematics-and-scientific-knowledge-in-indian-tradition,path_step,step 2 of 5 | On the Nature of Mathematics and Scientific Knowledge in Indian Tradition
reading-path:indian-knowledge-systems,book:bol-indian-science-and-technology-in-the-18th-century,path_step,step 3 of 5 | Indian Science and Technology in the 18th Century
reading-path:indian-knowledge-systems,book:bol-agnihotra-kranti,path_step,step 4 of 5 | Agnihotra Kranti
reading-path:indian-knowledge-systems,book:bol-lokopakara,path_step,step 5 of 5 | Lokopakara
reading-path:indology-and-civilizational-critique,book:bol-cry-hindutva-how-rhetoric-trumps-intellect,path_step,step 1 of 20 | Cry Hindutva How Rhetoric Trumps Intellect
reading-path:indology-and-civilizational-critique,book:bol-german-indology-aryanism-and-anti-semitism,path_step,step 2 of 20 | German Indology Aryanism and Anti Semitism
reading-path:indology-and-civilizational-critique,book:bol-greeks-in-india,path_step,step 3 of 20 | Greeks in India
reading-path:indology-and-civilizational-critique,book:bol-heidegger-and-the-inquiry-into-technology,path_step,step 4 of 20 | Heidegger and the Inquiry into Technology
reading-path:indology-and-civilizational-critique,book:bol-hindu-studies-in-a-secular-academy,path_step,step 5 of 20 | Hindu Studies in a Secular Academy
reading-path:indology-and-civilizational-critique,book:bol-hindu-temples-vol-1,path_step,step 6 of 20 | Hindu Temples Vol 1
reading-path:indology-and-civilizational-critique,book:bol-hindu-temples-vol-2,path_step,step 7 of 20 | Hindu Temples Vol 2
reading-path:indology-and-civilizational-critique,book:bol-how-i-became-a-hindu,path_step,step 8 of 20 | How I Became a Hindu
reading-path:indology-and-civilizational-critique,book:bol-jews-and-hindus-in-indology,path_step,step 9 of 20 | Jews and Hindus in Indology
reading-path:indology-and-civilizational-critique,book:bol-methods-and-context-rethinking-religion,path_step,step 10 of 20 | Methods and Context Rethinking Religion
reading-path:indology-and-civilizational-critique,book:bol-paradigm-lost-the-application-of-the-historical-critical-method-to-the-bhagavadgita,path_step,step 11 of 20 | Paradigm Lost the Application of the Historical Critical Method to the Bhagavadgita
reading-path:indology-and-civilizational-critique,book:bol-philosophy-and-criticism,path_step,step 12 of 20 | Philosophy and Criticism
reading-path:indology-and-civilizational-critique,book:bol-poetic-immortality-to-salvation,path_step,step 13 of 20 | Poetic Immortality to Salvation
reading-path:indology-and-civilizational-critique,book:bol-pride-and-prejudice-orientalism-and-germany,path_step,step 14 of 20 | Pride and Prejudice Orientalism and Germany
reading-path:indology-and-civilizational-critique,book:bol-the-banality-of-indology,path_step,step 15 of 20 | The Banality of Indology
reading-path:indology-and-civilizational-critique,book:bol-the-nay-science,path_step,step 16 of 20 | The Nay Science
reading-path:indology-and-civilizational-critique,book:bol-the-origins-of-racism-in-the-humanities,path_step,step 17 of 20 | The Origins of Racism in the Humanities
reading-path:indology-and-civilizational-critique,book:bol-the-passion-of-paul-hacker,path_step,step 18 of 20 | The Passion of Paul Hacker
reading-path:indology-and-civilizational-critique,book:bol-the-real-threat-to-humanities-today,path_step,step 19 of 20 | The Real Threat to Humanities Today
reading-path:indology-and-civilizational-critique,book:bol-theses-on-indology,path_step,step 20 of 20 | Theses on Indology
reading-path:language-logic-and-sanskrit,"book:bol-logic,-language-and-reality",path_step,"step 1 of 12 | Logic, Language and Reality"
reading-path:language-logic-and-sanskrit,book:bol-theories-of-language,path_step,step 2 of 12 | Theories of Language
reading-path:language-logic-and-sanskrit,book:bol-a-scheme-for-knowledge-representation-in-samskritam,path_step,step 3 of 12 | A Scheme for Knowledge Representation in Samskritam
reading-path:language-logic-and-sanskrit,book:bol-bhartṛhari’s-linguistic-ontology-and-the-semantics-of-ātmanepada,path_step,step 4 of 12 | Bhartṛhari’s Linguistic Ontology and the Semantics of Ātmanepada
reading-path:language-logic-and-sanskrit,book:bol-the-knowledge-structure-in-the-amarakosha,path_step,step 5 of 12 | The Knowledge Structure in the Amarakosha
reading-path:language-logic-and-sanskrit,b1000:345,path_step,step 6 of 12 | Vākyapadīya
reading-path:language-logic-and-sanskrit,book:bol-amarakosha-english-translation,path_step,step 7 of 12 | Amarakosha English Translation
reading-path:language-logic-and-sanskrit,book:bol-ideas-of-history-in-sanskrit-literature,path_step,step 8 of 12 | Ideas of History in Sanskrit Literature
reading-path:language-logic-and-sanskrit,book:bol-illustrated-amarakosha-in-4-languages,path_step,step 9 of 12 | Illustrated Amarakosha in 4 Languages
reading-path:language-logic-and-sanskrit,book:bol-introduction-to-sanskrit-shabdamitra,path_step,step 10 of 12 | Introduction to Sanskrit Shabdamitra
reading-path:language-logic-and-sanskrit,book:bol-a-practical-sanskrit-introductory,path_step,step 11 of 12 | A Practical Sanskrit Introductory
reading-path:language-logic-and-sanskrit,book:bol-sanskrit-grammar,path_step,step 12 of 12 | Sanskrit Grammar
reading-path:puranic-and-itihasic-literature,book:bol-agni-purana,path_step,step 1 of 22 | Agni Purana
reading-path:puranic-and-itihasic-literature,book:bol-bhagavata-purana,path_step,step 2 of 22 | Bhagavata Purana
reading-path:puranic-and-itihasic-literature,book:bol-brahma-purana,path_step,step 3 of 22 | Brahma Purana
reading-path:puranic-and-itihasic-literature,book:bol-brahmanda-purana,path_step,step 4 of 22 | Brahmanda Purana
reading-path:puranic-and-itihasic-literature,book:bol-garuda-purana,path_step,step 5 of 22 | Garuda Purana
reading-path:puranic-and-itihasic-literature,book:bol-geography-of-the-puranas,path_step,step 6 of 22 | Geography of the Puranas
reading-path:puranic-and-itihasic-literature,book:bol-harivansha-purana,path_step,step 7 of 22 | Harivansha Purana
reading-path:puranic-and-itihasic-literature,book:bol-kurma-purana,path_step,step 8 of 22 | Kurma Purana
reading-path:puranic-and-itihasic-literature,book:bol-linga-purana,path_step,step 9 of 22 | Linga Purana
reading-path:puranic-and-itihasic-literature,book:bol-markandeya-purana,path_step,step 10 of 22 | Markandeya Purana
reading-path:puranic-and-itihasic-literature,book:bol-matsya-purana,path_step,step 11 of 22 | Matsya Purana
reading-path:puranic-and-itihasic-literature,book:bol-narada-purana,path_step,step 12 of 22 | Narada Purana
reading-path:puranic-and-itihasic-literature,book:bol-padma-purana,path_step,step 13 of 22 | Padma Purana
reading-path:puranic-and-itihasic-literature,book:bol-shiva-purana,path_step,step 14 of 22 | Shiva Purana
reading-path:puranic-and-itihasic-literature,book:bol-skanda-purana,path_step,step 15 of 22 | Skanda Purana
reading-path:puranic-and-itihasic-literature,book:bol-vamana-purana,path_step,step 16 of 22 | Vamana Purana
reading-path:puranic-and-itihasic-literature,book:bol-varaha-purana,path_step,step 17 of 22 | Varaha Purana
reading-path:puranic-and-itihasic-literature,book:bol-vayu-purana,path_step,step 18 of 22 | Vayu Purana
reading-path:puranic-and-itihasic-literature,book:bol-vishnu-purana,path_step,step 19 of 22 | Vishnu Purana
reading-path:puranic-and-itihasic-literature,book:bol-argument-and-design-the-unity-of-the-mahabharata,path_step,step 20 of 22 | Argument and Design the Unity of the Mahabharata
reading-path:puranic-and-itihasic-literature,book:bol-katha-sarit-sagar,path_step,step 21 of 22 | Katha Sarit Sagar
reading-path:puranic-and-itihasic-literature,book:bol-prolegomena-to-any-future-mahabharata-studies,path_step,step 22 of 22 | Prolegomena to any Future Mahabharata Studies
reading-path:vedic-and-upanishadic-texts,book:bol-the-advaita-vedanta-of-brahmasiddhi,path_step,step 1 of 20 | The Advaita Vedanta of Brahmasiddhi
reading-path:vedic-and-upanishadic-texts,book:bol-the-vedas,path_step,step 2 of 20 | The Vedas
reading-path:vedic-and-upanishadic-texts,book:bol-aitareya-upanishad,path_step,step 3 of 20 | Aitareya Upanishad
reading-path:vedic-and-upanishadic-texts,book:bol-brhadaranyak-upanishad,path_step,step 4 of 20 | Brhadaranyak Upanishad
reading-path:vedic-and-upanishadic-texts,book:bol-chandogya-upanishad,path_step,step 5 of 20 | Chandogya Upanishad
reading-path:vedic-and-upanishadic-texts,book:bol-isha-upanishad,path_step,step 6 of 20 | Isha Upanishad
reading-path:vedic-and-upanishadic-texts,book:bol-katha-upanishad,path_step,step 7 of 20 | Katha Upanishad
reading-path:vedic-and-upanishadic-texts,book:bol-kena-upanishad,path_step,step 8 of 20 | Kena Upanishad
reading-path:vedic-and-upanishadic-texts,book:bol-maitrayaniya-upanishad,path_step,step 9 of 20 | Maitrayaniya Upanishad
reading-path:vedic-and-upanishadic-texts,book:bol-mandukya-upanishad,path_step,step 10 of 20 | Mandukya Upanishad
reading-path:vedic-and-upanishadic-texts,book:bol-mundaka-upanishad,path_step,step 11 of 20 | Mundaka Upanishad
reading-path:vedic-and-upanishadic-texts,book:bol-prashna-upanishad,path_step,step 12 of 20 | Prashna Upanishad
reading-path:vedic-and-upanishadic-texts,book:bol-taittiriya-upanishad,path_step,step 13 of 20 | Taittiriya Upanishad
reading-path:vedic-and-upanishadic-texts,book:bol-light-of-the-vedas,path_step,step 14 of 20 | Light of the Vedas
reading-path:vedic-and-upanishadic-texts,book:bol-rigveda-a-historical-analysis,path_step,step 15 of 20 | Rigveda a Historical Analysis
reading-path:vedic-and-upanishadic-texts,book:bol-the-riks,path_step,step 16 of 20 | The Riks
reading-path:vedic-and-upanishadic-texts,book:bol-the-secret-of-the-veda,path_step,step 17 of 20 | The Secret of the Veda
reading-path:vedic-and-upanishadic-texts,book:bol-treatise-on-rigveda,path_step,step 18 of 20 | Treatise on Rigveda
reading-path:vedic-and-upanishadic-texts,book:bol-wisdom-of-the-ancient-seers,path_step,step 19 of 20 | Wisdom of the Ancient Seers
reading-path:vedic-and-upanishadic-texts,book:bol-gulmavrikshayurveda,path_step,step 20 of 20 | Gulmavrikshayurveda
question:core-of-sanatana-dharma,blog:dharmikagene,path_step,step 1 of 5 | Dharma as civilizational DNA
question:core-of-sanatana-dharma,blog:four-aphorisms,path_step,step 2 of 5 | Caturasūtra — the most compact articulation of the Dhārmika frame
question:core-of-sanatana-dharma,blog:difference-between-us,path_step,step 3 of 5 | Metaphysical root: one-life vs. multiple-life cosmologies
question:core-of-sanatana-dharma,"book:bol-logic,-language-and-reality",path_step,"step 4 of 5 | Bimal Krishna Matilal on logic, language and reality in Indian thought"
question:core-of-sanatana-dharma,thinker:ms-hiriyanna,path_step,step 5 of 5 | Hiriyanna’s systematic survey of Hindu philosophy
question:will-save-sanatana-dharma,blog:bodha-pyramid-of-priorities-nature-of-hindu-orgs,path_step,step 1 of 4 | Bodha on the nature of Hindu organizations
question:will-save-sanatana-dharma,blog:svayambodha-shatrubodha,path_step,step 2 of 4 | The two-wheel framework as survival mechanism
question:will-save-sanatana-dharma,school:dharampal-svayambodha-school,path_step,step 3 of 4 | Dharampal School as a candidate for generative institution
question:will-save-sanatana-dharma,thinker:dharampal,path_step,step 4 of 4 | Dharampal’s archival recovery as a model of civilizational rescue
question:being-indian,book:bol-how-i-became-a-hindu,path_step,step 1 of 4 | Sita Ram Goel on civilizational self-understanding
question:being-indian,external-article:we-the-hindus-what-the-cab-means-for-hindu-civilization,path_step,step 2 of 4 | Civilizational reading of post-Partition identity
question:being-indian,external-article:man-turned-skull-cap-india-sees-narendra-modi,path_step,step 3 of 4 | Symbolic politics and civilizational self-respect
question:being-indian,blog:svayambodha-shatrubodha,path_step,step 4 of 4 | Svayambodha as the foundation of any coherent Indian identity
question:hindu-institution-generate,external-article:the-story-of-a-priest,path_step,step 1 of 4 | Living temple as generative institution
question:hindu-institution-generate,external-article:many-meanings-hindu-temple,path_step,step 2 of 4 | Temple as multi-functional civilizational node
question:hindu-institution-generate,blog:bodha-pyramid-of-priorities-nature-of-hindu-orgs,path_step,"step 3 of 4 | Why fragmentation is a feature, not a bug"
question:hindu-institution-generate,school:dharampal-svayambodha-school,path_step,step 4 of 4 | Education/gurukula model
question:what-will-destroy,book:bol-how-i-became-a-hindu,path_step,step 1 of 4 | Sita Ram Goel’s foundational diagnosis
question:what-will-destroy,book:bol-hindu-temples-vol-1,path_step,step 2 of 4 | Historical memory of destruction
question:what-will-destroy,external-article:unfinished-agendas-of-radical-islam-the-global-gameplan,path_step,step 3 of 4 | Demographic and ideological threats
question:what-will-destroy,external-article:hindu-liberals-the-slave-soldiers-of-islamism,path_step,step 4 of 4 | Internal enablers
question:modernity-and-hindu-values,book:bol-heidegger-and-the-inquiry-into-technology,path_step,step 1 of 3 | Technology and modernity critique
question:modernity-and-hindu-values,external-article:grasping-for-the-beyond-on-a-critical-schism-in-the-modern-psyche,path_step,step 2 of 3 | Modern psyche’s loss of the sacred
question:modernity-and-hindu-values,blog:artificialintelligence,path_step,step 3 of 3 | AI as civilizational event
question:practice-but-not-proven,blog:difference-between-us,path_step,step 1 of 3 | Metaphysical foundations
question:practice-but-not-proven,blog:artificialintelligencetwo,path_step,step 2 of 3 | Dhārmika framework for consciousness and AI
question:practice-but-not-proven,external-article:a-hindu-view-of-the-simulation-hypothesis,path_step,step 3 of 3 | Māyā and simulation hypothesis
question:new-indian-republic,external-article:we-the-hindus-what-the-cab-means-for-hindu-civilization,path_step,step 1 of 2 | Civilizational reading of recent constitutional assertions
question:new-indian-republic,book:bol-hindu-studies-in-a-secular-academy,path_step,step 2 of 2 | Secular academic categories vs. Dhārmika frame
question:hindu-renaissance,blog:hinduisminblindspot1,path_step,step 1 of 4 | Hinduism in blind spot — Part 1
question:hindu-renaissance,blog:hinduisminblindspot2,path_step,step 2 of 4 | Part 2 — recovery conditions
question:hindu-renaissance,blog:decolonizationapersonalfootprint,path_step,step 3 of 4 | Decolonization as daily practice
question:hindu-renaissance,blog:svayambodha-shatrubodha,path_step,step 4 of 4 | The two-wheel framework as renaissance engine
question:hindu-unity-and-diversity,blog:bodha-pyramid-of-priorities-nature-of-hindu-orgs,path_step,step 1 of 3 | Why Hindu organizational diversity is a feature
question:hindu-unity-and-diversity,blog:fractalmandalaone,path_step,step 2 of 3 | Fractal Maṇḍala as model of unity-in-diversity
question:hindu-unity-and-diversity,blog:fractalmandalatwo,path_step,step 3 of 3 | Part 2 — civilizational coherence at every scale
project:artist-in-art,thinker:kapila-vatsyayana,path_step,step 1 of 5 | Kapila Vatsyayana on Indian art as an integrated knowledge system
project:artist-in-art,blog:artandmeaningmaking,path_step,"step 2 of 5 | Bodha essay on art, meaning and consciousness"
project:artist-in-art,book:bol-art-experience,path_step,step 3 of 5 | Aesthetic experience and art theory
project:artist-in-art,book:bol-indian-concept-of-performance,path_step,step 4 of 5 | Performance as embodied aesthetic knowledge
project:artist-in-art,book:bol-on-natyashastra,path_step,"step 5 of 5 | Classical theory of drama, rasa and performance"
project:battle-for-dharma-north-east,blog:battleagainsthindusinmanipur,path_step,"step 1 of 5 | Manipur as a live case of conversion, conflict and civilizational misreading"
project:battle-for-dharma-north-east,question:what-will-destroy,path_step,step 2 of 5 | The larger civilizational question of forces that can destroy Hindu society
project:battle-for-dharma-north-east,question:will-save-sanatana-dharma,path_step,step 3 of 5 | The survival frame that underlies strategic work
project:battle-for-dharma-north-east,book:bol-https://www.academia.edu/10168403/glimpses_of_the_ethnolinguistic_prehistory_of_northeastern_india,path_step,step 4 of 5 | Ethnolinguistic background to Northeast India
project:battle-for-dharma-north-east,school:voice-of-india-shatrubodha-school,path_step,step 5 of 5 | The shatrubodha school for hostile ideology analysis
project:dangs-anatomy-of-religious-terror,school:voice-of-india-shatrubodha-school,path_step,step 1 of 5 | Analytical school for hostile civilizational forces
project:dangs-anatomy-of-religious-terror,thinker:ram-swarup,path_step,step 2 of 5 | Ram Swarup's comparative critique of missionary ideologies
project:dangs-anatomy-of-religious-terror,external-article:unfinished-agendas-of-radical-islam-the-global-gameplan,path_step,step 3 of 5 | A model for reading ideology as long-range strategy
project:dangs-anatomy-of-religious-terror,external-article:the-hindu-samizdat-how-hindus-respond-to-censorship-and-bias,path_step,step 4 of 5 | Hindu responses to hostile media and knowledge environments
project:dangs-anatomy-of-religious-terror,question:what-will-destroy,path_step,step 5 of 5 | Civilizational diagnosis of destructive forces
project:hindu-frameworks-of-education,book:bol-the-beautiful-tree,path_step,step 1 of 5 | Dharampal's archival account of indigenous Indian education
project:hindu-frameworks-of-education,school:dharampal-svayambodha-school,path_step,step 2 of 5 | Svayambodha as an educational and civilizational method
project:hindu-frameworks-of-education,thinker:dharampal,path_step,step 3 of 5 | Dharampal's recovery of Indian institutional memory
project:hindu-frameworks-of-education,external-article:continuous-comprehensive-cumulative-knowledge-tradition-india,path_step,step 4 of 5 | India's knowledge tradition as cumulative civilizational practice
project:hindu-frameworks-of-education,external-article:teaching-research-rot-set,path_step,step 5 of 5 | Diagnosis of modern teaching and research failure
project:hindu-models-of-temple-management,external-article:the-story-of-a-priest,path_step,step 1 of 5 | The living priestly community behind a heritage temple
project:hindu-models-of-temple-management,external-article:many-meanings-hindu-temple,path_step,step 2 of 5 | Temple as layered civilizational form
project:hindu-models-of-temple-management,external-article:on-what-is-a-hindu-temple,path_step,step 3 of 5 | Dr. R. Nagaswamy on the essential nature of the temple
project:hindu-models-of-temple-management,blog:bodha-pyramid-of-priorities-nature-of-hindu-orgs,path_step,step 4 of 5 | Hindu organizations and institutional priorities
project:hindu-models-of-temple-management,question:hindu-institution-generate,path_step,step 5 of 5 | The temple as candidate generative institution
project:hindu-response-to-enlightenment,question:modernity-and-hindu-values,path_step,step 1 of 5 | The central question of modernity and Hindu values
project:hindu-response-to-enlightenment,book:bol-heidegger-and-the-inquiry-into-technology,path_step,step 2 of 5 | Heideggerian critique of technology and modernity
project:hindu-response-to-enlightenment,external-article:grasping-for-the-beyond-on-a-critical-schism-in-the-modern-psyche,path_step,step 3 of 5 | The modern psyche's loss of the sacred
project:hindu-response-to-enlightenment,thinker:ivan-illich,path_step,step 4 of 5 | Institutional critique from within the West
project:hindu-response-to-enlightenment,thinker:nassim-nicholas-taleb,path_step,"step 5 of 5 | Modernity, fragility and epistemic humility"
project:interchanging-dynamics-of-hindu-family,blog:problemofculturetransmission,path_step,step 1 of 5 | The family as a site of cultural transmission
project:interchanging-dynamics-of-hindu-family,blog:bodha-pyramid-of-priorities-nature-of-hindu-orgs,path_step,step 2 of 5 | Hindu organizational nature and social scale
project:interchanging-dynamics-of-hindu-family,question:hindu-unity-and-diversity,path_step,"step 3 of 5 | Unity, diversity and Hindu social cohesion"
project:interchanging-dynamics-of-hindu-family,question:hindu-institution-generate,path_step,step 4 of 5 | The search for generative Hindu institutions
project:interchanging-dynamics-of-hindu-family,book:bol-history-of-dharmashastras-vol-2-part-1,path_step,step 5 of 5 | Dharmashastra background for ritual life and social custom
project:structure-of-hindu-charity,blog:bodha-pyramid-of-priorities-nature-of-hindu-orgs,path_step,step 1 of 5 | Hindu organizations and their social logic
project:structure-of-hindu-charity,question:hindu-institution-generate,path_step,step 2 of 5 | Institutions capable of generating wider Hindu life
project:structure-of-hindu-charity,book:bol-panchayat-raj-and-india's-polity,path_step,step 3 of 5 | Local governance and village institutions
project:structure-of-hindu-charity,book:bol-lokopakara,path_step,step 4 of 5 | Practical knowledge and household arts as social welfare substrate
project:structure-of-hindu-charity,external-article:the-story-of-a-priest,path_step,step 5 of 5 | Temple-linked community service as living practice
project:temples-of-madhya-pradesh,external-article:ancient-temples-modern-dacoits-architectural-workshop-gurjara-pratiharas,path_step,step 1 of 5 | Temple clusters as architectural workshops
project:temples-of-madhya-pradesh,external-article:how-old-is-the-hindu-temple,path_step,"step 2 of 5 | Textual, sculptural and archaeological evidence for temple antiquity"
project:temples-of-madhya-pradesh,external-article:on-what-is-a-hindu-temple,path_step,step 3 of 5 | The essential nature of the Hindu temple
project:temples-of-madhya-pradesh,external-article:dharmic-circuits-i,path_step,step 4 of 5 | Sacred pathways and temple circuits
project:temples-of-madhya-pradesh,book:bol-hindu-temples-vol-1,path_step,step 5 of 5 | Historical memory of Hindu temple destruction
project:year-in-hajong-village,book:bol-https://www.academia.edu/10168403/glimpses_of_the_ethnolinguistic_prehistory_of_northeastern_india,path_step,step 1 of 5 | Ethnolinguistic prehistory of Northeast India
project:year-in-hajong-village,blog:battleagainsthindusinmanipur,path_step,step 2 of 5 | A related Northeast case of conversion and identity conflict
project:year-in-hajong-village,question:will-save-sanatana-dharma,path_step,step 3 of 5 | The survival question behind cultural preservation
project:year-in-hajong-village,question:hindu-unity-and-diversity,path_step,step 4 of 5 | Indian diversity and Hindu unity in lived communities
project:year-in-hajong-village,school:voice-of-india-shatrubodha-school,path_step,step 5 of 5 | Analytical frame for conversion and civilizational pressure
wiki:hinduism-and-dharmic-thought,thinker:ram-swarup,draws_on,"This wiki page synthesizes Ram Swarup and Sita Ram Goel on Sanatana Dharma, Hindu self-definition, and civilizational confidence"
wiki:hindu-christian-encounters,thinker:ram-swarup,draws_on,Ram Swarup's analysis of Christianity as a prophetic exclusivist system is the backbone of this wiki page
wiki:islamic-imperialism-and-muslim-politics,thinker:ram-swarup,draws_on,"Ram Swarup and Sita Ram Goel's corpus on Islamic political theology, medieval rule, and modern separatism"
wiki:hindu-temples-and-iconoclasm,thinker:ram-swarup,draws_on,Sita Ram Goel's documentation of temple destruction and iconoclasm drives this wiki page
wiki:sikhism-and-hindu-sikh-relations,thinker:ram-swarup,draws_on,Ram Swarup's argument that Sikh traditions belong within the broader Hindu civilizational family
wiki:secularism-expression-and-political-language,thinker:ram-swarup,draws_on,Ram Swarup and Goel on secular public language as an instrument of Hindu marginalisation
wiki:gandhi-communism-and-political-economy,thinker:ram-swarup,draws_on,Ram Swarup's anti-communist essays and critique of Gandhian economics
wiki:hinduism-and-dharmic-thought,question:core-of-sanatana-dharma,addresses,The wiki page directly investigates what constitutes the spiritual core of Sanatana Dharma
wiki:hinduism-and-dharmic-thought,question:will-save-sanatana-dharma,addresses,Ram Swarup and Goel argue that Hindu intellectual confidence and civilizational self-possession are what saves dharma
wiki:islamic-imperialism-and-muslim-politics,question:what-will-destroy,addresses,Islamic imperialism as one of the primary threats to Hindu society — central to this wiki page
wiki:hindu-christian-encounters,question:what-will-destroy,addresses,Missionary activity and conversion as a threat to Hindu society — core theme of the wiki page
wiki:secularism-expression-and-political-language,question:hindu-renaissance,addresses,The argument that Hindu renaissance requires reclaiming public vocabulary from secular-Marxist frameworks
wiki:hinduism-and-dharmic-thought,question:hindu-renaissance,addresses,Hindu intellectual renewal and civilizational confidence as a condition for renaissance
wiki:dharma,question:core-of-sanatana-dharma,addresses,"Semantic archaeology of dharma across Vedic, legal, narrative, and political registers"
wiki:karma-and-rebirth,question:core-of-sanatana-dharma,addresses,Karma and rebirth as foundational concepts in the Hindu worldview
wiki:yoga-and-liberation,question:core-of-sanatana-dharma,addresses,Yoga traditions and moksha as the soteriological core of Hindu philosophy
wiki:rta-and-cosmic-order,question:core-of-sanatana-dharma,addresses,Rta as the cosmic foundation from which dharma derives — the metaphysical bedrock
wiki:colonial-indology,question:what-will-destroy,addresses,The critique of German Indology as a pseudo-scientific enterprise distorting Hindu self-understanding
wiki:colonial-indology,question:hindu-renaissance,addresses,Decolonising Indological frameworks is a prerequisite for any Hindu intellectual renaissance
wiki:indian-sacred-geography,question:being-indian,addresses,India as networked sacred landscape — the geographic dimension of Hindu identity
wiki:hinduism-sectarian-traditions,question:core-of-sanatana-dharma,addresses,"The emergence of Vaishnava, Shaiva, and bhakti traditions from Vedic religion"
wiki:phenomenology-of-religion,question:practice-but-not-proven,addresses,Phenomenology of religion addresses the epistemology of religious experience and what cannot be demonstrated discursively
wiki:cultural-memory-and-tradition,question:being-indian,addresses,How Hindu traditions have survived through mnemotechnics and semantic elasticity — identity through continuity
wiki:indo-european-and-aryan-debate,question:being-indian,addresses,The Aryan debate is directly about the origins of Indian civilizational identity
wiki:sarasvati-and-harappan-world,question:being-indian,addresses,The Sindhu-Sarasvati civilization as the deep archaeological foundation of Indian identity
wiki:ancient-indian-chronology,question:being-indian,addresses,Establishing the deep chronological roots of Indian civilization — a prerequisite for any account of what being Indian means
wiki:epics-and-itihasa,question:core-of-sanatana-dharma,addresses,The Mahabharata and Ramayana as the living ethical and cosmological core of Hindu civilization
wiki:aurobindo-integral-yoga,question:core-of-sanatana-dharma,addresses,Aurobindo's integral yoga as a synthesis and modern restatement of the Hindu spiritual core
wiki:aurobindo-indian-culture-and-civilizational-renewal,question:will-save-sanatana-dharma,addresses,Aurobindo's civilizational vision — India's spiritual mission as the engine of its renewal
wiki:aurobindo-indian-culture-and-civilizational-renewal,question:hindu-renaissance,addresses,Aurobindo's argument for a spiritualized nationalism as the form Hindu renaissance must take
wiki:aurobindo-political-nationalism-and-spiritualized-action,question:hindu-renaissance,addresses,Aurobindo's synthesis of political action and spiritual purpose — the civilizational theory of Hindu nationalism
wiki:aurobindo-social-and-political-philosophy,question:modernity-and-hindu-values,addresses,"Aurobindo's engagement with Western modernity, the nation-state, and whether Hindu values can survive the encounter"
wiki:civilizational-theory-and-method,question:being-indian,addresses,Civilizational theory provides the comparative framework for understanding what constitutes a civilization like India's
wiki:civilization-state-and-nationalism,question:new-indian-republic,addresses,The relationship between civilizational identity and state form — directly relevant to what kind of republic India should be
wiki:civilization-state-and-nationalism,question:modernity-and-hindu-values,addresses,The tension between civilizational continuity and modern secular nationalism
wiki:indian-knowledge-systems,thinker:dharampal,draws_on,Dharampal's work on pre-colonial Indian knowledge systems is foundational to this wiki page
wiki:cultural-memory-and-tradition,thinker:dharampal,draws_on,Dharampal's Dharampal tradition of recovering suppressed Indian historical memory
wiki:aurobindo-integral-yoga,school:sri-aurobindo-school,draws_on,"Aurobindo's integral yoga is the defining practice of this school; the wiki page is entirely grounded in his synthesis of jnana, bhakti, and karma"
wiki:aurobindo-metaphysics-and-spiritual-evolution,school:sri-aurobindo-school,draws_on,Aurobindo's philosophy of spiritual evolution as articulated in The Life Divine is the school's metaphysical foundation
wiki:aurobindo-gita-and-karmayoga,school:sri-aurobindo-school,draws_on,Aurobindo's Essays on the Gita is the school's definitive Gita commentary; karmayoga as transformative spiritual action is a school hallmark
wiki:aurobindo-upanishads-and-vedanta,school:sri-aurobindo-school,draws_on,"The Upanishads read through Aurobindo's integral lens — the basis of the school's Vedantic philosophy, distinct from both Shankara's advaita and neo-Vedanta"
wiki:aurobindo-veda-and-vedic-symbolism,school:sri-aurobindo-school,draws_on,Aurobindo's Secret of the Veda and psychologico-symbolic hermeneutic of the Rg Veda is the school's distinctive approach to Vedic interpretation
wiki:aurobindo-political-nationalism-and-spiritualized-action,school:sri-aurobindo-school,draws_on,Aurobindo's early nationalist writings and his theory of spiritualized politics form the school's political philosophy — nationalism as a spiritual discipline
wiki:aurobindo-social-and-political-philosophy,school:sri-aurobindo-school,draws_on,"Aurobindo on nations, culture, and the spiritual basis of society — the school's framework for civilizational analysis"
wiki:aurobindo-indian-culture-and-civilizational-renewal,school:sri-aurobindo-school,draws_on,The Renaissance in India and The Foundations of Indian Culture — the school's canonical statement of India's spiritual mission and civilizational renewal
wiki:aurobindo-corpus-overview,school:sri-aurobindo-school,draws_on,"Comprehensive map of Aurobindo's corpus — the school's full intellectual infrastructure across yoga, Veda, philosophy, and civilizational thought"
blog:dharmikagene,question:core-of-sanatana-dharma,addresses,Dharma as civilizational DNA
blog:four-aphorisms,question:core-of-sanatana-dharma,addresses,Caturasūtra — the most compact articulation of the Dhārmika frame
blog:difference-between-us,question:core-of-sanatana-dharma,addresses,Metaphysical root: one-life vs. multiple-life cosmologies
"book:bol-logic,-language-and-reality",question:core-of-sanatana-dharma,addresses,"Bimal Krishna Matilal on logic, language and reality in Indian thought"
blog:bodha-pyramid-of-priorities-nature-of-hindu-orgs,question:will-save-sanatana-dharma,addresses,Bodha on the nature of Hindu organizations
blog:svayambodha-shatrubodha,question:will-save-sanatana-dharma,addresses,The two-wheel framework as survival mechanism
book:bol-how-i-became-a-hindu,question:being-indian,addresses,Sita Ram Goel on civilizational self-understanding
external-article:we-the-hindus-what-the-cab-means-for-hindu-civilization,question:being-indian,addresses,Civilizational reading of post-Partition identity
external-article:man-turned-skull-cap-india-sees-narendra-modi,question:being-indian,addresses,Symbolic politics and civilizational self-respect
blog:svayambodha-shatrubodha,question:being-indian,addresses,Svayambodha as the foundation of any coherent Indian identity
external-article:the-story-of-a-priest,question:hindu-institution-generate,addresses,Living temple as generative institution
external-article:many-meanings-hindu-temple,question:hindu-institution-generate,addresses,Temple as multi-functional civilizational node
blog:bodha-pyramid-of-priorities-nature-of-hindu-orgs,question:hindu-institution-generate,addresses,"Why fragmentation is a feature, not a bug"
book:bol-how-i-became-a-hindu,question:what-will-destroy,addresses,Sita Ram Goel’s foundational diagnosis
book:bol-hindu-temples-vol-1,question:what-will-destroy,addresses,Historical memory of destruction
external-article:unfinished-agendas-of-radical-islam-the-global-gameplan,question:what-will-destroy,addresses,Demographic and ideological threats
external-article:hindu-liberals-the-slave-soldiers-of-islamism,question:what-will-destroy,addresses,Internal enablers
book:bol-heidegger-and-the-inquiry-into-technology,question:modernity-and-hindu-values,addresses,Technology and modernity critique
external-article:grasping-for-the-beyond-on-a-critical-schism-in-the-modern-psyche,question:modernity-and-hindu-values,addresses,Modern psyche’s loss of the sacred
blog:artificialintelligence,question:modernity-and-hindu-values,addresses,AI as civilizational event
blog:difference-between-us,question:practice-but-not-proven,addresses,Metaphysical foundations
blog:artificialintelligencetwo,question:practice-but-not-proven,addresses,Dhārmika framework for consciousness and AI
external-article:a-hindu-view-of-the-simulation-hypothesis,question:practice-but-not-proven,addresses,Māyā and simulation hypothesis
external-article:we-the-hindus-what-the-cab-means-for-hindu-civilization,question:new-indian-republic,addresses,Civilizational reading of recent constitutional assertions
book:bol-hindu-studies-in-a-secular-academy,question:new-indian-republic,addresses,Secular academic categories vs. Dhārmika frame
blog:hinduisminblindspot1,question:hindu-renaissance,addresses,Hinduism in blind spot — Part 1
blog:hinduisminblindspot2,question:hindu-renaissance,addresses,Part 2 — recovery conditions
blog:decolonizationapersonalfootprint,question:hindu-renaissance,addresses,Decolonization as daily practice
blog:svayambodha-shatrubodha,question:hindu-renaissance,addresses,The two-wheel framework as renaissance engine
blog:bodha-pyramid-of-priorities-nature-of-hindu-orgs,question:hindu-unity-and-diversity,addresses,Why Hindu organizational diversity is a feature
blog:fractalmandalaone,question:hindu-unity-and-diversity,addresses,Fractal Maṇḍala as model of unity-in-diversity
blog:fractalmandalatwo,question:hindu-unity-and-diversity,addresses,Part 2 — civilizational coherence at every scale
blog:artandmeaningmaking,project:artist-in-art,supports_project,"Bodha essay on art, meaning and consciousness"
book:bol-art-experience,project:artist-in-art,supports_project,Aesthetic experience and art theory
book:bol-indian-concept-of-performance,project:artist-in-art,supports_project,Performance as embodied aesthetic knowledge
book:bol-on-natyashastra,project:artist-in-art,supports_project,"Classical theory of drama, rasa and performance"
blog:battleagainsthindusinmanipur,project:battle-for-dharma-north-east,supports_project,"Manipur as a live case of conversion, conflict and civilizational misreading"
book:bol-https://www.academia.edu/10168403/glimpses_of_the_ethnolinguistic_prehistory_of_northeastern_india,project:battle-for-dharma-north-east,supports_project,Ethnolinguistic background to Northeast India
external-article:unfinished-agendas-of-radical-islam-the-global-gameplan,project:dangs-anatomy-of-religious-terror,supports_project,A model for reading ideology as long-range strategy
external-article:the-hindu-samizdat-how-hindus-respond-to-censorship-and-bias,project:dangs-anatomy-of-religious-terror,supports_project,Hindu responses to hostile media and knowledge environments
book:bol-the-beautiful-tree,project:hindu-frameworks-of-education,supports_project,Dharampal's archival account of indigenous Indian education
external-article:continuous-comprehensive-cumulative-knowledge-tradition-india,project:hindu-frameworks-of-education,supports_project,India's knowledge tradition as cumulative civilizational practice
external-article:teaching-research-rot-set,project:hindu-frameworks-of-education,supports_project,Diagnosis of modern teaching and research failure
external-article:the-story-of-a-priest,project:hindu-models-of-temple-management,supports_project,The living priestly community behind a heritage temple
external-article:many-meanings-hindu-temple,project:hindu-models-of-temple-management,supports_project,Temple as layered civilizational form
external-article:on-what-is-a-hindu-temple,project:hindu-models-of-temple-management,supports_project,Dr. R. Nagaswamy on the essential nature of the temple
blog:bodha-pyramid-of-priorities-nature-of-hindu-orgs,project:hindu-models-of-temple-management,supports_project,Hindu organizations and institutional priorities
book:bol-heidegger-and-the-inquiry-into-technology,project:hindu-response-to-enlightenment,supports_project,Heideggerian critique of technology and modernity
external-article:grasping-for-the-beyond-on-a-critical-schism-in-the-modern-psyche,project:hindu-response-to-enlightenment,supports_project,The modern psyche's loss of the sacred
blog:problemofculturetransmission,project:interchanging-dynamics-of-hindu-family,supports_project,The family as a site of cultural transmission
blog:bodha-pyramid-of-priorities-nature-of-hindu-orgs,project:interchanging-dynamics-of-hindu-family,supports_project,Hindu organizational nature and social scale
book:bol-history-of-dharmashastras-vol-2-part-1,project:interchanging-dynamics-of-hindu-family,supports_project,Dharmashastra background for ritual life and social custom
blog:bodha-pyramid-of-priorities-nature-of-hindu-orgs,project:structure-of-hindu-charity,supports_project,Hindu organizations and their social logic
book:bol-panchayat-raj-and-india's-polity,project:structure-of-hindu-charity,supports_project,Local governance and village institutions
book:bol-lokopakara,project:structure-of-hindu-charity,supports_project,Practical knowledge and household arts as social welfare substrate
external-article:the-story-of-a-priest,project:structure-of-hindu-charity,supports_project,Temple-linked community service as living practice
external-article:ancient-temples-modern-dacoits-architectural-workshop-gurjara-pratiharas,project:temples-of-madhya-pradesh,supports_project,Temple clusters as architectural workshops
external-article:how-old-is-the-hindu-temple,project:temples-of-madhya-pradesh,supports_project,"Textual, sculptural and archaeological evidence for temple antiquity"
external-article:on-what-is-a-hindu-temple,project:temples-of-madhya-pradesh,supports_project,The essential nature of the Hindu temple
external-article:dharmic-circuits-i,project:temples-of-madhya-pradesh,supports_project,Sacred pathways and temple circuits
book:bol-hindu-temples-vol-1,project:temples-of-madhya-pradesh,supports_project,Historical memory of Hindu temple destruction
book:bol-https://www.academia.edu/10168403/glimpses_of_the_ethnolinguistic_prehistory_of_northeastern_india,project:year-in-hajong-village,supports_project,Ethnolinguistic prehistory of Northeast India
blog:battleagainsthindusinmanipur,project:year-in-hajong-village,supports_project,A related Northeast case of conversion and identity conflict
blog:siddhidatri,wiki:goddess-tradition,has_topic,Navadurgā post belongs to the Goddess tradition topic.
blog:mahagauri,wiki:goddess-tradition,has_topic,Navadurgā post belongs to the Goddess tradition topic.
blog:kalaratri,wiki:goddess-tradition,has_topic,Navadurgā post belongs to the Goddess tradition topic.
blog:katyayani,wiki:goddess-tradition,has_topic,Navadurgā post belongs to the Goddess tradition topic.
blog:skandamata,wiki:goddess-tradition,has_topic,Navadurgā post belongs to the Goddess tradition topic.
blog:kushmanda,wiki:goddess-tradition,has_topic,Navadurgā post belongs to the Goddess tradition topic.
blog:chandraghanta,wiki:goddess-tradition,has_topic,Navadurgā post belongs to the Goddess tradition topic.
blog:brahmacharini,wiki:goddess-tradition,has_topic,Navadurgā post belongs to the Goddess tradition topic.
blog:shailaputri,wiki:goddess-tradition,has_topic,Navadurgā post belongs to the Goddess tradition topic.
blog:ahoiashtami,wiki:goddess-tradition,has_topic,Ahoi Ashtami is a goddess/festival practice within living Hindu goddess traditions.
blog:dasharajna1,wiki:rigvedic-history-and-geography,has_topic,Dāśarājña is a Rigvedic historical and geographical question.
blog:dasharajna2,wiki:rigvedic-history-and-geography,has_topic,Dāśarājña is a Rigvedic historical and geographical question.
blog:dasharajna3,wiki:rigvedic-history-and-geography,has_topic,Dāśarājña is a Rigvedic historical and geographical question.
blog:bharatiya-wanderlust-1,wiki:indo-european-and-aryan-debate,has_topic,Out-of-India argument belongs to the Indo-European and Aryan debate topic.
blog:bharatiya-wanderlust-2,wiki:indo-european-and-aryan-debate,has_topic,Out-of-India argument belongs to the Indo-European and Aryan debate topic.
blog:bharatiya-wanderlust-3,wiki:indo-european-and-aryan-debate,has_topic,Out-of-India argument belongs to the Indo-European and Aryan debate topic.
blog:artandmeaningmaking,wiki:indian-art-and-aesthetics,has_topic,"The post is about art, meaning, and aesthetic experience."
blog:kannur-sacred-heart-of-kerala,wiki:indian-sacred-geography,has_topic,Kannur Anveshi travelogue belongs to sacred geography and pilgrimage context.
blog:hinduisminblindspot1,wiki:colonial-indology,has_topic,Hinduism in the Blind Spot critiques inherited Indological blind spots.
blog:hinduisminblindspot2,wiki:colonial-indology,has_topic,Hinduism in the Blind Spot critiques inherited Indological blind spots.
book:bol-hindu-temples-vol-1,wiki:hindu-temples-and-iconoclasm,has_topic,"The book documents Hindu temples and their destruction, matching the temple iconoclasm wiki topic."
book:bol-hindu-temples-vol-2,wiki:hindu-temples-and-iconoclasm,has_topic,"The book documents Hindu temples and their destruction, matching the temple iconoclasm wiki topic."
book:bol-german-indology-aryanism-and-anti-semitism,wiki:colonial-indology,has_topic,The book studies German Indology and Aryanism within the colonial Indology topic.
book:bol-paradigm-lost-the-application-of-the-historical-critical-method-to-the-bhagavadgita,wiki:comparative-religion-methodology,has_topic,"The book critiques historical-critical method applied to the Gita, a comparative religion methodology issue."
book:bol-the-secret-of-the-veda,wiki:aurobindo-veda-and-vedic-symbolism,has_topic,Aurobindo’s Secret of the Veda is central to the Vedic symbolism wiki topic.
book:bol-rigveda-a-historical-analysis,wiki:rigvedic-history-and-geography,has_topic,The title directly treats Rigvedic historical analysis.
book:bol-treatise-on-rigveda,wiki:vedic-literature-and-cosmology,has_topic,The title directly treats Rigvedic/Vedic literature.
book:bol-the-vedas,wiki:vedic-literature-and-cosmology,has_topic,The title directly covers Vedic literature.
book:bol-https://talageri.blogspot.com/2020/05/the-logic-of-rigvedic-geography_6.html,wiki:rigvedic-history-and-geography,has_topic,The title directly treats Rigvedic geography.
external-article:ancient-temples-modern-dacoits-architectural-workshop-gurjara-pratiharas,wiki:hindu-thought-and-sacred-geography,has_topic,Temple architecture and regional temple clusters belong to sacred geography.
external-article:how-old-is-the-hindu-temple,wiki:hindu-thought-and-sacred-geography,has_topic,The article asks about the antiquity and meaning of the Hindu temple.
external-article:on-what-is-a-hindu-temple,wiki:hindu-thought-and-sacred-geography,has_topic,The article directly defines the Hindu temple as a sacred form.
external-article:many-meanings-hindu-temple,wiki:hindu-thought-and-sacred-geography,has_topic,The article directly interprets the Hindu temple as a layered sacred form.
external-article:dharmic-circuits-i,wiki:indian-sacred-geography,has_topic,Dharmic circuits are sacred geography pathways.
external-article:dharmic-circuits-iii,wiki:indian-sacred-geography,has_topic,"Temple, grove, and lake circuits belong to sacred geography."
external-article:the-story-of-a-priest,wiki:indian-sacred-geography,has_topic,A living temple-priest story belongs to the sacred geography and temple tradition context.
external-article:ram-swarup-on-the-communist-challenge,wiki:gandhi-communism-and-political-economy,has_topic,Ram Swarup on communism belongs to the communism and political economy wiki topic.
external-article:unfinished-agendas-of-radical-islam-the-global-gameplan,wiki:islamic-imperialism-and-muslim-politics,has_topic,The article directly treats radical Islam as a long-range civilizational-political project.
book:bol-hindu-temples-vol-1,wiki:hindu-thought-and-sacred-geography,has_topic,"Title explicitly treats Hindu temples, sacred art, or sacred geography."
book:bol-hindu-temples-vol-2,wiki:hindu-thought-and-sacred-geography,has_topic,"Title explicitly treats Hindu temples, sacred art, or sacred geography."
book:bol-paradigm-lost-the-application-of-the-historical-critical-method-to-the-bhagavadgita,wiki:epics-and-itihasa,has_topic,"Title explicitly names an epic, Itihasa, or the Bhagavad Gita."
book:bol-history-of-dharmashastras-vol-1,wiki:dharma,has_topic,Title explicitly treats dharma or Dharmaśāstra.
book:bol-history-of-dharmashastras-vol-2-part-1,wiki:dharma,has_topic,Title explicitly treats dharma or Dharmaśāstra.
book:bol-history-of-dharmashastras-vol-2-part-2,wiki:dharma,has_topic,Title explicitly treats dharma or Dharmaśāstra.
book:bol-history-of-dharmashastras-vol-3,wiki:dharma,has_topic,Title explicitly treats dharma or Dharmaśāstra.
book:bol-history-of-dharmashastras-vol-4,wiki:dharma,has_topic,Title explicitly treats dharma or Dharmaśāstra.
book:bol-history-of-dharmashastras-vol-5-part-1,wiki:dharma,has_topic,Title explicitly treats dharma or Dharmaśāstra.
book:bol-history-of-dharmashastras-vol-5-part-2,wiki:dharma,has_topic,Title explicitly treats dharma or Dharmaśāstra.
"book:bol-logic,-language-and-reality",wiki:sanskrit-and-linguistic-traditions,has_topic,"Title explicitly treats Sanskrit, language, grammar, linguistics, or philology."
book:bol-theories-of-language,wiki:sanskrit-and-linguistic-traditions,has_topic,"Title explicitly treats Sanskrit, language, grammar, linguistics, or philology."
book:bol-bhartṛhari’s-linguistic-ontology-and-the-semantics-of-ātmanepada,wiki:sanskrit-and-linguistic-traditions,has_topic,"Title explicitly treats Sanskrit, language, grammar, linguistics, or philology."
book:bol-hindu-dharma,wiki:dharma,has_topic,Title explicitly treats dharma or Dharmaśāstra.
book:bol-art-experience,wiki:indian-art-and-aesthetics,has_topic,"Title explicitly treats Indian art, aesthetics, performance, dance, or sculpture."
book:bol-hindustani-music,wiki:indian-art-and-aesthetics,has_topic,"Title explicitly treats Indian art, aesthetics, performance, dance, or sculpture."
book:bol-ideas-of-history-in-sanskrit-literature,wiki:sanskrit-and-linguistic-traditions,has_topic,"Title explicitly treats Sanskrit, language, grammar, linguistics, or philology."
book:bol-indian-concept-of-performance,wiki:indian-art-and-aesthetics,has_topic,"Title explicitly treats Indian art, aesthetics, performance, dance, or sculpture."
book:bol-introduction-to-sanskrit-shabdamitra,wiki:sanskrit-and-linguistic-traditions,has_topic,"Title explicitly treats Sanskrit, language, grammar, linguistics, or philology."
"book:bol-language-and-reality,-world-view-of-the-nyaya-vaisesika-system-of-indian-philosophy",wiki:sanskrit-and-linguistic-traditions,has_topic,"Title explicitly treats Sanskrit, language, grammar, linguistics, or philology."
book:bol-on-natyashastra,wiki:indian-art-and-aesthetics,has_topic,"Title explicitly treats Indian art, aesthetics, performance, dance, or sculpture."
book:bol-on-the-nature-of-mathematics-and-scientific-knowledge-in-indian-tradition,wiki:indian-knowledge-systems,has_topic,"Title explicitly treats Indian knowledge systems, science, or Ayurveda."
book:bol-a-practical-sanskrit-introductory,wiki:sanskrit-and-linguistic-traditions,has_topic,"Title explicitly treats Sanskrit, language, grammar, linguistics, or philology."
book:bol-sanskrit-grammar,wiki:sanskrit-and-linguistic-traditions,has_topic,"Title explicitly treats Sanskrit, language, grammar, linguistics, or philology."
book:bol-agni-purana,wiki:vedic-deities-and-mythology,has_topic,Title explicitly names Puranic literature or Hindu mythology.
book:bol-aitareya-upanishad,wiki:vedic-literature-and-cosmology,has_topic,"Title explicitly names Vedic literature, Vedas, or Upanishads."
book:bol-bhagavata-purana,wiki:vedic-deities-and-mythology,has_topic,Title explicitly names Puranic literature or Hindu mythology.
book:bol-brahma-purana,wiki:vedic-deities-and-mythology,has_topic,Title explicitly names Puranic literature or Hindu mythology.
book:bol-brahmanda-purana,wiki:vedic-deities-and-mythology,has_topic,Title explicitly names Puranic literature or Hindu mythology.
book:bol-brhadaranyak-upanishad,wiki:vedic-literature-and-cosmology,has_topic,"Title explicitly names Vedic literature, Vedas, or Upanishads."
book:bol-chandogya-upanishad,wiki:vedic-literature-and-cosmology,has_topic,"Title explicitly names Vedic literature, Vedas, or Upanishads."
book:bol-garuda-purana,wiki:vedic-deities-and-mythology,has_topic,Title explicitly names Puranic literature or Hindu mythology.
book:bol-geography-of-the-puranas,wiki:vedic-deities-and-mythology,has_topic,Title explicitly names Puranic literature or Hindu mythology.
book:bol-harivansha-purana,wiki:vedic-deities-and-mythology,has_topic,Title explicitly names Puranic literature or Hindu mythology.
book:bol-isha-upanishad,wiki:vedic-literature-and-cosmology,has_topic,"Title explicitly names Vedic literature, Vedas, or Upanishads."
book:bol-katha-upanishad,wiki:vedic-literature-and-cosmology,has_topic,"Title explicitly names Vedic literature, Vedas, or Upanishads."
book:bol-kena-upanishad,wiki:vedic-literature-and-cosmology,has_topic,"Title explicitly names Vedic literature, Vedas, or Upanishads."
book:bol-kurma-purana,wiki:vedic-deities-and-mythology,has_topic,Title explicitly names Puranic literature or Hindu mythology.
book:bol-linga-purana,wiki:vedic-deities-and-mythology,has_topic,Title explicitly names Puranic literature or Hindu mythology.
book:bol-maitrayaniya-upanishad,wiki:vedic-literature-and-cosmology,has_topic,"Title explicitly names Vedic literature, Vedas, or Upanishads."
book:bol-mandukya-upanishad,wiki:vedic-literature-and-cosmology,has_topic,"Title explicitly names Vedic literature, Vedas, or Upanishads."
book:bol-markandeya-purana,wiki:vedic-deities-and-mythology,has_topic,Title explicitly names Puranic literature or Hindu mythology.
book:bol-matsya-purana,wiki:vedic-deities-and-mythology,has_topic,Title explicitly names Puranic literature or Hindu mythology.
book:bol-mundaka-upanishad,wiki:vedic-literature-and-cosmology,has_topic,"Title explicitly names Vedic literature, Vedas, or Upanishads."
book:bol-narada-purana,wiki:vedic-deities-and-mythology,has_topic,Title explicitly names Puranic literature or Hindu mythology.
book:bol-padma-purana,wiki:vedic-deities-and-mythology,has_topic,Title explicitly names Puranic literature or Hindu mythology.
book:bol-prashna-upanishad,wiki:vedic-literature-and-cosmology,has_topic,"Title explicitly names Vedic literature, Vedas, or Upanishads."
book:bol-shiva-purana,wiki:vedic-deities-and-mythology,has_topic,Title explicitly names Puranic literature or Hindu mythology.
book:bol-skanda-purana,wiki:vedic-deities-and-mythology,has_topic,Title explicitly names Puranic literature or Hindu mythology.
book:bol-taittiriya-upanishad,wiki:vedic-literature-and-cosmology,has_topic,"Title explicitly names Vedic literature, Vedas, or Upanishads."
book:bol-vamana-purana,wiki:vedic-deities-and-mythology,has_topic,Title explicitly names Puranic literature or Hindu mythology.
book:bol-varaha-purana,wiki:vedic-deities-and-mythology,has_topic,Title explicitly names Puranic literature or Hindu mythology.
book:bol-vayu-purana,wiki:vedic-deities-and-mythology,has_topic,Title explicitly names Puranic literature or Hindu mythology.
book:bol-vishnu-purana,wiki:vedic-deities-and-mythology,has_topic,Title explicitly names Puranic literature or Hindu mythology.
book:bol-light-of-the-vedas,wiki:vedic-literature-and-cosmology,has_topic,"Title explicitly names Vedic literature, Vedas, or Upanishads."
book:bol-argument-and-design-the-unity-of-the-mahabharata,wiki:epics-and-itihasa,has_topic,"Title explicitly names an epic, Itihasa, or the Bhagavad Gita."
book:bol-arthashastra,wiki:civilization-state-and-nationalism,has_topic,"Title explicitly treats polity, governance, statecraft, or nationalism."
book:bol-indian-science-and-technology-in-the-18th-century,wiki:indian-knowledge-systems,has_topic,"Title explicitly treats Indian knowledge systems, science, or Ayurveda."
book:bol-panchayat-raj-and-india's-polity,wiki:civilization-state-and-nationalism,has_topic,"Title explicitly treats polity, governance, statecraft, or nationalism."
book:bol-prolegomena-to-any-future-mahabharata-studies,wiki:epics-and-itihasa,has_topic,"Title explicitly names an epic, Itihasa, or the Bhagavad Gita."
book:bol-the-secret-of-the-veda,wiki:vedic-literature-and-cosmology,has_topic,"Title explicitly names Vedic literature, Vedas, or Upanishads."
book:bol-hindu-dharma-radhakrishnan,wiki:dharma,has_topic,Title explicitly treats dharma or Dharmaśāstra.
book:bol-https://talageri.blogspot.com/2020/05/the-iksvakus-in-rigveda.html,wiki:vedic-literature-and-cosmology,has_topic,"Title explicitly names Vedic literature, Vedas, or Upanishads."
book:bol-https://talageri.blogspot.com/2019/10/dravidian-connections-with-harappan.html,wiki:sarasvati-and-harappan-world,has_topic,"Title explicitly treats the Sarasvati, Harappan, or Indus world."
book:bol-https://www.academia.edu/30800576/vanishing_rivers_yesterdays_sarasvati_todays_ganges,wiki:sarasvati-and-harappan-world,has_topic,"Title explicitly treats the Sarasvati, Harappan, or Indus world."
book:bol-https://www.academia.edu/39719725/the_sarasvati_river_issues_and_debates,wiki:sarasvati-and-harappan-world,has_topic,"Title explicitly treats the Sarasvati, Harappan, or Indus world."
book:bol-https://www.researchgate.net/publication/336281430_remote_sensing_of_groundwater_along_the_saraswati_palaeochannels_in_western_part_of_jaisalmer_district_thar_desert_maeer's_mit_pune_journal_special_issue_1999-2000_pp_28-36,wiki:sarasvati-and-harappan-world,has_topic,"Title explicitly treats the Sarasvati, Harappan, or Indus world."
book:bol-https://www.academia.edu/36995146/on_the_preliminary_periodization_of_the_vedic_culture_a_draft_2018,wiki:sarasvati-and-harappan-world,has_topic,"Title explicitly treats the Sarasvati, Harappan, or Indus world."
book:bol-https://www.academia.edu/23185706/the_horse_and_the_aryan_debate,wiki:indo-european-and-aryan-debate,has_topic,Title explicitly places the book in the Aryan or Indo-European debate.
book:bol-https://doi.org/10.11588/ejvs.2016.1.933,wiki:rigvedic-history-and-geography,has_topic,"Title explicitly treats Rigvedic history, geography, or named Rigvedic historical problems."
book:bol-https://doi.org/10.11588/xarep.00000112,wiki:indo-european-and-aryan-debate,has_topic,Title explicitly places the book in the Aryan or Indo-European debate.
book:bol-https://www.himalayanlanguages.org/files/driem/pdfs/2008bielmeierfs,wiki:sanskrit-and-linguistic-traditions,has_topic,"Title explicitly treats Sanskrit, language, grammar, linguistics, or philology."
book:bol-https://www.academia.edu/23185582/genetics_and_the_aryan_issue,wiki:indo-european-and-aryan-debate,has_topic,Title explicitly places the book in the Aryan or Indo-European debate.
book:bol-https://pragyata.com/genetic-proof-for-the-ait-look-again/,wiki:indo-european-and-aryan-debate,has_topic,Title explicitly places the book in the Aryan or Indo-European debate.
book:bol-https://www.nature.com/articles/s41598-020-61941-z,wiki:sanskrit-and-linguistic-traditions,has_topic,"Title explicitly treats Sanskrit, language, grammar, linguistics, or philology."
book:bol-https://www.academia.edu/43127134/the_sanauli_chariot_and_its_archaeological_and_historical_context,wiki:sarasvati-and-harappan-world,has_topic,"Title explicitly treats the Sarasvati, Harappan, or Indus world."
book:bol-https://www.academia.edu/1573406/the_harappan_heritage_and_the_aryan_problem,wiki:indo-european-and-aryan-debate,has_topic,Title explicitly places the book in the Aryan or Indo-European debate.
book:bol-https://www.researchgate.net/publication/339739681_sanauli_a_late_harappan_burial_site,wiki:sarasvati-and-harappan-world,has_topic,"Title explicitly treats the Sarasvati, Harappan, or Indus world."
book:bol-https://www.scribd.com/document/260613722/origin-of-early-harappan-cultures-in-the-sarasvati-valley-recent-archaeological-evidence-and-radiometric-dates,wiki:sarasvati-and-harappan-world,has_topic,"Title explicitly treats the Sarasvati, Harappan, or Indus world."
book:bol-https://www.academia.edu/14422781/indus_valley_microscopy_and_crystallography,wiki:sarasvati-and-harappan-world,has_topic,"Title explicitly treats the Sarasvati, Harappan, or Indus world."
book:bol-https://www.academia.edu/33047934/vishnu_in_rigveda,wiki:vedic-literature-and-cosmology,has_topic,"Title explicitly names Vedic literature, Vedas, or Upanishads."
book:bol-https://www.academia.edu/27920498/the_indo_european_cloudland,wiki:indo-european-and-aryan-debate,has_topic,Title explicitly places the book in the Aryan or Indo-European debate.
book:bol-https://www.academia.edu/38556391/the_a_of_abc_of_indian_chronology_dimensions_of_the_aryan_problem_revisited_in_2017,wiki:indo-european-and-aryan-debate,has_topic,Title explicitly places the book in the Aryan or Indo-European debate.
book:bol-https://www.academia.edu/37699698/short_notes_on_paninian_sanskrit_versus_expected_mature_harappan_language_2018,wiki:sarasvati-and-harappan-world,has_topic,"Title explicitly treats the Sarasvati, Harappan, or Indus world."
book:bol-https://www.academia.edu/36983855/rigvedic_and_written_mature_harappan_part_2_2018_,wiki:sarasvati-and-harappan-world,has_topic,"Title explicitly treats the Sarasvati, Harappan, or Indus world."
book:bol-https://www.academia.edu/36977387/rigvedic_and_written_mature_harappan_part_1_2018_,wiki:sarasvati-and-harappan-world,has_topic,"Title explicitly treats the Sarasvati, Harappan, or Indus world."
book:bol-https://www.academia.edu/37972069/on_the_meaning_of_hymns_to_maruts_in_rigveda,wiki:vedic-literature-and-cosmology,has_topic,"Title explicitly names Vedic literature, Vedas, or Upanishads."
book:bol-https://asc.iitgn.ac.in/assets/publications/research_papers/methodological_issues_in_the_indo-european_debate_m_danino_2019,wiki:indo-european-and-aryan-debate,has_topic,Title explicitly places the book in the Aryan or Indo-European debate.
book:bol-https://doi.org/10.1371/journal.pone.0185684,wiki:sarasvati-and-harappan-world,has_topic,"Title explicitly treats the Sarasvati, Harappan, or Indus world."
book:bol-https://www.academia.edu/44476370/in_search_of_the_oldest_common_indo_european_urheimat_preliminary_linguistic_evidence_from_dravidian,wiki:indo-european-and-aryan-debate,has_topic,Title explicitly places the book in the Aryan or Indo-European debate.
book:bol-https://www.academia.edu/28869625/the_epicenter_of_the_indo-european_linguistic_spread,wiki:indo-european-and-aryan-debate,has_topic,Title explicitly places the book in the Aryan or Indo-European debate.
book:bol-https://www.academia.edu/243477/chronology_and_culture_history_in_the_indus_valley,wiki:sarasvati-and-harappan-world,has_topic,"Title explicitly treats the Sarasvati, Harappan, or Indus world."
book:bol-https://pragyata.com/ait-and-the-science-of-linguistics/,wiki:indo-european-and-aryan-debate,has_topic,Title explicitly places the book in the Aryan or Indo-European debate.
book:bol-https://www.academia.edu/29284028/discovering_the_sarasvati_river_from_1855_to_2014,wiki:sarasvati-and-harappan-world,has_topic,"Title explicitly treats the Sarasvati, Harappan, or Indus world."
book:bol-https://www.academia.edu/38344745/semenenko_aleksandr_andreyevich_the_absence_of_the_sword_from_rigveda_and_atharvaveda_and_the_problem_of_indo_aryans_origin,wiki:vedic-literature-and-cosmology,has_topic,"Title explicitly names Vedic literature, Vedas, or Upanishads."
book:bol-https://www.academia.edu/40104001/demilitarizing_the_rigveda_a_scrutiny_of_vedic_horses_chariots_and_warfare,wiki:vedic-literature-and-cosmology,has_topic,"Title explicitly names Vedic literature, Vedas, or Upanishads."
book:bol-https://www.academia.edu/12539595/decipherment_of_indus_valley_seals_indus_valley_human_genetics,wiki:sarasvati-and-harappan-world,has_topic,"Title explicitly treats the Sarasvati, Harappan, or Indus world."
book:bol-https://www.academia.edu/31811479/asura_and_its_derivatives_in_rigveda,wiki:rigvedic-history-and-geography,has_topic,"Title explicitly treats Rigvedic history, geography, or named Rigvedic historical problems."
book:bol-https://www.academia.edu/27879822/from_sarasvati_to_ganga,wiki:sarasvati-and-harappan-world,has_topic,"Title explicitly treats the Sarasvati, Harappan, or Indus world."
book:bol-https://www.academia.edu/43472674/decipherment_of_indus_valley_script_and_rebuses,wiki:sarasvati-and-harappan-world,has_topic,"Title explicitly treats the Sarasvati, Harappan, or Indus world."
book:bol-http://koenraadelst.blogspot.com/2019/05/astronomical-chronology-of-vedic.html,wiki:vedic-literature-and-cosmology,has_topic,"Title explicitly names Vedic literature, Vedas, or Upanishads."
book:bol-https://www.academia.edu/36998766/five_waves_of_indo_european_expansion_a_preliminary_model_2018_,wiki:indo-european-and-aryan-debate,has_topic,Title explicitly places the book in the Aryan or Indo-European debate.
book:bol-https://doi.org/10.1002/9781119055280.ch13,wiki:sarasvati-and-harappan-world,has_topic,"Title explicitly treats the Sarasvati, Harappan, or Indus world."
book:bol-http://nrs.harvard.edu/urn-3:hul.instrepos:9886300,wiki:vedic-literature-and-cosmology,has_topic,"Title explicitly names Vedic literature, Vedas, or Upanishads."
book:bol-https://doi.org/10.1371/journal.pone.0192299,wiki:sarasvati-and-harappan-world,has_topic,"Title explicitly treats the Sarasvati, Harappan, or Indus world."
book:bol-https://www.academia.edu/23253141/a_dravido_harappan_connection_the_issue_of_methodology,wiki:sarasvati-and-harappan-world,has_topic,"Title explicitly treats the Sarasvati, Harappan, or Indus world."
book:bol-https://www.academia.edu/39599444/fabricating_evidence_in_support_of_the_aryan_invasion_migration_theory,wiki:indo-european-and-aryan-debate,has_topic,Title explicitly places the book in the Aryan or Indo-European debate.
book:bol-https://talageri.blogspot.com/2020/04/aryas-dasas-and-dasyus-in-rigveda.html,wiki:rigvedic-history-and-geography,has_topic,"Title explicitly treats Rigvedic history, geography, or named Rigvedic historical problems."
book:bol-https://talageri.blogspot.com/2017/07/the-aryan-story-vs-true-aryan-history.html,wiki:indo-european-and-aryan-debate,has_topic,Title explicitly places the book in the Aryan or Indo-European debate.
book:bol-https://talageri.blogspot.com/2020/05/the-varsagira-battle-in-rigveda.html,wiki:rigvedic-history-and-geography,has_topic,"Title explicitly treats Rigvedic history, geography, or named Rigvedic historical problems."
book:bol-https://talageri.blogspot.com/2019/09/rakhigarhi-and-after.html,wiki:sarasvati-and-harappan-world,has_topic,"Title explicitly treats the Sarasvati, Harappan, or Indus world."
book:bol-https://doi.org/10.1017/9781108758666,wiki:indo-european-and-aryan-debate,has_topic,Title explicitly places the book in the Aryan or Indo-European debate.
b1000:1,wiki:vedic-literature-and-cosmology,has_topic,"Title explicitly names Vedic literature, Vedas, or Upanishads."
b1000:3,wiki:vedic-literature-and-cosmology,has_topic,"Title explicitly names Vedic literature, Vedas, or Upanishads."
b1000:4,wiki:vedic-literature-and-cosmology,has_topic,"Title explicitly names Vedic literature, Vedas, or Upanishads."
b1000:5,wiki:vedic-literature-and-cosmology,has_topic,"Title explicitly names Vedic literature, Vedas, or Upanishads."
b1000:8,wiki:vedic-literature-and-cosmology,has_topic,"Title explicitly names Vedic literature, Vedas, or Upanishads."
b1000:9,wiki:vedic-literature-and-cosmology,has_topic,"Title explicitly names Vedic literature, Vedas, or Upanishads."
b1000:10,wiki:vedic-literature-and-cosmology,has_topic,"Title explicitly names Vedic literature, Vedas, or Upanishads."
b1000:11,wiki:vedic-literature-and-cosmology,has_topic,"Title explicitly names Vedic literature, Vedas, or Upanishads."
b1000:13,wiki:vedic-literature-and-cosmology,has_topic,"Title explicitly names Vedic literature, Vedas, or Upanishads."
b1000:14,wiki:vedic-literature-and-cosmology,has_topic,"Title explicitly names Vedic literature, Vedas, or Upanishads."
b1000:15,wiki:vedic-literature-and-cosmology,has_topic,"Title explicitly names Vedic literature, Vedas, or Upanishads."
b1000:16,wiki:vedic-literature-and-cosmology,has_topic,"Title explicitly names Vedic literature, Vedas, or Upanishads."
b1000:17,wiki:vedic-literature-and-cosmology,has_topic,"Title explicitly names Vedic literature, Vedas, or Upanishads."
b1000:18,wiki:vedic-deities-and-mythology,has_topic,Title explicitly names Puranic literature or Hindu mythology.
b1000:20,wiki:vedic-literature-and-cosmology,has_topic,"Title explicitly names Vedic literature, Vedas, or Upanishads."
b1000:21,wiki:vedic-literature-and-cosmology,has_topic,"Title explicitly names Vedic literature, Vedas, or Upanishads."
b1000:22,wiki:vedic-literature-and-cosmology,has_topic,"Title explicitly names Vedic literature, Vedas, or Upanishads."
b1000:24,wiki:vedic-literature-and-cosmology,has_topic,"Title explicitly names Vedic literature, Vedas, or Upanishads."
b1000:25,wiki:vedic-literature-and-cosmology,has_topic,"Title explicitly names Vedic literature, Vedas, or Upanishads."
b1000:26,wiki:vedic-literature-and-cosmology,has_topic,"Title explicitly names Vedic literature, Vedas, or Upanishads."
b1000:34,wiki:vedic-literature-and-cosmology,has_topic,"Title explicitly names Vedic literature, Vedas, or Upanishads."
b1000:35,wiki:vedic-literature-and-cosmology,has_topic,"Title explicitly names Vedic literature, Vedas, or Upanishads."
b1000:36,wiki:vedic-literature-and-cosmology,has_topic,"Title explicitly names Vedic literature, Vedas, or Upanishads."
b1000:37,wiki:vedic-literature-and-cosmology,has_topic,"Title explicitly names Vedic literature, Vedas, or Upanishads."
b1000:38,wiki:vedic-literature-and-cosmology,has_topic,"Title explicitly names Vedic literature, Vedas, or Upanishads."
b1000:39,wiki:vedic-literature-and-cosmology,has_topic,"Title explicitly names Vedic literature, Vedas, or Upanishads."
b1000:40,wiki:vedic-literature-and-cosmology,has_topic,"Title explicitly names Vedic literature, Vedas, or Upanishads."
b1000:41,wiki:vedic-literature-and-cosmology,has_topic,"Title explicitly names Vedic literature, Vedas, or Upanishads."
b1000:42,wiki:vedic-literature-and-cosmology,has_topic,"Title explicitly names Vedic literature, Vedas, or Upanishads."
b1000:43,wiki:vedic-literature-and-cosmology,has_topic,"Title explicitly names Vedic literature, Vedas, or Upanishads."
b1000:44,wiki:vedic-literature-and-cosmology,has_topic,"Title explicitly names Vedic literature, Vedas, or Upanishads."
b1000:51,wiki:epics-and-itihasa,has_topic,"Title explicitly names an epic, Itihasa, or the Bhagavad Gita."
b1000:52,wiki:epics-and-itihasa,has_topic,"Title explicitly names an epic, Itihasa, or the Bhagavad Gita."
b1000:53,wiki:epics-and-itihasa,has_topic,"Title explicitly names an epic, Itihasa, or the Bhagavad Gita."
b1000:54,wiki:epics-and-itihasa,has_topic,"Title explicitly names an epic, Itihasa, or the Bhagavad Gita."
b1000:55,wiki:epics-and-itihasa,has_topic,"Title explicitly names an epic, Itihasa, or the Bhagavad Gita."
b1000:56,wiki:epics-and-itihasa,has_topic,"Title explicitly names an epic, Itihasa, or the Bhagavad Gita."
b1000:57,wiki:epics-and-itihasa,has_topic,"Title explicitly names an epic, Itihasa, or the Bhagavad Gita."
b1000:60,wiki:epics-and-itihasa,has_topic,"Title explicitly names an epic, Itihasa, or the Bhagavad Gita."
b1000:61,wiki:epics-and-itihasa,has_topic,"Title explicitly names an epic, Itihasa, or the Bhagavad Gita."
b1000:62,wiki:vedic-literature-and-cosmology,has_topic,"Title explicitly names Vedic literature, Vedas, or Upanishads."
b1000:63,wiki:epics-and-itihasa,has_topic,"Title explicitly names an epic, Itihasa, or the Bhagavad Gita."
b1000:64,wiki:epics-and-itihasa,has_topic,"Title explicitly names an epic, Itihasa, or the Bhagavad Gita."
b1000:66,wiki:epics-and-itihasa,has_topic,"Title explicitly names an epic, Itihasa, or the Bhagavad Gita."
b1000:67,wiki:epics-and-itihasa,has_topic,"Title explicitly names an epic, Itihasa, or the Bhagavad Gita."
b1000:68,wiki:epics-and-itihasa,has_topic,"Title explicitly names an epic, Itihasa, or the Bhagavad Gita."
b1000:69,wiki:epics-and-itihasa,has_topic,"Title explicitly names an epic, Itihasa, or the Bhagavad Gita."
b1000:71,wiki:epics-and-itihasa,has_topic,"Title explicitly names an epic, Itihasa, or the Bhagavad Gita."
b1000:72,wiki:epics-and-itihasa,has_topic,"Title explicitly names an epic, Itihasa, or the Bhagavad Gita."
b1000:73,wiki:epics-and-itihasa,has_topic,"Title explicitly names an epic, Itihasa, or the Bhagavad Gita."
b1000:74,wiki:epics-and-itihasa,has_topic,"Title explicitly names an epic, Itihasa, or the Bhagavad Gita."
b1000:75,wiki:epics-and-itihasa,has_topic,"Title explicitly names an epic, Itihasa, or the Bhagavad Gita."
b1000:76,wiki:epics-and-itihasa,has_topic,"Title explicitly names an epic, Itihasa, or the Bhagavad Gita."
b1000:77,wiki:epics-and-itihasa,has_topic,"Title explicitly names an epic, Itihasa, or the Bhagavad Gita."
b1000:78,wiki:epics-and-itihasa,has_topic,"Title explicitly names an epic, Itihasa, or the Bhagavad Gita."
b1000:79,wiki:epics-and-itihasa,has_topic,"Title explicitly names an epic, Itihasa, or the Bhagavad Gita."
b1000:80,wiki:epics-and-itihasa,has_topic,"Title explicitly names an epic, Itihasa, or the Bhagavad Gita."
b1000:81,wiki:epics-and-itihasa,has_topic,"Title explicitly names an epic, Itihasa, or the Bhagavad Gita."
b1000:83,wiki:epics-and-itihasa,has_topic,"Title explicitly names an epic, Itihasa, or the Bhagavad Gita."
b1000:85,wiki:epics-and-itihasa,has_topic,"Title explicitly names an epic, Itihasa, or the Bhagavad Gita."
b1000:86,wiki:epics-and-itihasa,has_topic,"Title explicitly names an epic, Itihasa, or the Bhagavad Gita."
b1000:87,wiki:epics-and-itihasa,has_topic,"Title explicitly names an epic, Itihasa, or the Bhagavad Gita."
b1000:88,wiki:epics-and-itihasa,has_topic,"Title explicitly names an epic, Itihasa, or the Bhagavad Gita."
b1000:89,wiki:epics-and-itihasa,has_topic,"Title explicitly names an epic, Itihasa, or the Bhagavad Gita."
b1000:90,wiki:epics-and-itihasa,has_topic,"Title explicitly names an epic, Itihasa, or the Bhagavad Gita."
b1000:91,wiki:epics-and-itihasa,has_topic,"Title explicitly names an epic, Itihasa, or the Bhagavad Gita."
b1000:92,wiki:epics-and-itihasa,has_topic,"Title explicitly names an epic, Itihasa, or the Bhagavad Gita."
b1000:93,wiki:epics-and-itihasa,has_topic,"Title explicitly names an epic, Itihasa, or the Bhagavad Gita."
b1000:94,wiki:epics-and-itihasa,has_topic,"Title explicitly names an epic, Itihasa, or the Bhagavad Gita."
b1000:95,wiki:epics-and-itihasa,has_topic,"Title explicitly names an epic, Itihasa, or the Bhagavad Gita."
b1000:104,wiki:epics-and-itihasa,has_topic,"Title explicitly names an epic, Itihasa, or the Bhagavad Gita."
b1000:105,wiki:epics-and-itihasa,has_topic,"Title explicitly names an epic, Itihasa, or the Bhagavad Gita."
b1000:106,wiki:epics-and-itihasa,has_topic,"Title explicitly names an epic, Itihasa, or the Bhagavad Gita."
b1000:110,wiki:epics-and-itihasa,has_topic,"Title explicitly names an epic, Itihasa, or the Bhagavad Gita."
b1000:111,wiki:vedic-deities-and-mythology,has_topic,Title explicitly names Puranic literature or Hindu mythology.
b1000:114,wiki:vedic-deities-and-mythology,has_topic,Title explicitly names Puranic literature or Hindu mythology.
b1000:116,wiki:vedic-deities-and-mythology,has_topic,Title explicitly names Puranic literature or Hindu mythology.
b1000:117,wiki:vedic-deities-and-mythology,has_topic,Title explicitly names Puranic literature or Hindu mythology.
b1000:118,wiki:vedic-deities-and-mythology,has_topic,Title explicitly names Puranic literature or Hindu mythology.
b1000:119,wiki:vedic-deities-and-mythology,has_topic,Title explicitly names Puranic literature or Hindu mythology.
b1000:120,wiki:vedic-deities-and-mythology,has_topic,Title explicitly names Puranic literature or Hindu mythology.
b1000:121,wiki:vedic-deities-and-mythology,has_topic,Title explicitly names Puranic literature or Hindu mythology.
b1000:124,wiki:vedic-deities-and-mythology,has_topic,Title explicitly names Puranic literature or Hindu mythology.
b1000:125,wiki:vedic-deities-and-mythology,has_topic,Title explicitly names Puranic literature or Hindu mythology.
b1000:126,wiki:vedic-deities-and-mythology,has_topic,Title explicitly names Puranic literature or Hindu mythology.
b1000:127,wiki:vedic-deities-and-mythology,has_topic,Title explicitly names Puranic literature or Hindu mythology.
b1000:128,wiki:vedic-deities-and-mythology,has_topic,Title explicitly names Puranic literature or Hindu mythology.
b1000:129,wiki:vedic-deities-and-mythology,has_topic,Title explicitly names Puranic literature or Hindu mythology.
b1000:130,wiki:vedic-deities-and-mythology,has_topic,Title explicitly names Puranic literature or Hindu mythology.
b1000:131,wiki:vedic-deities-and-mythology,has_topic,Title explicitly names Puranic literature or Hindu mythology.
b1000:132,wiki:vedic-deities-and-mythology,has_topic,Title explicitly names Puranic literature or Hindu mythology.
b1000:133,wiki:vedic-deities-and-mythology,has_topic,Title explicitly names Puranic literature or Hindu mythology.
b1000:134,wiki:vedic-deities-and-mythology,has_topic,Title explicitly names Puranic literature or Hindu mythology.
b1000:135,wiki:vedic-deities-and-mythology,has_topic,Title explicitly names Puranic literature or Hindu mythology.
b1000:136,wiki:vedic-deities-and-mythology,has_topic,Title explicitly names Puranic literature or Hindu mythology.
b1000:141,wiki:vedic-deities-and-mythology,has_topic,Title explicitly names Puranic literature or Hindu mythology.
b1000:142,wiki:vedic-deities-and-mythology,has_topic,Title explicitly names Puranic literature or Hindu mythology.
b1000:153,wiki:sanskrit-and-linguistic-traditions,has_topic,"Title explicitly treats Sanskrit, language, grammar, linguistics, or philology."
b1000:223,wiki:vedic-literature-and-cosmology,has_topic,"Title explicitly names Vedic literature, Vedas, or Upanishads."
b1000:341,wiki:sanskrit-and-linguistic-traditions,has_topic,"Title explicitly treats Sanskrit, language, grammar, linguistics, or philology."
b1000:342,wiki:sanskrit-and-linguistic-traditions,has_topic,"Title explicitly treats Sanskrit, language, grammar, linguistics, or philology."
b1000:343,wiki:sanskrit-and-linguistic-traditions,has_topic,"Title explicitly treats Sanskrit, language, grammar, linguistics, or philology."
b1000:345,wiki:sanskrit-and-linguistic-traditions,has_topic,"Title explicitly treats Sanskrit, language, grammar, linguistics, or philology."
b1000:347,wiki:sanskrit-and-linguistic-traditions,has_topic,"Title explicitly treats Sanskrit, language, grammar, linguistics, or philology."
b1000:348,wiki:sanskrit-and-linguistic-traditions,has_topic,"Title explicitly treats Sanskrit, language, grammar, linguistics, or philology."
b1000:351,wiki:sanskrit-and-linguistic-traditions,has_topic,"Title explicitly treats Sanskrit, language, grammar, linguistics, or philology."
b1000:352,wiki:sanskrit-and-linguistic-traditions,has_topic,"Title explicitly treats Sanskrit, language, grammar, linguistics, or philology."
b1000:358,wiki:dharma,has_topic,Title explicitly treats dharma or Dharmaśāstra.
b1000:360,wiki:dharma,has_topic,Title explicitly treats dharma or Dharmaśāstra.
b1000:362,wiki:dharma,has_topic,Title explicitly treats dharma or Dharmaśāstra.
b1000:364,wiki:dharma,has_topic,Title explicitly treats dharma or Dharmaśāstra.
b1000:365,wiki:dharma,has_topic,Title explicitly treats dharma or Dharmaśāstra.
b1000:366,wiki:dharma,has_topic,Title explicitly treats dharma or Dharmaśāstra.
b1000:367,wiki:dharma,has_topic,Title explicitly treats dharma or Dharmaśāstra.
b1000:368,wiki:dharma,has_topic,Title explicitly treats dharma or Dharmaśāstra.
b1000:372,wiki:dharma,has_topic,Title explicitly treats dharma or Dharmaśāstra.
b1000:373,wiki:dharma,has_topic,Title explicitly treats dharma or Dharmaśāstra.
b1000:385,wiki:sanskrit-and-linguistic-traditions,has_topic,"Title explicitly treats Sanskrit, language, grammar, linguistics, or philology."
b1000:386,wiki:epics-and-itihasa,has_topic,"Title explicitly names an epic, Itihasa, or the Bhagavad Gita."
b1000:409,wiki:sanskrit-and-linguistic-traditions,has_topic,"Title explicitly treats Sanskrit, language, grammar, linguistics, or philology."
b1000:410,wiki:sanskrit-and-linguistic-traditions,has_topic,"Title explicitly treats Sanskrit, language, grammar, linguistics, or philology."
b1000:411,wiki:sanskrit-and-linguistic-traditions,has_topic,"Title explicitly treats Sanskrit, language, grammar, linguistics, or philology."
b1000:412,wiki:sanskrit-and-linguistic-traditions,has_topic,"Title explicitly treats Sanskrit, language, grammar, linguistics, or philology."
b1000:413,wiki:sanskrit-and-linguistic-traditions,has_topic,"Title explicitly treats Sanskrit, language, grammar, linguistics, or philology."
b1000:414,wiki:sanskrit-and-linguistic-traditions,has_topic,"Title explicitly treats Sanskrit, language, grammar, linguistics, or philology."
b1000:415,wiki:sanskrit-and-linguistic-traditions,has_topic,"Title explicitly treats Sanskrit, language, grammar, linguistics, or philology."
b1000:418,wiki:indian-art-and-aesthetics,has_topic,"Title explicitly treats Indian art, aesthetics, performance, dance, or sculpture."
b1000:419,wiki:indian-art-and-aesthetics,has_topic,"Title explicitly treats Indian art, aesthetics, performance, dance, or sculpture."
b1000:421,wiki:indian-art-and-aesthetics,has_topic,"Title explicitly treats Indian art, aesthetics, performance, dance, or sculpture."
b1000:422,wiki:indian-art-and-aesthetics,has_topic,"Title explicitly treats Indian art, aesthetics, performance, dance, or sculpture."
b1000:426,wiki:indian-art-and-aesthetics,has_topic,"Title explicitly treats Indian art, aesthetics, performance, dance, or sculpture."
b1000:427,wiki:indian-art-and-aesthetics,has_topic,"Title explicitly treats Indian art, aesthetics, performance, dance, or sculpture."
b1000:428,wiki:sanskrit-and-linguistic-traditions,has_topic,"Title explicitly treats Sanskrit, language, grammar, linguistics, or philology."
b1000:459,wiki:hindu-thought-and-sacred-geography,has_topic,"Title explicitly treats Hindu temples, sacred art, or sacred geography."
b1000:503,wiki:sanskrit-and-linguistic-traditions,has_topic,"Title explicitly treats Sanskrit, language, grammar, linguistics, or philology."
b1000:513,wiki:vedic-deities-and-mythology,has_topic,Title explicitly names Puranic literature or Hindu mythology.
b1000:652,wiki:indian-art-and-aesthetics,has_topic,"Title explicitly treats Indian art, aesthetics, performance, dance, or sculpture."
b1000:665,wiki:hindu-thought-and-sacred-geography,has_topic,"Title explicitly treats Hindu temples, sacred art, or sacred geography."
b1000:678,wiki:sarasvati-and-harappan-world,has_topic,"Title explicitly treats the Sarasvati, Harappan, or Indus world."
b1000:679,wiki:sarasvati-and-harappan-world,has_topic,"Title explicitly treats the Sarasvati, Harappan, or Indus world."
b1000:682,wiki:sarasvati-and-harappan-world,has_topic,"Title explicitly treats the Sarasvati, Harappan, or Indus world."
b1000:685,wiki:sarasvati-and-harappan-world,has_topic,"Title explicitly treats the Sarasvati, Harappan, or Indus world."
b1000:686,wiki:sarasvati-and-harappan-world,has_topic,"Title explicitly treats the Sarasvati, Harappan, or Indus world."
b1000:688,wiki:sarasvati-and-harappan-world,has_topic,"Title explicitly treats the Sarasvati, Harappan, or Indus world."
b1000:690,wiki:rigvedic-history-and-geography,has_topic,"Title explicitly treats Rigvedic history, geography, or named Rigvedic historical problems."
b1000:691,wiki:vedic-literature-and-cosmology,has_topic,"Title explicitly names Vedic literature, Vedas, or Upanishads."
b1000:692,wiki:indo-european-and-aryan-debate,has_topic,Title explicitly places the book in the Aryan or Indo-European debate.
b1000:693,wiki:indo-european-and-aryan-debate,has_topic,Title explicitly places the book in the Aryan or Indo-European debate.
b1000:694,wiki:indo-european-and-aryan-debate,has_topic,Title explicitly places the book in the Aryan or Indo-European debate.
b1000:695,wiki:indo-european-and-aryan-debate,has_topic,Title explicitly places the book in the Aryan or Indo-European debate.
b1000:702,wiki:vedic-literature-and-cosmology,has_topic,"Title explicitly names Vedic literature, Vedas, or Upanishads."
b1000:705,wiki:rigvedic-history-and-geography,has_topic,"Title explicitly treats Rigvedic history, geography, or named Rigvedic historical problems."
b1000:710,wiki:indo-european-and-aryan-debate,has_topic,Title explicitly places the book in the Aryan or Indo-European debate.
b1000:711,wiki:sanskrit-and-linguistic-traditions,has_topic,"Title explicitly treats Sanskrit, language, grammar, linguistics, or philology."
b1000:731,wiki:civilization-state-and-nationalism,has_topic,"Title explicitly treats polity, governance, statecraft, or nationalism."
b1000:732,wiki:civilization-state-and-nationalism,has_topic,"Title explicitly treats polity, governance, statecraft, or nationalism."
b1000:776,wiki:sanskrit-and-linguistic-traditions,has_topic,"Title explicitly treats Sanskrit, language, grammar, linguistics, or philology."
b1000:793,wiki:sanskrit-and-linguistic-traditions,has_topic,"Title explicitly treats Sanskrit, language, grammar, linguistics, or philology."
b1000:830,wiki:sanskrit-and-linguistic-traditions,has_topic,"Title explicitly treats Sanskrit, language, grammar, linguistics, or philology."
b1000:831,wiki:sanskrit-and-linguistic-traditions,has_topic,"Title explicitly treats Sanskrit, language, grammar, linguistics, or philology."
b1000:841,wiki:indian-art-and-aesthetics,has_topic,"Title explicitly treats Indian art, aesthetics, performance, dance, or sculpture."
b1000:842,wiki:epics-and-itihasa,has_topic,"Title explicitly names an epic, Itihasa, or the Bhagavad Gita."
b1000:843,wiki:epics-and-itihasa,has_topic,"Title explicitly names an epic, Itihasa, or the Bhagavad Gita."
b1000:846,wiki:dharma,has_topic,Title explicitly treats dharma or Dharmaśāstra.
b1000:850,wiki:sarasvati-and-harappan-world,has_topic,"Title explicitly treats the Sarasvati, Harappan, or Indus world."
b1000:851,wiki:indian-art-and-aesthetics,has_topic,"Title explicitly treats Indian art, aesthetics, performance, dance, or sculpture."
b1000:852,wiki:hindu-thought-and-sacred-geography,has_topic,"Title explicitly treats Hindu temples, sacred art, or sacred geography."
b1000:856,wiki:indian-art-and-aesthetics,has_topic,"Title explicitly treats Indian art, aesthetics, performance, dance, or sculpture."
b1000:857,wiki:hindu-thought-and-sacred-geography,has_topic,"Title explicitly treats Hindu temples, sacred art, or sacred geography."
b1000:858,wiki:hindu-thought-and-sacred-geography,has_topic,"Title explicitly treats Hindu temples, sacred art, or sacred geography."
b1000:860,wiki:indian-art-and-aesthetics,has_topic,"Title explicitly treats Indian art, aesthetics, performance, dance, or sculpture."
b1000:863,wiki:indian-art-and-aesthetics,has_topic,"Title explicitly treats Indian art, aesthetics, performance, dance, or sculpture."
b1000:864,wiki:indian-art-and-aesthetics,has_topic,"Title explicitly treats Indian art, aesthetics, performance, dance, or sculpture."
b1000:867,wiki:hindu-thought-and-sacred-geography,has_topic,"Title explicitly treats Hindu temples, sacred art, or sacred geography."
b1000:869,wiki:hindu-thought-and-sacred-geography,has_topic,"Title explicitly treats Hindu temples, sacred art, or sacred geography."
b1000:875,wiki:indian-art-and-aesthetics,has_topic,"Title explicitly treats Indian art, aesthetics, performance, dance, or sculpture."
b1000:876,wiki:indian-art-and-aesthetics,has_topic,"Title explicitly treats Indian art, aesthetics, performance, dance, or sculpture."
b1000:877,wiki:indian-art-and-aesthetics,has_topic,"Title explicitly treats Indian art, aesthetics, performance, dance, or sculpture."
b1000:878,wiki:indian-art-and-aesthetics,has_topic,"Title explicitly treats Indian art, aesthetics, performance, dance, or sculpture."
b1000:879,wiki:indian-art-and-aesthetics,has_topic,"Title explicitly treats Indian art, aesthetics, performance, dance, or sculpture."
b1000:880,wiki:indian-art-and-aesthetics,has_topic,"Title explicitly treats Indian art, aesthetics, performance, dance, or sculpture."
b1000:882,wiki:indian-art-and-aesthetics,has_topic,"Title explicitly treats Indian art, aesthetics, performance, dance, or sculpture."
b1000:883,wiki:indian-art-and-aesthetics,has_topic,"Title explicitly treats Indian art, aesthetics, performance, dance, or sculpture."
b1000:885,wiki:indian-art-and-aesthetics,has_topic,"Title explicitly treats Indian art, aesthetics, performance, dance, or sculpture."
b1000:886,wiki:indian-art-and-aesthetics,has_topic,"Title explicitly treats Indian art, aesthetics, performance, dance, or sculpture."
b1000:887,wiki:indian-art-and-aesthetics,has_topic,"Title explicitly treats Indian art, aesthetics, performance, dance, or sculpture."
b1000:889,wiki:indian-art-and-aesthetics,has_topic,"Title explicitly treats Indian art, aesthetics, performance, dance, or sculpture."
b1000:898,wiki:indian-art-and-aesthetics,has_topic,"Title explicitly treats Indian art, aesthetics, performance, dance, or sculpture."
b1000:899,wiki:indian-art-and-aesthetics,has_topic,"Title explicitly treats Indian art, aesthetics, performance, dance, or sculpture."
b1000:900,wiki:indian-art-and-aesthetics,has_topic,"Title explicitly treats Indian art, aesthetics, performance, dance, or sculpture."
b1000:902,wiki:indian-art-and-aesthetics,has_topic,"Title explicitly treats Indian art, aesthetics, performance, dance, or sculpture."
b1000:903,wiki:indian-art-and-aesthetics,has_topic,"Title explicitly treats Indian art, aesthetics, performance, dance, or sculpture."
b1000:904,wiki:indian-art-and-aesthetics,has_topic,"Title explicitly treats Indian art, aesthetics, performance, dance, or sculpture."
b1000:905,wiki:indian-art-and-aesthetics,has_topic,"Title explicitly treats Indian art, aesthetics, performance, dance, or sculpture."
b1000:906,wiki:indian-art-and-aesthetics,has_topic,"Title explicitly treats Indian art, aesthetics, performance, dance, or sculpture."
b1000:907,wiki:indian-art-and-aesthetics,has_topic,"Title explicitly treats Indian art, aesthetics, performance, dance, or sculpture."
b1000:911,wiki:indian-knowledge-systems,has_topic,"Title explicitly treats Indian knowledge systems, science, or Ayurveda."
b1000:912,wiki:indian-knowledge-systems,has_topic,"Title explicitly treats Indian knowledge systems, science, or Ayurveda."
b1000:914,wiki:indian-knowledge-systems,has_topic,"Title explicitly treats Indian knowledge systems, science, or Ayurveda."
b1000:921,wiki:indian-knowledge-systems,has_topic,"Title explicitly treats Indian knowledge systems, science, or Ayurveda."
b1000:930,wiki:indian-knowledge-systems,has_topic,"Title explicitly treats Indian knowledge systems, science, or Ayurveda."
b1000:933,wiki:indian-knowledge-systems,has_topic,"Title explicitly treats Indian knowledge systems, science, or Ayurveda."
b1000:935,wiki:indian-knowledge-systems,has_topic,"Title explicitly treats Indian knowledge systems, science, or Ayurveda."
b1000:938,wiki:indian-knowledge-systems,has_topic,"Title explicitly treats Indian knowledge systems, science, or Ayurveda."
b1000:939,wiki:indian-knowledge-systems,has_topic,"Title explicitly treats Indian knowledge systems, science, or Ayurveda."
b1000:940,wiki:civilization-state-and-nationalism,has_topic,"Title explicitly treats polity, governance, statecraft, or nationalism."
b1000:941,wiki:civilization-state-and-nationalism,has_topic,"Title explicitly treats polity, governance, statecraft, or nationalism."
b1000:942,wiki:civilization-state-and-nationalism,has_topic,"Title explicitly treats polity, governance, statecraft, or nationalism."
b1000:944,wiki:civilization-state-and-nationalism,has_topic,"Title explicitly treats polity, governance, statecraft, or nationalism."
b1000:946,wiki:civilization-state-and-nationalism,has_topic,"Title explicitly treats polity, governance, statecraft, or nationalism."
b1000:956,wiki:sanskrit-and-linguistic-traditions,has_topic,"Title explicitly treats Sanskrit, language, grammar, linguistics, or philology."
b1000:957,wiki:sanskrit-and-linguistic-traditions,has_topic,"Title explicitly treats Sanskrit, language, grammar, linguistics, or philology."
b1000:959,wiki:sanskrit-and-linguistic-traditions,has_topic,"Title explicitly treats Sanskrit, language, grammar, linguistics, or philology."
b1000:961,wiki:sanskrit-and-linguistic-traditions,has_topic,"Title explicitly treats Sanskrit, language, grammar, linguistics, or philology."
b1000:962,wiki:sanskrit-and-linguistic-traditions,has_topic,"Title explicitly treats Sanskrit, language, grammar, linguistics, or philology."
b1000:963,wiki:sanskrit-and-linguistic-traditions,has_topic,"Title explicitly treats Sanskrit, language, grammar, linguistics, or philology."
b1000:964,wiki:sanskrit-and-linguistic-traditions,has_topic,"Title explicitly treats Sanskrit, language, grammar, linguistics, or philology."
b1000:965,wiki:sanskrit-and-linguistic-traditions,has_topic,"Title explicitly treats Sanskrit, language, grammar, linguistics, or philology."
book:bol-future-of-mankind,wiki:aurobindo-social-and-political-philosophy,has_topic,Aurobindo title on the future of mankind belongs to his social and political philosophy.
b1000:5,wiki:aurobindo-veda-and-vedic-symbolism,has_topic,Aurobindo commentary on the Rig Veda belongs to his Vedic symbolism topic.
b1000:7,wiki:aurobindo-veda-and-vedic-symbolism,has_topic,Hymns to the Mystic Fire is part of Aurobindo’s Vedic interpretation.
b1000:36,wiki:aurobindo-upanishads-and-vedanta,has_topic,Aurobindo treatment of the Isa Upanishad belongs to his Upanishads and Vedanta topic.
b1000:37,wiki:aurobindo-upanishads-and-vedanta,has_topic,Aurobindo treatment of the Kena Upanishad belongs to his Upanishads and Vedanta topic.
b1000:74,wiki:aurobindo-gita-and-karmayoga,has_topic,Essays on the Gita is Aurobindo’s central Gita and Karma Yoga work.
b1000:579,wiki:aurobindo-metaphysics-and-spiritual-evolution,has_topic,The Life Divine is the core text for Aurobindo’s metaphysics and spiritual evolution.
b1000:580,wiki:aurobindo-integral-yoga,has_topic,The Synthesis of Yoga is a core text for Aurobindo’s Integral Yoga.
b1000:581,wiki:aurobindo-social-and-political-philosophy,has_topic,The Human Cycle is central to Aurobindo’s social and civilizational thought.
b1000:582,wiki:aurobindo-social-and-political-philosophy,has_topic,The Ideal of Human Unity is central to Aurobindo’s theory of society and human unity.
b1000:583,wiki:aurobindo-indian-culture-and-civilizational-renewal,has_topic,The Foundations of Indian Culture is central to Aurobindo’s civilizational renewal writings.
b1000:584,wiki:aurobindo-metaphysics-and-spiritual-evolution,has_topic,Savitri is Aurobindo’s poetic expression of spiritual evolution and metaphysics.
b1000:585,wiki:aurobindo-corpus-overview,has_topic,The Future Poetry belongs to the broader map of Aurobindo’s corpus.
b1000:586,wiki:aurobindo-indian-culture-and-civilizational-renewal,has_topic,The Renaissance in India is a core text for Aurobindo’s vision of Indian civilizational renewal.
b1000:587,wiki:aurobindo-integral-yoga,has_topic,Letters on Yoga is a core text for Aurobindo’s Integral Yoga.
b1000:588,wiki:aurobindo-political-nationalism-and-spiritualized-action,has_topic,India’s Rebirth belongs to Aurobindo’s political nationalism and spiritualized action.
b1000:589,wiki:aurobindo-integral-yoga,has_topic,The Mother belongs to the practice and metaphysics of Aurobindo’s Integral Yoga.
b1000:590,wiki:aurobindo-integral-yoga,has_topic,The Mother’s Agenda belongs to the Aurobindo-Mother Integral Yoga corpus.
b1000:591,wiki:aurobindo-corpus-overview,has_topic,Biography and history of Sri Aurobindo belongs to the Aurobindo corpus overview.
b1000:592,wiki:aurobindo-corpus-overview,has_topic,Satprem’s account of Aurobindo belongs to the Aurobindo corpus overview.
b1000:594,wiki:aurobindo-metaphysics-and-spiritual-evolution,has_topic,The Mind of Light belongs to Aurobindo’s metaphysics and spiritual evolution.
b1000:675,wiki:aurobindo-indian-culture-and-civilizational-renewal,has_topic,Indian Renaissance belongs to Aurobindo’s Indian culture and renewal writings.
b1000:847,wiki:aurobindo-indian-culture-and-civilizational-renewal,has_topic,Eternal Bharat is an Aurobindo compilation on Indian civilizational renewal.
book:bol-https://talageri.blogspot.com/2020/04/the-identity-of-enemies-of-sudas-in.html,wiki:rigvedic-history-and-geography,has_topic,"Title treats Rigvedic history, geography, religion, or named Rigvedic problems."
book:bol-https://talageri.blogspot.com/2019/10/the-primarily-dravidian-and-pan-indian_30.html,wiki:indo-european-and-aryan-debate,has_topic,"Title places the work in the Aryan, Indo-European, or Out-of-India debate."
book:bol-https://www.academia.edu/45189821/p%c5%abrva_pak%e1%b9%a3a_of_sheldon_pollocks_use_of_chronology_2016_,wiki:ancient-indian-chronology,has_topic,Title treats ancient Indian chronology or periodization.
book:bol-https://www.academia.edu/38369132/sarasvat%c4%ab_in_the_mah%c4%81bh%c4%81rata_a_study_sastry_and_kalyanasundaram_2019_pdf,wiki:sarasvati-and-harappan-world,has_topic,"Title places the work in the Sarasvati, Harappan, or Indus world."
book:bol-https://www.academia.edu/1573411/vedic_roots_of_early_tamil_culture,wiki:rigvedic-history-and-geography,has_topic,"Title treats Rigvedic history, geography, religion, or named Rigvedic problems."
book:bol-https://www.academia.edu/18428649/the_indo_aryans_of_ancient_south_asia_language_material_culture_and_ethnicity,wiki:indo-european-and-aryan-debate,has_topic,"Title places the work in the Aryan, Indo-European, or Out-of-India debate."
book:bol-https://journal.fi/store/article/view/49745,wiki:indo-european-and-aryan-debate,has_topic,"Title places the work in the Aryan, Indo-European, or Out-of-India debate."
book:bol-https://www.academia.edu/713990/early_indian_history_linguistic_and_textual_parameters,wiki:rigvedic-history-and-geography,has_topic,"Title treats Rigvedic history, geography, religion, or named Rigvedic problems."
book:bol-https://doi.org/10.11588/ejvs.2001.2.829,wiki:indo-european-and-aryan-debate,has_topic,"Title places the work in the Aryan, Indo-European, or Out-of-India debate."
book:bol-https://www.researchgate.net/publication/326216679_the_prehistoric_peopling_of_southeast_asia,wiki:tribes-and-population-history,has_topic,"Title treats population history, genetics, or ethnolinguistic formation."
book:bol-https://www.academia.edu/21620946/the_himalayas_as_a_prehistoric_corridor_for_the_peopling_of_east_and_southeast_asia,wiki:tribes-and-population-history,has_topic,"Title treats population history, genetics, or ethnolinguistic formation."
book:bol-https://doi.org/10.1126%2fscience.aat7487,wiki:tribes-and-population-history,has_topic,"Title treats population history, genetics, or ethnolinguistic formation."
book:bol-https://www.academia.edu/32806632/the_eastern_himalayan_corridor_in_prehistory,wiki:prehistoric-india-and-archaeology,has_topic,Title treats prehistoric India or archaeological evidence.
book:bol-https://www.nature.com/articles/ejhg2016198,wiki:tribes-and-population-history,has_topic,"Title treats population history, genetics, or ethnolinguistic formation."
book:bol-https://www.jstor.org/stable/2155742,wiki:prehistoric-india-and-archaeology,has_topic,Title treats prehistoric India or archaeological evidence.
book:bol-https://doi.org/10.1007/bf02704749,wiki:prehistoric-india-and-archaeology,has_topic,Title treats prehistoric India or archaeological evidence.
book:bol-https://doi.org/10.1093/gbe/evz039,wiki:prehistoric-india-and-archaeology,has_topic,Title treats prehistoric India or archaeological evidence.
book:bol-https://www.researchgate.net/publication/334302195_on_peopling_of_india_ancient_dna_perspectives_by_k_thangaraj_and_niraj_rai,wiki:tribes-and-population-history,has_topic,"Title treats population history, genetics, or ethnolinguistic formation."
book:bol-https://www.academia.edu/5966134/origins_and_history_of_haplogroup_r1a_y_dna_,wiki:tribes-and-population-history,has_topic,"Title treats population history, genetics, or ethnolinguistic formation."
book:bol-https://www.academia.edu/39713619/a_preliminary_study_of_the_worked_bone_industry_in_the_middle_and_lower_ganga_valleys_from_the_mesolithic_to_the_early_historic_periods,wiki:prehistoric-india-and-archaeology,has_topic,Title treats prehistoric India or archaeological evidence.
book:bol-http://www.safarmer.com/indo-eurasian/sibri,wiki:sarasvati-and-harappan-world,has_topic,"Title places the work in the Sarasvati, Harappan, or Indus world."
book:bol-https://www.academia.edu/40693122/semenenko_a_a_on_the_true_meaning_of_ashva_in_rigveda,wiki:rigvedic-history-and-geography,has_topic,"Title treats Rigvedic history, geography, religion, or named Rigvedic problems."
book:bol-http://koenraadelst.blogspot.com/2014/03/shrikant-talageri-vs-hans-heinrich-hock.html,wiki:indo-european-and-aryan-debate,has_topic,"Title places the work in the Aryan, Indo-European, or Out-of-India debate."
book:bol-https://doi.org/10.1017/ehs.2020.14,wiki:tribes-and-population-history,has_topic,"Title treats population history, genetics, or ethnolinguistic formation."
book:bol-https://www.academia.edu/20041969/the_conflict_between_vedic_aryans_and_iranians,wiki:indo-european-and-aryan-debate,has_topic,"Title places the work in the Aryan, Indo-European, or Out-of-India debate."
book:bol-http://dx.doi.org/10.1163/9789004409354_014,wiki:indo-european-and-aryan-debate,has_topic,"Title places the work in the Aryan, Indo-European, or Out-of-India debate."
book:bol-https://www.academia.edu/43475166/semenenko_a_a_images_of_solar_bulls_in_early_harappa_rigveda_and_avesta_as_manifestations_of_one_and_the_same_ancient_aryan_cult,wiki:rigvedic-history-and-geography,has_topic,"Title treats Rigvedic history, geography, religion, or named Rigvedic problems."
book:bol-https://www.academia.edu/43671591/the_%e1%b9%9agvedic_religious_system_and_its_central_asian_and_hindukush_antecedents,wiki:rigvedic-history-and-geography,has_topic,"Title treats Rigvedic history, geography, religion, or named Rigvedic problems."
book:bol-https://indiafacts.org/excavations-show-the-cultural-continuity-of-the-vedic-harappans/,wiki:sarasvati-and-harappan-world,has_topic,"Title places the work in the Sarasvati, Harappan, or Indus world."
book:bol-https://www.academia.edu/31296251/coexistence_of_culture_and_civilization_a_study_in_terms_of_indus_valley_civilization_and_chalcolithic_cultures_of_ganga_plain,wiki:sarasvati-and-harappan-world,has_topic,"Title places the work in the Sarasvati, Harappan, or Indus world."
book:bol-https://www.academia.edu/8246055/animal_based_subsistence_in_the_ganga_valley,wiki:prehistoric-india-and-archaeology,has_topic,Title treats prehistoric India or archaeological evidence.
book:bol-https://www.academia.edu/18306905/the_eurasian_spread_zone_and_the_indo_european_dispersal,wiki:indo-european-and-aryan-debate,has_topic,"Title places the work in the Aryan, Indo-European, or Out-of-India debate."
book:bol-https://www.science.org/doi/10.1126/science.aav1002,wiki:prehistoric-india-and-archaeology,has_topic,Title treats prehistoric India or archaeological evidence.
book:bol-https://www.researchgate.net/publication/46734907_chera_chola_pandya_using_archaeological_evidence_to_identify_the_tamil_kingdoms_of_early_historic_south_india,wiki:prehistoric-india-and-archaeology,has_topic,Title treats prehistoric India or archaeological evidence.
book:bol-https://doi.org/10.11588/ejvs.2001.3.830,wiki:indo-european-and-aryan-debate,has_topic,"Title places the work in the Aryan, Indo-European, or Out-of-India debate."
book:bol-https://www.academia.edu/43763287/a_timeline_of_ayodhya_nicole_elfi_and_michel_danino,wiki:ancient-indian-chronology,has_topic,Title treats ancient Indian chronology or periodization.
book:bol-https://www.academia.edu/10168597/a_prehistoric_thoroughfare_between_the_ganges_and_the_himalayas,wiki:prehistoric-india-and-archaeology,has_topic,Title treats prehistoric India or archaeological evidence.
book:bol-https://www.researchgate.net/publication/316664725_converging_views_on_asian_prehistory_from_different_windows_on_the_past,wiki:prehistoric-india-and-archaeology,has_topic,Title treats prehistoric India or archaeological evidence.
book:bol-https://doi.org/10.11114/ijsss.v6i1.2809,wiki:indo-european-and-aryan-debate,has_topic,"Title places the work in the Aryan, Indo-European, or Out-of-India debate."
book:bol-https://doi.org/10.1007/s12038-012-9256-9,wiki:tribes-and-population-history,has_topic,"Title treats population history, genetics, or ethnolinguistic formation."
book:bol-https://doi.org/10.1016/j.quaint.2016.09.018,wiki:prehistoric-india-and-archaeology,has_topic,Title treats prehistoric India or archaeological evidence.
book:bol-https://a-genetics.blogspot.com/2021/11/narasimhan-criticism-1.html,wiki:tribes-and-population-history,has_topic,"Title treats population history, genetics, or ethnolinguistic formation."
book:bol-https://www.academia.edu/7683313/the_chronology_of_puranic_kings_and_rigvedic_rishis_in_comparison_with_the_phases_of_the_sindhu_sarasvati_civilization,wiki:sarasvati-and-harappan-world,has_topic,"Title places the work in the Sarasvati, Harappan, or Indus world."
book:bol-https://talageri.blogspot.com/2020/07/the-full-out-of-india-case-in-short.html,wiki:indo-european-and-aryan-debate,has_topic,"Title places the work in the Aryan, Indo-European, or Out-of-India debate."
b1000:684,wiki:indo-european-and-aryan-debate,has_topic,"Title places the work in the Aryan, Indo-European, or Out-of-India debate."
b1000:687,wiki:sarasvati-and-harappan-world,has_topic,"Title places the work in the Sarasvati, Harappan, or Indus world."
b1000:689,wiki:indo-european-and-aryan-debate,has_topic,"Title places the work in the Aryan, Indo-European, or Out-of-India debate."
b1000:701,wiki:sanskrit-and-linguistic-traditions,has_topic,Title treats Indian script or linguistic history.
b1000:703,wiki:sarasvati-and-harappan-world,has_topic,"Title places the work in the Sarasvati, Harappan, or Indus world."
b1000:706,wiki:sarasvati-and-harappan-world,has_topic,"Title places the work in the Sarasvati, Harappan, or Indus world."
b1000:707,wiki:tribes-and-population-history,has_topic,"Title treats population history, genetics, or ethnolinguistic formation."
b1000:708,wiki:indo-european-and-aryan-debate,has_topic,"Title places the work in the Aryan, Indo-European, or Out-of-India debate."
b1000:709,wiki:indo-european-and-aryan-debate,has_topic,"Title places the work in the Aryan, Indo-European, or Out-of-India debate."
book:bol-essential-coomaraswamy,wiki:indian-art-and-aesthetics,has_topic,"Title belongs to Indian art, aesthetics, literature, performance, music, dance, or poetics."
book:bol-64-arts-in-ancient-india,wiki:indian-art-and-aesthetics,has_topic,"Title belongs to Indian art, aesthetics, literature, performance, music, dance, or poetics."
book:bol-the-kalās,wiki:indian-art-and-aesthetics,has_topic,"Title belongs to Indian art, aesthetics, literature, performance, music, dance, or poetics."
b1000:293,wiki:hinduism-sectarian-traditions,has_topic,Title belongs to Tantric or sectarian Hindu traditions.
b1000:294,wiki:hinduism-sectarian-traditions,has_topic,Title belongs to Tantric or sectarian Hindu traditions.
b1000:295,wiki:goddess-tradition,has_topic,"Title belongs to Shakta, Devi, Srividya, or goddess traditions."
b1000:296,wiki:hinduism-sectarian-traditions,has_topic,Title belongs to Tantric or sectarian Hindu traditions.
b1000:297,wiki:hinduism-sectarian-traditions,has_topic,Title belongs to Tantric or sectarian Hindu traditions.
b1000:298,wiki:goddess-tradition,has_topic,"Title belongs to Shakta, Devi, Srividya, or goddess traditions."
b1000:299,wiki:hinduism-sectarian-traditions,has_topic,Title belongs to Tantric or sectarian Hindu traditions.
b1000:300,wiki:goddess-tradition,has_topic,"Title belongs to Shakta, Devi, Srividya, or goddess traditions."
b1000:301,wiki:hinduism-sectarian-traditions,has_topic,Title belongs to Tantric or sectarian Hindu traditions.
b1000:302,wiki:hinduism-sectarian-traditions,has_topic,Title belongs to Tantric or sectarian Hindu traditions.
b1000:303,wiki:hinduism-sectarian-traditions,has_topic,Title belongs to Tantric or sectarian Hindu traditions.
b1000:304,wiki:goddess-tradition,has_topic,"Title belongs to Shakta, Devi, Srividya, or goddess traditions."
b1000:305,wiki:goddess-tradition,has_topic,"Title belongs to Shakta, Devi, Srividya, or goddess traditions."
b1000:307,wiki:goddess-tradition,has_topic,"Title belongs to Shakta, Devi, Srividya, or goddess traditions."
b1000:308,wiki:goddess-tradition,has_topic,"Title belongs to Shakta, Devi, Srividya, or goddess traditions."
b1000:309,wiki:hinduism-sectarian-traditions,has_topic,Title belongs to Tantric or sectarian Hindu traditions.
b1000:310,wiki:shiva,has_topic,"Title belongs to Shaiva, Kashmir Shaiva, or Shiva traditions."
b1000:311,wiki:shiva,has_topic,"Title belongs to Shaiva, Kashmir Shaiva, or Shiva traditions."
b1000:312,wiki:shiva,has_topic,"Title belongs to Shaiva, Kashmir Shaiva, or Shiva traditions."
b1000:313,wiki:shiva,has_topic,"Title belongs to Shaiva, Kashmir Shaiva, or Shiva traditions."
b1000:314,wiki:shiva,has_topic,"Title belongs to Shaiva, Kashmir Shaiva, or Shiva traditions."
b1000:315,wiki:shiva,has_topic,"Title belongs to Shaiva, Kashmir Shaiva, or Shiva traditions."
b1000:316,wiki:shiva,has_topic,"Title belongs to Shaiva, Kashmir Shaiva, or Shiva traditions."
b1000:318,wiki:shiva,has_topic,"Title belongs to Shaiva, Kashmir Shaiva, or Shiva traditions."
b1000:319,wiki:shiva,has_topic,"Title belongs to Shaiva, Kashmir Shaiva, or Shiva traditions."
b1000:320,wiki:shiva,has_topic,"Title belongs to Shaiva, Kashmir Shaiva, or Shiva traditions."
b1000:321,wiki:hinduism-sectarian-traditions,has_topic,Title belongs to Tantric or sectarian Hindu traditions.
b1000:322,wiki:shiva,has_topic,"Title belongs to Shaiva, Kashmir Shaiva, or Shiva traditions."
b1000:323,wiki:shiva,has_topic,"Title belongs to Shaiva, Kashmir Shaiva, or Shiva traditions."
b1000:324,wiki:shiva,has_topic,"Title belongs to Shaiva, Kashmir Shaiva, or Shiva traditions."
b1000:325,wiki:shiva,has_topic,"Title belongs to Shaiva, Kashmir Shaiva, or Shiva traditions."
b1000:327,wiki:hinduism-sectarian-traditions,has_topic,Title belongs to Tantric or sectarian Hindu traditions.
b1000:328,wiki:shiva,has_topic,"Title belongs to Shaiva, Kashmir Shaiva, or Shiva traditions."
b1000:329,wiki:hinduism-sectarian-traditions,has_topic,Title belongs to Tantric or sectarian Hindu traditions.
b1000:330,wiki:hinduism-sectarian-traditions,has_topic,Title belongs to Tantric or sectarian Hindu traditions.
b1000:331,wiki:goddess-tradition,has_topic,"Title belongs to Shakta, Devi, Srividya, or goddess traditions."
b1000:332,wiki:hinduism-sectarian-traditions,has_topic,Title belongs to Tantric or sectarian Hindu traditions.
b1000:333,wiki:hinduism-sectarian-traditions,has_topic,Title belongs to Tantric or sectarian Hindu traditions.
b1000:334,wiki:hinduism-sectarian-traditions,has_topic,Title belongs to Tantric or sectarian Hindu traditions.
b1000:335,wiki:goddess-tradition,has_topic,"Title belongs to Shakta, Devi, Srividya, or goddess traditions."
b1000:336,wiki:shiva,has_topic,"Title belongs to Shaiva, Kashmir Shaiva, or Shiva traditions."
b1000:337,wiki:shiva,has_topic,"Title belongs to Shaiva, Kashmir Shaiva, or Shiva traditions."
b1000:338,wiki:shiva,has_topic,"Title belongs to Shaiva, Kashmir Shaiva, or Shiva traditions."
b1000:339,wiki:shiva,has_topic,"Title belongs to Shaiva, Kashmir Shaiva, or Shiva traditions."
b1000:340,wiki:shiva,has_topic,"Title belongs to Shaiva, Kashmir Shaiva, or Shiva traditions."
b1000:387,wiki:indian-art-and-aesthetics,has_topic,"Title belongs to Indian art, aesthetics, literature, performance, music, dance, or poetics."
b1000:388,wiki:indian-art-and-aesthetics,has_topic,"Title belongs to Indian art, aesthetics, literature, performance, music, dance, or poetics."
b1000:390,wiki:indian-art-and-aesthetics,has_topic,"Title belongs to Indian art, aesthetics, literature, performance, music, dance, or poetics."
b1000:391,wiki:indian-art-and-aesthetics,has_topic,"Title belongs to Indian art, aesthetics, literature, performance, music, dance, or poetics."
b1000:392,wiki:indian-art-and-aesthetics,has_topic,"Title belongs to Indian art, aesthetics, literature, performance, music, dance, or poetics."
b1000:393,wiki:indian-art-and-aesthetics,has_topic,"Title belongs to Indian art, aesthetics, literature, performance, music, dance, or poetics."
b1000:394,wiki:indian-art-and-aesthetics,has_topic,"Title belongs to Indian art, aesthetics, literature, performance, music, dance, or poetics."
b1000:395,wiki:indian-art-and-aesthetics,has_topic,"Title belongs to Indian art, aesthetics, literature, performance, music, dance, or poetics."
b1000:396,wiki:indian-art-and-aesthetics,has_topic,"Title belongs to Indian art, aesthetics, literature, performance, music, dance, or poetics."
b1000:397,wiki:indian-art-and-aesthetics,has_topic,"Title belongs to Indian art, aesthetics, literature, performance, music, dance, or poetics."
b1000:398,wiki:indian-art-and-aesthetics,has_topic,"Title belongs to Indian art, aesthetics, literature, performance, music, dance, or poetics."
b1000:399,wiki:indian-art-and-aesthetics,has_topic,"Title belongs to Indian art, aesthetics, literature, performance, music, dance, or poetics."
b1000:400,wiki:indian-art-and-aesthetics,has_topic,"Title belongs to Indian art, aesthetics, literature, performance, music, dance, or poetics."
b1000:401,wiki:indian-art-and-aesthetics,has_topic,"Title belongs to Indian art, aesthetics, literature, performance, music, dance, or poetics."
b1000:402,wiki:indian-art-and-aesthetics,has_topic,"Title belongs to Indian art, aesthetics, literature, performance, music, dance, or poetics."
b1000:403,wiki:indian-art-and-aesthetics,has_topic,"Title belongs to Indian art, aesthetics, literature, performance, music, dance, or poetics."
b1000:404,wiki:indian-art-and-aesthetics,has_topic,"Title belongs to Indian art, aesthetics, literature, performance, music, dance, or poetics."
b1000:405,wiki:indian-art-and-aesthetics,has_topic,"Title belongs to Indian art, aesthetics, literature, performance, music, dance, or poetics."
b1000:406,wiki:indian-art-and-aesthetics,has_topic,"Title belongs to Indian art, aesthetics, literature, performance, music, dance, or poetics."
b1000:407,wiki:indian-art-and-aesthetics,has_topic,"Title belongs to Indian art, aesthetics, literature, performance, music, dance, or poetics."
b1000:408,wiki:indian-art-and-aesthetics,has_topic,"Title belongs to Indian art, aesthetics, literature, performance, music, dance, or poetics."
b1000:416,wiki:indian-art-and-aesthetics,has_topic,"Title belongs to Indian art, aesthetics, literature, performance, music, dance, or poetics."
b1000:417,wiki:sanskrit-and-linguistic-traditions,has_topic,"Title treats Sanskrit literary, poetic, or semantic traditions."
b1000:420,wiki:indian-art-and-aesthetics,has_topic,"Title belongs to Indian art, aesthetics, literature, performance, music, dance, or poetics."
b1000:423,wiki:sanskrit-and-linguistic-traditions,has_topic,"Title treats Sanskrit literary, poetic, or semantic traditions."
b1000:424,wiki:sanskrit-and-linguistic-traditions,has_topic,"Title treats Sanskrit literary, poetic, or semantic traditions."
b1000:425,wiki:indian-art-and-aesthetics,has_topic,"Title belongs to Indian art, aesthetics, literature, performance, music, dance, or poetics."
b1000:429,wiki:indian-art-and-aesthetics,has_topic,"Title belongs to Indian art, aesthetics, literature, performance, music, dance, or poetics."
b1000:430,wiki:indian-art-and-aesthetics,has_topic,"Title belongs to Indian art, aesthetics, literature, performance, music, dance, or poetics."
b1000:853,wiki:indian-art-and-aesthetics,has_topic,"Title belongs to Indian art, aesthetics, literature, performance, music, dance, or poetics."
b1000:854,wiki:indian-art-and-aesthetics,has_topic,"Title belongs to Indian art, aesthetics, literature, performance, music, dance, or poetics."
b1000:855,wiki:indian-art-and-aesthetics,has_topic,"Title belongs to Indian art, aesthetics, literature, performance, music, dance, or poetics."
b1000:859,wiki:indian-art-and-aesthetics,has_topic,"Title belongs to Indian art, aesthetics, literature, performance, music, dance, or poetics."
b1000:865,wiki:indian-art-and-aesthetics,has_topic,"Title belongs to Indian art, aesthetics, literature, performance, music, dance, or poetics."
b1000:866,wiki:indian-art-and-aesthetics,has_topic,"Title belongs to Indian art, aesthetics, literature, performance, music, dance, or poetics."
b1000:868,wiki:indian-art-and-aesthetics,has_topic,"Title belongs to Indian art, aesthetics, literature, performance, music, dance, or poetics."
b1000:870,wiki:indian-art-and-aesthetics,has_topic,"Title belongs to Indian art, aesthetics, literature, performance, music, dance, or poetics."
b1000:871,wiki:indian-art-and-aesthetics,has_topic,"Title belongs to Indian art, aesthetics, literature, performance, music, dance, or poetics."
b1000:872,wiki:hindu-thought-and-sacred-geography,has_topic,"Title treats sacred architecture, temple form, or Hindu iconographic space."
b1000:873,wiki:hindu-thought-and-sacred-geography,has_topic,"Title treats sacred architecture, temple form, or Hindu iconographic space."
b1000:874,wiki:hindu-thought-and-sacred-geography,has_topic,"Title treats sacred architecture, temple form, or Hindu iconographic space."
b1000:881,wiki:hindu-thought-and-sacred-geography,has_topic,"Title treats sacred architecture, temple form, or Hindu iconographic space."
b1000:884,wiki:indian-art-and-aesthetics,has_topic,"Title belongs to Indian art, aesthetics, literature, performance, music, dance, or poetics."
b1000:888,wiki:indian-art-and-aesthetics,has_topic,"Title belongs to Indian art, aesthetics, literature, performance, music, dance, or poetics."
b1000:890,wiki:indian-art-and-aesthetics,has_topic,"Title belongs to Indian art, aesthetics, literature, performance, music, dance, or poetics."
b1000:891,wiki:indian-art-and-aesthetics,has_topic,"Title belongs to Indian art, aesthetics, literature, performance, music, dance, or poetics."
b1000:892,wiki:indian-art-and-aesthetics,has_topic,"Title belongs to Indian art, aesthetics, literature, performance, music, dance, or poetics."
b1000:893,wiki:indian-art-and-aesthetics,has_topic,"Title belongs to Indian art, aesthetics, literature, performance, music, dance, or poetics."
b1000:894,wiki:indian-art-and-aesthetics,has_topic,"Title belongs to Indian art, aesthetics, literature, performance, music, dance, or poetics."
b1000:895,wiki:indian-art-and-aesthetics,has_topic,"Title belongs to Indian art, aesthetics, literature, performance, music, dance, or poetics."
b1000:896,wiki:indian-art-and-aesthetics,has_topic,"Title belongs to Indian art, aesthetics, literature, performance, music, dance, or poetics."
b1000:897,wiki:indian-art-and-aesthetics,has_topic,"Title belongs to Indian art, aesthetics, literature, performance, music, dance, or poetics."
b1000:901,wiki:indian-art-and-aesthetics,has_topic,"Title belongs to Indian art, aesthetics, literature, performance, music, dance, or poetics."
b1000:306,wiki:goddess-tradition,has_topic,The Secret of the Three Cities belongs to the Tripurasundari/Srividya goddess tradition.
book:bol-cry-hindutva-how-rhetoric-trumps-intellect,wiki:civilization-state-and-nationalism,has_topic,"Title belongs to civilization, state, nationalism, or political self-definition."
book:bol-greeks-in-india,wiki:indian-history-and-civilization,has_topic,Title belongs to Indian history and civilizational overview.
book:bol-hindu-studies-in-a-secular-academy,wiki:comparative-religion-methodology,has_topic,"Title belongs to religion studies, Hindu studies, or comparative religion methodology."
book:bol-how-i-became-a-hindu,wiki:hinduism-and-dharmic-thought,has_topic,Title belongs to Hindu self-understanding and Dharmic thought.
book:bol-jews-and-hindus-in-indology,wiki:colonial-indology,has_topic,"Title explicitly belongs to Indology, Orientalism, or critique of Western academic framing."
book:bol-methods-and-context-rethinking-religion,wiki:comparative-religion-methodology,has_topic,"Title belongs to religion studies, Hindu studies, or comparative religion methodology."
book:bol-pride-and-prejudice-orientalism-and-germany,wiki:colonial-indology,has_topic,"Title explicitly belongs to Indology, Orientalism, or critique of Western academic framing."
book:bol-the-banality-of-indology,wiki:colonial-indology,has_topic,"Title explicitly belongs to Indology, Orientalism, or critique of Western academic framing."
book:bol-the-nay-science,wiki:colonial-indology,has_topic,"Title explicitly belongs to Indology, Orientalism, or critique of Western academic framing."
book:bol-the-origins-of-racism-in-the-humanities,wiki:colonial-indology,has_topic,"Title explicitly belongs to Indology, Orientalism, or critique of Western academic framing."
book:bol-the-passion-of-paul-hacker,wiki:colonial-indology,has_topic,"Title explicitly belongs to Indology, Orientalism, or critique of Western academic framing."
book:bol-theses-on-indology,wiki:colonial-indology,has_topic,"Title explicitly belongs to Indology, Orientalism, or critique of Western academic framing."
book:bol-religious-sects-of-hindus,wiki:comparative-religion-methodology,has_topic,"Title belongs to religion studies, Hindu studies, or comparative religion methodology."
b1000:651,wiki:hinduism-and-dharmic-thought,has_topic,Title belongs to Hindu self-understanding and Dharmic thought.
b1000:653,wiki:hinduism-and-dharmic-thought,has_topic,Title belongs to Hindu self-understanding and Dharmic thought.
b1000:654,wiki:indian-art-and-aesthetics,has_topic,"Title belongs to Indian art, visual culture, or sacred image traditions."
b1000:655,wiki:intercultural-contact-and-exchange,has_topic,"Title treats intercultural contact, comparative civilization, or cross-civilizational exchange."
b1000:657,wiki:civilization-state-and-nationalism,has_topic,"Title belongs to civilization, state, nationalism, or political self-definition."
b1000:658,wiki:indian-art-and-aesthetics,has_topic,"Title belongs to Indian art, visual culture, or sacred image traditions."
b1000:662,wiki:indian-history-and-civilization,has_topic,Title belongs to Indian history and civilizational overview.
b1000:663,wiki:indian-history-and-civilization,has_topic,Title belongs to Indian history and civilizational overview.
b1000:664,wiki:indian-history-and-civilization,has_topic,Title belongs to Indian history and civilizational overview.
b1000:667,wiki:indian-art-and-aesthetics,has_topic,"Title belongs to Indian art, visual culture, or sacred image traditions."
b1000:668,wiki:indian-art-and-aesthetics,has_topic,"Title belongs to Indian art, visual culture, or sacred image traditions."
b1000:669,wiki:hinduism-and-dharmic-thought,has_topic,Title belongs to Hindu self-understanding and Dharmic thought.
b1000:670,wiki:hinduism-and-dharmic-thought,has_topic,Title belongs to Hindu self-understanding and Dharmic thought.
b1000:671,wiki:indian-history-and-civilization,has_topic,Title belongs to Indian history and civilizational overview.
b1000:672,wiki:hinduism-and-dharmic-thought,has_topic,Title belongs to Hindu self-understanding and Dharmic thought.
b1000:673,wiki:hinduism-and-dharmic-thought,has_topic,Title belongs to Hindu self-understanding and Dharmic thought.
b1000:674,wiki:hinduism-and-dharmic-thought,has_topic,Title belongs to Hindu self-understanding and Dharmic thought.
b1000:676,wiki:indian-history-and-civilization,has_topic,Title belongs to Indian history and civilizational overview.
b1000:677,wiki:indian-history-and-civilization,has_topic,Title belongs to Indian history and civilizational overview.
b1000:681,wiki:indian-history-and-civilization,has_topic,Title belongs to Indian history and civilizational overview.
b1000:767,wiki:civilization-state-and-nationalism,has_topic,"Title belongs to civilization, state, nationalism, or political self-definition."
b1000:777,wiki:colonial-indology,has_topic,"Title explicitly belongs to Indology, Orientalism, or critique of Western academic framing."
b1000:788,wiki:colonial-indology,has_topic,"Title explicitly belongs to Indology, Orientalism, or critique of Western academic framing."
b1000:791,wiki:colonial-indology,has_topic,"Title explicitly belongs to Indology, Orientalism, or critique of Western academic framing."
b1000:792,wiki:colonial-indology,has_topic,"Title explicitly belongs to Indology, Orientalism, or critique of Western academic framing."
b1000:795,wiki:colonial-indology,has_topic,"Title explicitly belongs to Indology, Orientalism, or critique of Western academic framing."
b1000:799,wiki:hinduism-and-dharmic-thought,has_topic,Title belongs to Hindu self-understanding and Dharmic thought.
b1000:801,wiki:indian-history-and-civilization,has_topic,Title belongs to Indian history and civilizational overview.
b1000:803,wiki:hinduism-and-dharmic-thought,has_topic,Title belongs to Hindu self-understanding and Dharmic thought.
b1000:804,wiki:colonial-indology,has_topic,"Title explicitly belongs to Indology, Orientalism, or critique of Western academic framing."
b1000:805,wiki:colonial-indology,has_topic,"Title explicitly belongs to Indology, Orientalism, or critique of Western academic framing."
b1000:808,wiki:comparative-religion-methodology,has_topic,"Title belongs to religion studies, Hindu studies, or comparative religion methodology."
b1000:809,wiki:comparative-religion-methodology,has_topic,"Title belongs to religion studies, Hindu studies, or comparative religion methodology."
b1000:810,wiki:comparative-religion-methodology,has_topic,"Title belongs to religion studies, Hindu studies, or comparative religion methodology."
b1000:811,wiki:comparative-religion-methodology,has_topic,"Title belongs to religion studies, Hindu studies, or comparative religion methodology."
b1000:812,wiki:comparative-religion-methodology,has_topic,"Title belongs to religion studies, Hindu studies, or comparative religion methodology."
b1000:813,wiki:comparative-religion-methodology,has_topic,"Title belongs to religion studies, Hindu studies, or comparative religion methodology."
b1000:814,wiki:comparative-religion-methodology,has_topic,"Title belongs to religion studies, Hindu studies, or comparative religion methodology."
b1000:815,wiki:comparative-religion-methodology,has_topic,"Title belongs to religion studies, Hindu studies, or comparative religion methodology."
b1000:816,wiki:comparative-religion-methodology,has_topic,"Title belongs to religion studies, Hindu studies, or comparative religion methodology."
b1000:832,wiki:hinduism-and-dharmic-thought,has_topic,Title belongs to Hindu self-understanding and Dharmic thought.
b1000:834,wiki:civilization-state-and-nationalism,has_topic,"Title belongs to civilization, state, nationalism, or political self-definition."
b1000:835,wiki:civilization-state-and-nationalism,has_topic,"Title belongs to civilization, state, nationalism, or political self-definition."
b1000:836,wiki:civilization-state-and-nationalism,has_topic,"Title belongs to civilization, state, nationalism, or political self-definition."
b1000:837,wiki:hinduism-and-dharmic-thought,has_topic,Title belongs to Hindu self-understanding and Dharmic thought.
b1000:840,wiki:hinduism-and-dharmic-thought,has_topic,Title belongs to Hindu self-understanding and Dharmic thought.
b1000:845,wiki:hinduism-and-dharmic-thought,has_topic,Title belongs to Hindu self-understanding and Dharmic thought.
b1000:848,wiki:hinduism-and-dharmic-thought,has_topic,Title belongs to Hindu self-understanding and Dharmic thought.
b1000:849,wiki:civilization-state-and-nationalism,has_topic,"Title belongs to civilization, state, nationalism, or political self-definition."
book:bol-heidegger-and-the-inquiry-into-technology,wiki:civilizational-theory-and-method,has_topic,"Title belongs to civilizational theory, epistemology, or critique of modern method."
book:bol-philosophy-and-criticism,wiki:colonial-indology,has_topic,"Title belongs to critique of academic, textual, or civilizational interpretation frameworks."
book:bol-poetic-immortality-to-salvation,wiki:colonial-indology,has_topic,"Title belongs to critique of academic, textual, or civilizational interpretation frameworks."
book:bol-the-real-threat-to-humanities-today,wiki:colonial-indology,has_topic,"Title belongs to critique of academic, textual, or civilizational interpretation frameworks."
book:bol-a-primer-of-indian-logic,wiki:hinduism-and-dharmic-thought,has_topic,"Title is a broad treatment of Hinduism, Hindu thought, classical darshanas, or Indian philosophy."
book:bol-an-elementary-treatise-on-mimamsa,wiki:dharma,has_topic,"Title belongs to Dharma, ethics, ritual reasoning, or Mimamsa traditions."
book:bol-gangesa's-theory-of-truth,wiki:hinduism-and-dharmic-thought,has_topic,"Title is a broad treatment of Hinduism, Hindu thought, classical darshanas, or Indian philosophy."
book:bol-gaudapada-karika,wiki:hinduism-sectarian-traditions,has_topic,"Title belongs to Vedanta, Bhakti, or Hindu sectarian traditions."
book:bol-hindu-realism-an-introduction-to-vaisheshika,wiki:hinduism-and-dharmic-thought,has_topic,"Title is a broad treatment of Hinduism, Hindu thought, classical darshanas, or Indian philosophy."
book:bol-outline-of-hindu-philosophy,wiki:hinduism-and-dharmic-thought,has_topic,"Title is a broad treatment of Hinduism, Hindu thought, classical darshanas, or Indian philosophy."
book:bol-purva-mimamsa-in-its-sources,wiki:dharma,has_topic,"Title belongs to Dharma, ethics, ritual reasoning, or Mimamsa traditions."
book:bol-quintessence-of-brahmasutra,wiki:hinduism-sectarian-traditions,has_topic,"Title belongs to Vedanta, Bhakti, or Hindu sectarian traditions."
book:bol-sankhya-philosophy-by-banerji,wiki:hinduism-and-dharmic-thought,has_topic,"Title is a broad treatment of Hinduism, Hindu thought, classical darshanas, or Indian philosophy."
book:bol-sastradipika,wiki:dharma,has_topic,"Title belongs to Dharma, ethics, ritual reasoning, or Mimamsa traditions."
book:bol-six-ways-of-knowing,wiki:hinduism-and-dharmic-thought,has_topic,"Title is a broad treatment of Hinduism, Hindu thought, classical darshanas, or Indian philosophy."
book:bol-the-advaita-vedanta-of-brahmasiddhi,wiki:hinduism-sectarian-traditions,has_topic,"Title belongs to Vedanta, Bhakti, or Hindu sectarian traditions."
book:bol-the-nyaya-theory-of-knowledge,wiki:hinduism-and-dharmic-thought,has_topic,"Title is a broad treatment of Hinduism, Hindu thought, classical darshanas, or Indian philosophy."
book:bol-the-purva-mimamsa-sutras-of-jaimini,wiki:dharma,has_topic,"Title belongs to Dharma, ethics, ritual reasoning, or Mimamsa traditions."
book:bol-the-sankhya-aphorisms-of-kapila,wiki:hinduism-and-dharmic-thought,has_topic,"Title is a broad treatment of Hinduism, Hindu thought, classical darshanas, or Indian philosophy."
book:bol-the-sankhya-karika-of-iswara-krishna,wiki:hinduism-and-dharmic-thought,has_topic,"Title is a broad treatment of Hinduism, Hindu thought, classical darshanas, or Indian philosophy."
book:bol-the-sankhya-philosophy,wiki:hinduism-and-dharmic-thought,has_topic,"Title is a broad treatment of Hinduism, Hindu thought, classical darshanas, or Indian philosophy."
book:bol-the-sankhya-system-by-keith,wiki:hinduism-and-dharmic-thought,has_topic,"Title is a broad treatment of Hinduism, Hindu thought, classical darshanas, or Indian philosophy."
book:bol-the-vaisheshika-darshan,wiki:hinduism-and-dharmic-thought,has_topic,"Title is a broad treatment of Hinduism, Hindu thought, classical darshanas, or Indian philosophy."
book:bol-yogasutra-with-commentary-of-madhavacharya,wiki:yoga-and-liberation,has_topic,"Title belongs to Yoga, liberation, or ascetic practice traditions."
book:bol-a-scheme-for-knowledge-representation-in-samskritam,wiki:sanskrit-and-linguistic-traditions,has_topic,"Title belongs to Sanskrit, lexicography, language, grammar, or semantic traditions."
book:bol-the-beautiful-tree,wiki:indian-history-and-civilization,has_topic,"Title belongs to Indian history, civilizational recovery, or historical method."
book:bol-the-knowledge-structure-in-the-amarakosha,wiki:sanskrit-and-linguistic-traditions,has_topic,"Title belongs to Sanskrit, lexicography, language, grammar, or semantic traditions."
book:bol-vākyapadīya,wiki:sanskrit-and-linguistic-traditions,has_topic,"Title belongs to Sanskrit, lexicography, language, grammar, or semantic traditions."
book:bol-amarakosha-english-translation,wiki:sanskrit-and-linguistic-traditions,has_topic,"Title belongs to Sanskrit, lexicography, language, grammar, or semantic traditions."
book:bol-historical-methods,wiki:indian-history-and-civilization,has_topic,"Title belongs to Indian history, civilizational recovery, or historical method."
book:bol-illustrated-amarakosha-in-4-languages,wiki:sanskrit-and-linguistic-traditions,has_topic,"Title belongs to Sanskrit, lexicography, language, grammar, or semantic traditions."
book:bol-introduction-to-iks,wiki:indian-knowledge-systems,has_topic,"Title belongs to Indian knowledge systems, education, practical sciences, or knowledge organization."
book:bol-civil-disobedience-in-indian-tradition,wiki:indian-history-and-civilization,has_topic,"Title belongs to Indian history, civilizational recovery, or historical method."
book:bol-gandhis-theory-of-society-and-our-times,wiki:civilization-state-and-nationalism,has_topic,"Title belongs to social thought, polity, governance, or civilizational politics."
book:bol-katha-sarit-sagar,wiki:epics-and-itihasa,has_topic,"Title belongs to epic, Itihasa, or sacred narrative traditions."
book:bol-rajatarangini,wiki:epics-and-itihasa,has_topic,"Title belongs to epic, Itihasa, or sacred narrative traditions."
book:bol-rediscovering-india,wiki:indian-history-and-civilization,has_topic,"Title belongs to Indian history, civilizational recovery, or historical method."
book:bol-the-crisis-of-hinduism,wiki:hinduism-and-dharmic-thought,has_topic,"Title is a broad treatment of Hinduism, Hindu thought, classical darshanas, or Indian philosophy."
book:bol-the-perils-of-textual-transmission,wiki:colonial-indology,has_topic,"Title belongs to critique of academic, textual, or civilizational interpretation frameworks."
book:bol-the-redemption-of-the-brahman,wiki:colonial-indology,has_topic,"Title belongs to critique of academic, textual, or civilizational interpretation frameworks."
book:bol-the-riks,wiki:vedic-literature-and-cosmology,has_topic,"Title belongs to Vedic literature, Vedic source texts, or Vedic cosmology."
book:bol-wisdom-of-the-ancient-seers,wiki:vedic-literature-and-cosmology,has_topic,"Title belongs to Vedic literature, Vedic source texts, or Vedic cosmology."
book:bol-all-about-hinduism,wiki:hinduism-and-dharmic-thought,has_topic,"Title is a broad treatment of Hinduism, Hindu thought, classical darshanas, or Indian philosophy."
book:bol-hinduism-ancient-and-modern,wiki:hinduism-and-dharmic-thought,has_topic,"Title is a broad treatment of Hinduism, Hindu thought, classical darshanas, or Indian philosophy."
book:bol-elementary-textbook-of-hindu-ethics,wiki:dharma,has_topic,"Title belongs to Dharma, ethics, ritual reasoning, or Mimamsa traditions."
book:bol-advanced-textbook-of-hindu-religion-and-ethics,wiki:dharma,has_topic,"Title belongs to Dharma, ethics, ritual reasoning, or Mimamsa traditions."
book:bol-a-study-of-tarakasamgraha-as-compromise-between-nyaya-and-vaisheshika,wiki:hinduism-and-dharmic-thought,has_topic,"Title is a broad treatment of Hinduism, Hindu thought, classical darshanas, or Indian philosophy."
book:bol-agnihotra-kranti,wiki:indian-knowledge-systems,has_topic,"Title belongs to Indian knowledge systems, education, practical sciences, or knowledge organization."
book:bol-lokopakara,wiki:indian-knowledge-systems,has_topic,"Title belongs to Indian knowledge systems, education, practical sciences, or knowledge organization."
book:bol-the-mimamsa-sutras-of-jaimini,wiki:dharma,has_topic,"Title belongs to Dharma, ethics, ritual reasoning, or Mimamsa traditions."
book:bol-https://www.academia.edu/19380740/ramas_realm,wiki:epics-and-itihasa,has_topic,"Title belongs to epic, Itihasa, or sacred narrative traditions."
book:bol-https://www.academia.edu/28703992/new_perspectives_on_our_cultural_pasts,wiki:indian-history-and-civilization,has_topic,"Title belongs to Indian history, civilizational recovery, or historical method."
book:bol-https://www.academia.edu/42795350/vedic_genetics_cow_omni_form_decipherment_of_indus_valley_seals_vedic_genetics_cow_omni_form_decipherment_of_indus_valley_seals_vedic_culture_sea_ls_indus_valley_vedic_culture_seals_the_light_of_life_dna_tva_%c3%88_the_shaper_of_all_creatures,wiki:vedic-literature-and-cosmology,has_topic,"Title belongs to Vedic literature, Vedic source texts, or Vedic cosmology."
book:bol-https://www.academia.edu/10168403/glimpses_of_the_ethnolinguistic_prehistory_of_northeastern_india,wiki:tribes-and-population-history,has_topic,Title belongs to ethnolinguistic or population-history debates.
book:bol-https://www.academia.edu/32806838/the_epistemological_event_horizon_in_archaeology,wiki:civilizational-theory-and-method,has_topic,"Title belongs to civilizational theory, epistemology, or critique of modern method."
book:bol-https://www.academia.edu/37026878/a_note_on_pie_and_nuclear_nostratic_nn_preliminary_report,wiki:tribes-and-population-history,has_topic,Title belongs to ethnolinguistic or population-history debates.
book:bol-https://www.academia.edu/43690308/on_indian_historical_writing_the_case_of_the_va%e1%b9%83%c5%9b%c4%81val%c4%abs,wiki:indian-history-and-civilization,has_topic,"Title belongs to Indian history, civilizational recovery, or historical method."
b1000:12,wiki:vedic-literature-and-cosmology,has_topic,"Title belongs to Vedic literature, Vedic source texts, or Vedic cosmology."
b1000:19,wiki:vedic-literature-and-cosmology,has_topic,"Title belongs to Vedic literature, Vedic source texts, or Vedic cosmology."
b1000:23,wiki:vedic-literature-and-cosmology,has_topic,"Title belongs to Vedic literature, Vedic source texts, or Vedic cosmology."
b1000:27,wiki:vedic-literature-and-cosmology,has_topic,"Title belongs to Vedic literature, Vedic source texts, or Vedic cosmology."
b1000:28,wiki:vedic-literature-and-cosmology,has_topic,"Title belongs to Vedic literature, Vedic source texts, or Vedic cosmology."
b1000:29,wiki:vedic-literature-and-cosmology,has_topic,"Title belongs to Vedic literature, Vedic source texts, or Vedic cosmology."
b1000:30,wiki:vedic-literature-and-cosmology,has_topic,"Title belongs to Vedic literature, Vedic source texts, or Vedic cosmology."
b1000:31,wiki:vedic-literature-and-cosmology,has_topic,"Title belongs to Vedic literature, Vedic source texts, or Vedic cosmology."
b1000:32,wiki:vedic-literature-and-cosmology,has_topic,"Title belongs to Vedic literature, Vedic source texts, or Vedic cosmology."
b1000:33,wiki:vedic-literature-and-cosmology,has_topic,"Title belongs to Vedic literature, Vedic source texts, or Vedic cosmology."
b1000:45,wiki:vedic-literature-and-cosmology,has_topic,"Title belongs to Vedic literature, Vedic source texts, or Vedic cosmology."
b1000:46,wiki:vedic-literature-and-cosmology,has_topic,"Title belongs to Vedic literature, Vedic source texts, or Vedic cosmology."
b1000:47,wiki:vedic-literature-and-cosmology,has_topic,"Title belongs to Vedic literature, Vedic source texts, or Vedic cosmology."
b1000:48,wiki:vedic-literature-and-cosmology,has_topic,"Title belongs to Vedic literature, Vedic source texts, or Vedic cosmology."
b1000:49,wiki:vedic-literature-and-cosmology,has_topic,"Title belongs to Vedic literature, Vedic source texts, or Vedic cosmology."
b1000:50,wiki:vedic-literature-and-cosmology,has_topic,"Title belongs to Vedic literature, Vedic source texts, or Vedic cosmology."
b1000:59,wiki:epics-and-itihasa,has_topic,"Title belongs to epic, Itihasa, or sacred narrative traditions."
b1000:65,wiki:epics-and-itihasa,has_topic,"Title belongs to epic, Itihasa, or sacred narrative traditions."
b1000:70,wiki:epics-and-itihasa,has_topic,"Title belongs to epic, Itihasa, or sacred narrative traditions."
b1000:96,wiki:epics-and-itihasa,has_topic,"Title belongs to epic, Itihasa, or sacred narrative traditions."
b1000:97,wiki:epics-and-itihasa,has_topic,"Title belongs to epic, Itihasa, or sacred narrative traditions."
b1000:98,wiki:epics-and-itihasa,has_topic,"Title belongs to epic, Itihasa, or sacred narrative traditions."
b1000:100,wiki:yoga-and-liberation,has_topic,"Title belongs to Yoga, liberation, or ascetic practice traditions."
b1000:101,wiki:yoga-and-liberation,has_topic,"Title belongs to Yoga, liberation, or ascetic practice traditions."
b1000:102,wiki:epics-and-itihasa,has_topic,"Title belongs to epic, Itihasa, or sacred narrative traditions."
b1000:103,wiki:epics-and-itihasa,has_topic,"Title belongs to epic, Itihasa, or sacred narrative traditions."
b1000:107,wiki:goddess-tradition,has_topic,Title belongs to goddess traditions.
b1000:108,wiki:goddess-tradition,has_topic,Title belongs to goddess traditions.
b1000:109,wiki:epics-and-itihasa,has_topic,"Title belongs to epic, Itihasa, or sacred narrative traditions."
b1000:112,wiki:epics-and-itihasa,has_topic,"Title belongs to epic, Itihasa, or sacred narrative traditions."
b1000:113,wiki:epics-and-itihasa,has_topic,"Title belongs to epic, Itihasa, or sacred narrative traditions."
b1000:115,wiki:epics-and-itihasa,has_topic,"Title belongs to epic, Itihasa, or sacred narrative traditions."
b1000:122,wiki:goddess-tradition,has_topic,Title belongs to goddess traditions.
b1000:123,wiki:goddess-tradition,has_topic,Title belongs to goddess traditions.
b1000:137,wiki:vedic-deities-and-mythology,has_topic,"Title belongs to Hindu mythological, Puranic, or cosmogonic traditions."
b1000:138,wiki:vedic-deities-and-mythology,has_topic,"Title belongs to Hindu mythological, Puranic, or cosmogonic traditions."
b1000:139,wiki:vedic-deities-and-mythology,has_topic,"Title belongs to Hindu mythological, Puranic, or cosmogonic traditions."
b1000:140,wiki:vedic-deities-and-mythology,has_topic,"Title belongs to Hindu mythological, Puranic, or cosmogonic traditions."
b1000:144,wiki:hinduism-and-dharmic-thought,has_topic,"Title is a broad treatment of Hinduism, Hindu thought, classical darshanas, or Indian philosophy."
b1000:145,wiki:vedic-deities-and-mythology,has_topic,"Title belongs to Hindu mythological, Puranic, or cosmogonic traditions."
b1000:146,wiki:hinduism-and-dharmic-thought,has_topic,"Title is a broad treatment of Hinduism, Hindu thought, classical darshanas, or Indian philosophy."
b1000:147,wiki:hinduism-and-dharmic-thought,has_topic,"Title is a broad treatment of Hinduism, Hindu thought, classical darshanas, or Indian philosophy."
b1000:148,wiki:hinduism-and-dharmic-thought,has_topic,"Title is a broad treatment of Hinduism, Hindu thought, classical darshanas, or Indian philosophy."
b1000:149,wiki:hinduism-and-dharmic-thought,has_topic,"Title is a broad treatment of Hinduism, Hindu thought, classical darshanas, or Indian philosophy."
b1000:151,wiki:hinduism-and-dharmic-thought,has_topic,"Title is a broad treatment of Hinduism, Hindu thought, classical darshanas, or Indian philosophy."
b1000:154,wiki:hinduism-and-dharmic-thought,has_topic,"Title is a broad treatment of Hinduism, Hindu thought, classical darshanas, or Indian philosophy."
b1000:155,wiki:hinduism-and-dharmic-thought,has_topic,"Title is a broad treatment of Hinduism, Hindu thought, classical darshanas, or Indian philosophy."
b1000:156,wiki:hinduism-and-dharmic-thought,has_topic,"Title is a broad treatment of Hinduism, Hindu thought, classical darshanas, or Indian philosophy."
b1000:157,wiki:hinduism-and-dharmic-thought,has_topic,"Title is a broad treatment of Hinduism, Hindu thought, classical darshanas, or Indian philosophy."
b1000:158,wiki:hinduism-and-dharmic-thought,has_topic,"Title is a broad treatment of Hinduism, Hindu thought, classical darshanas, or Indian philosophy."
b1000:160,wiki:hinduism-and-dharmic-thought,has_topic,"Title is a broad treatment of Hinduism, Hindu thought, classical darshanas, or Indian philosophy."
b1000:161,wiki:hinduism-and-dharmic-thought,has_topic,"Title is a broad treatment of Hinduism, Hindu thought, classical darshanas, or Indian philosophy."
b1000:162,wiki:hinduism-and-dharmic-thought,has_topic,"Title is a broad treatment of Hinduism, Hindu thought, classical darshanas, or Indian philosophy."
b1000:163,wiki:hinduism-and-dharmic-thought,has_topic,"Title is a broad treatment of Hinduism, Hindu thought, classical darshanas, or Indian philosophy."
b1000:164,wiki:hinduism-and-dharmic-thought,has_topic,"Title is a broad treatment of Hinduism, Hindu thought, classical darshanas, or Indian philosophy."
b1000:165,wiki:hinduism-and-dharmic-thought,has_topic,"Title is a broad treatment of Hinduism, Hindu thought, classical darshanas, or Indian philosophy."
b1000:168,wiki:hinduism-and-dharmic-thought,has_topic,"Title is a broad treatment of Hinduism, Hindu thought, classical darshanas, or Indian philosophy."
b1000:174,wiki:yoga-and-liberation,has_topic,"Title belongs to Yoga, liberation, or ascetic practice traditions."
b1000:176,wiki:yoga-and-liberation,has_topic,"Title belongs to Yoga, liberation, or ascetic practice traditions."
b1000:178,wiki:yoga-and-liberation,has_topic,"Title belongs to Yoga, liberation, or ascetic practice traditions."
b1000:179,wiki:yoga-and-liberation,has_topic,"Title belongs to Yoga, liberation, or ascetic practice traditions."
b1000:180,wiki:yoga-and-liberation,has_topic,"Title belongs to Yoga, liberation, or ascetic practice traditions."
b1000:181,wiki:yoga-and-liberation,has_topic,"Title belongs to Yoga, liberation, or ascetic practice traditions."
b1000:184,wiki:yoga-and-liberation,has_topic,"Title belongs to Yoga, liberation, or ascetic practice traditions."
b1000:185,wiki:yoga-and-liberation,has_topic,"Title belongs to Yoga, liberation, or ascetic practice traditions."
b1000:186,wiki:yoga-and-liberation,has_topic,"Title belongs to Yoga, liberation, or ascetic practice traditions."
b1000:187,wiki:yoga-and-liberation,has_topic,"Title belongs to Yoga, liberation, or ascetic practice traditions."
b1000:188,wiki:yoga-and-liberation,has_topic,"Title belongs to Yoga, liberation, or ascetic practice traditions."
b1000:190,wiki:yoga-and-liberation,has_topic,"Title belongs to Yoga, liberation, or ascetic practice traditions."
b1000:192,wiki:dharma,has_topic,"Title belongs to Dharma, ethics, ritual reasoning, or Mimamsa traditions."
b1000:193,wiki:dharma,has_topic,"Title belongs to Dharma, ethics, ritual reasoning, or Mimamsa traditions."
b1000:194,wiki:dharma,has_topic,"Title belongs to Dharma, ethics, ritual reasoning, or Mimamsa traditions."
b1000:195,wiki:dharma,has_topic,"Title belongs to Dharma, ethics, ritual reasoning, or Mimamsa traditions."
b1000:197,wiki:dharma,has_topic,"Title belongs to Dharma, ethics, ritual reasoning, or Mimamsa traditions."
b1000:198,wiki:dharma,has_topic,"Title belongs to Dharma, ethics, ritual reasoning, or Mimamsa traditions."
b1000:200,wiki:hinduism-sectarian-traditions,has_topic,"Title belongs to Vedanta, Bhakti, or Hindu sectarian traditions."
b1000:201,wiki:hinduism-sectarian-traditions,has_topic,"Title belongs to Vedanta, Bhakti, or Hindu sectarian traditions."
b1000:202,wiki:hinduism-sectarian-traditions,has_topic,"Title belongs to Vedanta, Bhakti, or Hindu sectarian traditions."
b1000:203,wiki:hinduism-sectarian-traditions,has_topic,"Title belongs to Vedanta, Bhakti, or Hindu sectarian traditions."
b1000:204,wiki:hinduism-sectarian-traditions,has_topic,"Title belongs to Vedanta, Bhakti, or Hindu sectarian traditions."
b1000:205,wiki:hinduism-sectarian-traditions,has_topic,"Title belongs to Vedanta, Bhakti, or Hindu sectarian traditions."
b1000:206,wiki:hinduism-sectarian-traditions,has_topic,"Title belongs to Vedanta, Bhakti, or Hindu sectarian traditions."
b1000:207,wiki:hinduism-sectarian-traditions,has_topic,"Title belongs to Vedanta, Bhakti, or Hindu sectarian traditions."
b1000:210,wiki:hinduism-sectarian-traditions,has_topic,"Title belongs to Vedanta, Bhakti, or Hindu sectarian traditions."
b1000:211,wiki:hinduism-sectarian-traditions,has_topic,"Title belongs to Vedanta, Bhakti, or Hindu sectarian traditions."
b1000:213,wiki:hinduism-sectarian-traditions,has_topic,"Title belongs to Vedanta, Bhakti, or Hindu sectarian traditions."
b1000:214,wiki:hinduism-and-dharmic-thought,has_topic,"Title is a broad treatment of Hinduism, Hindu thought, classical darshanas, or Indian philosophy."
b1000:215,wiki:hinduism-and-dharmic-thought,has_topic,"Title is a broad treatment of Hinduism, Hindu thought, classical darshanas, or Indian philosophy."
b1000:216,wiki:hinduism-sectarian-traditions,has_topic,"Title belongs to Vedanta, Bhakti, or Hindu sectarian traditions."
b1000:217,wiki:hinduism-sectarian-traditions,has_topic,"Title belongs to Vedanta, Bhakti, or Hindu sectarian traditions."
b1000:218,wiki:hinduism-sectarian-traditions,has_topic,"Title belongs to Vedanta, Bhakti, or Hindu sectarian traditions."
b1000:219,wiki:hinduism-sectarian-traditions,has_topic,"Title belongs to Vedanta, Bhakti, or Hindu sectarian traditions."
b1000:220,wiki:hinduism-sectarian-traditions,has_topic,"Title belongs to Vedanta, Bhakti, or Hindu sectarian traditions."
b1000:221,wiki:hinduism-sectarian-traditions,has_topic,"Title belongs to Vedanta, Bhakti, or Hindu sectarian traditions."
b1000:224,wiki:hinduism-sectarian-traditions,has_topic,"Title belongs to Vedanta, Bhakti, or Hindu sectarian traditions."
b1000:225,wiki:hinduism-sectarian-traditions,has_topic,"Title belongs to Vedanta, Bhakti, or Hindu sectarian traditions."
b1000:226,wiki:hinduism-sectarian-traditions,has_topic,"Title belongs to Vedanta, Bhakti, or Hindu sectarian traditions."
b1000:227,wiki:yoga-and-liberation,has_topic,"Title belongs to Yoga, liberation, or ascetic practice traditions."
b1000:229,wiki:hinduism-sectarian-traditions,has_topic,"Title belongs to Vedanta, Bhakti, or Hindu sectarian traditions."
b1000:231,wiki:hinduism-sectarian-traditions,has_topic,"Title belongs to Vedanta, Bhakti, or Hindu sectarian traditions."
b1000:232,wiki:hinduism-sectarian-traditions,has_topic,"Title belongs to Vedanta, Bhakti, or Hindu sectarian traditions."
b1000:233,wiki:hinduism-sectarian-traditions,has_topic,"Title belongs to Vedanta, Bhakti, or Hindu sectarian traditions."
b1000:234,wiki:hinduism-sectarian-traditions,has_topic,"Title belongs to Vedanta, Bhakti, or Hindu sectarian traditions."
b1000:235,wiki:hinduism-sectarian-traditions,has_topic,"Title belongs to Vedanta, Bhakti, or Hindu sectarian traditions."
b1000:236,wiki:hinduism-sectarian-traditions,has_topic,"Title belongs to Vedanta, Bhakti, or Hindu sectarian traditions."
b1000:237,wiki:hinduism-sectarian-traditions,has_topic,"Title belongs to Vedanta, Bhakti, or Hindu sectarian traditions."
b1000:238,wiki:hinduism-sectarian-traditions,has_topic,"Title belongs to Vedanta, Bhakti, or Hindu sectarian traditions."
b1000:239,wiki:hinduism-sectarian-traditions,has_topic,"Title belongs to Vedanta, Bhakti, or Hindu sectarian traditions."
b1000:242,wiki:hinduism-sectarian-traditions,has_topic,"Title belongs to Vedanta, Bhakti, or Hindu sectarian traditions."
b1000:243,wiki:hinduism-sectarian-traditions,has_topic,"Title belongs to Vedanta, Bhakti, or Hindu sectarian traditions."
b1000:245,wiki:hinduism-sectarian-traditions,has_topic,"Title belongs to Vedanta, Bhakti, or Hindu sectarian traditions."
b1000:246,wiki:hinduism-sectarian-traditions,has_topic,"Title belongs to Vedanta, Bhakti, or Hindu sectarian traditions."
b1000:247,wiki:hinduism-sectarian-traditions,has_topic,"Title belongs to Vedanta, Bhakti, or Hindu sectarian traditions."
b1000:248,wiki:hinduism-sectarian-traditions,has_topic,"Title belongs to Vedanta, Bhakti, or Hindu sectarian traditions."
b1000:249,wiki:hinduism-sectarian-traditions,has_topic,"Title belongs to Vedanta, Bhakti, or Hindu sectarian traditions."
b1000:252,wiki:hinduism-sectarian-traditions,has_topic,"Title belongs to Vedanta, Bhakti, or Hindu sectarian traditions."
b1000:253,wiki:epics-and-itihasa,has_topic,"Title belongs to epic, Itihasa, or sacred narrative traditions."
b1000:259,wiki:hinduism-sectarian-traditions,has_topic,"Title belongs to Vedanta, Bhakti, or Hindu sectarian traditions."
b1000:267,wiki:sanskrit-and-linguistic-traditions,has_topic,"Title belongs to Sanskrit, lexicography, language, grammar, or semantic traditions."
b1000:277,wiki:indian-history-and-civilization,has_topic,"Title belongs to Indian history, civilizational recovery, or historical method."
b1000:287,wiki:yoga-and-liberation,has_topic,"Title belongs to Yoga, liberation, or ascetic practice traditions."
b1000:344,wiki:sanskrit-and-linguistic-traditions,has_topic,"Title belongs to Sanskrit, lexicography, language, grammar, or semantic traditions."
b1000:349,wiki:sanskrit-and-linguistic-traditions,has_topic,"Title belongs to Sanskrit, lexicography, language, grammar, or semantic traditions."
b1000:353,wiki:sanskrit-and-linguistic-traditions,has_topic,"Title belongs to Sanskrit, lexicography, language, grammar, or semantic traditions."
b1000:354,wiki:sanskrit-and-linguistic-traditions,has_topic,"Title belongs to Sanskrit, lexicography, language, grammar, or semantic traditions."
b1000:355,wiki:hinduism-and-dharmic-thought,has_topic,"Title is a broad treatment of Hinduism, Hindu thought, classical darshanas, or Indian philosophy."
b1000:377,wiki:epics-and-itihasa,has_topic,"Title belongs to epic, Itihasa, or sacred narrative traditions."
b1000:456,wiki:hinduism-sectarian-traditions,has_topic,"Title belongs to Vedanta, Bhakti, or Hindu sectarian traditions."
b1000:479,wiki:epics-and-itihasa,has_topic,"Title belongs to epic, Itihasa, or sacred narrative traditions."
b1000:491,wiki:hinduism-sectarian-traditions,has_topic,"Title belongs to Vedanta, Bhakti, or Hindu sectarian traditions."
b1000:496,wiki:hinduism-sectarian-traditions,has_topic,"Title belongs to Vedanta, Bhakti, or Hindu sectarian traditions."
b1000:497,wiki:hinduism-sectarian-traditions,has_topic,"Title belongs to Vedanta, Bhakti, or Hindu sectarian traditions."
b1000:506,wiki:hinduism-sectarian-traditions,has_topic,"Title belongs to Vedanta, Bhakti, or Hindu sectarian traditions."
b1000:507,wiki:epics-and-itihasa,has_topic,"Title belongs to epic, Itihasa, or sacred narrative traditions."
b1000:511,wiki:goddess-tradition,has_topic,Title belongs to goddess traditions.
b1000:512,wiki:goddess-tradition,has_topic,Title belongs to goddess traditions.
b1000:514,wiki:epics-and-itihasa,has_topic,"Title belongs to epic, Itihasa, or sacred narrative traditions."
b1000:517,wiki:goddess-tradition,has_topic,Title belongs to goddess traditions.
b1000:520,wiki:goddess-tradition,has_topic,Title belongs to goddess traditions.
b1000:522,wiki:goddess-tradition,has_topic,Title belongs to goddess traditions.
b1000:529,wiki:goddess-tradition,has_topic,Title belongs to goddess traditions.
b1000:537,wiki:goddess-tradition,has_topic,Title belongs to goddess traditions.
b1000:541,wiki:hinduism-sectarian-traditions,has_topic,"Title belongs to Vedanta, Bhakti, or Hindu sectarian traditions."
b1000:549,wiki:hinduism-sectarian-traditions,has_topic,"Title belongs to Vedanta, Bhakti, or Hindu sectarian traditions."
b1000:553,wiki:karma-and-rebirth,has_topic,"Title belongs to karma, rebirth, or samsaric causality."
b1000:555,wiki:hinduism-and-dharmic-thought,has_topic,"Title is a broad treatment of Hinduism, Hindu thought, classical darshanas, or Indian philosophy."
b1000:556,wiki:hinduism-and-dharmic-thought,has_topic,"Title is a broad treatment of Hinduism, Hindu thought, classical darshanas, or Indian philosophy."
b1000:557,wiki:hinduism-and-dharmic-thought,has_topic,"Title is a broad treatment of Hinduism, Hindu thought, classical darshanas, or Indian philosophy."
b1000:558,wiki:hinduism-and-dharmic-thought,has_topic,"Title is a broad treatment of Hinduism, Hindu thought, classical darshanas, or Indian philosophy."
b1000:561,wiki:vedic-literature-and-cosmology,has_topic,"Title belongs to Vedic literature, Vedic source texts, or Vedic cosmology."
b1000:562,wiki:hinduism-sectarian-traditions,has_topic,"Title belongs to Vedanta, Bhakti, or Hindu sectarian traditions."
b1000:565,wiki:hinduism-and-dharmic-thought,has_topic,"Title is a broad treatment of Hinduism, Hindu thought, classical darshanas, or Indian philosophy."
b1000:566,wiki:hinduism-sectarian-traditions,has_topic,"Title belongs to Vedanta, Bhakti, or Hindu sectarian traditions."
b1000:567,wiki:hinduism-and-dharmic-thought,has_topic,"Title is a broad treatment of Hinduism, Hindu thought, classical darshanas, or Indian philosophy."
b1000:568,wiki:hinduism-and-dharmic-thought,has_topic,"Title is a broad treatment of Hinduism, Hindu thought, classical darshanas, or Indian philosophy."
b1000:569,wiki:hinduism-and-dharmic-thought,has_topic,"Title is a broad treatment of Hinduism, Hindu thought, classical darshanas, or Indian philosophy."
b1000:570,wiki:hinduism-and-dharmic-thought,has_topic,"Title is a broad treatment of Hinduism, Hindu thought, classical darshanas, or Indian philosophy."
b1000:571,wiki:hinduism-and-dharmic-thought,has_topic,"Title is a broad treatment of Hinduism, Hindu thought, classical darshanas, or Indian philosophy."
b1000:572,wiki:hinduism-and-dharmic-thought,has_topic,"Title is a broad treatment of Hinduism, Hindu thought, classical darshanas, or Indian philosophy."
b1000:574,wiki:hinduism-and-dharmic-thought,has_topic,"Title is a broad treatment of Hinduism, Hindu thought, classical darshanas, or Indian philosophy."
b1000:576,wiki:hinduism-and-dharmic-thought,has_topic,"Title is a broad treatment of Hinduism, Hindu thought, classical darshanas, or Indian philosophy."
b1000:605,wiki:hinduism-and-dharmic-thought,has_topic,"Title is a broad treatment of Hinduism, Hindu thought, classical darshanas, or Indian philosophy."
b1000:606,wiki:indian-history-and-civilization,has_topic,"Title belongs to Indian history, civilizational recovery, or historical method."
b1000:612,wiki:civilization-state-and-nationalism,has_topic,"Title belongs to social thought, polity, governance, or civilizational politics."
b1000:613,wiki:hinduism-and-dharmic-thought,has_topic,"Title is a broad treatment of Hinduism, Hindu thought, classical darshanas, or Indian philosophy."
b1000:614,wiki:hinduism-and-dharmic-thought,has_topic,"Title is a broad treatment of Hinduism, Hindu thought, classical darshanas, or Indian philosophy."
b1000:618,wiki:hinduism-and-dharmic-thought,has_topic,"Title is a broad treatment of Hinduism, Hindu thought, classical darshanas, or Indian philosophy."
b1000:620,wiki:hinduism-and-dharmic-thought,has_topic,"Title is a broad treatment of Hinduism, Hindu thought, classical darshanas, or Indian philosophy."
b1000:621,wiki:hinduism-and-dharmic-thought,has_topic,"Title is a broad treatment of Hinduism, Hindu thought, classical darshanas, or Indian philosophy."
b1000:638,wiki:hinduism-and-dharmic-thought,has_topic,"Title is a broad treatment of Hinduism, Hindu thought, classical darshanas, or Indian philosophy."
b1000:642,wiki:indian-history-and-civilization,has_topic,"Title belongs to Indian history, civilizational recovery, or historical method."
b1000:648,wiki:hinduism-and-dharmic-thought,has_topic,"Title is a broad treatment of Hinduism, Hindu thought, classical darshanas, or Indian philosophy."
b1000:650,wiki:yoga-and-liberation,has_topic,"Title belongs to Yoga, liberation, or ascetic practice traditions."
b1000:712,wiki:indian-history-and-civilization,has_topic,"Title belongs to Indian history, civilizational recovery, or historical method."
b1000:714,wiki:indian-history-and-civilization,has_topic,"Title belongs to Indian history, civilizational recovery, or historical method."
b1000:716,wiki:civilization-state-and-nationalism,has_topic,"Title belongs to social thought, polity, governance, or civilizational politics."
b1000:719,wiki:indian-history-and-civilization,has_topic,"Title belongs to Indian history, civilizational recovery, or historical method."
b1000:720,wiki:indian-history-and-civilization,has_topic,"Title belongs to Indian history, civilizational recovery, or historical method."
b1000:723,wiki:indian-history-and-civilization,has_topic,"Title belongs to Indian history, civilizational recovery, or historical method."
b1000:733,wiki:civilization-state-and-nationalism,has_topic,"Title belongs to social thought, polity, governance, or civilizational politics."
b1000:734,wiki:indian-knowledge-systems,has_topic,"Title belongs to Indian knowledge systems, education, practical sciences, or knowledge organization."
b1000:736,wiki:indian-history-and-civilization,has_topic,"Title belongs to Indian history, civilizational recovery, or historical method."
b1000:737,wiki:indian-history-and-civilization,has_topic,"Title belongs to Indian history, civilizational recovery, or historical method."
b1000:739,wiki:indian-knowledge-systems,has_topic,"Title belongs to Indian knowledge systems, education, practical sciences, or knowledge organization."
b1000:766,wiki:indian-history-and-civilization,has_topic,"Title belongs to Indian history, civilizational recovery, or historical method."
b1000:782,wiki:indian-history-and-civilization,has_topic,"Title belongs to Indian history, civilizational recovery, or historical method."
b1000:833,wiki:indian-history-and-civilization,has_topic,"Title belongs to Indian history, civilizational recovery, or historical method."
b1000:862,wiki:hinduism-and-dharmic-thought,has_topic,"Title is a broad treatment of Hinduism, Hindu thought, classical darshanas, or Indian philosophy."
b1000:931,wiki:indian-history-and-civilization,has_topic,"Title belongs to Indian history, civilizational recovery, or historical method."
b1000:932,wiki:indian-knowledge-systems,has_topic,"Title belongs to Indian knowledge systems, education, practical sciences, or knowledge organization."
b1000:952,wiki:indian-history-and-civilization,has_topic,"Title belongs to Indian history, civilizational recovery, or historical method."
b1000:955,wiki:indian-history-and-civilization,has_topic,"Title belongs to Indian history, civilizational recovery, or historical method."
b1000:966,wiki:hinduism-and-dharmic-thought,has_topic,"Title is a broad treatment of Hinduism, Hindu thought, classical darshanas, or Indian philosophy."
b1000:969,wiki:hinduism-and-dharmic-thought,has_topic,"Title is a broad treatment of Hinduism, Hindu thought, classical darshanas, or Indian philosophy."
b1000:971,wiki:hinduism-and-dharmic-thought,has_topic,"Title is a broad treatment of Hinduism, Hindu thought, classical darshanas, or Indian philosophy."
b1000:973,wiki:goddess-tradition,has_topic,Title belongs to goddess traditions.
b1000:976,wiki:hinduism-and-dharmic-thought,has_topic,"Title is a broad treatment of Hinduism, Hindu thought, classical darshanas, or Indian philosophy."
b1000:978,wiki:hinduism-and-dharmic-thought,has_topic,"Title is a broad treatment of Hinduism, Hindu thought, classical darshanas, or Indian philosophy."
b1000:979,wiki:hinduism-and-dharmic-thought,has_topic,"Title is a broad treatment of Hinduism, Hindu thought, classical darshanas, or Indian philosophy."
b1000:980,wiki:hinduism-and-dharmic-thought,has_topic,"Title is a broad treatment of Hinduism, Hindu thought, classical darshanas, or Indian philosophy."
b1000:981,wiki:indian-history-and-civilization,has_topic,"Title belongs to Indian history, civilizational recovery, or historical method."
b1000:988,wiki:yoga-and-liberation,has_topic,"Title belongs to Yoga, liberation, or ascetic practice traditions."
b1000:992,wiki:hinduism-and-dharmic-thought,has_topic,"Title is a broad treatment of Hinduism, Hindu thought, classical darshanas, or Indian philosophy."
b1000:993,wiki:hinduism-and-dharmic-thought,has_topic,"Title is a broad treatment of Hinduism, Hindu thought, classical darshanas, or Indian philosophy."
b1000:994,wiki:hinduism-and-dharmic-thought,has_topic,"Title is a broad treatment of Hinduism, Hindu thought, classical darshanas, or Indian philosophy."
b1000:995,wiki:hinduism-and-dharmic-thought,has_topic,"Title is a broad treatment of Hinduism, Hindu thought, classical darshanas, or Indian philosophy."
b1000:1000,wiki:goddess-tradition,has_topic,Title belongs to goddess traditions.
book:bol-gautama's-nyayasutras,wiki:hinduism-and-dharmic-thought,has_topic,Broad domain bridge from darshanas-and-philosophy to the nearest synthesized wiki topic; use for traversal when no narrower title match exists.
book:bol-gheranda-samhita,wiki:hinduism-and-dharmic-thought,has_topic,Broad domain bridge from darshanas-and-philosophy to the nearest synthesized wiki topic; use for traversal when no narrower title match exists.
book:bol-paratrishika-vivarana-by-abhinavagupta,wiki:hinduism-and-dharmic-thought,has_topic,Broad domain bridge from darshanas-and-philosophy to the nearest synthesized wiki topic; use for traversal when no narrower title match exists.
book:bol-patanjali's-yogasutras,wiki:yoga-and-liberation,has_topic,Broad domain bridge from darshanas-and-philosophy to the nearest synthesized wiki topic; use for traversal when no narrower title match exists.
book:bol-siddhantabindu,wiki:hinduism-and-dharmic-thought,has_topic,Broad domain bridge from darshanas-and-philosophy to the nearest synthesized wiki topic; use for traversal when no narrower title match exists.
book:bol-the-paramarthasara-of-adisesa,wiki:hinduism-and-dharmic-thought,has_topic,Broad domain bridge from darshanas-and-philosophy to the nearest synthesized wiki topic; use for traversal when no narrower title match exists.
book:bol-the-yogasutras-of-patanjali,wiki:yoga-and-liberation,has_topic,Broad domain bridge from darshanas-and-philosophy to the nearest synthesized wiki topic; use for traversal when no narrower title match exists.
book:bol-amarakośaḥ-devanāgarī,wiki:sanskrit-and-linguistic-traditions,has_topic,Broad domain bridge from language-and-sanskrit to the nearest synthesized wiki topic; use for traversal when no narrower title match exists.
"book:bol-essays-on-tradition,-recovery-and-freedom",wiki:cultural-memory-and-tradition,has_topic,Broad domain bridge from history-and-civilizational-recovery to the nearest synthesized wiki topic; use for traversal when no narrower title match exists.
book:bol-hermeneutics-and-narrative-architecture,wiki:epics-and-itihasa,has_topic,Broad domain bridge from puranas-and-itihasa to the nearest synthesized wiki topic; use for traversal when no narrower title match exists.
book:bol-abhinavagupta-a-historical-and-philosophical-study,wiki:hinduism-and-dharmic-thought,has_topic,Broad domain bridge from darshanas-and-philosophy to the nearest synthesized wiki topic; use for traversal when no narrower title match exists.
book:bol-gulmavrikshayurveda,wiki:indian-knowledge-systems,has_topic,Broad domain bridge from knowledge-systems-and-education to the nearest synthesized wiki topic; use for traversal when no narrower title match exists.
book:bol-https://doi.org/10.1073/pnas.94.15.7719,wiki:prehistoric-india-and-archaeology,has_topic,Broad domain bridge from sindhu-sarasvati-and-origins to the nearest synthesized wiki topic; use for traversal when no narrower title match exists.
b1000:58,wiki:epics-and-itihasa,has_topic,Broad domain bridge from puranas-and-itihasa to the nearest synthesized wiki topic; use for traversal when no narrower title match exists.
b1000:82,wiki:epics-and-itihasa,has_topic,Broad domain bridge from puranas-and-itihasa to the nearest synthesized wiki topic; use for traversal when no narrower title match exists.
b1000:84,wiki:epics-and-itihasa,has_topic,Broad domain bridge from puranas-and-itihasa to the nearest synthesized wiki topic; use for traversal when no narrower title match exists.
b1000:99,wiki:epics-and-itihasa,has_topic,Broad domain bridge from puranas-and-itihasa to the nearest synthesized wiki topic; use for traversal when no narrower title match exists.
b1000:152,wiki:hinduism-and-dharmic-thought,has_topic,Broad domain bridge from darshanas-and-philosophy to the nearest synthesized wiki topic; use for traversal when no narrower title match exists.
b1000:159,wiki:hinduism-and-dharmic-thought,has_topic,Broad domain bridge from darshanas-and-philosophy to the nearest synthesized wiki topic; use for traversal when no narrower title match exists.
b1000:166,wiki:hinduism-and-dharmic-thought,has_topic,Broad domain bridge from darshanas-and-philosophy to the nearest synthesized wiki topic; use for traversal when no narrower title match exists.
b1000:167,wiki:hinduism-and-dharmic-thought,has_topic,Broad domain bridge from darshanas-and-philosophy to the nearest synthesized wiki topic; use for traversal when no narrower title match exists.
b1000:169,wiki:yoga-and-liberation,has_topic,Broad domain bridge from darshanas-and-philosophy to the nearest synthesized wiki topic; use for traversal when no narrower title match exists.
b1000:170,wiki:yoga-and-liberation,has_topic,Broad domain bridge from darshanas-and-philosophy to the nearest synthesized wiki topic; use for traversal when no narrower title match exists.
b1000:171,wiki:yoga-and-liberation,has_topic,Broad domain bridge from darshanas-and-philosophy to the nearest synthesized wiki topic; use for traversal when no narrower title match exists.
b1000:172,wiki:yoga-and-liberation,has_topic,Broad domain bridge from darshanas-and-philosophy to the nearest synthesized wiki topic; use for traversal when no narrower title match exists.
b1000:173,wiki:yoga-and-liberation,has_topic,Broad domain bridge from darshanas-and-philosophy to the nearest synthesized wiki topic; use for traversal when no narrower title match exists.
b1000:175,wiki:yoga-and-liberation,has_topic,Broad domain bridge from darshanas-and-philosophy to the nearest synthesized wiki topic; use for traversal when no narrower title match exists.
b1000:177,wiki:hinduism-and-dharmic-thought,has_topic,Broad domain bridge from darshanas-and-philosophy to the nearest synthesized wiki topic; use for traversal when no narrower title match exists.
b1000:182,wiki:hinduism-and-dharmic-thought,has_topic,Broad domain bridge from darshanas-and-philosophy to the nearest synthesized wiki topic; use for traversal when no narrower title match exists.
b1000:183,wiki:hinduism-and-dharmic-thought,has_topic,Broad domain bridge from darshanas-and-philosophy to the nearest synthesized wiki topic; use for traversal when no narrower title match exists.
b1000:189,wiki:hinduism-and-dharmic-thought,has_topic,Broad domain bridge from darshanas-and-philosophy to the nearest synthesized wiki topic; use for traversal when no narrower title match exists.
b1000:196,wiki:hinduism-and-dharmic-thought,has_topic,Broad domain bridge from darshanas-and-philosophy to the nearest synthesized wiki topic; use for traversal when no narrower title match exists.
b1000:199,wiki:hinduism-and-dharmic-thought,has_topic,Broad domain bridge from darshanas-and-philosophy to the nearest synthesized wiki topic; use for traversal when no narrower title match exists.
b1000:208,wiki:hinduism-and-dharmic-thought,has_topic,Broad domain bridge from darshanas-and-philosophy to the nearest synthesized wiki topic; use for traversal when no narrower title match exists.
b1000:209,wiki:hinduism-and-dharmic-thought,has_topic,Broad domain bridge from darshanas-and-philosophy to the nearest synthesized wiki topic; use for traversal when no narrower title match exists.
b1000:212,wiki:hinduism-and-dharmic-thought,has_topic,Broad domain bridge from darshanas-and-philosophy to the nearest synthesized wiki topic; use for traversal when no narrower title match exists.
b1000:222,wiki:yoga-and-liberation,has_topic,Broad domain bridge from darshanas-and-philosophy to the nearest synthesized wiki topic; use for traversal when no narrower title match exists.
b1000:228,wiki:hinduism-and-dharmic-thought,has_topic,Broad domain bridge from darshanas-and-philosophy to the nearest synthesized wiki topic; use for traversal when no narrower title match exists.
b1000:230,wiki:hinduism-and-dharmic-thought,has_topic,Broad domain bridge from darshanas-and-philosophy to the nearest synthesized wiki topic; use for traversal when no narrower title match exists.
b1000:240,wiki:hinduism-sectarian-traditions,has_topic,Broad domain bridge from darshanas-and-philosophy to the nearest synthesized wiki topic; use for traversal when no narrower title match exists.
b1000:241,wiki:hinduism-and-dharmic-thought,has_topic,Broad domain bridge from darshanas-and-philosophy to the nearest synthesized wiki topic; use for traversal when no narrower title match exists.
b1000:244,wiki:hinduism-sectarian-traditions,has_topic,Broad domain bridge from darshanas-and-philosophy to the nearest synthesized wiki topic; use for traversal when no narrower title match exists.
b1000:250,wiki:hinduism-and-dharmic-thought,has_topic,Broad domain bridge from darshanas-and-philosophy to the nearest synthesized wiki topic; use for traversal when no narrower title match exists.
b1000:251,wiki:hinduism-and-dharmic-thought,has_topic,Broad domain bridge from darshanas-and-philosophy to the nearest synthesized wiki topic; use for traversal when no narrower title match exists.
b1000:254,wiki:hinduism-sectarian-traditions,has_topic,Broad domain bridge from darshanas-and-philosophy to the nearest synthesized wiki topic; use for traversal when no narrower title match exists.
b1000:255,wiki:hinduism-sectarian-traditions,has_topic,Broad domain bridge from darshanas-and-philosophy to the nearest synthesized wiki topic; use for traversal when no narrower title match exists.
b1000:256,wiki:hinduism-sectarian-traditions,has_topic,Broad domain bridge from darshanas-and-philosophy to the nearest synthesized wiki topic; use for traversal when no narrower title match exists.
b1000:257,wiki:hinduism-and-dharmic-thought,has_topic,Broad domain bridge from darshanas-and-philosophy to the nearest synthesized wiki topic; use for traversal when no narrower title match exists.
b1000:258,wiki:hinduism-sectarian-traditions,has_topic,Broad domain bridge from darshanas-and-philosophy to the nearest synthesized wiki topic; use for traversal when no narrower title match exists.
b1000:260,wiki:hinduism-and-dharmic-thought,has_topic,Broad domain bridge from darshanas-and-philosophy to the nearest synthesized wiki topic; use for traversal when no narrower title match exists.
b1000:261,wiki:phenomenology-of-religion,has_topic,Broad domain bridge from darshanas-and-philosophy to the nearest synthesized wiki topic; use for traversal when no narrower title match exists.
b1000:262,wiki:phenomenology-of-religion,has_topic,Broad domain bridge from darshanas-and-philosophy to the nearest synthesized wiki topic; use for traversal when no narrower title match exists.
b1000:263,wiki:phenomenology-of-religion,has_topic,Broad domain bridge from darshanas-and-philosophy to the nearest synthesized wiki topic; use for traversal when no narrower title match exists.
b1000:264,wiki:phenomenology-of-religion,has_topic,Broad domain bridge from darshanas-and-philosophy to the nearest synthesized wiki topic; use for traversal when no narrower title match exists.
b1000:265,wiki:phenomenology-of-religion,has_topic,Broad domain bridge from darshanas-and-philosophy to the nearest synthesized wiki topic; use for traversal when no narrower title match exists.
b1000:266,wiki:phenomenology-of-religion,has_topic,Broad domain bridge from darshanas-and-philosophy to the nearest synthesized wiki topic; use for traversal when no narrower title match exists.
b1000:268,wiki:phenomenology-of-religion,has_topic,Broad domain bridge from darshanas-and-philosophy to the nearest synthesized wiki topic; use for traversal when no narrower title match exists.
b1000:269,wiki:hinduism-and-dharmic-thought,has_topic,Broad domain bridge from darshanas-and-philosophy to the nearest synthesized wiki topic; use for traversal when no narrower title match exists.
b1000:270,wiki:phenomenology-of-religion,has_topic,Broad domain bridge from darshanas-and-philosophy to the nearest synthesized wiki topic; use for traversal when no narrower title match exists.
b1000:271,wiki:phenomenology-of-religion,has_topic,Broad domain bridge from darshanas-and-philosophy to the nearest synthesized wiki topic; use for traversal when no narrower title match exists.
b1000:272,wiki:phenomenology-of-religion,has_topic,Broad domain bridge from darshanas-and-philosophy to the nearest synthesized wiki topic; use for traversal when no narrower title match exists.
b1000:273,wiki:phenomenology-of-religion,has_topic,Broad domain bridge from darshanas-and-philosophy to the nearest synthesized wiki topic; use for traversal when no narrower title match exists.
b1000:274,wiki:phenomenology-of-religion,has_topic,Broad domain bridge from darshanas-and-philosophy to the nearest synthesized wiki topic; use for traversal when no narrower title match exists.
b1000:275,wiki:phenomenology-of-religion,has_topic,Broad domain bridge from darshanas-and-philosophy to the nearest synthesized wiki topic; use for traversal when no narrower title match exists.
b1000:276,wiki:phenomenology-of-religion,has_topic,Broad domain bridge from darshanas-and-philosophy to the nearest synthesized wiki topic; use for traversal when no narrower title match exists.
b1000:278,wiki:phenomenology-of-religion,has_topic,Broad domain bridge from darshanas-and-philosophy to the nearest synthesized wiki topic; use for traversal when no narrower title match exists.
b1000:279,wiki:phenomenology-of-religion,has_topic,Broad domain bridge from darshanas-and-philosophy to the nearest synthesized wiki topic; use for traversal when no narrower title match exists.
b1000:280,wiki:hinduism-and-dharmic-thought,has_topic,Broad domain bridge from darshanas-and-philosophy to the nearest synthesized wiki topic; use for traversal when no narrower title match exists.
b1000:281,wiki:hinduism-and-dharmic-thought,has_topic,Broad domain bridge from darshanas-and-philosophy to the nearest synthesized wiki topic; use for traversal when no narrower title match exists.
b1000:282,wiki:hinduism-and-dharmic-thought,has_topic,Broad domain bridge from darshanas-and-philosophy to the nearest synthesized wiki topic; use for traversal when no narrower title match exists.
b1000:283,wiki:hinduism-and-dharmic-thought,has_topic,Broad domain bridge from darshanas-and-philosophy to the nearest synthesized wiki topic; use for traversal when no narrower title match exists.
b1000:284,wiki:hinduism-and-dharmic-thought,has_topic,Broad domain bridge from darshanas-and-philosophy to the nearest synthesized wiki topic; use for traversal when no narrower title match exists.
b1000:285,wiki:phenomenology-of-religion,has_topic,Broad domain bridge from darshanas-and-philosophy to the nearest synthesized wiki topic; use for traversal when no narrower title match exists.
b1000:286,wiki:phenomenology-of-religion,has_topic,Broad domain bridge from darshanas-and-philosophy to the nearest synthesized wiki topic; use for traversal when no narrower title match exists.
b1000:288,wiki:phenomenology-of-religion,has_topic,Broad domain bridge from darshanas-and-philosophy to the nearest synthesized wiki topic; use for traversal when no narrower title match exists.
b1000:289,wiki:phenomenology-of-religion,has_topic,Broad domain bridge from darshanas-and-philosophy to the nearest synthesized wiki topic; use for traversal when no narrower title match exists.
b1000:290,wiki:phenomenology-of-religion,has_topic,Broad domain bridge from darshanas-and-philosophy to the nearest synthesized wiki topic; use for traversal when no narrower title match exists.
b1000:291,wiki:phenomenology-of-religion,has_topic,Broad domain bridge from darshanas-and-philosophy to the nearest synthesized wiki topic; use for traversal when no narrower title match exists.
b1000:292,wiki:phenomenology-of-religion,has_topic,Broad domain bridge from darshanas-and-philosophy to the nearest synthesized wiki topic; use for traversal when no narrower title match exists.
b1000:317,wiki:hinduism-and-dharmic-thought,has_topic,Broad domain bridge from sacred-geography-and-temple to the nearest synthesized wiki topic; use for traversal when no narrower title match exists.
b1000:326,wiki:hinduism-and-dharmic-thought,has_topic,Broad domain bridge from sacred-geography-and-temple to the nearest synthesized wiki topic; use for traversal when no narrower title match exists.
b1000:346,wiki:sanskrit-and-linguistic-traditions,has_topic,Broad domain bridge from language-and-sanskrit to the nearest synthesized wiki topic; use for traversal when no narrower title match exists.
b1000:350,wiki:sanskrit-and-linguistic-traditions,has_topic,Broad domain bridge from language-and-sanskrit to the nearest synthesized wiki topic; use for traversal when no narrower title match exists.
b1000:356,wiki:dharma,has_topic,Broad domain bridge from dharmashastra-and-polity to the nearest synthesized wiki topic; use for traversal when no narrower title match exists.
b1000:357,wiki:dharma,has_topic,Broad domain bridge from dharmashastra-and-polity to the nearest synthesized wiki topic; use for traversal when no narrower title match exists.
b1000:359,wiki:dharma,has_topic,Broad domain bridge from dharmashastra-and-polity to the nearest synthesized wiki topic; use for traversal when no narrower title match exists.
b1000:361,wiki:dharma,has_topic,Broad domain bridge from dharmashastra-and-polity to the nearest synthesized wiki topic; use for traversal when no narrower title match exists.
b1000:363,wiki:dharma,has_topic,Broad domain bridge from dharmashastra-and-polity to the nearest synthesized wiki topic; use for traversal when no narrower title match exists.
b1000:369,wiki:dharma,has_topic,Broad domain bridge from dharmashastra-and-polity to the nearest synthesized wiki topic; use for traversal when no narrower title match exists.
b1000:370,wiki:dharma,has_topic,Broad domain bridge from dharmashastra-and-polity to the nearest synthesized wiki topic; use for traversal when no narrower title match exists.
b1000:371,wiki:dharma,has_topic,Broad domain bridge from dharmashastra-and-polity to the nearest synthesized wiki topic; use for traversal when no narrower title match exists.
b1000:374,wiki:epics-and-itihasa,has_topic,Broad domain bridge from puranas-and-itihasa to the nearest synthesized wiki topic; use for traversal when no narrower title match exists.
b1000:375,wiki:epics-and-itihasa,has_topic,Broad domain bridge from puranas-and-itihasa to the nearest synthesized wiki topic; use for traversal when no narrower title match exists.
b1000:376,wiki:epics-and-itihasa,has_topic,Broad domain bridge from puranas-and-itihasa to the nearest synthesized wiki topic; use for traversal when no narrower title match exists.
b1000:378,wiki:epics-and-itihasa,has_topic,Broad domain bridge from puranas-and-itihasa to the nearest synthesized wiki topic; use for traversal when no narrower title match exists.
b1000:379,wiki:epics-and-itihasa,has_topic,Broad domain bridge from puranas-and-itihasa to the nearest synthesized wiki topic; use for traversal when no narrower title match exists.
b1000:380,wiki:epics-and-itihasa,has_topic,Broad domain bridge from puranas-and-itihasa to the nearest synthesized wiki topic; use for traversal when no narrower title match exists.
b1000:381,wiki:epics-and-itihasa,has_topic,Broad domain bridge from puranas-and-itihasa to the nearest synthesized wiki topic; use for traversal when no narrower title match exists.
b1000:382,wiki:epics-and-itihasa,has_topic,Broad domain bridge from puranas-and-itihasa to the nearest synthesized wiki topic; use for traversal when no narrower title match exists.
b1000:383,wiki:epics-and-itihasa,has_topic,Broad domain bridge from puranas-and-itihasa to the nearest synthesized wiki topic; use for traversal when no narrower title match exists.
b1000:384,wiki:epics-and-itihasa,has_topic,Broad domain bridge from puranas-and-itihasa to the nearest synthesized wiki topic; use for traversal when no narrower title match exists.
b1000:389,wiki:indian-art-and-aesthetics,has_topic,Broad domain bridge from arts-and-aesthetics to the nearest synthesized wiki topic; use for traversal when no narrower title match exists.
b1000:431,wiki:hinduism-sectarian-traditions,has_topic,Broad domain bridge from festivals-and-living-tradition to the nearest synthesized wiki topic; use for traversal when no narrower title match exists.
b1000:432,wiki:hinduism-sectarian-traditions,has_topic,Broad domain bridge from festivals-and-living-tradition to the nearest synthesized wiki topic; use for traversal when no narrower title match exists.
b1000:433,wiki:hinduism-sectarian-traditions,has_topic,Broad domain bridge from festivals-and-living-tradition to the nearest synthesized wiki topic; use for traversal when no narrower title match exists.
b1000:434,wiki:hinduism-sectarian-traditions,has_topic,Broad domain bridge from festivals-and-living-tradition to the nearest synthesized wiki topic; use for traversal when no narrower title match exists.
b1000:435,wiki:hinduism-sectarian-traditions,has_topic,Broad domain bridge from festivals-and-living-tradition to the nearest synthesized wiki topic; use for traversal when no narrower title match exists.
b1000:436,wiki:hinduism-sectarian-traditions,has_topic,Broad domain bridge from festivals-and-living-tradition to the nearest synthesized wiki topic; use for traversal when no narrower title match exists.
b1000:437,wiki:hinduism-sectarian-traditions,has_topic,Broad domain bridge from festivals-and-living-tradition to the nearest synthesized wiki topic; use for traversal when no narrower title match exists.
b1000:438,wiki:hinduism-sectarian-traditions,has_topic,Broad domain bridge from festivals-and-living-tradition to the nearest synthesized wiki topic; use for traversal when no narrower title match exists.
b1000:439,wiki:hinduism-sectarian-traditions,has_topic,Broad domain bridge from festivals-and-living-tradition to the nearest synthesized wiki topic; use for traversal when no narrower title match exists.
b1000:440,wiki:hinduism-sectarian-traditions,has_topic,Broad domain bridge from festivals-and-living-tradition to the nearest synthesized wiki topic; use for traversal when no narrower title match exists.
b1000:441,wiki:hinduism-sectarian-traditions,has_topic,Broad domain bridge from festivals-and-living-tradition to the nearest synthesized wiki topic; use for traversal when no narrower title match exists.
b1000:442,wiki:hinduism-sectarian-traditions,has_topic,Broad domain bridge from festivals-and-living-tradition to the nearest synthesized wiki topic; use for traversal when no narrower title match exists.
b1000:443,wiki:hinduism-sectarian-traditions,has_topic,Broad domain bridge from festivals-and-living-tradition to the nearest synthesized wiki topic; use for traversal when no narrower title match exists.
b1000:444,wiki:hinduism-sectarian-traditions,has_topic,Broad domain bridge from festivals-and-living-tradition to the nearest synthesized wiki topic; use for traversal when no narrower title match exists.
b1000:445,wiki:hinduism-sectarian-traditions,has_topic,Broad domain bridge from festivals-and-living-tradition to the nearest synthesized wiki topic; use for traversal when no narrower title match exists.
b1000:446,wiki:hinduism-sectarian-traditions,has_topic,Broad domain bridge from festivals-and-living-tradition to the nearest synthesized wiki topic; use for traversal when no narrower title match exists.
b1000:447,wiki:shiva,has_topic,Broad domain bridge from festivals-and-living-tradition to the nearest synthesized wiki topic; use for traversal when no narrower title match exists.
b1000:448,wiki:hinduism-sectarian-traditions,has_topic,Broad domain bridge from festivals-and-living-tradition to the nearest synthesized wiki topic; use for traversal when no narrower title match exists.
b1000:449,wiki:hinduism-sectarian-traditions,has_topic,Broad domain bridge from festivals-and-living-tradition to the nearest synthesized wiki topic; use for traversal when no narrower title match exists.
b1000:450,wiki:shiva,has_topic,Broad domain bridge from festivals-and-living-tradition to the nearest synthesized wiki topic; use for traversal when no narrower title match exists.
b1000:451,wiki:goddess-tradition,has_topic,Broad domain bridge from festivals-and-living-tradition to the nearest synthesized wiki topic; use for traversal when no narrower title match exists.
b1000:452,wiki:hinduism-sectarian-traditions,has_topic,Broad domain bridge from festivals-and-living-tradition to the nearest synthesized wiki topic; use for traversal when no narrower title match exists.
b1000:453,wiki:hinduism-sectarian-traditions,has_topic,Broad domain bridge from festivals-and-living-tradition to the nearest synthesized wiki topic; use for traversal when no narrower title match exists.
b1000:454,wiki:hinduism-sectarian-traditions,has_topic,Broad domain bridge from festivals-and-living-tradition to the nearest synthesized wiki topic; use for traversal when no narrower title match exists.
b1000:455,wiki:hinduism-sectarian-traditions,has_topic,Broad domain bridge from festivals-and-living-tradition to the nearest synthesized wiki topic; use for traversal when no narrower title match exists.
b1000:457,wiki:hinduism-sectarian-traditions,has_topic,Broad domain bridge from festivals-and-living-tradition to the nearest synthesized wiki topic; use for traversal when no narrower title match exists.
b1000:458,wiki:shiva,has_topic,Broad domain bridge from festivals-and-living-tradition to the nearest synthesized wiki topic; use for traversal when no narrower title match exists.
b1000:460,wiki:hinduism-sectarian-traditions,has_topic,Broad domain bridge from festivals-and-living-tradition to the nearest synthesized wiki topic; use for traversal when no narrower title match exists.
b1000:461,wiki:hinduism-sectarian-traditions,has_topic,Broad domain bridge from festivals-and-living-tradition to the nearest synthesized wiki topic; use for traversal when no narrower title match exists.
b1000:462,wiki:hinduism-sectarian-traditions,has_topic,Broad domain bridge from festivals-and-living-tradition to the nearest synthesized wiki topic; use for traversal when no narrower title match exists.
b1000:463,wiki:hinduism-sectarian-traditions,has_topic,Broad domain bridge from festivals-and-living-tradition to the nearest synthesized wiki topic; use for traversal when no narrower title match exists.
b1000:464,wiki:hinduism-sectarian-traditions,has_topic,Broad domain bridge from festivals-and-living-tradition to the nearest synthesized wiki topic; use for traversal when no narrower title match exists.
b1000:465,wiki:hinduism-sectarian-traditions,has_topic,Broad domain bridge from festivals-and-living-tradition to the nearest synthesized wiki topic; use for traversal when no narrower title match exists.
b1000:466,wiki:hinduism-sectarian-traditions,has_topic,Broad domain bridge from festivals-and-living-tradition to the nearest synthesized wiki topic; use for traversal when no narrower title match exists.
b1000:467,wiki:hinduism-sectarian-traditions,has_topic,Broad domain bridge from festivals-and-living-tradition to the nearest synthesized wiki topic; use for traversal when no narrower title match exists.
b1000:468,wiki:hinduism-sectarian-traditions,has_topic,Broad domain bridge from festivals-and-living-tradition to the nearest synthesized wiki topic; use for traversal when no narrower title match exists.
b1000:469,wiki:hinduism-sectarian-traditions,has_topic,Broad domain bridge from festivals-and-living-tradition to the nearest synthesized wiki topic; use for traversal when no narrower title match exists.
b1000:470,wiki:hinduism-sectarian-traditions,has_topic,Broad domain bridge from festivals-and-living-tradition to the nearest synthesized wiki topic; use for traversal when no narrower title match exists.
b1000:471,wiki:epics-and-itihasa,has_topic,Broad domain bridge from festivals-and-living-tradition to the nearest synthesized wiki topic; use for traversal when no narrower title match exists.
b1000:472,wiki:epics-and-itihasa,has_topic,Broad domain bridge from festivals-and-living-tradition to the nearest synthesized wiki topic; use for traversal when no narrower title match exists.
b1000:473,wiki:hinduism-sectarian-traditions,has_topic,Broad domain bridge from festivals-and-living-tradition to the nearest synthesized wiki topic; use for traversal when no narrower title match exists.
b1000:474,wiki:hinduism-sectarian-traditions,has_topic,Broad domain bridge from festivals-and-living-tradition to the nearest synthesized wiki topic; use for traversal when no narrower title match exists.
b1000:475,wiki:hinduism-sectarian-traditions,has_topic,Broad domain bridge from festivals-and-living-tradition to the nearest synthesized wiki topic; use for traversal when no narrower title match exists.
b1000:476,wiki:hinduism-sectarian-traditions,has_topic,Broad domain bridge from festivals-and-living-tradition to the nearest synthesized wiki topic; use for traversal when no narrower title match exists.
b1000:477,wiki:hinduism-sectarian-traditions,has_topic,Broad domain bridge from festivals-and-living-tradition to the nearest synthesized wiki topic; use for traversal when no narrower title match exists.
b1000:478,wiki:hinduism-sectarian-traditions,has_topic,Broad domain bridge from festivals-and-living-tradition to the nearest synthesized wiki topic; use for traversal when no narrower title match exists.
b1000:480,wiki:epics-and-itihasa,has_topic,Broad domain bridge from festivals-and-living-tradition to the nearest synthesized wiki topic; use for traversal when no narrower title match exists.
b1000:481,wiki:epics-and-itihasa,has_topic,Broad domain bridge from festivals-and-living-tradition to the nearest synthesized wiki topic; use for traversal when no narrower title match exists.
b1000:482,wiki:epics-and-itihasa,has_topic,Broad domain bridge from festivals-and-living-tradition to the nearest synthesized wiki topic; use for traversal when no narrower title match exists.
b1000:483,wiki:hinduism-sectarian-traditions,has_topic,Broad domain bridge from festivals-and-living-tradition to the nearest synthesized wiki topic; use for traversal when no narrower title match exists.
b1000:484,wiki:hinduism-sectarian-traditions,has_topic,Broad domain bridge from festivals-and-living-tradition to the nearest synthesized wiki topic; use for traversal when no narrower title match exists.
b1000:485,wiki:hinduism-sectarian-traditions,has_topic,Broad domain bridge from festivals-and-living-tradition to the nearest synthesized wiki topic; use for traversal when no narrower title match exists.
b1000:486,wiki:hinduism-sectarian-traditions,has_topic,Broad domain bridge from festivals-and-living-tradition to the nearest synthesized wiki topic; use for traversal when no narrower title match exists.
b1000:487,wiki:hinduism-sectarian-traditions,has_topic,Broad domain bridge from festivals-and-living-tradition to the nearest synthesized wiki topic; use for traversal when no narrower title match exists.
b1000:488,wiki:hinduism-sectarian-traditions,has_topic,Broad domain bridge from festivals-and-living-tradition to the nearest synthesized wiki topic; use for traversal when no narrower title match exists.
b1000:489,wiki:epics-and-itihasa,has_topic,Broad domain bridge from festivals-and-living-tradition to the nearest synthesized wiki topic; use for traversal when no narrower title match exists.
b1000:490,wiki:hinduism-sectarian-traditions,has_topic,Broad domain bridge from festivals-and-living-tradition to the nearest synthesized wiki topic; use for traversal when no narrower title match exists.
b1000:492,wiki:hinduism-sectarian-traditions,has_topic,Broad domain bridge from festivals-and-living-tradition to the nearest synthesized wiki topic; use for traversal when no narrower title match exists.
b1000:493,wiki:hinduism-sectarian-traditions,has_topic,Broad domain bridge from festivals-and-living-tradition to the nearest synthesized wiki topic; use for traversal when no narrower title match exists.
b1000:494,wiki:hinduism-sectarian-traditions,has_topic,Broad domain bridge from festivals-and-living-tradition to the nearest synthesized wiki topic; use for traversal when no narrower title match exists.
b1000:495,wiki:hinduism-sectarian-traditions,has_topic,Broad domain bridge from festivals-and-living-tradition to the nearest synthesized wiki topic; use for traversal when no narrower title match exists.
b1000:498,wiki:hinduism-sectarian-traditions,has_topic,Broad domain bridge from festivals-and-living-tradition to the nearest synthesized wiki topic; use for traversal when no narrower title match exists.
b1000:499,wiki:hinduism-sectarian-traditions,has_topic,Broad domain bridge from festivals-and-living-tradition to the nearest synthesized wiki topic; use for traversal when no narrower title match exists.
b1000:500,wiki:hinduism-sectarian-traditions,has_topic,Broad domain bridge from festivals-and-living-tradition to the nearest synthesized wiki topic; use for traversal when no narrower title match exists.
b1000:501,wiki:hinduism-sectarian-traditions,has_topic,Broad domain bridge from festivals-and-living-tradition to the nearest synthesized wiki topic; use for traversal when no narrower title match exists.
b1000:502,wiki:hinduism-sectarian-traditions,has_topic,Broad domain bridge from festivals-and-living-tradition to the nearest synthesized wiki topic; use for traversal when no narrower title match exists.
b1000:504,wiki:hinduism-sectarian-traditions,has_topic,Broad domain bridge from festivals-and-living-tradition to the nearest synthesized wiki topic; use for traversal when no narrower title match exists.
b1000:505,wiki:hinduism-sectarian-traditions,has_topic,Broad domain bridge from festivals-and-living-tradition to the nearest synthesized wiki topic; use for traversal when no narrower title match exists.
b1000:508,wiki:hinduism-sectarian-traditions,has_topic,Broad domain bridge from festivals-and-living-tradition to the nearest synthesized wiki topic; use for traversal when no narrower title match exists.
b1000:509,wiki:hinduism-sectarian-traditions,has_topic,Broad domain bridge from festivals-and-living-tradition to the nearest synthesized wiki topic; use for traversal when no narrower title match exists.
b1000:510,wiki:hinduism-sectarian-traditions,has_topic,Broad domain bridge from festivals-and-living-tradition to the nearest synthesized wiki topic; use for traversal when no narrower title match exists.
b1000:515,wiki:goddess-tradition,has_topic,Broad domain bridge from festivals-and-living-tradition to the nearest synthesized wiki topic; use for traversal when no narrower title match exists.
b1000:516,wiki:hinduism-sectarian-traditions,has_topic,Broad domain bridge from festivals-and-living-tradition to the nearest synthesized wiki topic; use for traversal when no narrower title match exists.
b1000:518,wiki:goddess-tradition,has_topic,Broad domain bridge from festivals-and-living-tradition to the nearest synthesized wiki topic; use for traversal when no narrower title match exists.
b1000:519,wiki:hinduism-sectarian-traditions,has_topic,Broad domain bridge from festivals-and-living-tradition to the nearest synthesized wiki topic; use for traversal when no narrower title match exists.
b1000:521,wiki:goddess-tradition,has_topic,Broad domain bridge from festivals-and-living-tradition to the nearest synthesized wiki topic; use for traversal when no narrower title match exists.
b1000:523,wiki:goddess-tradition,has_topic,Broad domain bridge from festivals-and-living-tradition to the nearest synthesized wiki topic; use for traversal when no narrower title match exists.
b1000:524,wiki:hinduism-sectarian-traditions,has_topic,Broad domain bridge from festivals-and-living-tradition to the nearest synthesized wiki topic; use for traversal when no narrower title match exists.
b1000:525,wiki:goddess-tradition,has_topic,Broad domain bridge from festivals-and-living-tradition to the nearest synthesized wiki topic; use for traversal when no narrower title match exists.
b1000:526,wiki:hinduism-sectarian-traditions,has_topic,Broad domain bridge from festivals-and-living-tradition to the nearest synthesized wiki topic; use for traversal when no narrower title match exists.
b1000:527,wiki:hinduism-sectarian-traditions,has_topic,Broad domain bridge from festivals-and-living-tradition to the nearest synthesized wiki topic; use for traversal when no narrower title match exists.
b1000:528,wiki:goddess-tradition,has_topic,Broad domain bridge from festivals-and-living-tradition to the nearest synthesized wiki topic; use for traversal when no narrower title match exists.
b1000:530,wiki:hinduism-sectarian-traditions,has_topic,Broad domain bridge from festivals-and-living-tradition to the nearest synthesized wiki topic; use for traversal when no narrower title match exists.
b1000:531,wiki:hinduism-sectarian-traditions,has_topic,Broad domain bridge from festivals-and-living-tradition to the nearest synthesized wiki topic; use for traversal when no narrower title match exists.
b1000:532,wiki:goddess-tradition,has_topic,Broad domain bridge from festivals-and-living-tradition to the nearest synthesized wiki topic; use for traversal when no narrower title match exists.
b1000:533,wiki:goddess-tradition,has_topic,Broad domain bridge from festivals-and-living-tradition to the nearest synthesized wiki topic; use for traversal when no narrower title match exists.
b1000:534,wiki:hinduism-sectarian-traditions,has_topic,Broad domain bridge from festivals-and-living-tradition to the nearest synthesized wiki topic; use for traversal when no narrower title match exists.
b1000:535,wiki:goddess-tradition,has_topic,Broad domain bridge from festivals-and-living-tradition to the nearest synthesized wiki topic; use for traversal when no narrower title match exists.
b1000:536,wiki:hinduism-sectarian-traditions,has_topic,Broad domain bridge from festivals-and-living-tradition to the nearest synthesized wiki topic; use for traversal when no narrower title match exists.
b1000:538,wiki:hinduism-sectarian-traditions,has_topic,Broad domain bridge from festivals-and-living-tradition to the nearest synthesized wiki topic; use for traversal when no narrower title match exists.
b1000:539,wiki:hinduism-sectarian-traditions,has_topic,Broad domain bridge from festivals-and-living-tradition to the nearest synthesized wiki topic; use for traversal when no narrower title match exists.
b1000:540,wiki:shiva,has_topic,Broad domain bridge from festivals-and-living-tradition to the nearest synthesized wiki topic; use for traversal when no narrower title match exists.
b1000:542,wiki:shiva,has_topic,Broad domain bridge from festivals-and-living-tradition to the nearest synthesized wiki topic; use for traversal when no narrower title match exists.
b1000:543,wiki:shiva,has_topic,Broad domain bridge from festivals-and-living-tradition to the nearest synthesized wiki topic; use for traversal when no narrower title match exists.
b1000:544,wiki:shiva,has_topic,Broad domain bridge from festivals-and-living-tradition to the nearest synthesized wiki topic; use for traversal when no narrower title match exists.
b1000:545,wiki:hinduism-sectarian-traditions,has_topic,Broad domain bridge from festivals-and-living-tradition to the nearest synthesized wiki topic; use for traversal when no narrower title match exists.
b1000:546,wiki:hinduism-sectarian-traditions,has_topic,Broad domain bridge from festivals-and-living-tradition to the nearest synthesized wiki topic; use for traversal when no narrower title match exists.
b1000:547,wiki:hinduism-sectarian-traditions,has_topic,Broad domain bridge from festivals-and-living-tradition to the nearest synthesized wiki topic; use for traversal when no narrower title match exists.
b1000:548,wiki:hinduism-sectarian-traditions,has_topic,Broad domain bridge from festivals-and-living-tradition to the nearest synthesized wiki topic; use for traversal when no narrower title match exists.
b1000:550,wiki:shiva,has_topic,Broad domain bridge from festivals-and-living-tradition to the nearest synthesized wiki topic; use for traversal when no narrower title match exists.
b1000:551,wiki:hinduism-sectarian-traditions,has_topic,Broad domain bridge from festivals-and-living-tradition to the nearest synthesized wiki topic; use for traversal when no narrower title match exists.
b1000:552,wiki:shiva,has_topic,Broad domain bridge from festivals-and-living-tradition to the nearest synthesized wiki topic; use for traversal when no narrower title match exists.
b1000:554,wiki:shiva,has_topic,Broad domain bridge from festivals-and-living-tradition to the nearest synthesized wiki topic; use for traversal when no narrower title match exists.
b1000:559,wiki:hinduism-and-dharmic-thought,has_topic,Broad domain bridge from darshanas-and-philosophy to the nearest synthesized wiki topic; use for traversal when no narrower title match exists.
b1000:560,wiki:hinduism-and-dharmic-thought,has_topic,Broad domain bridge from darshanas-and-philosophy to the nearest synthesized wiki topic; use for traversal when no narrower title match exists.
b1000:563,wiki:yoga-and-liberation,has_topic,Broad domain bridge from darshanas-and-philosophy to the nearest synthesized wiki topic; use for traversal when no narrower title match exists.
b1000:564,wiki:hinduism-and-dharmic-thought,has_topic,Broad domain bridge from darshanas-and-philosophy to the nearest synthesized wiki topic; use for traversal when no narrower title match exists.
b1000:573,wiki:hinduism-and-dharmic-thought,has_topic,Broad domain bridge from darshanas-and-philosophy to the nearest synthesized wiki topic; use for traversal when no narrower title match exists.
b1000:575,wiki:hinduism-and-dharmic-thought,has_topic,Broad domain bridge from darshanas-and-philosophy to the nearest synthesized wiki topic; use for traversal when no narrower title match exists.
b1000:577,wiki:hinduism-and-dharmic-thought,has_topic,Broad domain bridge from darshanas-and-philosophy to the nearest synthesized wiki topic; use for traversal when no narrower title match exists.
b1000:578,wiki:hinduism-and-dharmic-thought,has_topic,Broad domain bridge from darshanas-and-philosophy to the nearest synthesized wiki topic; use for traversal when no narrower title match exists.
b1000:593,wiki:civilizational-theory-and-method,has_topic,Broad domain bridge from civilizational-consciousness to the nearest synthesized wiki topic; use for traversal when no narrower title match exists.
b1000:595,wiki:civilizational-theory-and-method,has_topic,Broad domain bridge from civilizational-consciousness to the nearest synthesized wiki topic; use for traversal when no narrower title match exists.
b1000:596,wiki:civilizational-theory-and-method,has_topic,Broad domain bridge from civilizational-consciousness to the nearest synthesized wiki topic; use for traversal when no narrower title match exists.
b1000:597,wiki:civilizational-theory-and-method,has_topic,Broad domain bridge from civilizational-consciousness to the nearest synthesized wiki topic; use for traversal when no narrower title match exists.
b1000:598,wiki:civilizational-theory-and-method,has_topic,Broad domain bridge from civilizational-consciousness to the nearest synthesized wiki topic; use for traversal when no narrower title match exists.
b1000:599,wiki:civilizational-theory-and-method,has_topic,Broad domain bridge from civilizational-consciousness to the nearest synthesized wiki topic; use for traversal when no narrower title match exists.
b1000:600,wiki:civilizational-theory-and-method,has_topic,Broad domain bridge from civilizational-consciousness to the nearest synthesized wiki topic; use for traversal when no narrower title match exists.
b1000:601,wiki:civilizational-theory-and-method,has_topic,Broad domain bridge from civilizational-consciousness to the nearest synthesized wiki topic; use for traversal when no narrower title match exists.
b1000:602,wiki:civilizational-theory-and-method,has_topic,Broad domain bridge from civilizational-consciousness to the nearest synthesized wiki topic; use for traversal when no narrower title match exists.
b1000:603,wiki:civilizational-theory-and-method,has_topic,Broad domain bridge from civilizational-consciousness to the nearest synthesized wiki topic; use for traversal when no narrower title match exists.
b1000:604,wiki:civilizational-theory-and-method,has_topic,Broad domain bridge from civilizational-consciousness to the nearest synthesized wiki topic; use for traversal when no narrower title match exists.
b1000:607,wiki:civilizational-theory-and-method,has_topic,Broad domain bridge from civilizational-consciousness to the nearest synthesized wiki topic; use for traversal when no narrower title match exists.
b1000:608,wiki:civilizational-theory-and-method,has_topic,Broad domain bridge from civilizational-consciousness to the nearest synthesized wiki topic; use for traversal when no narrower title match exists.
b1000:609,wiki:civilizational-theory-and-method,has_topic,Broad domain bridge from civilizational-consciousness to the nearest synthesized wiki topic; use for traversal when no narrower title match exists.
b1000:610,wiki:civilizational-theory-and-method,has_topic,Broad domain bridge from civilizational-consciousness to the nearest synthesized wiki topic; use for traversal when no narrower title match exists.
b1000:611,wiki:civilizational-theory-and-method,has_topic,Broad domain bridge from civilizational-consciousness to the nearest synthesized wiki topic; use for traversal when no narrower title match exists.
b1000:615,wiki:hinduism-and-dharmic-thought,has_topic,Broad domain bridge from darshanas-and-philosophy to the nearest synthesized wiki topic; use for traversal when no narrower title match exists.
b1000:616,wiki:yoga-and-liberation,has_topic,Broad domain bridge from darshanas-and-philosophy to the nearest synthesized wiki topic; use for traversal when no narrower title match exists.
b1000:617,wiki:yoga-and-liberation,has_topic,Broad domain bridge from darshanas-and-philosophy to the nearest synthesized wiki topic; use for traversal when no narrower title match exists.
b1000:619,wiki:hinduism-and-dharmic-thought,has_topic,Broad domain bridge from darshanas-and-philosophy to the nearest synthesized wiki topic; use for traversal when no narrower title match exists.
b1000:622,wiki:hinduism-and-dharmic-thought,has_topic,Broad domain bridge from darshanas-and-philosophy to the nearest synthesized wiki topic; use for traversal when no narrower title match exists.
b1000:623,wiki:yoga-and-liberation,has_topic,Broad domain bridge from darshanas-and-philosophy to the nearest synthesized wiki topic; use for traversal when no narrower title match exists.
b1000:624,wiki:yoga-and-liberation,has_topic,Broad domain bridge from darshanas-and-philosophy to the nearest synthesized wiki topic; use for traversal when no narrower title match exists.
b1000:625,wiki:yoga-and-liberation,has_topic,Broad domain bridge from darshanas-and-philosophy to the nearest synthesized wiki topic; use for traversal when no narrower title match exists.
b1000:626,wiki:hinduism-and-dharmic-thought,has_topic,Broad domain bridge from darshanas-and-philosophy to the nearest synthesized wiki topic; use for traversal when no narrower title match exists.
b1000:627,wiki:yoga-and-liberation,has_topic,Broad domain bridge from darshanas-and-philosophy to the nearest synthesized wiki topic; use for traversal when no narrower title match exists.
b1000:628,wiki:hinduism-and-dharmic-thought,has_topic,Broad domain bridge from darshanas-and-philosophy to the nearest synthesized wiki topic; use for traversal when no narrower title match exists.
b1000:629,wiki:hinduism-and-dharmic-thought,has_topic,Broad domain bridge from darshanas-and-philosophy to the nearest synthesized wiki topic; use for traversal when no narrower title match exists.
b1000:630,wiki:hinduism-and-dharmic-thought,has_topic,Broad domain bridge from darshanas-and-philosophy to the nearest synthesized wiki topic; use for traversal when no narrower title match exists.
b1000:631,wiki:cultural-memory-and-tradition,has_topic,Broad domain bridge from history-and-civilizational-recovery to the nearest synthesized wiki topic; use for traversal when no narrower title match exists.
b1000:632,wiki:cultural-memory-and-tradition,has_topic,Broad domain bridge from history-and-civilizational-recovery to the nearest synthesized wiki topic; use for traversal when no narrower title match exists.
b1000:633,wiki:cultural-memory-and-tradition,has_topic,Broad domain bridge from history-and-civilizational-recovery to the nearest synthesized wiki topic; use for traversal when no narrower title match exists.
b1000:634,wiki:cultural-memory-and-tradition,has_topic,Broad domain bridge from history-and-civilizational-recovery to the nearest synthesized wiki topic; use for traversal when no narrower title match exists.
b1000:635,wiki:cultural-memory-and-tradition,has_topic,Broad domain bridge from history-and-civilizational-recovery to the nearest synthesized wiki topic; use for traversal when no narrower title match exists.
b1000:636,wiki:cultural-memory-and-tradition,has_topic,Broad domain bridge from history-and-civilizational-recovery to the nearest synthesized wiki topic; use for traversal when no narrower title match exists.
b1000:637,wiki:cultural-memory-and-tradition,has_topic,Broad domain bridge from history-and-civilizational-recovery to the nearest synthesized wiki topic; use for traversal when no narrower title match exists.
b1000:639,wiki:cultural-memory-and-tradition,has_topic,Broad domain bridge from history-and-civilizational-recovery to the nearest synthesized wiki topic; use for traversal when no narrower title match exists.
b1000:640,wiki:cultural-memory-and-tradition,has_topic,Broad domain bridge from history-and-civilizational-recovery to the nearest synthesized wiki topic; use for traversal when no narrower title match exists.
b1000:641,wiki:cultural-memory-and-tradition,has_topic,Broad domain bridge from history-and-civilizational-recovery to the nearest synthesized wiki topic; use for traversal when no narrower title match exists.
b1000:643,wiki:cultural-memory-and-tradition,has_topic,Broad domain bridge from history-and-civilizational-recovery to the nearest synthesized wiki topic; use for traversal when no narrower title match exists.
b1000:644,wiki:cultural-memory-and-tradition,has_topic,Broad domain bridge from history-and-civilizational-recovery to the nearest synthesized wiki topic; use for traversal when no narrower title match exists.
b1000:645,wiki:cultural-memory-and-tradition,has_topic,Broad domain bridge from history-and-civilizational-recovery to the nearest synthesized wiki topic; use for traversal when no narrower title match exists.
b1000:646,wiki:cultural-memory-and-tradition,has_topic,Broad domain bridge from history-and-civilizational-recovery to the nearest synthesized wiki topic; use for traversal when no narrower title match exists.
b1000:647,wiki:cultural-memory-and-tradition,has_topic,Broad domain bridge from history-and-civilizational-recovery to the nearest synthesized wiki topic; use for traversal when no narrower title match exists.
b1000:649,wiki:cultural-memory-and-tradition,has_topic,Broad domain bridge from history-and-civilizational-recovery to the nearest synthesized wiki topic; use for traversal when no narrower title match exists.
b1000:656,wiki:cultural-memory-and-tradition,has_topic,Broad domain bridge from history-and-civilizational-recovery to the nearest synthesized wiki topic; use for traversal when no narrower title match exists.
b1000:659,wiki:cultural-memory-and-tradition,has_topic,Broad domain bridge from history-and-civilizational-recovery to the nearest synthesized wiki topic; use for traversal when no narrower title match exists.
b1000:660,wiki:cultural-memory-and-tradition,has_topic,Broad domain bridge from history-and-civilizational-recovery to the nearest synthesized wiki topic; use for traversal when no narrower title match exists.
b1000:661,wiki:cultural-memory-and-tradition,has_topic,Broad domain bridge from history-and-civilizational-recovery to the nearest synthesized wiki topic; use for traversal when no narrower title match exists.
b1000:666,wiki:cultural-memory-and-tradition,has_topic,Broad domain bridge from history-and-civilizational-recovery to the nearest synthesized wiki topic; use for traversal when no narrower title match exists.
b1000:680,wiki:cultural-memory-and-tradition,has_topic,Broad domain bridge from history-and-civilizational-recovery to the nearest synthesized wiki topic; use for traversal when no narrower title match exists.
b1000:683,wiki:prehistoric-india-and-archaeology,has_topic,Broad domain bridge from sindhu-sarasvati-and-origins to the nearest synthesized wiki topic; use for traversal when no narrower title match exists.
b1000:696,wiki:prehistoric-india-and-archaeology,has_topic,Broad domain bridge from sindhu-sarasvati-and-origins to the nearest synthesized wiki topic; use for traversal when no narrower title match exists.
b1000:697,wiki:prehistoric-india-and-archaeology,has_topic,Broad domain bridge from sindhu-sarasvati-and-origins to the nearest synthesized wiki topic; use for traversal when no narrower title match exists.
b1000:698,wiki:prehistoric-india-and-archaeology,has_topic,Broad domain bridge from sindhu-sarasvati-and-origins to the nearest synthesized wiki topic; use for traversal when no narrower title match exists.
b1000:699,wiki:prehistoric-india-and-archaeology,has_topic,Broad domain bridge from sindhu-sarasvati-and-origins to the nearest synthesized wiki topic; use for traversal when no narrower title match exists.
b1000:700,wiki:prehistoric-india-and-archaeology,has_topic,Broad domain bridge from sindhu-sarasvati-and-origins to the nearest synthesized wiki topic; use for traversal when no narrower title match exists.
b1000:704,wiki:prehistoric-india-and-archaeology,has_topic,Broad domain bridge from sindhu-sarasvati-and-origins to the nearest synthesized wiki topic; use for traversal when no narrower title match exists.
b1000:713,wiki:indian-history-and-civilization,has_topic,Broad domain bridge from history-and-civilizational-recovery to the nearest synthesized wiki topic; use for traversal when no narrower title match exists.
b1000:715,wiki:indian-history-and-civilization,has_topic,Broad domain bridge from history-and-civilizational-recovery to the nearest synthesized wiki topic; use for traversal when no narrower title match exists.
b1000:717,wiki:indian-history-and-civilization,has_topic,Broad domain bridge from history-and-civilizational-recovery to the nearest synthesized wiki topic; use for traversal when no narrower title match exists.
b1000:718,wiki:indian-history-and-civilization,has_topic,Broad domain bridge from history-and-civilizational-recovery to the nearest synthesized wiki topic; use for traversal when no narrower title match exists.
b1000:721,wiki:indian-history-and-civilization,has_topic,Broad domain bridge from history-and-civilizational-recovery to the nearest synthesized wiki topic; use for traversal when no narrower title match exists.
b1000:722,wiki:indian-history-and-civilization,has_topic,Broad domain bridge from history-and-civilizational-recovery to the nearest synthesized wiki topic; use for traversal when no narrower title match exists.
b1000:724,wiki:indian-history-and-civilization,has_topic,Broad domain bridge from history-and-civilizational-recovery to the nearest synthesized wiki topic; use for traversal when no narrower title match exists.
b1000:725,wiki:indian-history-and-civilization,has_topic,Broad domain bridge from history-and-civilizational-recovery to the nearest synthesized wiki topic; use for traversal when no narrower title match exists.
b1000:726,wiki:indian-history-and-civilization,has_topic,Broad domain bridge from history-and-civilizational-recovery to the nearest synthesized wiki topic; use for traversal when no narrower title match exists.
b1000:727,wiki:indian-history-and-civilization,has_topic,Broad domain bridge from history-and-civilizational-recovery to the nearest synthesized wiki topic; use for traversal when no narrower title match exists.
b1000:728,wiki:indian-history-and-civilization,has_topic,Broad domain bridge from history-and-civilizational-recovery to the nearest synthesized wiki topic; use for traversal when no narrower title match exists.
b1000:729,wiki:indian-history-and-civilization,has_topic,Broad domain bridge from history-and-civilizational-recovery to the nearest synthesized wiki topic; use for traversal when no narrower title match exists.
b1000:730,wiki:indian-history-and-civilization,has_topic,Broad domain bridge from history-and-civilizational-recovery to the nearest synthesized wiki topic; use for traversal when no narrower title match exists.
b1000:735,wiki:indian-history-and-civilization,has_topic,Broad domain bridge from history-and-civilizational-recovery to the nearest synthesized wiki topic; use for traversal when no narrower title match exists.
b1000:738,wiki:indian-history-and-civilization,has_topic,Broad domain bridge from history-and-civilizational-recovery to the nearest synthesized wiki topic; use for traversal when no narrower title match exists.
b1000:740,wiki:indian-history-and-civilization,has_topic,Broad domain bridge from history-and-civilizational-recovery to the nearest synthesized wiki topic; use for traversal when no narrower title match exists.
b1000:741,wiki:indian-history-and-civilization,has_topic,Broad domain bridge from history-and-civilizational-recovery to the nearest synthesized wiki topic; use for traversal when no narrower title match exists.
b1000:742,wiki:indian-history-and-civilization,has_topic,Broad domain bridge from history-and-civilizational-recovery to the nearest synthesized wiki topic; use for traversal when no narrower title match exists.
b1000:743,wiki:indian-history-and-civilization,has_topic,Broad domain bridge from history-and-civilizational-recovery to the nearest synthesized wiki topic; use for traversal when no narrower title match exists.
b1000:744,wiki:indian-history-and-civilization,has_topic,Broad domain bridge from history-and-civilizational-recovery to the nearest synthesized wiki topic; use for traversal when no narrower title match exists.
b1000:745,wiki:indian-history-and-civilization,has_topic,Broad domain bridge from history-and-civilizational-recovery to the nearest synthesized wiki topic; use for traversal when no narrower title match exists.
b1000:746,wiki:indian-history-and-civilization,has_topic,Broad domain bridge from history-and-civilizational-recovery to the nearest synthesized wiki topic; use for traversal when no narrower title match exists.
b1000:747,wiki:indian-history-and-civilization,has_topic,Broad domain bridge from history-and-civilizational-recovery to the nearest synthesized wiki topic; use for traversal when no narrower title match exists.
b1000:748,wiki:indian-history-and-civilization,has_topic,Broad domain bridge from history-and-civilizational-recovery to the nearest synthesized wiki topic; use for traversal when no narrower title match exists.
b1000:749,wiki:indian-history-and-civilization,has_topic,Broad domain bridge from history-and-civilizational-recovery to the nearest synthesized wiki topic; use for traversal when no narrower title match exists.
b1000:750,wiki:indian-history-and-civilization,has_topic,Broad domain bridge from history-and-civilizational-recovery to the nearest synthesized wiki topic; use for traversal when no narrower title match exists.
b1000:751,wiki:indian-history-and-civilization,has_topic,Broad domain bridge from history-and-civilizational-recovery to the nearest synthesized wiki topic; use for traversal when no narrower title match exists.
b1000:752,wiki:indian-history-and-civilization,has_topic,Broad domain bridge from history-and-civilizational-recovery to the nearest synthesized wiki topic; use for traversal when no narrower title match exists.
b1000:753,wiki:indian-history-and-civilization,has_topic,Broad domain bridge from history-and-civilizational-recovery to the nearest synthesized wiki topic; use for traversal when no narrower title match exists.
b1000:754,wiki:indian-history-and-civilization,has_topic,Broad domain bridge from history-and-civilizational-recovery to the nearest synthesized wiki topic; use for traversal when no narrower title match exists.
b1000:755,wiki:indian-history-and-civilization,has_topic,Broad domain bridge from history-and-civilizational-recovery to the nearest synthesized wiki topic; use for traversal when no narrower title match exists.
b1000:756,wiki:indian-history-and-civilization,has_topic,Broad domain bridge from history-and-civilizational-recovery to the nearest synthesized wiki topic; use for traversal when no narrower title match exists.
b1000:757,wiki:indian-history-and-civilization,has_topic,Broad domain bridge from history-and-civilizational-recovery to the nearest synthesized wiki topic; use for traversal when no narrower title match exists.
b1000:758,wiki:indian-history-and-civilization,has_topic,Broad domain bridge from history-and-civilizational-recovery to the nearest synthesized wiki topic; use for traversal when no narrower title match exists.
b1000:759,wiki:indian-history-and-civilization,has_topic,Broad domain bridge from history-and-civilizational-recovery to the nearest synthesized wiki topic; use for traversal when no narrower title match exists.
b1000:760,wiki:indian-history-and-civilization,has_topic,Broad domain bridge from history-and-civilizational-recovery to the nearest synthesized wiki topic; use for traversal when no narrower title match exists.
b1000:761,wiki:indian-history-and-civilization,has_topic,Broad domain bridge from history-and-civilizational-recovery to the nearest synthesized wiki topic; use for traversal when no narrower title match exists.
b1000:762,wiki:indian-history-and-civilization,has_topic,Broad domain bridge from history-and-civilizational-recovery to the nearest synthesized wiki topic; use for traversal when no narrower title match exists.
b1000:763,wiki:indian-history-and-civilization,has_topic,Broad domain bridge from history-and-civilizational-recovery to the nearest synthesized wiki topic; use for traversal when no narrower title match exists.
b1000:764,wiki:indian-history-and-civilization,has_topic,Broad domain bridge from history-and-civilizational-recovery to the nearest synthesized wiki topic; use for traversal when no narrower title match exists.
b1000:765,wiki:indian-history-and-civilization,has_topic,Broad domain bridge from history-and-civilizational-recovery to the nearest synthesized wiki topic; use for traversal when no narrower title match exists.
b1000:768,wiki:indian-history-and-civilization,has_topic,Broad domain bridge from history-and-civilizational-recovery to the nearest synthesized wiki topic; use for traversal when no narrower title match exists.
b1000:769,wiki:indian-history-and-civilization,has_topic,Broad domain bridge from history-and-civilizational-recovery to the nearest synthesized wiki topic; use for traversal when no narrower title match exists.
b1000:770,wiki:indian-history-and-civilization,has_topic,Broad domain bridge from history-and-civilizational-recovery to the nearest synthesized wiki topic; use for traversal when no narrower title match exists.
b1000:771,wiki:indian-history-and-civilization,has_topic,Broad domain bridge from history-and-civilizational-recovery to the nearest synthesized wiki topic; use for traversal when no narrower title match exists.
b1000:772,wiki:indian-history-and-civilization,has_topic,Broad domain bridge from history-and-civilizational-recovery to the nearest synthesized wiki topic; use for traversal when no narrower title match exists.
b1000:773,wiki:colonial-indology,has_topic,Broad domain bridge from indology-and-civilizational-critique to the nearest synthesized wiki topic; use for traversal when no narrower title match exists.
b1000:774,wiki:colonial-indology,has_topic,Broad domain bridge from indology-and-civilizational-critique to the nearest synthesized wiki topic; use for traversal when no narrower title match exists.
b1000:775,wiki:colonial-indology,has_topic,Broad domain bridge from indology-and-civilizational-critique to the nearest synthesized wiki topic; use for traversal when no narrower title match exists.
b1000:778,wiki:colonial-indology,has_topic,Broad domain bridge from indology-and-civilizational-critique to the nearest synthesized wiki topic; use for traversal when no narrower title match exists.
b1000:779,wiki:colonial-indology,has_topic,Broad domain bridge from indology-and-civilizational-critique to the nearest synthesized wiki topic; use for traversal when no narrower title match exists.
b1000:780,wiki:colonial-indology,has_topic,Broad domain bridge from indology-and-civilizational-critique to the nearest synthesized wiki topic; use for traversal when no narrower title match exists.
b1000:781,wiki:colonial-indology,has_topic,Broad domain bridge from indology-and-civilizational-critique to the nearest synthesized wiki topic; use for traversal when no narrower title match exists.
b1000:783,wiki:colonial-indology,has_topic,Broad domain bridge from indology-and-civilizational-critique to the nearest synthesized wiki topic; use for traversal when no narrower title match exists.
b1000:784,wiki:colonial-indology,has_topic,Broad domain bridge from indology-and-civilizational-critique to the nearest synthesized wiki topic; use for traversal when no narrower title match exists.
b1000:785,wiki:colonial-indology,has_topic,Broad domain bridge from indology-and-civilizational-critique to the nearest synthesized wiki topic; use for traversal when no narrower title match exists.
b1000:786,wiki:colonial-indology,has_topic,Broad domain bridge from indology-and-civilizational-critique to the nearest synthesized wiki topic; use for traversal when no narrower title match exists.
b1000:787,wiki:colonial-indology,has_topic,Broad domain bridge from indology-and-civilizational-critique to the nearest synthesized wiki topic; use for traversal when no narrower title match exists.
b1000:789,wiki:colonial-indology,has_topic,Broad domain bridge from indology-and-civilizational-critique to the nearest synthesized wiki topic; use for traversal when no narrower title match exists.
b1000:790,wiki:colonial-indology,has_topic,Broad domain bridge from indology-and-civilizational-critique to the nearest synthesized wiki topic; use for traversal when no narrower title match exists.
b1000:794,wiki:colonial-indology,has_topic,Broad domain bridge from indology-and-civilizational-critique to the nearest synthesized wiki topic; use for traversal when no narrower title match exists.
b1000:796,wiki:colonial-indology,has_topic,Broad domain bridge from indology-and-civilizational-critique to the nearest synthesized wiki topic; use for traversal when no narrower title match exists.
b1000:797,wiki:colonial-indology,has_topic,Broad domain bridge from indology-and-civilizational-critique to the nearest synthesized wiki topic; use for traversal when no narrower title match exists.
b1000:798,wiki:colonial-indology,has_topic,Broad domain bridge from indology-and-civilizational-critique to the nearest synthesized wiki topic; use for traversal when no narrower title match exists.
b1000:800,wiki:colonial-indology,has_topic,Broad domain bridge from indology-and-civilizational-critique to the nearest synthesized wiki topic; use for traversal when no narrower title match exists.
b1000:802,wiki:colonial-indology,has_topic,Broad domain bridge from indology-and-civilizational-critique to the nearest synthesized wiki topic; use for traversal when no narrower title match exists.
b1000:806,wiki:comparative-religion-methodology,has_topic,Broad domain bridge from indology-and-civilizational-critique to the nearest synthesized wiki topic; use for traversal when no narrower title match exists.
b1000:807,wiki:comparative-religion-methodology,has_topic,Broad domain bridge from indology-and-civilizational-critique to the nearest synthesized wiki topic; use for traversal when no narrower title match exists.
b1000:817,wiki:comparative-religion-methodology,has_topic,Broad domain bridge from indology-and-civilizational-critique to the nearest synthesized wiki topic; use for traversal when no narrower title match exists.
b1000:818,wiki:comparative-religion-methodology,has_topic,Broad domain bridge from indology-and-civilizational-critique to the nearest synthesized wiki topic; use for traversal when no narrower title match exists.
b1000:819,wiki:comparative-religion-methodology,has_topic,Broad domain bridge from indology-and-civilizational-critique to the nearest synthesized wiki topic; use for traversal when no narrower title match exists.
b1000:820,wiki:comparative-religion-methodology,has_topic,Broad domain bridge from indology-and-civilizational-critique to the nearest synthesized wiki topic; use for traversal when no narrower title match exists.
b1000:821,wiki:comparative-religion-methodology,has_topic,Broad domain bridge from indology-and-civilizational-critique to the nearest synthesized wiki topic; use for traversal when no narrower title match exists.
b1000:822,wiki:comparative-religion-methodology,has_topic,Broad domain bridge from indology-and-civilizational-critique to the nearest synthesized wiki topic; use for traversal when no narrower title match exists.
b1000:823,wiki:comparative-religion-methodology,has_topic,Broad domain bridge from indology-and-civilizational-critique to the nearest synthesized wiki topic; use for traversal when no narrower title match exists.
b1000:824,wiki:comparative-religion-methodology,has_topic,Broad domain bridge from indology-and-civilizational-critique to the nearest synthesized wiki topic; use for traversal when no narrower title match exists.
b1000:825,wiki:comparative-religion-methodology,has_topic,Broad domain bridge from indology-and-civilizational-critique to the nearest synthesized wiki topic; use for traversal when no narrower title match exists.
b1000:826,wiki:comparative-religion-methodology,has_topic,Broad domain bridge from indology-and-civilizational-critique to the nearest synthesized wiki topic; use for traversal when no narrower title match exists.
b1000:827,wiki:comparative-religion-methodology,has_topic,Broad domain bridge from indology-and-civilizational-critique to the nearest synthesized wiki topic; use for traversal when no narrower title match exists.
b1000:828,wiki:comparative-religion-methodology,has_topic,Broad domain bridge from indology-and-civilizational-critique to the nearest synthesized wiki topic; use for traversal when no narrower title match exists.
b1000:829,wiki:comparative-religion-methodology,has_topic,Broad domain bridge from indology-and-civilizational-critique to the nearest synthesized wiki topic; use for traversal when no narrower title match exists.
b1000:838,wiki:colonial-indology,has_topic,Broad domain bridge from indology-and-civilizational-critique to the nearest synthesized wiki topic; use for traversal when no narrower title match exists.
b1000:839,wiki:colonial-indology,has_topic,Broad domain bridge from indology-and-civilizational-critique to the nearest synthesized wiki topic; use for traversal when no narrower title match exists.
b1000:861,wiki:indian-art-and-aesthetics,has_topic,Broad domain bridge from arts-and-aesthetics to the nearest synthesized wiki topic; use for traversal when no narrower title match exists.
b1000:909,wiki:indian-knowledge-systems,has_topic,Broad domain bridge from knowledge-systems-and-education to the nearest synthesized wiki topic; use for traversal when no narrower title match exists.
b1000:910,wiki:indian-knowledge-systems,has_topic,Broad domain bridge from knowledge-systems-and-education to the nearest synthesized wiki topic; use for traversal when no narrower title match exists.
b1000:913,wiki:indian-knowledge-systems,has_topic,Broad domain bridge from knowledge-systems-and-education to the nearest synthesized wiki topic; use for traversal when no narrower title match exists.
b1000:915,wiki:indian-knowledge-systems,has_topic,Broad domain bridge from knowledge-systems-and-education to the nearest synthesized wiki topic; use for traversal when no narrower title match exists.
b1000:916,wiki:indian-knowledge-systems,has_topic,Broad domain bridge from knowledge-systems-and-education to the nearest synthesized wiki topic; use for traversal when no narrower title match exists.
b1000:917,wiki:indian-knowledge-systems,has_topic,Broad domain bridge from knowledge-systems-and-education to the nearest synthesized wiki topic; use for traversal when no narrower title match exists.
b1000:918,wiki:indian-knowledge-systems,has_topic,Broad domain bridge from knowledge-systems-and-education to the nearest synthesized wiki topic; use for traversal when no narrower title match exists.
b1000:919,wiki:indian-knowledge-systems,has_topic,Broad domain bridge from knowledge-systems-and-education to the nearest synthesized wiki topic; use for traversal when no narrower title match exists.
b1000:920,wiki:indian-knowledge-systems,has_topic,Broad domain bridge from knowledge-systems-and-education to the nearest synthesized wiki topic; use for traversal when no narrower title match exists.
b1000:922,wiki:indian-knowledge-systems,has_topic,Broad domain bridge from knowledge-systems-and-education to the nearest synthesized wiki topic; use for traversal when no narrower title match exists.
b1000:923,wiki:indian-knowledge-systems,has_topic,Broad domain bridge from knowledge-systems-and-education to the nearest synthesized wiki topic; use for traversal when no narrower title match exists.
b1000:924,wiki:indian-knowledge-systems,has_topic,Broad domain bridge from knowledge-systems-and-education to the nearest synthesized wiki topic; use for traversal when no narrower title match exists.
b1000:925,wiki:indian-knowledge-systems,has_topic,Broad domain bridge from knowledge-systems-and-education to the nearest synthesized wiki topic; use for traversal when no narrower title match exists.
b1000:926,wiki:indian-knowledge-systems,has_topic,Broad domain bridge from knowledge-systems-and-education to the nearest synthesized wiki topic; use for traversal when no narrower title match exists.
b1000:927,wiki:indian-knowledge-systems,has_topic,Broad domain bridge from knowledge-systems-and-education to the nearest synthesized wiki topic; use for traversal when no narrower title match exists.
b1000:928,wiki:indian-knowledge-systems,has_topic,Broad domain bridge from knowledge-systems-and-education to the nearest synthesized wiki topic; use for traversal when no narrower title match exists.
b1000:929,wiki:indian-knowledge-systems,has_topic,Broad domain bridge from knowledge-systems-and-education to the nearest synthesized wiki topic; use for traversal when no narrower title match exists.
b1000:934,wiki:indian-knowledge-systems,has_topic,Broad domain bridge from knowledge-systems-and-education to the nearest synthesized wiki topic; use for traversal when no narrower title match exists.
b1000:936,wiki:indian-knowledge-systems,has_topic,Broad domain bridge from knowledge-systems-and-education to the nearest synthesized wiki topic; use for traversal when no narrower title match exists.
b1000:937,wiki:indian-knowledge-systems,has_topic,Broad domain bridge from knowledge-systems-and-education to the nearest synthesized wiki topic; use for traversal when no narrower title match exists.
b1000:943,wiki:dharma,has_topic,Broad domain bridge from dharmashastra-and-polity to the nearest synthesized wiki topic; use for traversal when no narrower title match exists.
b1000:945,wiki:dharma,has_topic,Broad domain bridge from dharmashastra-and-polity to the nearest synthesized wiki topic; use for traversal when no narrower title match exists.
b1000:947,wiki:dharma,has_topic,Broad domain bridge from dharmashastra-and-polity to the nearest synthesized wiki topic; use for traversal when no narrower title match exists.
b1000:948,wiki:dharma,has_topic,Broad domain bridge from dharmashastra-and-polity to the nearest synthesized wiki topic; use for traversal when no narrower title match exists.
b1000:949,wiki:dharma,has_topic,Broad domain bridge from dharmashastra-and-polity to the nearest synthesized wiki topic; use for traversal when no narrower title match exists.
b1000:950,wiki:dharma,has_topic,Broad domain bridge from dharmashastra-and-polity to the nearest synthesized wiki topic; use for traversal when no narrower title match exists.
b1000:951,wiki:dharma,has_topic,Broad domain bridge from dharmashastra-and-polity to the nearest synthesized wiki topic; use for traversal when no narrower title match exists.
b1000:953,wiki:dharma,has_topic,Broad domain bridge from dharmashastra-and-polity to the nearest synthesized wiki topic; use for traversal when no narrower title match exists.
b1000:954,wiki:dharma,has_topic,Broad domain bridge from dharmashastra-and-polity to the nearest synthesized wiki topic; use for traversal when no narrower title match exists.
b1000:960,wiki:sanskrit-and-linguistic-traditions,has_topic,Broad domain bridge from language-and-sanskrit to the nearest synthesized wiki topic; use for traversal when no narrower title match exists.
b1000:967,wiki:civilizational-theory-and-method,has_topic,Broad domain bridge from civilizational-consciousness to the nearest synthesized wiki topic; use for traversal when no narrower title match exists.
b1000:968,wiki:civilizational-theory-and-method,has_topic,Broad domain bridge from civilizational-consciousness to the nearest synthesized wiki topic; use for traversal when no narrower title match exists.
b1000:970,wiki:civilizational-theory-and-method,has_topic,Broad domain bridge from civilizational-consciousness to the nearest synthesized wiki topic; use for traversal when no narrower title match exists.
b1000:972,wiki:civilizational-theory-and-method,has_topic,Broad domain bridge from civilizational-consciousness to the nearest synthesized wiki topic; use for traversal when no narrower title match exists.
b1000:974,wiki:civilizational-theory-and-method,has_topic,Broad domain bridge from civilizational-consciousness to the nearest synthesized wiki topic; use for traversal when no narrower title match exists.
b1000:975,wiki:civilizational-theory-and-method,has_topic,Broad domain bridge from civilizational-consciousness to the nearest synthesized wiki topic; use for traversal when no narrower title match exists.
b1000:977,wiki:civilizational-theory-and-method,has_topic,Broad domain bridge from civilizational-consciousness to the nearest synthesized wiki topic; use for traversal when no narrower title match exists.
b1000:982,wiki:indian-history-and-civilization,has_topic,Broad domain bridge from history-and-civilizational-recovery to the nearest synthesized wiki topic; use for traversal when no narrower title match exists.
b1000:983,wiki:indian-history-and-civilization,has_topic,Broad domain bridge from history-and-civilizational-recovery to the nearest synthesized wiki topic; use for traversal when no narrower title match exists.
b1000:984,wiki:indian-history-and-civilization,has_topic,Broad domain bridge from history-and-civilizational-recovery to the nearest synthesized wiki topic; use for traversal when no narrower title match exists.
b1000:985,wiki:indian-history-and-civilization,has_topic,Broad domain bridge from history-and-civilizational-recovery to the nearest synthesized wiki topic; use for traversal when no narrower title match exists.
b1000:986,wiki:indian-history-and-civilization,has_topic,Broad domain bridge from history-and-civilizational-recovery to the nearest synthesized wiki topic; use for traversal when no narrower title match exists.
b1000:987,wiki:indian-history-and-civilization,has_topic,Broad domain bridge from history-and-civilizational-recovery to the nearest synthesized wiki topic; use for traversal when no narrower title match exists.
b1000:989,wiki:indian-history-and-civilization,has_topic,Broad domain bridge from history-and-civilizational-recovery to the nearest synthesized wiki topic; use for traversal when no narrower title match exists.
b1000:990,wiki:indian-history-and-civilization,has_topic,Broad domain bridge from history-and-civilizational-recovery to the nearest synthesized wiki topic; use for traversal when no narrower title match exists.
b1000:991,wiki:indian-history-and-civilization,has_topic,Broad domain bridge from history-and-civilizational-recovery to the nearest synthesized wiki topic; use for traversal when no narrower title match exists.
b1000:996,wiki:indian-history-and-civilization,has_topic,Broad domain bridge from history-and-civilizational-recovery to the nearest synthesized wiki topic; use for traversal when no narrower title match exists.
b1000:997,wiki:indian-history-and-civilization,has_topic,Broad domain bridge from history-and-civilizational-recovery to the nearest synthesized wiki topic; use for traversal when no narrower title match exists.
b1000:998,wiki:indian-history-and-civilization,has_topic,Broad domain bridge from history-and-civilizational-recovery to the nearest synthesized wiki topic; use for traversal when no narrower title match exists.
b1000:999,wiki:indian-history-and-civilization,has_topic,Broad domain bridge from history-and-civilizational-recovery to the nearest synthesized wiki topic; use for traversal when no narrower title match exists.
blog:how-to-build-a-civilization,question:hindu-institution-generate,addresses,"Civilization-building argument centered on institutions, continuity, and Sanskritic civilizational memory"
blog:how-to-build-a-civilization,question:will-save-sanatana-dharma,addresses,Frames survival as deliberate civilizational construction rather than sentiment alone
blog:what-bodha-logo-means,question:being-indian,addresses,"Bodha symbol essay articulates Indian self-understanding through square, circle, and eye motifs"
blog:civilizations-as-karmic-streams,question:being-indian,addresses,Defines civilizational identity through inherited karmic continuity
blog:dharmika-frame-for-sustainability-and-technology,question:modernity-and-hindu-values,addresses,Directly tests technology and sustainability through a Dharmika value frame
blog:grandhistoryone,question:being-indian,addresses,Grand-history framing places Indian identity inside a long civilizational arc
blog:bharatiya-wanderlust-1,question:hindu-renaissance,addresses,Out-of-India defense challenges colonial-origin history as a condition of civilizational recovery
blog:bharatiya-wanderlust-2,question:hindu-renaissance,addresses,Continuation of the OIT argument as civilizational-historical recovery
blog:bharatiya-wanderlust-3,question:hindu-renaissance,addresses,Continuation of the OIT argument as civilizational-historical recovery
blog:hinduisminblindspot1,question:what-will-destroy,addresses,Names conceptual blind spots that leave Hindu society unable to see threats clearly
blog:hinduisminblindspot2,question:what-will-destroy,addresses,Extends the blind-spot diagnosis into civilizational vulnerability
blog:tightrope,question:modernity-and-hindu-values,addresses,Reads technological modernity through the Big Brother/Soma tension
blog:tightrope,question:what-will-destroy,addresses,Frames social control and pleasure-sedation as civilizational dangers
blog:cultureandwarfare,question:modernity-and-hindu-values,addresses,"Examines warfare, culture, and Dharma as a modern civilizational balance problem"
blog:freedomofexpression,question:modernity-and-hindu-values,addresses,Freedom of expression is treated as a modern value requiring Dharmic evaluation
blog:freedomofexpression,question:what-will-destroy,addresses,Uses expression politics as a site of civilizational vulnerability and purva-paksha
blog:sanskritvsfate,question:hindu-renaissance,addresses,Language recovery and critique of FATE languages are framed as prerequisites for renaissance
blog:sanskritvsfate,question:what-will-destroy,addresses,Shows how language regimes can erase Dharmic categories of thought
blog:decolonizinglanguage,question:being-indian,addresses,Language decolonization is presented as recovery of Indian self-understanding
blog:decolonizinglanguage,question:hindu-renaissance,addresses,Decolonizing language is treated as a practical path toward civilizational renewal
blog:battleagainsthindusinmanipur,question:what-will-destroy,addresses,"Manipur case study of conflict, conversion pressure, and civilizational threat"
blog:indicenvironmentalism,question:modernity-and-hindu-values,addresses,Balances environmental modernity with Indic tradition and innovation
blog:chath,question:practice-but-not-proven,addresses,Living festival practice carries cultural meaning that exceeds modern proof regimes
blog:ahoiashtami,question:practice-but-not-proven,addresses,Festival ecology shows embodied knowledge preserved through practice
blog:turnersoftime,question:practice-but-not-proven,addresses,Explains calendar and festival rotation as lived cosmological practice
blog:historyvsitihasa,question:practice-but-not-proven,addresses,Contrasts proof-oriented history with ontological Itihasa as a knowledge mode
blog:historyvsitihasa,question:being-indian,addresses,Itihasa argument grounds Indian identity in a different relation to history
blog:problemofculturetransmission,question:will-save-sanatana-dharma,addresses,Directly studies how culture can be transmitted rather than merely remembered
blog:problemofculturetransmission,question:what-will-destroy,addresses,Cultural transmission failure is treated as a civilizational risk
blog:towardsdharmacentricpolity,question:new-indian-republic,addresses,Tilak and Ganesh Utsava are used to think Dharma-centric public life and polity
blog:towardsdharmacentricpolity,question:hindu-institution-generate,addresses,Explores public festival as an institution-generating Hindu form
blog:kshetrashastrautsava,question:core-of-sanatana-dharma,addresses,"Kshetra, Shastra, and Utsava are presented as core civilizational pillars"
blog:kshetrashastrautsava,question:will-save-sanatana-dharma,addresses,"Frames preservation through lived place, scripture, and festival practice"
blog:indiancivilizationalconsciousness,question:being-indian,addresses,Direct articulation of Indian civilizational consciousness
blog:indiancivilizationalconsciousness,question:hindu-unity-and-diversity,addresses,Civilizational consciousness offers coherence across internal plurality
blog:synaptic-reconnection-1,question:hindu-renaissance,addresses,Synaptic reconnection is framed as a schema for civilizational recovery
blog:synaptic-reconnection-2,question:hindu-renaissance,addresses,Continuation of the reconnection schema for civilizational recovery
blog:questforharmony,question:being-indian,addresses,Harmony essay speaks to civilizational identity and self-orientation
blog:what-bodha-logo-means,project:artist-in-art,supports_project,Bodha logo essay contributes symbolic and aesthetic material for studying the artist in art
blog:rathaasbija,project:artist-in-art,supports_project,"Ratha as civilizational symbol supplies form, meaning, and aesthetic-civilizational interpretation"
blog:dharmikagene,project:hindu-frameworks-of-education,supports_project,Dharmika gene essay links civilizational knowledge transmission with educational framing
blog:sanskritvsfate,project:hindu-frameworks-of-education,supports_project,Language critique supplies material for Hindu educational frameworks and knowledge categories
blog:decolonizinglanguage,project:hindu-frameworks-of-education,supports_project,Language decolonization directly supports education as cognitive decolonization
blog:four-aphorisms,project:hindu-frameworks-of-education,supports_project,Compact Dharmika aphorisms can seed a Hindu civilizational education framework
blog:how-to-build-a-civilization,project:hindu-frameworks-of-education,supports_project,Civilization-building argument emphasizes knowledge transmission and Sanskritic continuity
blog:kannur-sacred-heart-of-kerala,project:hindu-models-of-temple-management,supports_project,Anveshi field travel through Kannur supplies lived temple and sacred-geography observations
blog:journey-with-anveshi,project:hindu-models-of-temple-management,supports_project,Anveshi journey essay frames temple-centered rediscovery and community practice
blog:kshetrashastrautsava,project:hindu-models-of-temple-management,supports_project,"Kshetra, Shastra, Utsava model is directly relevant to temple-centered institutional life"
blog:towardsdharmacentricpolity,project:hindu-models-of-temple-management,supports_project,Tilak and festival institutionalization inform Hindu public religious management models
blog:ramajanmabhumi,project:hindu-models-of-temple-management,supports_project,Ayodhya return essay connects temple restoration with civilizational institutional memory
blog:artificialintelligence,project:hindu-response-to-enlightenment,supports_project,AI essay tests modern technological rationality through a Dharmika frame
blog:artificialintelligencetwo,project:hindu-response-to-enlightenment,supports_project,AI continuation extends the Hindu response to technological modernity
blog:tightrope,project:hindu-response-to-enlightenment,supports_project,Big Brother/Soma essay critiques modern control and pleasure regimes from a Dharmika standpoint
blog:dharmika-frame-for-sustainability-and-technology,project:hindu-response-to-enlightenment,supports_project,Sustainability and technology are treated through a Dharmika civilizational response
blog:freedomofexpression,project:hindu-response-to-enlightenment,supports_project,Freedom of expression becomes a case for evaluating Enlightenment-derived categories
blog:hinduisminblindspot1,project:hindu-response-to-enlightenment,supports_project,Blind-spot critique supplies material on Hindu misrecognition under modern frameworks
blog:hinduisminblindspot2,project:hindu-response-to-enlightenment,supports_project,Continuation of the blind-spot critique under modern frameworks
blog:grandhistoryone,project:hindu-school-of-history,supports_project,Grand-history essay contributes macrohistorical framing for a Hindu school of history
blog:historyvsitihasa,project:hindu-school-of-history,supports_project,Itihasa/history distinction is foundational to Hindu historiography
blog:bharatiya-wanderlust-1,project:hindu-school-of-history,supports_project,OIT defense supplies historical-method material for civilizational historiography
blog:bharatiya-wanderlust-2,project:hindu-school-of-history,supports_project,Continuation of OIT historical-method material
blog:bharatiya-wanderlust-3,project:hindu-school-of-history,supports_project,Continuation of OIT historical-method material
blog:dasharajna1,project:hindu-school-of-history,supports_project,Rigvedic Dāśarājña reinterpretation supplies concrete Hindu-historical analysis
blog:dasharajna2,project:hindu-school-of-history,supports_project,Continuation of Rigvedic Dāśarājña historical analysis
blog:dasharajna3,project:hindu-school-of-history,supports_project,Continuation of Rigvedic Dāśarājña historical analysis
blog:fractalmandalaone,project:hindu-school-of-history,supports_project,Macrohistoric civilizational primacy argument contributes to Hindu historical framing
blog:fractalmandalatwo,project:hindu-school-of-history,supports_project,Continuation of macrohistoric civilizational primacy argument
blog:civilizations-as-karmic-streams,project:hindu-school-of-history,supports_project,Karmic-stream model frames history as civilizational continuity
blog:chath,project:interchanging-dynamics-of-hindu-family,supports_project,Festival homecoming essay shows family and locality as carriers of tradition
blog:ahoiashtami,project:interchanging-dynamics-of-hindu-family,supports_project,Ahoi Ashtami ecology and family observance support family-centered transmission study
blog:turnersoftime,project:interchanging-dynamics-of-hindu-family,supports_project,Festival calendar essay shows repeated household and community transmission cycles
blog:towardsdharmacentricpolity,project:structure-of-hindu-charity,supports_project,Public festival organization offers a model for Hindu collective mobilization and support structures
blog:how-to-build-a-civilization,project:structure-of-hindu-charity,supports_project,Civilization-building essay supports institutional and support-structure thinking
book:bol-cry-hindutva-how-rhetoric-trumps-intellect,question:being-indian,addresses,"Explicit Indian, Hindu, tradition, or civilizational identity material"
book:bol-cry-hindutva-how-rhetoric-trumps-intellect,question:hindu-renaissance,addresses,"Civilizational recovery, origins, or critique material relevant to Hindu renaissance"
book:bol-cry-hindutva-how-rhetoric-trumps-intellect,question:what-will-destroy,addresses,"Adversarial, colonial, missionary, or civilizational-threat material for the destruction-risk question"
book:bol-cry-hindutva-how-rhetoric-trumps-intellect,project:hindu-response-to-enlightenment,supports_project,"Modernity, Enlightenment, humanities, or Indology critique material"
book:bol-german-indology-aryanism-and-anti-semitism,question:hindu-renaissance,addresses,"Civilizational recovery, origins, or critique material relevant to Hindu renaissance"
book:bol-german-indology-aryanism-and-anti-semitism,question:what-will-destroy,addresses,"Adversarial, colonial, missionary, or civilizational-threat material for the destruction-risk question"
book:bol-german-indology-aryanism-and-anti-semitism,project:hindu-response-to-enlightenment,supports_project,"Modernity, Enlightenment, humanities, or Indology critique material"
book:bol-german-indology-aryanism-and-anti-semitism,project:hindu-school-of-history,supports_project,"Historical, Itihasa, Vedic, origins, or archaeology material for Hindu historiography"
book:bol-greeks-in-india,question:being-indian,addresses,"Explicit Indian, Hindu, tradition, or civilizational identity material"
book:bol-greeks-in-india,project:hindu-response-to-enlightenment,supports_project,"Modernity, Enlightenment, humanities, or Indology critique material"
book:bol-heidegger-and-the-inquiry-into-technology,question:hindu-renaissance,addresses,"Civilizational recovery, origins, or critique material relevant to Hindu renaissance"
book:bol-heidegger-and-the-inquiry-into-technology,question:what-will-destroy,addresses,"Adversarial, colonial, missionary, or civilizational-threat material for the destruction-risk question"
book:bol-hindu-studies-in-a-secular-academy,question:being-indian,addresses,"Explicit Indian, Hindu, tradition, or civilizational identity material"
book:bol-hindu-studies-in-a-secular-academy,question:hindu-renaissance,addresses,"Civilizational recovery, origins, or critique material relevant to Hindu renaissance"
book:bol-hindu-studies-in-a-secular-academy,question:what-will-destroy,addresses,"Adversarial, colonial, missionary, or civilizational-threat material for the destruction-risk question"
book:bol-hindu-studies-in-a-secular-academy,project:hindu-response-to-enlightenment,supports_project,"Modernity, Enlightenment, humanities, or Indology critique material"
book:bol-hindu-temples-vol-1,question:being-indian,addresses,"Explicit Indian, Hindu, tradition, or civilizational identity material"
book:bol-hindu-temples-vol-1,question:hindu-renaissance,addresses,"Civilizational recovery, origins, or critique material relevant to Hindu renaissance"
book:bol-hindu-temples-vol-1,project:hindu-models-of-temple-management,supports_project,"Temple, tirtha, sacred-geography, or kshetra material for temple-management models"
book:bol-hindu-temples-vol-1,project:hindu-response-to-enlightenment,supports_project,"Modernity, Enlightenment, humanities, or Indology critique material"
book:bol-hindu-temples-vol-2,question:being-indian,addresses,"Explicit Indian, Hindu, tradition, or civilizational identity material"
book:bol-hindu-temples-vol-2,question:hindu-renaissance,addresses,"Civilizational recovery, origins, or critique material relevant to Hindu renaissance"
book:bol-hindu-temples-vol-2,question:what-will-destroy,addresses,"Adversarial, colonial, missionary, or civilizational-threat material for the destruction-risk question"
book:bol-hindu-temples-vol-2,project:hindu-models-of-temple-management,supports_project,"Temple, tirtha, sacred-geography, or kshetra material for temple-management models"
book:bol-hindu-temples-vol-2,project:hindu-response-to-enlightenment,supports_project,"Modernity, Enlightenment, humanities, or Indology critique material"
book:bol-how-i-became-a-hindu,question:will-save-sanatana-dharma,addresses,"Dharma, tradition, education, or recovery material for what saves Sanatana Dharma"
book:bol-how-i-became-a-hindu,project:hindu-response-to-enlightenment,supports_project,"Modernity, Enlightenment, humanities, or Indology critique material"
book:bol-jews-and-hindus-in-indology,question:being-indian,addresses,"Explicit Indian, Hindu, tradition, or civilizational identity material"
book:bol-jews-and-hindus-in-indology,question:hindu-renaissance,addresses,"Civilizational recovery, origins, or critique material relevant to Hindu renaissance"
book:bol-jews-and-hindus-in-indology,question:what-will-destroy,addresses,"Adversarial, colonial, missionary, or civilizational-threat material for the destruction-risk question"
book:bol-jews-and-hindus-in-indology,project:hindu-response-to-enlightenment,supports_project,"Modernity, Enlightenment, humanities, or Indology critique material"
book:bol-methods-and-context-rethinking-religion,question:hindu-renaissance,addresses,"Civilizational recovery, origins, or critique material relevant to Hindu renaissance"
book:bol-methods-and-context-rethinking-religion,question:what-will-destroy,addresses,"Adversarial, colonial, missionary, or civilizational-threat material for the destruction-risk question"
book:bol-methods-and-context-rethinking-religion,project:hindu-response-to-enlightenment,supports_project,"Modernity, Enlightenment, humanities, or Indology critique material"
book:bol-paradigm-lost-the-application-of-the-historical-critical-method-to-the-bhagavadgita,question:core-of-sanatana-dharma,addresses,"Classical Dharma, Veda, Yoga, Vedanta, or Darshana source for the core Sanatana Dharma question"
book:bol-paradigm-lost-the-application-of-the-historical-critical-method-to-the-bhagavadgita,question:hindu-renaissance,addresses,"Civilizational recovery, origins, or critique material relevant to Hindu renaissance"
book:bol-paradigm-lost-the-application-of-the-historical-critical-method-to-the-bhagavadgita,question:what-will-destroy,addresses,"Adversarial, colonial, missionary, or civilizational-threat material for the destruction-risk question"
book:bol-paradigm-lost-the-application-of-the-historical-critical-method-to-the-bhagavadgita,project:hindu-response-to-enlightenment,supports_project,"Modernity, Enlightenment, humanities, or Indology critique material"
book:bol-paradigm-lost-the-application-of-the-historical-critical-method-to-the-bhagavadgita,project:hindu-school-of-history,supports_project,"Historical, Itihasa, Vedic, origins, or archaeology material for Hindu historiography"
book:bol-philosophy-and-criticism,question:core-of-sanatana-dharma,addresses,"Classical Dharma, Veda, Yoga, Vedanta, or Darshana source for the core Sanatana Dharma question"
book:bol-philosophy-and-criticism,project:hindu-response-to-enlightenment,supports_project,"Modernity, Enlightenment, humanities, or Indology critique material"
book:bol-poetic-immortality-to-salvation,project:artist-in-art,supports_project,"Art, aesthetics, performance, or symbolic-form source for the Artist in Art project"
book:bol-poetic-immortality-to-salvation,project:hindu-response-to-enlightenment,supports_project,"Modernity, Enlightenment, humanities, or Indology critique material"
book:bol-pride-and-prejudice-orientalism-and-germany,question:hindu-renaissance,addresses,"Civilizational recovery, origins, or critique material relevant to Hindu renaissance"
book:bol-pride-and-prejudice-orientalism-and-germany,question:what-will-destroy,addresses,"Adversarial, colonial, missionary, or civilizational-threat material for the destruction-risk question"
book:bol-pride-and-prejudice-orientalism-and-germany,project:hindu-response-to-enlightenment,supports_project,"Modernity, Enlightenment, humanities, or Indology critique material"
book:bol-the-banality-of-indology,question:hindu-renaissance,addresses,"Civilizational recovery, origins, or critique material relevant to Hindu renaissance"
book:bol-the-banality-of-indology,question:what-will-destroy,addresses,"Adversarial, colonial, missionary, or civilizational-threat material for the destruction-risk question"
book:bol-the-banality-of-indology,project:hindu-response-to-enlightenment,supports_project,"Modernity, Enlightenment, humanities, or Indology critique material"
book:bol-the-nay-science,question:hindu-renaissance,addresses,"Civilizational recovery, origins, or critique material relevant to Hindu renaissance"
book:bol-the-nay-science,question:what-will-destroy,addresses,"Adversarial, colonial, missionary, or civilizational-threat material for the destruction-risk question"
book:bol-the-nay-science,project:hindu-response-to-enlightenment,supports_project,"Modernity, Enlightenment, humanities, or Indology critique material"
book:bol-the-origins-of-racism-in-the-humanities,question:hindu-renaissance,addresses,"Civilizational recovery, origins, or critique material relevant to Hindu renaissance"
book:bol-the-origins-of-racism-in-the-humanities,question:what-will-destroy,addresses,"Adversarial, colonial, missionary, or civilizational-threat material for the destruction-risk question"
book:bol-the-origins-of-racism-in-the-humanities,question:modernity-and-hindu-values,addresses,"Modernity, technology, humanities, or civilizational-values material"
book:bol-the-origins-of-racism-in-the-humanities,project:hindu-response-to-enlightenment,supports_project,"Modernity, Enlightenment, humanities, or Indology critique material"
book:bol-the-origins-of-racism-in-the-humanities,project:hindu-school-of-history,supports_project,"Historical, Itihasa, Vedic, origins, or archaeology material for Hindu historiography"
book:bol-the-passion-of-paul-hacker,question:hindu-renaissance,addresses,"Civilizational recovery, origins, or critique material relevant to Hindu renaissance"
book:bol-the-passion-of-paul-hacker,question:what-will-destroy,addresses,"Adversarial, colonial, missionary, or civilizational-threat material for the destruction-risk question"
book:bol-the-passion-of-paul-hacker,project:hindu-response-to-enlightenment,supports_project,"Modernity, Enlightenment, humanities, or Indology critique material"
book:bol-the-real-threat-to-humanities-today,question:hindu-renaissance,addresses,"Civilizational recovery, origins, or critique material relevant to Hindu renaissance"
book:bol-the-real-threat-to-humanities-today,question:what-will-destroy,addresses,"Adversarial, colonial, missionary, or civilizational-threat material for the destruction-risk question"
book:bol-the-real-threat-to-humanities-today,question:modernity-and-hindu-values,addresses,"Modernity, technology, humanities, or civilizational-values material"
book:bol-the-real-threat-to-humanities-today,project:hindu-response-to-enlightenment,supports_project,"Modernity, Enlightenment, humanities, or Indology critique material"
book:bol-theses-on-indology,question:hindu-renaissance,addresses,"Civilizational recovery, origins, or critique material relevant to Hindu renaissance"
book:bol-theses-on-indology,question:what-will-destroy,addresses,"Adversarial, colonial, missionary, or civilizational-threat material for the destruction-risk question"
book:bol-theses-on-indology,project:hindu-response-to-enlightenment,supports_project,"Modernity, Enlightenment, humanities, or Indology critique material"
book:bol-a-primer-of-indian-logic,question:core-of-sanatana-dharma,addresses,"Classical Dharma, Veda, Yoga, Vedanta, or Darshana source for the core Sanatana Dharma question"
book:bol-a-primer-of-indian-logic,question:being-indian,addresses,"Explicit Indian, Hindu, tradition, or civilizational identity material"
book:bol-a-primer-of-indian-logic,project:hindu-frameworks-of-education,supports_project,"Knowledge-system, Sanskrit, science, or education source for Hindu frameworks of education"
book:bol-an-elementary-treatise-on-mimamsa,question:core-of-sanatana-dharma,addresses,"Classical Dharma, Veda, Yoga, Vedanta, or Darshana source for the core Sanatana Dharma question"
book:bol-gangesa's-theory-of-truth,question:core-of-sanatana-dharma,addresses,"Classical Dharma, Veda, Yoga, Vedanta, or Darshana source for the core Sanatana Dharma question"
book:bol-gaudapada-karika,question:core-of-sanatana-dharma,addresses,"Classical Dharma, Veda, Yoga, Vedanta, or Darshana source for the core Sanatana Dharma question"
book:bol-gautama's-nyayasutras,question:core-of-sanatana-dharma,addresses,"Classical Dharma, Veda, Yoga, Vedanta, or Darshana source for the core Sanatana Dharma question"
book:bol-gheranda-samhita,question:core-of-sanatana-dharma,addresses,"Classical Dharma, Veda, Yoga, Vedanta, or Darshana source for the core Sanatana Dharma question"
book:bol-hindu-realism-an-introduction-to-vaisheshika,question:core-of-sanatana-dharma,addresses,"Classical Dharma, Veda, Yoga, Vedanta, or Darshana source for the core Sanatana Dharma question"
book:bol-hindu-realism-an-introduction-to-vaisheshika,question:being-indian,addresses,"Explicit Indian, Hindu, tradition, or civilizational identity material"
book:bol-hindu-realism-an-introduction-to-vaisheshika,question:will-save-sanatana-dharma,addresses,"Dharma, tradition, education, or recovery material for what saves Sanatana Dharma"
book:bol-history-of-dharmashastras-vol-1,question:core-of-sanatana-dharma,addresses,"Classical Dharma, Veda, Yoga, Vedanta, or Darshana source for the core Sanatana Dharma question"
book:bol-history-of-dharmashastras-vol-1,question:new-indian-republic,addresses,"Dharmashastra, polity, law, or statecraft material for the republic question"
book:bol-history-of-dharmashastras-vol-1,question:will-save-sanatana-dharma,addresses,"Dharma, tradition, education, or recovery material for what saves Sanatana Dharma"
book:bol-history-of-dharmashastras-vol-1,project:hindu-school-of-history,supports_project,"Historical, Itihasa, Vedic, origins, or archaeology material for Hindu historiography"
book:bol-history-of-dharmashastras-vol-1,project:structure-of-hindu-charity,supports_project,"Dharma, polity, civil society, institution, or charity material"
book:bol-history-of-dharmashastras-vol-2-part-1,question:core-of-sanatana-dharma,addresses,"Classical Dharma, Veda, Yoga, Vedanta, or Darshana source for the core Sanatana Dharma question"
book:bol-history-of-dharmashastras-vol-2-part-1,question:new-indian-republic,addresses,"Dharmashastra, polity, law, or statecraft material for the republic question"
book:bol-history-of-dharmashastras-vol-2-part-1,question:hindu-unity-and-diversity,addresses,"Itihasa, Purana, sectarian, festival, or living-tradition material for unity-in-diversity"
book:bol-history-of-dharmashastras-vol-2-part-1,project:artist-in-art,supports_project,"Art, aesthetics, performance, or symbolic-form source for the Artist in Art project"
book:bol-history-of-dharmashastras-vol-2-part-1,project:hindu-school-of-history,supports_project,"Historical, Itihasa, Vedic, origins, or archaeology material for Hindu historiography"
book:bol-history-of-dharmashastras-vol-2-part-2,question:core-of-sanatana-dharma,addresses,"Classical Dharma, Veda, Yoga, Vedanta, or Darshana source for the core Sanatana Dharma question"
book:bol-history-of-dharmashastras-vol-2-part-2,question:new-indian-republic,addresses,"Dharmashastra, polity, law, or statecraft material for the republic question"
book:bol-history-of-dharmashastras-vol-2-part-2,question:hindu-unity-and-diversity,addresses,"Itihasa, Purana, sectarian, festival, or living-tradition material for unity-in-diversity"
book:bol-history-of-dharmashastras-vol-2-part-2,project:artist-in-art,supports_project,"Art, aesthetics, performance, or symbolic-form source for the Artist in Art project"
book:bol-history-of-dharmashastras-vol-2-part-2,project:hindu-school-of-history,supports_project,"Historical, Itihasa, Vedic, origins, or archaeology material for Hindu historiography"
book:bol-history-of-dharmashastras-vol-2-part-2,project:interchanging-dynamics-of-hindu-family,supports_project,"Festival, family, household, or cultural-transmission material"
book:bol-history-of-dharmashastras-vol-3,question:core-of-sanatana-dharma,addresses,"Classical Dharma, Veda, Yoga, Vedanta, or Darshana source for the core Sanatana Dharma question"
book:bol-history-of-dharmashastras-vol-3,question:new-indian-republic,addresses,"Dharmashastra, polity, law, or statecraft material for the republic question"
book:bol-history-of-dharmashastras-vol-3,question:will-save-sanatana-dharma,addresses,"Dharma, tradition, education, or recovery material for what saves Sanatana Dharma"
book:bol-history-of-dharmashastras-vol-3,project:hindu-school-of-history,supports_project,"Historical, Itihasa, Vedic, origins, or archaeology material for Hindu historiography"
book:bol-history-of-dharmashastras-vol-3,project:structure-of-hindu-charity,supports_project,"Dharma, polity, civil society, institution, or charity material"
book:bol-history-of-dharmashastras-vol-4,question:core-of-sanatana-dharma,addresses,"Classical Dharma, Veda, Yoga, Vedanta, or Darshana source for the core Sanatana Dharma question"
book:bol-history-of-dharmashastras-vol-4,question:new-indian-republic,addresses,"Dharmashastra, polity, law, or statecraft material for the republic question"
book:bol-history-of-dharmashastras-vol-4,question:will-save-sanatana-dharma,addresses,"Dharma, tradition, education, or recovery material for what saves Sanatana Dharma"
book:bol-history-of-dharmashastras-vol-4,project:hindu-school-of-history,supports_project,"Historical, Itihasa, Vedic, origins, or archaeology material for Hindu historiography"
book:bol-history-of-dharmashastras-vol-4,project:structure-of-hindu-charity,supports_project,"Dharma, polity, civil society, institution, or charity material"
book:bol-history-of-dharmashastras-vol-5-part-1,question:core-of-sanatana-dharma,addresses,"Classical Dharma, Veda, Yoga, Vedanta, or Darshana source for the core Sanatana Dharma question"
book:bol-history-of-dharmashastras-vol-5-part-1,question:new-indian-republic,addresses,"Dharmashastra, polity, law, or statecraft material for the republic question"
book:bol-history-of-dharmashastras-vol-5-part-1,question:will-save-sanatana-dharma,addresses,"Dharma, tradition, education, or recovery material for what saves Sanatana Dharma"
book:bol-history-of-dharmashastras-vol-5-part-1,project:artist-in-art,supports_project,"Art, aesthetics, performance, or symbolic-form source for the Artist in Art project"
book:bol-history-of-dharmashastras-vol-5-part-1,project:hindu-school-of-history,supports_project,"Historical, Itihasa, Vedic, origins, or archaeology material for Hindu historiography"
book:bol-history-of-dharmashastras-vol-5-part-1,project:structure-of-hindu-charity,supports_project,"Dharma, polity, civil society, institution, or charity material"
book:bol-history-of-dharmashastras-vol-5-part-2,question:core-of-sanatana-dharma,addresses,"Classical Dharma, Veda, Yoga, Vedanta, or Darshana source for the core Sanatana Dharma question"
book:bol-history-of-dharmashastras-vol-5-part-2,question:new-indian-republic,addresses,"Dharmashastra, polity, law, or statecraft material for the republic question"
book:bol-history-of-dharmashastras-vol-5-part-2,question:will-save-sanatana-dharma,addresses,"Dharma, tradition, education, or recovery material for what saves Sanatana Dharma"
book:bol-history-of-dharmashastras-vol-5-part-2,project:artist-in-art,supports_project,"Art, aesthetics, performance, or symbolic-form source for the Artist in Art project"
book:bol-history-of-dharmashastras-vol-5-part-2,project:hindu-school-of-history,supports_project,"Historical, Itihasa, Vedic, origins, or archaeology material for Hindu historiography"
book:bol-history-of-dharmashastras-vol-5-part-2,project:structure-of-hindu-charity,supports_project,"Dharma, polity, civil society, institution, or charity material"
"book:bol-logic,-language-and-reality",question:practice-but-not-proven,addresses,"Knowledge-system, Sanskrit, science, or practice text relevant to what Hindus know through tradition and use"
"book:bol-logic,-language-and-reality",project:hindu-frameworks-of-education,supports_project,"Knowledge-system, Sanskrit, science, or education source for Hindu frameworks of education"
book:bol-outline-of-hindu-philosophy,question:core-of-sanatana-dharma,addresses,"Classical Dharma, Veda, Yoga, Vedanta, or Darshana source for the core Sanatana Dharma question"
book:bol-outline-of-hindu-philosophy,question:being-indian,addresses,"Explicit Indian, Hindu, tradition, or civilizational identity material"
book:bol-outline-of-hindu-philosophy,question:will-save-sanatana-dharma,addresses,"Dharma, tradition, education, or recovery material for what saves Sanatana Dharma"
book:bol-paratrishika-vivarana-by-abhinavagupta,question:core-of-sanatana-dharma,addresses,"Classical Dharma, Veda, Yoga, Vedanta, or Darshana source for the core Sanatana Dharma question"
book:bol-patanjali's-yogasutras,question:core-of-sanatana-dharma,addresses,"Classical Dharma, Veda, Yoga, Vedanta, or Darshana source for the core Sanatana Dharma question"
book:bol-purva-mimamsa-in-its-sources,question:core-of-sanatana-dharma,addresses,"Classical Dharma, Veda, Yoga, Vedanta, or Darshana source for the core Sanatana Dharma question"
book:bol-quintessence-of-brahmasutra,question:core-of-sanatana-dharma,addresses,"Classical Dharma, Veda, Yoga, Vedanta, or Darshana source for the core Sanatana Dharma question"
book:bol-sankhya-philosophy-by-banerji,question:core-of-sanatana-dharma,addresses,"Classical Dharma, Veda, Yoga, Vedanta, or Darshana source for the core Sanatana Dharma question"
book:bol-sastradipika,question:core-of-sanatana-dharma,addresses,"Classical Dharma, Veda, Yoga, Vedanta, or Darshana source for the core Sanatana Dharma question"
book:bol-siddhantabindu,question:core-of-sanatana-dharma,addresses,"Classical Dharma, Veda, Yoga, Vedanta, or Darshana source for the core Sanatana Dharma question"
book:bol-six-ways-of-knowing,question:core-of-sanatana-dharma,addresses,"Classical Dharma, Veda, Yoga, Vedanta, or Darshana source for the core Sanatana Dharma question"
book:bol-the-advaita-vedanta-of-brahmasiddhi,question:core-of-sanatana-dharma,addresses,"Classical Dharma, Veda, Yoga, Vedanta, or Darshana source for the core Sanatana Dharma question"
book:bol-the-advaita-vedanta-of-brahmasiddhi,question:hindu-renaissance,addresses,"Civilizational recovery, origins, or critique material relevant to Hindu renaissance"
book:bol-the-nyaya-theory-of-knowledge,question:core-of-sanatana-dharma,addresses,"Classical Dharma, Veda, Yoga, Vedanta, or Darshana source for the core Sanatana Dharma question"
book:bol-the-nyaya-theory-of-knowledge,question:practice-but-not-proven,addresses,"Knowledge-system, Sanskrit, science, or practice text relevant to what Hindus know through tradition and use"
book:bol-the-nyaya-theory-of-knowledge,project:hindu-frameworks-of-education,supports_project,"Knowledge-system, Sanskrit, science, or education source for Hindu frameworks of education"
book:bol-the-paramarthasara-of-adisesa,question:core-of-sanatana-dharma,addresses,"Classical Dharma, Veda, Yoga, Vedanta, or Darshana source for the core Sanatana Dharma question"
book:bol-the-paramarthasara-of-adisesa,project:artist-in-art,supports_project,"Art, aesthetics, performance, or symbolic-form source for the Artist in Art project"
book:bol-the-purva-mimamsa-sutras-of-jaimini,question:core-of-sanatana-dharma,addresses,"Classical Dharma, Veda, Yoga, Vedanta, or Darshana source for the core Sanatana Dharma question"
book:bol-the-sankhya-aphorisms-of-kapila,question:core-of-sanatana-dharma,addresses,"Classical Dharma, Veda, Yoga, Vedanta, or Darshana source for the core Sanatana Dharma question"
book:bol-the-sankhya-karika-of-iswara-krishna,question:core-of-sanatana-dharma,addresses,"Classical Dharma, Veda, Yoga, Vedanta, or Darshana source for the core Sanatana Dharma question"
book:bol-the-sankhya-philosophy,question:core-of-sanatana-dharma,addresses,"Classical Dharma, Veda, Yoga, Vedanta, or Darshana source for the core Sanatana Dharma question"
book:bol-the-sankhya-system-by-keith,question:core-of-sanatana-dharma,addresses,"Classical Dharma, Veda, Yoga, Vedanta, or Darshana source for the core Sanatana Dharma question"
book:bol-the-vaisheshika-darshan,question:core-of-sanatana-dharma,addresses,"Classical Dharma, Veda, Yoga, Vedanta, or Darshana source for the core Sanatana Dharma question"
book:bol-the-yogasutras-of-patanjali,question:core-of-sanatana-dharma,addresses,"Classical Dharma, Veda, Yoga, Vedanta, or Darshana source for the core Sanatana Dharma question"
book:bol-theories-of-language,question:practice-but-not-proven,addresses,"Knowledge-system, Sanskrit, science, or practice text relevant to what Hindus know through tradition and use"
book:bol-theories-of-language,project:hindu-frameworks-of-education,supports_project,"Knowledge-system, Sanskrit, science, or education source for Hindu frameworks of education"
book:bol-yogasutra-with-commentary-of-madhavacharya,question:core-of-sanatana-dharma,addresses,"Classical Dharma, Veda, Yoga, Vedanta, or Darshana source for the core Sanatana Dharma question"
book:bol-a-scheme-for-knowledge-representation-in-samskritam,question:practice-but-not-proven,addresses,"Knowledge-system, Sanskrit, science, or practice text relevant to what Hindus know through tradition and use"
book:bol-a-scheme-for-knowledge-representation-in-samskritam,project:hindu-frameworks-of-education,supports_project,"Knowledge-system, Sanskrit, science, or education source for Hindu frameworks of education"
book:bol-bhartṛhari’s-linguistic-ontology-and-the-semantics-of-ātmanepada,question:practice-but-not-proven,addresses,"Knowledge-system, Sanskrit, science, or practice text relevant to what Hindus know through tradition and use"
book:bol-bhartṛhari’s-linguistic-ontology-and-the-semantics-of-ātmanepada,project:artist-in-art,supports_project,"Art, aesthetics, performance, or symbolic-form source for the Artist in Art project"
book:bol-bhartṛhari’s-linguistic-ontology-and-the-semantics-of-ātmanepada,project:hindu-frameworks-of-education,supports_project,"Knowledge-system, Sanskrit, science, or education source for Hindu frameworks of education"
book:bol-essential-coomaraswamy,project:artist-in-art,supports_project,"Art, aesthetics, performance, or symbolic-form source for the Artist in Art project"
book:bol-essential-coomaraswamy,project:hindu-school-of-history,supports_project,"Historical, Itihasa, Vedic, origins, or archaeology material for Hindu historiography"
book:bol-future-of-mankind,question:being-indian,addresses,"Explicit Indian, Hindu, tradition, or civilizational identity material"
book:bol-future-of-mankind,question:modernity-and-hindu-values,addresses,"Modernity, technology, humanities, or civilizational-values material"
book:bol-future-of-mankind,question:will-save-sanatana-dharma,addresses,"Dharma, tradition, education, or recovery material for what saves Sanatana Dharma"
book:bol-hindu-dharma,question:core-of-sanatana-dharma,addresses,"Classical Dharma, Veda, Yoga, Vedanta, or Darshana source for the core Sanatana Dharma question"
book:bol-hindu-dharma,question:being-indian,addresses,"Explicit Indian, Hindu, tradition, or civilizational identity material"
book:bol-hindu-dharma,question:will-save-sanatana-dharma,addresses,"Dharma, tradition, education, or recovery material for what saves Sanatana Dharma"
book:bol-hindu-dharma,project:structure-of-hindu-charity,supports_project,"Dharma, polity, civil society, institution, or charity material"
book:bol-the-beautiful-tree,project:hindu-school-of-history,supports_project,"Historical, Itihasa, Vedic, origins, or archaeology material for Hindu historiography"
book:bol-the-knowledge-structure-in-the-amarakosha,question:practice-but-not-proven,addresses,"Knowledge-system, Sanskrit, science, or practice text relevant to what Hindus know through tradition and use"
book:bol-the-knowledge-structure-in-the-amarakosha,project:hindu-frameworks-of-education,supports_project,"Knowledge-system, Sanskrit, science, or education source for Hindu frameworks of education"
book:bol-the-vedas,question:core-of-sanatana-dharma,addresses,"Classical Dharma, Veda, Yoga, Vedanta, or Darshana source for the core Sanatana Dharma question"
book:bol-vākyapadīya,question:practice-but-not-proven,addresses,"Knowledge-system, Sanskrit, science, or practice text relevant to what Hindus know through tradition and use"
book:bol-vākyapadīya,project:hindu-frameworks-of-education,supports_project,"Knowledge-system, Sanskrit, science, or education source for Hindu frameworks of education"
book:bol-64-arts-in-ancient-india,question:practice-but-not-proven,addresses,"Knowledge-system, Sanskrit, science, or practice text relevant to what Hindus know through tradition and use"
book:bol-64-arts-in-ancient-india,question:being-indian,addresses,"Explicit Indian, Hindu, tradition, or civilizational identity material"
book:bol-64-arts-in-ancient-india,project:artist-in-art,supports_project,"Art, aesthetics, performance, or symbolic-form source for the Artist in Art project"
book:bol-64-arts-in-ancient-india,project:hindu-frameworks-of-education,supports_project,"Knowledge-system, Sanskrit, science, or education source for Hindu frameworks of education"
book:bol-amarakośaḥ-devanāgarī,question:practice-but-not-proven,addresses,"Knowledge-system, Sanskrit, science, or practice text relevant to what Hindus know through tradition and use"
book:bol-amarakośaḥ-devanāgarī,project:hindu-frameworks-of-education,supports_project,"Knowledge-system, Sanskrit, science, or education source for Hindu frameworks of education"
book:bol-amarakosha-english-translation,question:practice-but-not-proven,addresses,"Knowledge-system, Sanskrit, science, or practice text relevant to what Hindus know through tradition and use"
book:bol-amarakosha-english-translation,project:hindu-frameworks-of-education,supports_project,"Knowledge-system, Sanskrit, science, or education source for Hindu frameworks of education"
book:bol-hindustani-music,question:being-indian,addresses,"Explicit Indian, Hindu, tradition, or civilizational identity material"
book:bol-hindustani-music,question:will-save-sanatana-dharma,addresses,"Dharma, tradition, education, or recovery material for what saves Sanatana Dharma"
book:bol-hindustani-music,project:artist-in-art,supports_project,"Art, aesthetics, performance, or symbolic-form source for the Artist in Art project"
book:bol-historical-methods,project:hindu-school-of-history,supports_project,"Historical, Itihasa, Vedic, origins, or archaeology material for Hindu historiography"
book:bol-ideas-of-history-in-sanskrit-literature,question:practice-but-not-proven,addresses,"Knowledge-system, Sanskrit, science, or practice text relevant to what Hindus know through tradition and use"
book:bol-ideas-of-history-in-sanskrit-literature,project:hindu-frameworks-of-education,supports_project,"Knowledge-system, Sanskrit, science, or education source for Hindu frameworks of education"
book:bol-ideas-of-history-in-sanskrit-literature,project:hindu-school-of-history,supports_project,"Historical, Itihasa, Vedic, origins, or archaeology material for Hindu historiography"
book:bol-illustrated-amarakosha-in-4-languages,question:practice-but-not-proven,addresses,"Knowledge-system, Sanskrit, science, or practice text relevant to what Hindus know through tradition and use"
book:bol-illustrated-amarakosha-in-4-languages,project:hindu-frameworks-of-education,supports_project,"Knowledge-system, Sanskrit, science, or education source for Hindu frameworks of education"
book:bol-indian-concept-of-performance,question:being-indian,addresses,"Explicit Indian, Hindu, tradition, or civilizational identity material"
book:bol-introduction-to-iks,question:practice-but-not-proven,addresses,"Knowledge-system, Sanskrit, science, or practice text relevant to what Hindus know through tradition and use"
book:bol-introduction-to-iks,project:hindu-frameworks-of-education,supports_project,"Knowledge-system, Sanskrit, science, or education source for Hindu frameworks of education"
book:bol-introduction-to-sanskrit-shabdamitra,question:practice-but-not-proven,addresses,"Knowledge-system, Sanskrit, science, or practice text relevant to what Hindus know through tradition and use"
book:bol-introduction-to-sanskrit-shabdamitra,project:hindu-frameworks-of-education,supports_project,"Knowledge-system, Sanskrit, science, or education source for Hindu frameworks of education"
"book:bol-language-and-reality,-world-view-of-the-nyaya-vaisesika-system-of-indian-philosophy",question:core-of-sanatana-dharma,addresses,"Classical Dharma, Veda, Yoga, Vedanta, or Darshana source for the core Sanatana Dharma question"
"book:bol-language-and-reality,-world-view-of-the-nyaya-vaisesika-system-of-indian-philosophy",question:practice-but-not-proven,addresses,"Knowledge-system, Sanskrit, science, or practice text relevant to what Hindus know through tradition and use"
"book:bol-language-and-reality,-world-view-of-the-nyaya-vaisesika-system-of-indian-philosophy",question:being-indian,addresses,"Explicit Indian, Hindu, tradition, or civilizational identity material"
"book:bol-language-and-reality,-world-view-of-the-nyaya-vaisesika-system-of-indian-philosophy",project:hindu-frameworks-of-education,supports_project,"Knowledge-system, Sanskrit, science, or education source for Hindu frameworks of education"
book:bol-on-the-nature-of-mathematics-and-scientific-knowledge-in-indian-tradition,question:practice-but-not-proven,addresses,"Knowledge-system, Sanskrit, science, or practice text relevant to what Hindus know through tradition and use"
book:bol-on-the-nature-of-mathematics-and-scientific-knowledge-in-indian-tradition,question:being-indian,addresses,"Explicit Indian, Hindu, tradition, or civilizational identity material"
book:bol-on-the-nature-of-mathematics-and-scientific-knowledge-in-indian-tradition,question:hindu-unity-and-diversity,addresses,"Itihasa, Purana, sectarian, festival, or living-tradition material for unity-in-diversity"
book:bol-on-the-nature-of-mathematics-and-scientific-knowledge-in-indian-tradition,project:hindu-frameworks-of-education,supports_project,"Knowledge-system, Sanskrit, science, or education source for Hindu frameworks of education"
book:bol-the-kalās,question:hindu-unity-and-diversity,addresses,"Itihasa, Purana, sectarian, festival, or living-tradition material for unity-in-diversity"
book:bol-the-kalās,project:artist-in-art,supports_project,"Art, aesthetics, performance, or symbolic-form source for the Artist in Art project"
book:bol-the-kalās,project:interchanging-dynamics-of-hindu-family,supports_project,"Festival, family, household, or cultural-transmission material"
book:bol-a-practical-sanskrit-introductory,question:practice-but-not-proven,addresses,"Knowledge-system, Sanskrit, science, or practice text relevant to what Hindus know through tradition and use"
book:bol-a-practical-sanskrit-introductory,project:hindu-frameworks-of-education,supports_project,"Knowledge-system, Sanskrit, science, or education source for Hindu frameworks of education"
book:bol-sanskrit-grammar,question:practice-but-not-proven,addresses,"Knowledge-system, Sanskrit, science, or practice text relevant to what Hindus know through tradition and use"
book:bol-sanskrit-grammar,project:hindu-frameworks-of-education,supports_project,"Knowledge-system, Sanskrit, science, or education source for Hindu frameworks of education"
book:bol-agni-purana,question:hindu-unity-and-diversity,addresses,"Itihasa, Purana, sectarian, festival, or living-tradition material for unity-in-diversity"
book:bol-aitareya-upanishad,question:core-of-sanatana-dharma,addresses,"Classical Dharma, Veda, Yoga, Vedanta, or Darshana source for the core Sanatana Dharma question"
book:bol-aitareya-upanishad,question:hindu-renaissance,addresses,"Civilizational recovery, origins, or critique material relevant to Hindu renaissance"
book:bol-bhagavata-purana,question:hindu-unity-and-diversity,addresses,"Itihasa, Purana, sectarian, festival, or living-tradition material for unity-in-diversity"
book:bol-brahma-purana,question:hindu-unity-and-diversity,addresses,"Itihasa, Purana, sectarian, festival, or living-tradition material for unity-in-diversity"
book:bol-brahma-purana,project:hindu-models-of-temple-management,supports_project,"Temple, tirtha, sacred-geography, or kshetra material for temple-management models"
book:bol-brahmanda-purana,question:hindu-unity-and-diversity,addresses,"Itihasa, Purana, sectarian, festival, or living-tradition material for unity-in-diversity"
book:bol-brhadaranyak-upanishad,question:core-of-sanatana-dharma,addresses,"Classical Dharma, Veda, Yoga, Vedanta, or Darshana source for the core Sanatana Dharma question"
book:bol-chandogya-upanishad,question:core-of-sanatana-dharma,addresses,"Classical Dharma, Veda, Yoga, Vedanta, or Darshana source for the core Sanatana Dharma question"
book:bol-garuda-purana,question:hindu-unity-and-diversity,addresses,"Itihasa, Purana, sectarian, festival, or living-tradition material for unity-in-diversity"
book:bol-geography-of-the-puranas,question:hindu-unity-and-diversity,addresses,"Itihasa, Purana, sectarian, festival, or living-tradition material for unity-in-diversity"
book:bol-geography-of-the-puranas,project:hindu-models-of-temple-management,supports_project,"Temple, tirtha, sacred-geography, or kshetra material for temple-management models"
book:bol-harivansha-purana,question:hindu-unity-and-diversity,addresses,"Itihasa, Purana, sectarian, festival, or living-tradition material for unity-in-diversity"
book:bol-isha-upanishad,question:core-of-sanatana-dharma,addresses,"Classical Dharma, Veda, Yoga, Vedanta, or Darshana source for the core Sanatana Dharma question"
book:bol-katha-upanishad,question:core-of-sanatana-dharma,addresses,"Classical Dharma, Veda, Yoga, Vedanta, or Darshana source for the core Sanatana Dharma question"
book:bol-kena-upanishad,question:core-of-sanatana-dharma,addresses,"Classical Dharma, Veda, Yoga, Vedanta, or Darshana source for the core Sanatana Dharma question"
book:bol-kurma-purana,question:hindu-unity-and-diversity,addresses,"Itihasa, Purana, sectarian, festival, or living-tradition material for unity-in-diversity"
book:bol-kurma-purana,project:hindu-models-of-temple-management,supports_project,"Temple, tirtha, sacred-geography, or kshetra material for temple-management models"
book:bol-linga-purana,question:hindu-unity-and-diversity,addresses,"Itihasa, Purana, sectarian, festival, or living-tradition material for unity-in-diversity"
book:bol-linga-purana,project:hindu-models-of-temple-management,supports_project,"Temple, tirtha, sacred-geography, or kshetra material for temple-management models"
book:bol-maitrayaniya-upanishad,question:core-of-sanatana-dharma,addresses,"Classical Dharma, Veda, Yoga, Vedanta, or Darshana source for the core Sanatana Dharma question"
book:bol-maitrayaniya-upanishad,question:hindu-renaissance,addresses,"Civilizational recovery, origins, or critique material relevant to Hindu renaissance"
book:bol-mandukya-upanishad,question:core-of-sanatana-dharma,addresses,"Classical Dharma, Veda, Yoga, Vedanta, or Darshana source for the core Sanatana Dharma question"
book:bol-mandukya-upanishad,project:temples-of-madhya-pradesh,supports_project,Madhya Pradesh temple or sacred-geography material
book:bol-markandeya-purana,question:hindu-unity-and-diversity,addresses,"Itihasa, Purana, sectarian, festival, or living-tradition material for unity-in-diversity"
book:bol-matsya-purana,question:hindu-unity-and-diversity,addresses,"Itihasa, Purana, sectarian, festival, or living-tradition material for unity-in-diversity"
book:bol-matsya-purana,project:hindu-models-of-temple-management,supports_project,"Temple, tirtha, sacred-geography, or kshetra material for temple-management models"
book:bol-mundaka-upanishad,question:core-of-sanatana-dharma,addresses,"Classical Dharma, Veda, Yoga, Vedanta, or Darshana source for the core Sanatana Dharma question"
book:bol-narada-purana,question:hindu-unity-and-diversity,addresses,"Itihasa, Purana, sectarian, festival, or living-tradition material for unity-in-diversity"
book:bol-narada-purana,project:interchanging-dynamics-of-hindu-family,supports_project,"Festival, family, household, or cultural-transmission material"
book:bol-padma-purana,question:hindu-unity-and-diversity,addresses,"Itihasa, Purana, sectarian, festival, or living-tradition material for unity-in-diversity"
book:bol-padma-purana,project:hindu-models-of-temple-management,supports_project,"Temple, tirtha, sacred-geography, or kshetra material for temple-management models"
book:bol-prashna-upanishad,question:core-of-sanatana-dharma,addresses,"Classical Dharma, Veda, Yoga, Vedanta, or Darshana source for the core Sanatana Dharma question"
book:bol-shiva-purana,question:hindu-unity-and-diversity,addresses,"Itihasa, Purana, sectarian, festival, or living-tradition material for unity-in-diversity"
book:bol-skanda-purana,question:hindu-unity-and-diversity,addresses,"Itihasa, Purana, sectarian, festival, or living-tradition material for unity-in-diversity"
book:bol-skanda-purana,project:hindu-models-of-temple-management,supports_project,"Temple, tirtha, sacred-geography, or kshetra material for temple-management models"
book:bol-taittiriya-upanishad,question:core-of-sanatana-dharma,addresses,"Classical Dharma, Veda, Yoga, Vedanta, or Darshana source for the core Sanatana Dharma question"
book:bol-taittiriya-upanishad,question:hindu-renaissance,addresses,"Civilizational recovery, origins, or critique material relevant to Hindu renaissance"
book:bol-vamana-purana,question:hindu-unity-and-diversity,addresses,"Itihasa, Purana, sectarian, festival, or living-tradition material for unity-in-diversity"
book:bol-vamana-purana,project:hindu-models-of-temple-management,supports_project,"Temple, tirtha, sacred-geography, or kshetra material for temple-management models"
book:bol-varaha-purana,question:hindu-unity-and-diversity,addresses,"Itihasa, Purana, sectarian, festival, or living-tradition material for unity-in-diversity"
book:bol-varaha-purana,project:hindu-models-of-temple-management,supports_project,"Temple, tirtha, sacred-geography, or kshetra material for temple-management models"
book:bol-vayu-purana,question:hindu-unity-and-diversity,addresses,"Itihasa, Purana, sectarian, festival, or living-tradition material for unity-in-diversity"
book:bol-vayu-purana,project:hindu-school-of-history,supports_project,"Historical, Itihasa, Vedic, origins, or archaeology material for Hindu historiography"
book:bol-vishnu-purana,question:hindu-unity-and-diversity,addresses,"Itihasa, Purana, sectarian, festival, or living-tradition material for unity-in-diversity"
book:bol-light-of-the-vedas,question:core-of-sanatana-dharma,addresses,"Classical Dharma, Veda, Yoga, Vedanta, or Darshana source for the core Sanatana Dharma question"
book:bol-argument-and-design-the-unity-of-the-mahabharata,question:being-indian,addresses,"Explicit Indian, Hindu, tradition, or civilizational identity material"
book:bol-argument-and-design-the-unity-of-the-mahabharata,question:hindu-unity-and-diversity,addresses,"Itihasa, Purana, sectarian, festival, or living-tradition material for unity-in-diversity"
book:bol-argument-and-design-the-unity-of-the-mahabharata,project:hindu-school-of-history,supports_project,"Historical, Itihasa, Vedic, origins, or archaeology material for Hindu historiography"
book:bol-arthashastra,question:new-indian-republic,addresses,"Dharmashastra, polity, law, or statecraft material for the republic question"
book:bol-arthashastra,project:artist-in-art,supports_project,"Art, aesthetics, performance, or symbolic-form source for the Artist in Art project"
book:bol-arthashastra,project:structure-of-hindu-charity,supports_project,"Dharma, polity, civil society, institution, or charity material"
book:bol-civil-disobedience-in-indian-tradition,question:being-indian,addresses,"Explicit Indian, Hindu, tradition, or civilizational identity material"
book:bol-civil-disobedience-in-indian-tradition,question:new-indian-republic,addresses,"Dharmashastra, polity, law, or statecraft material for the republic question"
book:bol-civil-disobedience-in-indian-tradition,question:hindu-unity-and-diversity,addresses,"Itihasa, Purana, sectarian, festival, or living-tradition material for unity-in-diversity"
book:bol-civil-disobedience-in-indian-tradition,project:structure-of-hindu-charity,supports_project,"Dharma, polity, civil society, institution, or charity material"
"book:bol-essays-on-tradition,-recovery-and-freedom",question:being-indian,addresses,"Explicit Indian, Hindu, tradition, or civilizational identity material"
"book:bol-essays-on-tradition,-recovery-and-freedom",question:hindu-renaissance,addresses,"Civilizational recovery, origins, or critique material relevant to Hindu renaissance"
"book:bol-essays-on-tradition,-recovery-and-freedom",question:hindu-unity-and-diversity,addresses,"Itihasa, Purana, sectarian, festival, or living-tradition material for unity-in-diversity"
"book:bol-essays-on-tradition,-recovery-and-freedom",project:hindu-school-of-history,supports_project,"Historical, Itihasa, Vedic, origins, or archaeology material for Hindu historiography"
book:bol-gandhis-theory-of-society-and-our-times,question:new-indian-republic,addresses,"Dharmashastra, polity, law, or statecraft material for the republic question"
book:bol-gandhis-theory-of-society-and-our-times,question:hindu-institution-generate,addresses,"Institutional, polity, temple, education, or social-organization material"
book:bol-gandhis-theory-of-society-and-our-times,project:structure-of-hindu-charity,supports_project,"Dharma, polity, civil society, institution, or charity material"
book:bol-hermeneutics-and-narrative-architecture,question:hindu-unity-and-diversity,addresses,"Itihasa, Purana, sectarian, festival, or living-tradition material for unity-in-diversity"
book:bol-hermeneutics-and-narrative-architecture,project:artist-in-art,supports_project,"Art, aesthetics, performance, or symbolic-form source for the Artist in Art project"
book:bol-indian-science-and-technology-in-the-18th-century,question:practice-but-not-proven,addresses,"Knowledge-system, Sanskrit, science, or practice text relevant to what Hindus know through tradition and use"
book:bol-indian-science-and-technology-in-the-18th-century,question:being-indian,addresses,"Explicit Indian, Hindu, tradition, or civilizational identity material"
book:bol-indian-science-and-technology-in-the-18th-century,question:modernity-and-hindu-values,addresses,"Modernity, technology, humanities, or civilizational-values material"
book:bol-indian-science-and-technology-in-the-18th-century,project:hindu-frameworks-of-education,supports_project,"Knowledge-system, Sanskrit, science, or education source for Hindu frameworks of education"
book:bol-indian-science-and-technology-in-the-18th-century,project:hindu-response-to-enlightenment,supports_project,"Modernity, Enlightenment, humanities, or Indology critique material"
book:bol-indian-science-and-technology-in-the-18th-century,project:hindu-school-of-history,supports_project,"Historical, Itihasa, Vedic, origins, or archaeology material for Hindu historiography"
book:bol-katha-sarit-sagar,question:hindu-unity-and-diversity,addresses,"Itihasa, Purana, sectarian, festival, or living-tradition material for unity-in-diversity"
book:bol-panchayat-raj-and-india's-polity,question:being-indian,addresses,"Explicit Indian, Hindu, tradition, or civilizational identity material"
book:bol-panchayat-raj-and-india's-polity,question:new-indian-republic,addresses,"Dharmashastra, polity, law, or statecraft material for the republic question"
book:bol-panchayat-raj-and-india's-polity,question:hindu-institution-generate,addresses,"Institutional, polity, temple, education, or social-organization material"
book:bol-prolegomena-to-any-future-mahabharata-studies,question:being-indian,addresses,"Explicit Indian, Hindu, tradition, or civilizational identity material"
book:bol-prolegomena-to-any-future-mahabharata-studies,question:hindu-unity-and-diversity,addresses,"Itihasa, Purana, sectarian, festival, or living-tradition material for unity-in-diversity"
book:bol-prolegomena-to-any-future-mahabharata-studies,question:modernity-and-hindu-values,addresses,"Modernity, technology, humanities, or civilizational-values material"
book:bol-prolegomena-to-any-future-mahabharata-studies,project:hindu-school-of-history,supports_project,"Historical, Itihasa, Vedic, origins, or archaeology material for Hindu historiography"
book:bol-rajatarangini,question:hindu-unity-and-diversity,addresses,"Itihasa, Purana, sectarian, festival, or living-tradition material for unity-in-diversity"
book:bol-rajatarangini,project:hindu-school-of-history,supports_project,"Historical, Itihasa, Vedic, origins, or archaeology material for Hindu historiography"
book:bol-rediscovering-india,question:hindu-renaissance,addresses,"Civilizational recovery, origins, or critique material relevant to Hindu renaissance"
book:bol-rediscovering-india,project:hindu-school-of-history,supports_project,"Historical, Itihasa, Vedic, origins, or archaeology material for Hindu historiography"
book:bol-rigveda-a-historical-analysis,question:core-of-sanatana-dharma,addresses,"Classical Dharma, Veda, Yoga, Vedanta, or Darshana source for the core Sanatana Dharma question"
book:bol-rigveda-a-historical-analysis,project:hindu-school-of-history,supports_project,"Historical, Itihasa, Vedic, origins, or archaeology material for Hindu historiography"
book:bol-the-crisis-of-hinduism,question:being-indian,addresses,"Explicit Indian, Hindu, tradition, or civilizational identity material"
book:bol-the-crisis-of-hinduism,question:will-save-sanatana-dharma,addresses,"Dharma, tradition, education, or recovery material for what saves Sanatana Dharma"
book:bol-the-crisis-of-hinduism,project:hindu-school-of-history,supports_project,"Historical, Itihasa, Vedic, origins, or archaeology material for Hindu historiography"
book:bol-the-perils-of-textual-transmission,question:what-will-destroy,addresses,"Adversarial, colonial, missionary, or civilizational-threat material for the destruction-risk question"
book:bol-the-perils-of-textual-transmission,project:hindu-school-of-history,supports_project,"Historical, Itihasa, Vedic, origins, or archaeology material for Hindu historiography"
book:bol-the-redemption-of-the-brahman,question:hindu-renaissance,addresses,"Civilizational recovery, origins, or critique material relevant to Hindu renaissance"
book:bol-the-redemption-of-the-brahman,question:what-will-destroy,addresses,"Adversarial, colonial, missionary, or civilizational-threat material for the destruction-risk question"
book:bol-the-redemption-of-the-brahman,project:hindu-response-to-enlightenment,supports_project,"Modernity, Enlightenment, humanities, or Indology critique material"
book:bol-the-redemption-of-the-brahman,project:hindu-school-of-history,supports_project,"Historical, Itihasa, Vedic, origins, or archaeology material for Hindu historiography"
book:bol-the-riks,question:core-of-sanatana-dharma,addresses,"Classical Dharma, Veda, Yoga, Vedanta, or Darshana source for the core Sanatana Dharma question"
book:bol-the-secret-of-the-veda,question:core-of-sanatana-dharma,addresses,"Classical Dharma, Veda, Yoga, Vedanta, or Darshana source for the core Sanatana Dharma question"
book:bol-treatise-on-rigveda,question:core-of-sanatana-dharma,addresses,"Classical Dharma, Veda, Yoga, Vedanta, or Darshana source for the core Sanatana Dharma question"
book:bol-treatise-on-rigveda,project:hindu-school-of-history,supports_project,"Historical, Itihasa, Vedic, origins, or archaeology material for Hindu historiography"
book:bol-wisdom-of-the-ancient-seers,question:core-of-sanatana-dharma,addresses,"Classical Dharma, Veda, Yoga, Vedanta, or Darshana source for the core Sanatana Dharma question"
book:bol-religious-sects-of-hindus,question:being-indian,addresses,"Explicit Indian, Hindu, tradition, or civilizational identity material"
book:bol-religious-sects-of-hindus,question:hindu-unity-and-diversity,addresses,"Itihasa, Purana, sectarian, festival, or living-tradition material for unity-in-diversity"
book:bol-religious-sects-of-hindus,question:will-save-sanatana-dharma,addresses,"Dharma, tradition, education, or recovery material for what saves Sanatana Dharma"
book:bol-religious-sects-of-hindus,project:hindu-response-to-enlightenment,supports_project,"Modernity, Enlightenment, humanities, or Indology critique material"
book:bol-all-about-hinduism,question:practice-but-not-proven,addresses,"Knowledge-system, Sanskrit, science, or practice text relevant to what Hindus know through tradition and use"
book:bol-all-about-hinduism,question:being-indian,addresses,"Explicit Indian, Hindu, tradition, or civilizational identity material"
book:bol-all-about-hinduism,question:hindu-unity-and-diversity,addresses,"Itihasa, Purana, sectarian, festival, or living-tradition material for unity-in-diversity"
book:bol-all-about-hinduism,project:hindu-frameworks-of-education,supports_project,"Knowledge-system, Sanskrit, science, or education source for Hindu frameworks of education"
book:bol-all-about-hinduism,project:interchanging-dynamics-of-hindu-family,supports_project,"Festival, family, household, or cultural-transmission material"
book:bol-hinduism-ancient-and-modern,question:being-indian,addresses,"Explicit Indian, Hindu, tradition, or civilizational identity material"
book:bol-hinduism-ancient-and-modern,question:modernity-and-hindu-values,addresses,"Modernity, technology, humanities, or civilizational-values material"
book:bol-hinduism-ancient-and-modern,question:will-save-sanatana-dharma,addresses,"Dharma, tradition, education, or recovery material for what saves Sanatana Dharma"
book:bol-hinduism-ancient-and-modern,project:hindu-response-to-enlightenment,supports_project,"Modernity, Enlightenment, humanities, or Indology critique material"
book:bol-hinduism-ancient-and-modern,project:hindu-school-of-history,supports_project,"Historical, Itihasa, Vedic, origins, or archaeology material for Hindu historiography"
book:bol-elementary-textbook-of-hindu-ethics,question:practice-but-not-proven,addresses,"Knowledge-system, Sanskrit, science, or practice text relevant to what Hindus know through tradition and use"
book:bol-elementary-textbook-of-hindu-ethics,question:being-indian,addresses,"Explicit Indian, Hindu, tradition, or civilizational identity material"
book:bol-elementary-textbook-of-hindu-ethics,question:will-save-sanatana-dharma,addresses,"Dharma, tradition, education, or recovery material for what saves Sanatana Dharma"
book:bol-elementary-textbook-of-hindu-ethics,project:hindu-frameworks-of-education,supports_project,"Knowledge-system, Sanskrit, science, or education source for Hindu frameworks of education"
book:bol-advanced-textbook-of-hindu-religion-and-ethics,question:practice-but-not-proven,addresses,"Knowledge-system, Sanskrit, science, or practice text relevant to what Hindus know through tradition and use"
book:bol-advanced-textbook-of-hindu-religion-and-ethics,question:being-indian,addresses,"Explicit Indian, Hindu, tradition, or civilizational identity material"
book:bol-advanced-textbook-of-hindu-religion-and-ethics,question:will-save-sanatana-dharma,addresses,"Dharma, tradition, education, or recovery material for what saves Sanatana Dharma"
book:bol-advanced-textbook-of-hindu-religion-and-ethics,project:hindu-frameworks-of-education,supports_project,"Knowledge-system, Sanskrit, science, or education source for Hindu frameworks of education"
book:bol-a-study-of-tarakasamgraha-as-compromise-between-nyaya-and-vaisheshika,question:core-of-sanatana-dharma,addresses,"Classical Dharma, Veda, Yoga, Vedanta, or Darshana source for the core Sanatana Dharma question"
book:bol-abhinavagupta-a-historical-and-philosophical-study,question:core-of-sanatana-dharma,addresses,"Classical Dharma, Veda, Yoga, Vedanta, or Darshana source for the core Sanatana Dharma question"
book:bol-abhinavagupta-a-historical-and-philosophical-study,project:hindu-school-of-history,supports_project,"Historical, Itihasa, Vedic, origins, or archaeology material for Hindu historiography"
book:bol-agnihotra-kranti,question:practice-but-not-proven,addresses,"Knowledge-system, Sanskrit, science, or practice text relevant to what Hindus know through tradition and use"
book:bol-agnihotra-kranti,project:hindu-frameworks-of-education,supports_project,"Knowledge-system, Sanskrit, science, or education source for Hindu frameworks of education"
book:bol-gulmavrikshayurveda,question:practice-but-not-proven,addresses,"Knowledge-system, Sanskrit, science, or practice text relevant to what Hindus know through tradition and use"
book:bol-gulmavrikshayurveda,project:hindu-frameworks-of-education,supports_project,"Knowledge-system, Sanskrit, science, or education source for Hindu frameworks of education"
book:bol-hindu-dharma-radhakrishnan,question:core-of-sanatana-dharma,addresses,"Classical Dharma, Veda, Yoga, Vedanta, or Darshana source for the core Sanatana Dharma question"
book:bol-hindu-dharma-radhakrishnan,question:being-indian,addresses,"Explicit Indian, Hindu, tradition, or civilizational identity material"
book:bol-hindu-dharma-radhakrishnan,question:hindu-unity-and-diversity,addresses,"Itihasa, Purana, sectarian, festival, or living-tradition material for unity-in-diversity"
book:bol-hindu-dharma-radhakrishnan,project:interchanging-dynamics-of-hindu-family,supports_project,"Festival, family, household, or cultural-transmission material"
book:bol-hindu-dharma-radhakrishnan,project:structure-of-hindu-charity,supports_project,"Dharma, polity, civil society, institution, or charity material"
book:bol-lokopakara,question:practice-but-not-proven,addresses,"Knowledge-system, Sanskrit, science, or practice text relevant to what Hindus know through tradition and use"
book:bol-lokopakara,project:hindu-frameworks-of-education,supports_project,"Knowledge-system, Sanskrit, science, or education source for Hindu frameworks of education"
book:bol-the-mimamsa-sutras-of-jaimini,question:core-of-sanatana-dharma,addresses,"Classical Dharma, Veda, Yoga, Vedanta, or Darshana source for the core Sanatana Dharma question"
book:bol-https://talageri.blogspot.com/2020/05/the-logic-of-rigvedic-geography_6.html,question:hindu-renaissance,addresses,"Civilizational recovery, origins, or critique material relevant to Hindu renaissance"
book:bol-https://talageri.blogspot.com/2020/05/the-logic-of-rigvedic-geography_6.html,project:hindu-frameworks-of-education,supports_project,"Knowledge-system, Sanskrit, science, or education source for Hindu frameworks of education"
book:bol-https://talageri.blogspot.com/2020/05/the-logic-of-rigvedic-geography_6.html,project:hindu-school-of-history,supports_project,"Historical, Itihasa, Vedic, origins, or archaeology material for Hindu historiography"
book:bol-https://talageri.blogspot.com/2020/05/the-iksvakus-in-rigveda.html,question:hindu-renaissance,addresses,"Civilizational recovery, origins, or critique material relevant to Hindu renaissance"
book:bol-https://talageri.blogspot.com/2020/05/the-iksvakus-in-rigveda.html,project:hindu-school-of-history,supports_project,"Historical, Itihasa, Vedic, origins, or archaeology material for Hindu historiography"
book:bol-https://talageri.blogspot.com/2020/04/the-identity-of-enemies-of-sudas-in.html,question:hindu-renaissance,addresses,"Civilizational recovery, origins, or critique material relevant to Hindu renaissance"
book:bol-https://talageri.blogspot.com/2020/04/the-identity-of-enemies-of-sudas-in.html,project:hindu-school-of-history,supports_project,"Historical, Itihasa, Vedic, origins, or archaeology material for Hindu historiography"
book:bol-https://talageri.blogspot.com/2019/10/dravidian-connections-with-harappan.html,question:hindu-renaissance,addresses,"Civilizational recovery, origins, or critique material relevant to Hindu renaissance"
book:bol-https://talageri.blogspot.com/2019/10/dravidian-connections-with-harappan.html,project:hindu-school-of-history,supports_project,"Historical, Itihasa, Vedic, origins, or archaeology material for Hindu historiography"
book:bol-https://talageri.blogspot.com/2019/10/the-primarily-dravidian-and-pan-indian_30.html,question:being-indian,addresses,"Explicit Indian, Hindu, tradition, or civilizational identity material"
book:bol-https://talageri.blogspot.com/2019/10/the-primarily-dravidian-and-pan-indian_30.html,question:will-save-sanatana-dharma,addresses,"Dharma, tradition, education, or recovery material for what saves Sanatana Dharma"
book:bol-https://talageri.blogspot.com/2019/10/the-primarily-dravidian-and-pan-indian_30.html,project:hindu-response-to-enlightenment,supports_project,"Modernity, Enlightenment, humanities, or Indology critique material"
book:bol-https://talageri.blogspot.com/2019/10/the-primarily-dravidian-and-pan-indian_30.html,project:hindu-school-of-history,supports_project,"Historical, Itihasa, Vedic, origins, or archaeology material for Hindu historiography"
book:bol-https://www.academia.edu/45189821/p%c5%abrva_pak%e1%b9%a3a_of_sheldon_pollocks_use_of_chronology_2016_,question:hindu-renaissance,addresses,"Civilizational recovery, origins, or critique material relevant to Hindu renaissance"
book:bol-https://www.academia.edu/45189821/p%c5%abrva_pak%e1%b9%a3a_of_sheldon_pollocks_use_of_chronology_2016_,question:what-will-destroy,addresses,"Adversarial, colonial, missionary, or civilizational-threat material for the destruction-risk question"
book:bol-https://www.academia.edu/45189821/p%c5%abrva_pak%e1%b9%a3a_of_sheldon_pollocks_use_of_chronology_2016_,project:hindu-response-to-enlightenment,supports_project,"Modernity, Enlightenment, humanities, or Indology critique material"
book:bol-https://www.academia.edu/45189821/p%c5%abrva_pak%e1%b9%a3a_of_sheldon_pollocks_use_of_chronology_2016_,project:hindu-school-of-history,supports_project,"Historical, Itihasa, Vedic, origins, or archaeology material for Hindu historiography"
book:bol-https://www.academia.edu/30800576/vanishing_rivers_yesterdays_sarasvati_todays_ganges,question:hindu-renaissance,addresses,"Civilizational recovery, origins, or critique material relevant to Hindu renaissance"
book:bol-https://www.academia.edu/30800576/vanishing_rivers_yesterdays_sarasvati_todays_ganges,project:hindu-school-of-history,supports_project,"Historical, Itihasa, Vedic, origins, or archaeology material for Hindu historiography"
book:bol-https://www.academia.edu/38369132/sarasvat%c4%ab_in_the_mah%c4%81bh%c4%81rata_a_study_sastry_and_kalyanasundaram_2019_pdf,question:hindu-unity-and-diversity,addresses,"Itihasa, Purana, sectarian, festival, or living-tradition material for unity-in-diversity"
book:bol-https://www.academia.edu/38369132/sarasvat%c4%ab_in_the_mah%c4%81bh%c4%81rata_a_study_sastry_and_kalyanasundaram_2019_pdf,project:hindu-school-of-history,supports_project,"Historical, Itihasa, Vedic, origins, or archaeology material for Hindu historiography"
book:bol-https://www.academia.edu/39719725/the_sarasvati_river_issues_and_debates,question:hindu-renaissance,addresses,"Civilizational recovery, origins, or critique material relevant to Hindu renaissance"
book:bol-https://www.academia.edu/39719725/the_sarasvati_river_issues_and_debates,project:hindu-school-of-history,supports_project,"Historical, Itihasa, Vedic, origins, or archaeology material for Hindu historiography"
book:bol-https://www.researchgate.net/publication/336281430_remote_sensing_of_groundwater_along_the_saraswati_palaeochannels_in_western_part_of_jaisalmer_district_thar_desert_maeer's_mit_pune_journal_special_issue_1999-2000_pp_28-36,question:hindu-renaissance,addresses,"Civilizational recovery, origins, or critique material relevant to Hindu renaissance"
book:bol-https://www.researchgate.net/publication/336281430_remote_sensing_of_groundwater_along_the_saraswati_palaeochannels_in_western_part_of_jaisalmer_district_thar_desert_maeer's_mit_pune_journal_special_issue_1999-2000_pp_28-36,project:hindu-school-of-history,supports_project,"Historical, Itihasa, Vedic, origins, or archaeology material for Hindu historiography"
book:bol-https://www.academia.edu/36995146/on_the_preliminary_periodization_of_the_vedic_culture_a_draft_2018,question:being-indian,addresses,"Explicit Indian, Hindu, tradition, or civilizational identity material"
book:bol-https://www.academia.edu/36995146/on_the_preliminary_periodization_of_the_vedic_culture_a_draft_2018,question:hindu-renaissance,addresses,"Civilizational recovery, origins, or critique material relevant to Hindu renaissance"
book:bol-https://www.academia.edu/36995146/on_the_preliminary_periodization_of_the_vedic_culture_a_draft_2018,project:hindu-school-of-history,supports_project,"Historical, Itihasa, Vedic, origins, or archaeology material for Hindu historiography"
book:bol-https://www.academia.edu/1573411/vedic_roots_of_early_tamil_culture,question:hindu-renaissance,addresses,"Civilizational recovery, origins, or critique material relevant to Hindu renaissance"
book:bol-https://www.academia.edu/1573411/vedic_roots_of_early_tamil_culture,project:hindu-school-of-history,supports_project,"Historical, Itihasa, Vedic, origins, or archaeology material for Hindu historiography"
book:bol-https://www.academia.edu/18428649/the_indo_aryans_of_ancient_south_asia_language_material_culture_and_ethnicity,question:practice-but-not-proven,addresses,"Knowledge-system, Sanskrit, science, or practice text relevant to what Hindus know through tradition and use"
book:bol-https://www.academia.edu/18428649/the_indo_aryans_of_ancient_south_asia_language_material_culture_and_ethnicity,question:hindu-renaissance,addresses,"Civilizational recovery, origins, or critique material relevant to Hindu renaissance"
book:bol-https://www.academia.edu/18428649/the_indo_aryans_of_ancient_south_asia_language_material_culture_and_ethnicity,project:hindu-frameworks-of-education,supports_project,"Knowledge-system, Sanskrit, science, or education source for Hindu frameworks of education"
book:bol-https://www.academia.edu/18428649/the_indo_aryans_of_ancient_south_asia_language_material_culture_and_ethnicity,project:hindu-school-of-history,supports_project,"Historical, Itihasa, Vedic, origins, or archaeology material for Hindu historiography"
book:bol-https://www.academia.edu/23185706/the_horse_and_the_aryan_debate,question:hindu-renaissance,addresses,"Civilizational recovery, origins, or critique material relevant to Hindu renaissance"
book:bol-https://www.academia.edu/23185706/the_horse_and_the_aryan_debate,project:hindu-school-of-history,supports_project,"Historical, Itihasa, Vedic, origins, or archaeology material for Hindu historiography"
book:bol-https://journal.fi/store/article/view/49745,question:being-indian,addresses,"Explicit Indian, Hindu, tradition, or civilizational identity material"
book:bol-https://journal.fi/store/article/view/49745,question:hindu-renaissance,addresses,"Civilizational recovery, origins, or critique material relevant to Hindu renaissance"
book:bol-https://journal.fi/store/article/view/49745,project:hindu-school-of-history,supports_project,"Historical, Itihasa, Vedic, origins, or archaeology material for Hindu historiography"
book:bol-https://www.academia.edu/713990/early_indian_history_linguistic_and_textual_parameters,question:hindu-renaissance,addresses,"Civilizational recovery, origins, or critique material relevant to Hindu renaissance"
book:bol-https://www.academia.edu/713990/early_indian_history_linguistic_and_textual_parameters,project:hindu-school-of-history,supports_project,"Historical, Itihasa, Vedic, origins, or archaeology material for Hindu historiography"
book:bol-https://www.academia.edu/19380740/ramas_realm,question:hindu-unity-and-diversity,addresses,"Itihasa, Purana, sectarian, festival, or living-tradition material for unity-in-diversity"
book:bol-https://doi.org/10.11588/ejvs.2016.1.933,question:hindu-renaissance,addresses,"Civilizational recovery, origins, or critique material relevant to Hindu renaissance"
book:bol-https://doi.org/10.11588/ejvs.2016.1.933,project:hindu-school-of-history,supports_project,"Historical, Itihasa, Vedic, origins, or archaeology material for Hindu historiography"
book:bol-https://doi.org/10.11588/ejvs.2001.2.829,question:hindu-renaissance,addresses,"Civilizational recovery, origins, or critique material relevant to Hindu renaissance"
book:bol-https://doi.org/10.11588/ejvs.2001.2.829,question:what-will-destroy,addresses,"Adversarial, colonial, missionary, or civilizational-threat material for the destruction-risk question"
book:bol-https://doi.org/10.11588/ejvs.2001.2.829,project:hindu-response-to-enlightenment,supports_project,"Modernity, Enlightenment, humanities, or Indology critique material"
book:bol-https://doi.org/10.11588/ejvs.2001.2.829,project:hindu-school-of-history,supports_project,"Historical, Itihasa, Vedic, origins, or archaeology material for Hindu historiography"
book:bol-https://doi.org/10.11588/xarep.00000112,question:hindu-renaissance,addresses,"Civilizational recovery, origins, or critique material relevant to Hindu renaissance"
book:bol-https://doi.org/10.11588/xarep.00000112,project:hindu-school-of-history,supports_project,"Historical, Itihasa, Vedic, origins, or archaeology material for Hindu historiography"
book:bol-https://www.academia.edu/28703992/new_perspectives_on_our_cultural_pasts,project:hindu-school-of-history,supports_project,"Historical, Itihasa, Vedic, origins, or archaeology material for Hindu historiography"
book:bol-https://www.academia.edu/42795350/vedic_genetics_cow_omni_form_decipherment_of_indus_valley_seals_vedic_genetics_cow_omni_form_decipherment_of_indus_valley_seals_vedic_culture_sea_ls_indus_valley_vedic_culture_seals_the_light_of_life_dna_tva_%c3%88_the_shaper_of_all_creatures,question:core-of-sanatana-dharma,addresses,"Classical Dharma, Veda, Yoga, Vedanta, or Darshana source for the core Sanatana Dharma question"
book:bol-https://www.academia.edu/42795350/vedic_genetics_cow_omni_form_decipherment_of_indus_valley_seals_vedic_genetics_cow_omni_form_decipherment_of_indus_valley_seals_vedic_culture_sea_ls_indus_valley_vedic_culture_seals_the_light_of_life_dna_tva_%c3%88_the_shaper_of_all_creatures,project:hindu-school-of-history,supports_project,"Historical, Itihasa, Vedic, origins, or archaeology material for Hindu historiography"
book:bol-https://www.researchgate.net/publication/326216679_the_prehistoric_peopling_of_southeast_asia,question:hindu-renaissance,addresses,"Civilizational recovery, origins, or critique material relevant to Hindu renaissance"
book:bol-https://www.researchgate.net/publication/326216679_the_prehistoric_peopling_of_southeast_asia,project:hindu-school-of-history,supports_project,"Historical, Itihasa, Vedic, origins, or archaeology material for Hindu historiography"
book:bol-https://www.academia.edu/21620946/the_himalayas_as_a_prehistoric_corridor_for_the_peopling_of_east_and_southeast_asia,question:hindu-renaissance,addresses,"Civilizational recovery, origins, or critique material relevant to Hindu renaissance"
book:bol-https://www.academia.edu/21620946/the_himalayas_as_a_prehistoric_corridor_for_the_peopling_of_east_and_southeast_asia,project:hindu-school-of-history,supports_project,"Historical, Itihasa, Vedic, origins, or archaeology material for Hindu historiography"
book:bol-https://doi.org/10.1126%2fscience.aat7487,question:hindu-renaissance,addresses,"Civilizational recovery, origins, or critique material relevant to Hindu renaissance"
book:bol-https://doi.org/10.1126%2fscience.aat7487,project:hindu-school-of-history,supports_project,"Historical, Itihasa, Vedic, origins, or archaeology material for Hindu historiography"
book:bol-https://www.academia.edu/32806632/the_eastern_himalayan_corridor_in_prehistory,question:hindu-renaissance,addresses,"Civilizational recovery, origins, or critique material relevant to Hindu renaissance"
book:bol-https://www.academia.edu/32806632/the_eastern_himalayan_corridor_in_prehistory,project:hindu-school-of-history,supports_project,"Historical, Itihasa, Vedic, origins, or archaeology material for Hindu historiography"
book:bol-https://www.nature.com/articles/ejhg2016198,question:hindu-renaissance,addresses,"Civilizational recovery, origins, or critique material relevant to Hindu renaissance"
book:bol-https://www.nature.com/articles/ejhg2016198,project:hindu-school-of-history,supports_project,"Historical, Itihasa, Vedic, origins, or archaeology material for Hindu historiography"
book:bol-https://www.jstor.org/stable/2155742,question:hindu-renaissance,addresses,"Civilizational recovery, origins, or critique material relevant to Hindu renaissance"
book:bol-https://www.jstor.org/stable/2155742,project:hindu-school-of-history,supports_project,"Historical, Itihasa, Vedic, origins, or archaeology material for Hindu historiography"
book:bol-https://doi.org/10.1007/bf02704749,question:being-indian,addresses,"Explicit Indian, Hindu, tradition, or civilizational identity material"
book:bol-https://doi.org/10.1007/bf02704749,question:hindu-renaissance,addresses,"Civilizational recovery, origins, or critique material relevant to Hindu renaissance"
book:bol-https://doi.org/10.1007/bf02704749,project:hindu-school-of-history,supports_project,"Historical, Itihasa, Vedic, origins, or archaeology material for Hindu historiography"
book:bol-https://doi.org/10.1093/gbe/evz039,question:hindu-renaissance,addresses,"Civilizational recovery, origins, or critique material relevant to Hindu renaissance"
book:bol-https://doi.org/10.1093/gbe/evz039,project:hindu-school-of-history,supports_project,"Historical, Itihasa, Vedic, origins, or archaeology material for Hindu historiography"
book:bol-https://www.researchgate.net/publication/334302195_on_peopling_of_india_ancient_dna_perspectives_by_k_thangaraj_and_niraj_rai,question:being-indian,addresses,"Explicit Indian, Hindu, tradition, or civilizational identity material"
book:bol-https://www.researchgate.net/publication/334302195_on_peopling_of_india_ancient_dna_perspectives_by_k_thangaraj_and_niraj_rai,question:hindu-renaissance,addresses,"Civilizational recovery, origins, or critique material relevant to Hindu renaissance"
book:bol-https://www.researchgate.net/publication/334302195_on_peopling_of_india_ancient_dna_perspectives_by_k_thangaraj_and_niraj_rai,project:hindu-school-of-history,supports_project,"Historical, Itihasa, Vedic, origins, or archaeology material for Hindu historiography"
book:bol-https://www.himalayanlanguages.org/files/driem/pdfs/2008bielmeierfs,question:practice-but-not-proven,addresses,"Knowledge-system, Sanskrit, science, or practice text relevant to what Hindus know through tradition and use"
book:bol-https://www.himalayanlanguages.org/files/driem/pdfs/2008bielmeierfs,question:hindu-renaissance,addresses,"Civilizational recovery, origins, or critique material relevant to Hindu renaissance"
book:bol-https://www.himalayanlanguages.org/files/driem/pdfs/2008bielmeierfs,project:hindu-school-of-history,supports_project,"Historical, Itihasa, Vedic, origins, or archaeology material for Hindu historiography"
book:bol-https://www.academia.edu/5966134/origins_and_history_of_haplogroup_r1a_y_dna_,question:hindu-renaissance,addresses,"Civilizational recovery, origins, or critique material relevant to Hindu renaissance"
book:bol-https://www.academia.edu/5966134/origins_and_history_of_haplogroup_r1a_y_dna_,project:hindu-school-of-history,supports_project,"Historical, Itihasa, Vedic, origins, or archaeology material for Hindu historiography"
book:bol-https://www.academia.edu/10168403/glimpses_of_the_ethnolinguistic_prehistory_of_northeastern_india,question:practice-but-not-proven,addresses,"Knowledge-system, Sanskrit, science, or practice text relevant to what Hindus know through tradition and use"
book:bol-https://www.academia.edu/10168403/glimpses_of_the_ethnolinguistic_prehistory_of_northeastern_india,question:being-indian,addresses,"Explicit Indian, Hindu, tradition, or civilizational identity material"
book:bol-https://www.academia.edu/10168403/glimpses_of_the_ethnolinguistic_prehistory_of_northeastern_india,question:hindu-renaissance,addresses,"Civilizational recovery, origins, or critique material relevant to Hindu renaissance"
book:bol-https://www.academia.edu/10168403/glimpses_of_the_ethnolinguistic_prehistory_of_northeastern_india,project:hindu-response-to-enlightenment,supports_project,"Modernity, Enlightenment, humanities, or Indology critique material"
book:bol-https://www.academia.edu/10168403/glimpses_of_the_ethnolinguistic_prehistory_of_northeastern_india,project:hindu-school-of-history,supports_project,"Historical, Itihasa, Vedic, origins, or archaeology material for Hindu historiography"
book:bol-https://www.academia.edu/23185582/genetics_and_the_aryan_issue,question:hindu-renaissance,addresses,"Civilizational recovery, origins, or critique material relevant to Hindu renaissance"
book:bol-https://www.academia.edu/23185582/genetics_and_the_aryan_issue,project:hindu-school-of-history,supports_project,"Historical, Itihasa, Vedic, origins, or archaeology material for Hindu historiography"
book:bol-https://pragyata.com/genetic-proof-for-the-ait-look-again/,question:hindu-renaissance,addresses,"Civilizational recovery, origins, or critique material relevant to Hindu renaissance"
book:bol-https://pragyata.com/genetic-proof-for-the-ait-look-again/,project:hindu-school-of-history,supports_project,"Historical, Itihasa, Vedic, origins, or archaeology material for Hindu historiography"
book:bol-https://www.nature.com/articles/s41598-020-61941-z,question:practice-but-not-proven,addresses,"Knowledge-system, Sanskrit, science, or practice text relevant to what Hindus know through tradition and use"
book:bol-https://www.nature.com/articles/s41598-020-61941-z,question:hindu-renaissance,addresses,"Civilizational recovery, origins, or critique material relevant to Hindu renaissance"
book:bol-https://www.nature.com/articles/s41598-020-61941-z,project:hindu-school-of-history,supports_project,"Historical, Itihasa, Vedic, origins, or archaeology material for Hindu historiography"
book:bol-https://doi.org/10.1073/pnas.94.15.7719,question:practice-but-not-proven,addresses,"Knowledge-system, Sanskrit, science, or practice text relevant to what Hindus know through tradition and use"
book:bol-https://doi.org/10.1073/pnas.94.15.7719,question:hindu-renaissance,addresses,"Civilizational recovery, origins, or critique material relevant to Hindu renaissance"
book:bol-https://doi.org/10.1073/pnas.94.15.7719,project:hindu-frameworks-of-education,supports_project,"Knowledge-system, Sanskrit, science, or education source for Hindu frameworks of education"
book:bol-https://doi.org/10.1073/pnas.94.15.7719,project:hindu-school-of-history,supports_project,"Historical, Itihasa, Vedic, origins, or archaeology material for Hindu historiography"
book:bol-https://www.academia.edu/39713619/a_preliminary_study_of_the_worked_bone_industry_in_the_middle_and_lower_ganga_valleys_from_the_mesolithic_to_the_early_historic_periods,question:hindu-renaissance,addresses,"Civilizational recovery, origins, or critique material relevant to Hindu renaissance"
book:bol-https://www.academia.edu/39713619/a_preliminary_study_of_the_worked_bone_industry_in_the_middle_and_lower_ganga_valleys_from_the_mesolithic_to_the_early_historic_periods,project:hindu-school-of-history,supports_project,"Historical, Itihasa, Vedic, origins, or archaeology material for Hindu historiography"
book:bol-https://www.academia.edu/43127134/the_sanauli_chariot_and_its_archaeological_and_historical_context,question:hindu-renaissance,addresses,"Civilizational recovery, origins, or critique material relevant to Hindu renaissance"
book:bol-https://www.academia.edu/43127134/the_sanauli_chariot_and_its_archaeological_and_historical_context,project:hindu-frameworks-of-education,supports_project,"Knowledge-system, Sanskrit, science, or education source for Hindu frameworks of education"
book:bol-https://www.academia.edu/43127134/the_sanauli_chariot_and_its_archaeological_and_historical_context,project:hindu-school-of-history,supports_project,"Historical, Itihasa, Vedic, origins, or archaeology material for Hindu historiography"
book:bol-https://www.academia.edu/1573406/the_harappan_heritage_and_the_aryan_problem,question:hindu-renaissance,addresses,"Civilizational recovery, origins, or critique material relevant to Hindu renaissance"
book:bol-https://www.academia.edu/1573406/the_harappan_heritage_and_the_aryan_problem,project:hindu-school-of-history,supports_project,"Historical, Itihasa, Vedic, origins, or archaeology material for Hindu historiography"
book:bol-https://www.academia.edu/32806838/the_epistemological_event_horizon_in_archaeology,question:core-of-sanatana-dharma,addresses,"Classical Dharma, Veda, Yoga, Vedanta, or Darshana source for the core Sanatana Dharma question"
book:bol-https://www.academia.edu/32806838/the_epistemological_event_horizon_in_archaeology,project:hindu-frameworks-of-education,supports_project,"Knowledge-system, Sanskrit, science, or education source for Hindu frameworks of education"
book:bol-https://www.academia.edu/32806838/the_epistemological_event_horizon_in_archaeology,project:hindu-school-of-history,supports_project,"Historical, Itihasa, Vedic, origins, or archaeology material for Hindu historiography"
book:bol-http://www.safarmer.com/indo-eurasian/sibri,question:hindu-renaissance,addresses,"Civilizational recovery, origins, or critique material relevant to Hindu renaissance"
book:bol-http://www.safarmer.com/indo-eurasian/sibri,project:hindu-school-of-history,supports_project,"Historical, Itihasa, Vedic, origins, or archaeology material for Hindu historiography"
book:bol-https://www.researchgate.net/publication/339739681_sanauli_a_late_harappan_burial_site,question:hindu-renaissance,addresses,"Civilizational recovery, origins, or critique material relevant to Hindu renaissance"
book:bol-https://www.researchgate.net/publication/339739681_sanauli_a_late_harappan_burial_site,project:hindu-school-of-history,supports_project,"Historical, Itihasa, Vedic, origins, or archaeology material for Hindu historiography"
book:bol-https://www.scribd.com/document/260613722/origin-of-early-harappan-cultures-in-the-sarasvati-valley-recent-archaeological-evidence-and-radiometric-dates,question:hindu-renaissance,addresses,"Civilizational recovery, origins, or critique material relevant to Hindu renaissance"
book:bol-https://www.scribd.com/document/260613722/origin-of-early-harappan-cultures-in-the-sarasvati-valley-recent-archaeological-evidence-and-radiometric-dates,project:hindu-school-of-history,supports_project,"Historical, Itihasa, Vedic, origins, or archaeology material for Hindu historiography"
book:bol-https://www.academia.edu/14422781/indus_valley_microscopy_and_crystallography,question:hindu-renaissance,addresses,"Civilizational recovery, origins, or critique material relevant to Hindu renaissance"
book:bol-https://www.academia.edu/14422781/indus_valley_microscopy_and_crystallography,project:hindu-school-of-history,supports_project,"Historical, Itihasa, Vedic, origins, or archaeology material for Hindu historiography"
book:bol-https://www.academia.edu/33047934/vishnu_in_rigveda,question:core-of-sanatana-dharma,addresses,"Classical Dharma, Veda, Yoga, Vedanta, or Darshana source for the core Sanatana Dharma question"
book:bol-https://www.academia.edu/33047934/vishnu_in_rigveda,question:hindu-unity-and-diversity,addresses,"Itihasa, Purana, sectarian, festival, or living-tradition material for unity-in-diversity"
book:bol-https://www.academia.edu/33047934/vishnu_in_rigveda,project:hindu-school-of-history,supports_project,"Historical, Itihasa, Vedic, origins, or archaeology material for Hindu historiography"
book:bol-https://www.academia.edu/40693122/semenenko_a_a_on_the_true_meaning_of_ashva_in_rigveda,question:hindu-renaissance,addresses,"Civilizational recovery, origins, or critique material relevant to Hindu renaissance"
book:bol-https://www.academia.edu/40693122/semenenko_a_a_on_the_true_meaning_of_ashva_in_rigveda,project:hindu-school-of-history,supports_project,"Historical, Itihasa, Vedic, origins, or archaeology material for Hindu historiography"
book:bol-https://www.academia.edu/27920498/the_indo_european_cloudland,question:hindu-renaissance,addresses,"Civilizational recovery, origins, or critique material relevant to Hindu renaissance"
book:bol-https://www.academia.edu/27920498/the_indo_european_cloudland,question:what-will-destroy,addresses,"Adversarial, colonial, missionary, or civilizational-threat material for the destruction-risk question"
book:bol-https://www.academia.edu/27920498/the_indo_european_cloudland,project:hindu-response-to-enlightenment,supports_project,"Modernity, Enlightenment, humanities, or Indology critique material"
book:bol-http://koenraadelst.blogspot.com/2014/03/shrikant-talageri-vs-hans-heinrich-hock.html,question:hindu-renaissance,addresses,"Civilizational recovery, origins, or critique material relevant to Hindu renaissance"
book:bol-http://koenraadelst.blogspot.com/2014/03/shrikant-talageri-vs-hans-heinrich-hock.html,project:hindu-school-of-history,supports_project,"Historical, Itihasa, Vedic, origins, or archaeology material for Hindu historiography"
book:bol-https://www.academia.edu/38556391/the_a_of_abc_of_indian_chronology_dimensions_of_the_aryan_problem_revisited_in_2017,question:being-indian,addresses,"Explicit Indian, Hindu, tradition, or civilizational identity material"
book:bol-https://www.academia.edu/38556391/the_a_of_abc_of_indian_chronology_dimensions_of_the_aryan_problem_revisited_in_2017,question:hindu-renaissance,addresses,"Civilizational recovery, origins, or critique material relevant to Hindu renaissance"
book:bol-https://www.academia.edu/38556391/the_a_of_abc_of_indian_chronology_dimensions_of_the_aryan_problem_revisited_in_2017,project:hindu-school-of-history,supports_project,"Historical, Itihasa, Vedic, origins, or archaeology material for Hindu historiography"
book:bol-https://www.academia.edu/37699698/short_notes_on_paninian_sanskrit_versus_expected_mature_harappan_language_2018,question:practice-but-not-proven,addresses,"Knowledge-system, Sanskrit, science, or practice text relevant to what Hindus know through tradition and use"
book:bol-https://www.academia.edu/37699698/short_notes_on_paninian_sanskrit_versus_expected_mature_harappan_language_2018,question:hindu-renaissance,addresses,"Civilizational recovery, origins, or critique material relevant to Hindu renaissance"
book:bol-https://www.academia.edu/37699698/short_notes_on_paninian_sanskrit_versus_expected_mature_harappan_language_2018,project:hindu-frameworks-of-education,supports_project,"Knowledge-system, Sanskrit, science, or education source for Hindu frameworks of education"
book:bol-https://www.academia.edu/37699698/short_notes_on_paninian_sanskrit_versus_expected_mature_harappan_language_2018,project:hindu-school-of-history,supports_project,"Historical, Itihasa, Vedic, origins, or archaeology material for Hindu historiography"
book:bol-https://www.academia.edu/36983855/rigvedic_and_written_mature_harappan_part_2_2018_,question:hindu-renaissance,addresses,"Civilizational recovery, origins, or critique material relevant to Hindu renaissance"
book:bol-https://www.academia.edu/36983855/rigvedic_and_written_mature_harappan_part_2_2018_,project:hindu-school-of-history,supports_project,"Historical, Itihasa, Vedic, origins, or archaeology material for Hindu historiography"
book:bol-https://www.academia.edu/36977387/rigvedic_and_written_mature_harappan_part_1_2018_,question:hindu-renaissance,addresses,"Civilizational recovery, origins, or critique material relevant to Hindu renaissance"
book:bol-https://www.academia.edu/36977387/rigvedic_and_written_mature_harappan_part_1_2018_,project:hindu-school-of-history,supports_project,"Historical, Itihasa, Vedic, origins, or archaeology material for Hindu historiography"
book:bol-https://www.academia.edu/37972069/on_the_meaning_of_hymns_to_maruts_in_rigveda,question:core-of-sanatana-dharma,addresses,"Classical Dharma, Veda, Yoga, Vedanta, or Darshana source for the core Sanatana Dharma question"
book:bol-https://www.academia.edu/37972069/on_the_meaning_of_hymns_to_maruts_in_rigveda,project:hindu-school-of-history,supports_project,"Historical, Itihasa, Vedic, origins, or archaeology material for Hindu historiography"
book:bol-https://doi.org/10.1017/ehs.2020.14,question:practice-but-not-proven,addresses,"Knowledge-system, Sanskrit, science, or practice text relevant to what Hindus know through tradition and use"
book:bol-https://doi.org/10.1017/ehs.2020.14,question:hindu-renaissance,addresses,"Civilizational recovery, origins, or critique material relevant to Hindu renaissance"
book:bol-https://doi.org/10.1017/ehs.2020.14,project:hindu-frameworks-of-education,supports_project,"Knowledge-system, Sanskrit, science, or education source for Hindu frameworks of education"
book:bol-https://doi.org/10.1017/ehs.2020.14,project:hindu-school-of-history,supports_project,"Historical, Itihasa, Vedic, origins, or archaeology material for Hindu historiography"
book:bol-https://asc.iitgn.ac.in/assets/publications/research_papers/methodological_issues_in_the_indo-european_debate_m_danino_2019,question:practice-but-not-proven,addresses,"Knowledge-system, Sanskrit, science, or practice text relevant to what Hindus know through tradition and use"
book:bol-https://asc.iitgn.ac.in/assets/publications/research_papers/methodological_issues_in_the_indo-european_debate_m_danino_2019,question:hindu-renaissance,addresses,"Civilizational recovery, origins, or critique material relevant to Hindu renaissance"
book:bol-https://asc.iitgn.ac.in/assets/publications/research_papers/methodological_issues_in_the_indo-european_debate_m_danino_2019,project:hindu-frameworks-of-education,supports_project,"Knowledge-system, Sanskrit, science, or education source for Hindu frameworks of education"
book:bol-https://asc.iitgn.ac.in/assets/publications/research_papers/methodological_issues_in_the_indo-european_debate_m_danino_2019,project:hindu-school-of-history,supports_project,"Historical, Itihasa, Vedic, origins, or archaeology material for Hindu historiography"
book:bol-https://www.academia.edu/20041969/the_conflict_between_vedic_aryans_and_iranians,question:hindu-renaissance,addresses,"Civilizational recovery, origins, or critique material relevant to Hindu renaissance"
book:bol-https://www.academia.edu/20041969/the_conflict_between_vedic_aryans_and_iranians,project:hindu-school-of-history,supports_project,"Historical, Itihasa, Vedic, origins, or archaeology material for Hindu historiography"
book:bol-http://dx.doi.org/10.1163/9789004409354_014,question:hindu-renaissance,addresses,"Civilizational recovery, origins, or critique material relevant to Hindu renaissance"
book:bol-http://dx.doi.org/10.1163/9789004409354_014,project:hindu-school-of-history,supports_project,"Historical, Itihasa, Vedic, origins, or archaeology material for Hindu historiography"
book:bol-https://www.academia.edu/43475166/semenenko_a_a_images_of_solar_bulls_in_early_harappa_rigveda_and_avesta_as_manifestations_of_one_and_the_same_ancient_aryan_cult,question:hindu-renaissance,addresses,"Civilizational recovery, origins, or critique material relevant to Hindu renaissance"
book:bol-https://www.academia.edu/43475166/semenenko_a_a_images_of_solar_bulls_in_early_harappa_rigveda_and_avesta_as_manifestations_of_one_and_the_same_ancient_aryan_cult,project:hindu-school-of-history,supports_project,"Historical, Itihasa, Vedic, origins, or archaeology material for Hindu historiography"
book:bol-https://doi.org/10.1371/journal.pone.0185684,question:hindu-renaissance,addresses,"Civilizational recovery, origins, or critique material relevant to Hindu renaissance"
book:bol-https://doi.org/10.1371/journal.pone.0185684,project:hindu-school-of-history,supports_project,"Historical, Itihasa, Vedic, origins, or archaeology material for Hindu historiography"
book:bol-https://www.academia.edu/44476370/in_search_of_the_oldest_common_indo_european_urheimat_preliminary_linguistic_evidence_from_dravidian,question:hindu-renaissance,addresses,"Civilizational recovery, origins, or critique material relevant to Hindu renaissance"
book:bol-https://www.academia.edu/44476370/in_search_of_the_oldest_common_indo_european_urheimat_preliminary_linguistic_evidence_from_dravidian,project:hindu-school-of-history,supports_project,"Historical, Itihasa, Vedic, origins, or archaeology material for Hindu historiography"
book:bol-https://www.academia.edu/43671591/the_%e1%b9%9agvedic_religious_system_and_its_central_asian_and_hindukush_antecedents,question:hindu-renaissance,addresses,"Civilizational recovery, origins, or critique material relevant to Hindu renaissance"
book:bol-https://www.academia.edu/43671591/the_%e1%b9%9agvedic_religious_system_and_its_central_asian_and_hindukush_antecedents,project:hindu-school-of-history,supports_project,"Historical, Itihasa, Vedic, origins, or archaeology material for Hindu historiography"
book:bol-https://indiafacts.org/excavations-show-the-cultural-continuity-of-the-vedic-harappans/,question:hindu-renaissance,addresses,"Civilizational recovery, origins, or critique material relevant to Hindu renaissance"
book:bol-https://indiafacts.org/excavations-show-the-cultural-continuity-of-the-vedic-harappans/,project:hindu-school-of-history,supports_project,"Historical, Itihasa, Vedic, origins, or archaeology material for Hindu historiography"
book:bol-https://www.academia.edu/31296251/coexistence_of_culture_and_civilization_a_study_in_terms_of_indus_valley_civilization_and_chalcolithic_cultures_of_ganga_plain,question:being-indian,addresses,"Explicit Indian, Hindu, tradition, or civilizational identity material"
book:bol-https://www.academia.edu/31296251/coexistence_of_culture_and_civilization_a_study_in_terms_of_indus_valley_civilization_and_chalcolithic_cultures_of_ganga_plain,question:hindu-renaissance,addresses,"Civilizational recovery, origins, or critique material relevant to Hindu renaissance"
book:bol-https://www.academia.edu/31296251/coexistence_of_culture_and_civilization_a_study_in_terms_of_indus_valley_civilization_and_chalcolithic_cultures_of_ganga_plain,project:hindu-school-of-history,supports_project,"Historical, Itihasa, Vedic, origins, or archaeology material for Hindu historiography"
book:bol-https://www.academia.edu/8246055/animal_based_subsistence_in_the_ganga_valley,question:hindu-renaissance,addresses,"Civilizational recovery, origins, or critique material relevant to Hindu renaissance"
book:bol-https://www.academia.edu/8246055/animal_based_subsistence_in_the_ganga_valley,project:hindu-school-of-history,supports_project,"Historical, Itihasa, Vedic, origins, or archaeology material for Hindu historiography"
book:bol-https://www.academia.edu/18306905/the_eurasian_spread_zone_and_the_indo_european_dispersal,question:hindu-renaissance,addresses,"Civilizational recovery, origins, or critique material relevant to Hindu renaissance"
book:bol-https://www.academia.edu/18306905/the_eurasian_spread_zone_and_the_indo_european_dispersal,project:hindu-school-of-history,supports_project,"Historical, Itihasa, Vedic, origins, or archaeology material for Hindu historiography"
book:bol-https://www.science.org/doi/10.1126/science.aav1002,question:hindu-renaissance,addresses,"Civilizational recovery, origins, or critique material relevant to Hindu renaissance"
book:bol-https://www.science.org/doi/10.1126/science.aav1002,project:hindu-school-of-history,supports_project,"Historical, Itihasa, Vedic, origins, or archaeology material for Hindu historiography"
book:bol-https://www.academia.edu/28869625/the_epicenter_of_the_indo-european_linguistic_spread,question:practice-but-not-proven,addresses,"Knowledge-system, Sanskrit, science, or practice text relevant to what Hindus know through tradition and use"
book:bol-https://www.academia.edu/28869625/the_epicenter_of_the_indo-european_linguistic_spread,question:hindu-renaissance,addresses,"Civilizational recovery, origins, or critique material relevant to Hindu renaissance"
book:bol-https://www.academia.edu/28869625/the_epicenter_of_the_indo-european_linguistic_spread,project:hindu-frameworks-of-education,supports_project,"Knowledge-system, Sanskrit, science, or education source for Hindu frameworks of education"
book:bol-https://www.academia.edu/28869625/the_epicenter_of_the_indo-european_linguistic_spread,project:hindu-school-of-history,supports_project,"Historical, Itihasa, Vedic, origins, or archaeology material for Hindu historiography"
book:bol-https://www.academia.edu/243477/chronology_and_culture_history_in_the_indus_valley,question:hindu-renaissance,addresses,"Civilizational recovery, origins, or critique material relevant to Hindu renaissance"
book:bol-https://www.academia.edu/243477/chronology_and_culture_history_in_the_indus_valley,project:hindu-school-of-history,supports_project,"Historical, Itihasa, Vedic, origins, or archaeology material for Hindu historiography"
book:bol-https://pragyata.com/ait-and-the-science-of-linguistics/,question:practice-but-not-proven,addresses,"Knowledge-system, Sanskrit, science, or practice text relevant to what Hindus know through tradition and use"
book:bol-https://pragyata.com/ait-and-the-science-of-linguistics/,question:hindu-renaissance,addresses,"Civilizational recovery, origins, or critique material relevant to Hindu renaissance"
book:bol-https://pragyata.com/ait-and-the-science-of-linguistics/,project:hindu-school-of-history,supports_project,"Historical, Itihasa, Vedic, origins, or archaeology material for Hindu historiography"
book:bol-https://www.academia.edu/29284028/discovering_the_sarasvati_river_from_1855_to_2014,question:hindu-renaissance,addresses,"Civilizational recovery, origins, or critique material relevant to Hindu renaissance"
book:bol-https://www.academia.edu/29284028/discovering_the_sarasvati_river_from_1855_to_2014,project:hindu-school-of-history,supports_project,"Historical, Itihasa, Vedic, origins, or archaeology material for Hindu historiography"
book:bol-https://www.researchgate.net/publication/46734907_chera_chola_pandya_using_archaeological_evidence_to_identify_the_tamil_kingdoms_of_early_historic_south_india,question:being-indian,addresses,"Explicit Indian, Hindu, tradition, or civilizational identity material"
book:bol-https://www.researchgate.net/publication/46734907_chera_chola_pandya_using_archaeological_evidence_to_identify_the_tamil_kingdoms_of_early_historic_south_india,question:hindu-renaissance,addresses,"Civilizational recovery, origins, or critique material relevant to Hindu renaissance"
book:bol-https://www.researchgate.net/publication/46734907_chera_chola_pandya_using_archaeological_evidence_to_identify_the_tamil_kingdoms_of_early_historic_south_india,project:hindu-frameworks-of-education,supports_project,"Knowledge-system, Sanskrit, science, or education source for Hindu frameworks of education"
book:bol-https://www.researchgate.net/publication/46734907_chera_chola_pandya_using_archaeological_evidence_to_identify_the_tamil_kingdoms_of_early_historic_south_india,project:hindu-school-of-history,supports_project,"Historical, Itihasa, Vedic, origins, or archaeology material for Hindu historiography"
book:bol-https://www.academia.edu/38344745/semenenko_aleksandr_andreyevich_the_absence_of_the_sword_from_rigveda_and_atharvaveda_and_the_problem_of_indo_aryans_origin,question:hindu-renaissance,addresses,"Civilizational recovery, origins, or critique material relevant to Hindu renaissance"
book:bol-https://www.academia.edu/38344745/semenenko_aleksandr_andreyevich_the_absence_of_the_sword_from_rigveda_and_atharvaveda_and_the_problem_of_indo_aryans_origin,project:hindu-school-of-history,supports_project,"Historical, Itihasa, Vedic, origins, or archaeology material for Hindu historiography"
book:bol-https://www.academia.edu/40104001/demilitarizing_the_rigveda_a_scrutiny_of_vedic_horses_chariots_and_warfare,question:hindu-renaissance,addresses,"Civilizational recovery, origins, or critique material relevant to Hindu renaissance"
book:bol-https://www.academia.edu/40104001/demilitarizing_the_rigveda_a_scrutiny_of_vedic_horses_chariots_and_warfare,project:hindu-school-of-history,supports_project,"Historical, Itihasa, Vedic, origins, or archaeology material for Hindu historiography"
book:bol-https://doi.org/10.11588/ejvs.2001.3.830,question:hindu-renaissance,addresses,"Civilizational recovery, origins, or critique material relevant to Hindu renaissance"
book:bol-https://doi.org/10.11588/ejvs.2001.3.830,project:hindu-school-of-history,supports_project,"Historical, Itihasa, Vedic, origins, or archaeology material for Hindu historiography"
book:bol-https://www.academia.edu/43763287/a_timeline_of_ayodhya_nicole_elfi_and_michel_danino,project:hindu-school-of-history,supports_project,"Historical, Itihasa, Vedic, origins, or archaeology material for Hindu historiography"
book:bol-https://www.academia.edu/12539595/decipherment_of_indus_valley_seals_indus_valley_human_genetics,question:hindu-renaissance,addresses,"Civilizational recovery, origins, or critique material relevant to Hindu renaissance"
book:bol-https://www.academia.edu/12539595/decipherment_of_indus_valley_seals_indus_valley_human_genetics,project:hindu-school-of-history,supports_project,"Historical, Itihasa, Vedic, origins, or archaeology material for Hindu historiography"
book:bol-https://www.academia.edu/31811479/asura_and_its_derivatives_in_rigveda,question:hindu-renaissance,addresses,"Civilizational recovery, origins, or critique material relevant to Hindu renaissance"
book:bol-https://www.academia.edu/31811479/asura_and_its_derivatives_in_rigveda,project:hindu-school-of-history,supports_project,"Historical, Itihasa, Vedic, origins, or archaeology material for Hindu historiography"
book:bol-https://www.academia.edu/10168597/a_prehistoric_thoroughfare_between_the_ganges_and_the_himalayas,question:hindu-renaissance,addresses,"Civilizational recovery, origins, or critique material relevant to Hindu renaissance"
book:bol-https://www.academia.edu/10168597/a_prehistoric_thoroughfare_between_the_ganges_and_the_himalayas,project:hindu-school-of-history,supports_project,"Historical, Itihasa, Vedic, origins, or archaeology material for Hindu historiography"
book:bol-https://www.academia.edu/27879822/from_sarasvati_to_ganga,question:hindu-renaissance,addresses,"Civilizational recovery, origins, or critique material relevant to Hindu renaissance"
book:bol-https://www.academia.edu/27879822/from_sarasvati_to_ganga,project:hindu-school-of-history,supports_project,"Historical, Itihasa, Vedic, origins, or archaeology material for Hindu historiography"
book:bol-https://www.academia.edu/43472674/decipherment_of_indus_valley_script_and_rebuses,question:hindu-renaissance,addresses,"Civilizational recovery, origins, or critique material relevant to Hindu renaissance"
book:bol-https://www.academia.edu/43472674/decipherment_of_indus_valley_script_and_rebuses,project:hindu-school-of-history,supports_project,"Historical, Itihasa, Vedic, origins, or archaeology material for Hindu historiography"
book:bol-http://koenraadelst.blogspot.com/2019/05/astronomical-chronology-of-vedic.html,question:hindu-renaissance,addresses,"Civilizational recovery, origins, or critique material relevant to Hindu renaissance"
book:bol-http://koenraadelst.blogspot.com/2019/05/astronomical-chronology-of-vedic.html,project:hindu-school-of-history,supports_project,"Historical, Itihasa, Vedic, origins, or archaeology material for Hindu historiography"
book:bol-https://www.academia.edu/37026878/a_note_on_pie_and_nuclear_nostratic_nn_preliminary_report,question:hindu-renaissance,addresses,"Civilizational recovery, origins, or critique material relevant to Hindu renaissance"
book:bol-https://www.academia.edu/37026878/a_note_on_pie_and_nuclear_nostratic_nn_preliminary_report,project:hindu-school-of-history,supports_project,"Historical, Itihasa, Vedic, origins, or archaeology material for Hindu historiography"
book:bol-https://www.academia.edu/36998766/five_waves_of_indo_european_expansion_a_preliminary_model_2018_,question:hindu-renaissance,addresses,"Civilizational recovery, origins, or critique material relevant to Hindu renaissance"
book:bol-https://www.academia.edu/36998766/five_waves_of_indo_european_expansion_a_preliminary_model_2018_,project:hindu-school-of-history,supports_project,"Historical, Itihasa, Vedic, origins, or archaeology material for Hindu historiography"
book:bol-https://www.researchgate.net/publication/316664725_converging_views_on_asian_prehistory_from_different_windows_on_the_past,question:hindu-renaissance,addresses,"Civilizational recovery, origins, or critique material relevant to Hindu renaissance"
book:bol-https://www.researchgate.net/publication/316664725_converging_views_on_asian_prehistory_from_different_windows_on_the_past,project:hindu-school-of-history,supports_project,"Historical, Itihasa, Vedic, origins, or archaeology material for Hindu historiography"
book:bol-https://doi.org/10.1002/9781119055280.ch13,question:being-indian,addresses,"Explicit Indian, Hindu, tradition, or civilizational identity material"
book:bol-https://doi.org/10.1002/9781119055280.ch13,question:hindu-renaissance,addresses,"Civilizational recovery, origins, or critique material relevant to Hindu renaissance"
book:bol-https://doi.org/10.1002/9781119055280.ch13,project:hindu-school-of-history,supports_project,"Historical, Itihasa, Vedic, origins, or archaeology material for Hindu historiography"
book:bol-http://nrs.harvard.edu/urn-3:hul.instrepos:9886300,question:core-of-sanatana-dharma,addresses,"Classical Dharma, Veda, Yoga, Vedanta, or Darshana source for the core Sanatana Dharma question"
book:bol-https://doi.org/10.11114/ijsss.v6i1.2809,question:practice-but-not-proven,addresses,"Knowledge-system, Sanskrit, science, or practice text relevant to what Hindus know through tradition and use"
book:bol-https://doi.org/10.11114/ijsss.v6i1.2809,question:hindu-renaissance,addresses,"Civilizational recovery, origins, or critique material relevant to Hindu renaissance"
book:bol-https://doi.org/10.11114/ijsss.v6i1.2809,project:hindu-frameworks-of-education,supports_project,"Knowledge-system, Sanskrit, science, or education source for Hindu frameworks of education"
book:bol-https://doi.org/10.11114/ijsss.v6i1.2809,project:hindu-school-of-history,supports_project,"Historical, Itihasa, Vedic, origins, or archaeology material for Hindu historiography"
book:bol-https://doi.org/10.1371/journal.pone.0192299,question:hindu-renaissance,addresses,"Civilizational recovery, origins, or critique material relevant to Hindu renaissance"
book:bol-https://doi.org/10.1371/journal.pone.0192299,project:hindu-frameworks-of-education,supports_project,"Knowledge-system, Sanskrit, science, or education source for Hindu frameworks of education"
book:bol-https://doi.org/10.1371/journal.pone.0192299,project:hindu-school-of-history,supports_project,"Historical, Itihasa, Vedic, origins, or archaeology material for Hindu historiography"
book:bol-https://www.academia.edu/23253141/a_dravido_harappan_connection_the_issue_of_methodology,question:hindu-renaissance,addresses,"Civilizational recovery, origins, or critique material relevant to Hindu renaissance"
book:bol-https://www.academia.edu/23253141/a_dravido_harappan_connection_the_issue_of_methodology,project:hindu-school-of-history,supports_project,"Historical, Itihasa, Vedic, origins, or archaeology material for Hindu historiography"
book:bol-https://www.academia.edu/43690308/on_indian_historical_writing_the_case_of_the_va%e1%b9%83%c5%9b%c4%81val%c4%abs,question:being-indian,addresses,"Explicit Indian, Hindu, tradition, or civilizational identity material"
book:bol-https://www.academia.edu/43690308/on_indian_historical_writing_the_case_of_the_va%e1%b9%83%c5%9b%c4%81val%c4%abs,project:hindu-school-of-history,supports_project,"Historical, Itihasa, Vedic, origins, or archaeology material for Hindu historiography"
book:bol-https://www.academia.edu/39599444/fabricating_evidence_in_support_of_the_aryan_invasion_migration_theory,question:hindu-renaissance,addresses,"Civilizational recovery, origins, or critique material relevant to Hindu renaissance"
book:bol-https://www.academia.edu/39599444/fabricating_evidence_in_support_of_the_aryan_invasion_migration_theory,project:hindu-school-of-history,supports_project,"Historical, Itihasa, Vedic, origins, or archaeology material for Hindu historiography"
book:bol-https://doi.org/10.1007/s12038-012-9256-9,question:being-indian,addresses,"Explicit Indian, Hindu, tradition, or civilizational identity material"
book:bol-https://doi.org/10.1007/s12038-012-9256-9,question:hindu-renaissance,addresses,"Civilizational recovery, origins, or critique material relevant to Hindu renaissance"
book:bol-https://doi.org/10.1007/s12038-012-9256-9,project:hindu-school-of-history,supports_project,"Historical, Itihasa, Vedic, origins, or archaeology material for Hindu historiography"
book:bol-https://doi.org/10.1016/j.quaint.2016.09.018,question:hindu-renaissance,addresses,"Civilizational recovery, origins, or critique material relevant to Hindu renaissance"
book:bol-https://doi.org/10.1016/j.quaint.2016.09.018,project:hindu-school-of-history,supports_project,"Historical, Itihasa, Vedic, origins, or archaeology material for Hindu historiography"
book:bol-https://a-genetics.blogspot.com/2021/11/narasimhan-criticism-1.html,question:hindu-renaissance,addresses,"Civilizational recovery, origins, or critique material relevant to Hindu renaissance"
book:bol-https://a-genetics.blogspot.com/2021/11/narasimhan-criticism-1.html,project:hindu-school-of-history,supports_project,"Historical, Itihasa, Vedic, origins, or archaeology material for Hindu historiography"
book:bol-https://www.academia.edu/7683313/the_chronology_of_puranic_kings_and_rigvedic_rishis_in_comparison_with_the_phases_of_the_sindhu_sarasvati_civilization,question:hindu-renaissance,addresses,"Civilizational recovery, origins, or critique material relevant to Hindu renaissance"
book:bol-https://www.academia.edu/7683313/the_chronology_of_puranic_kings_and_rigvedic_rishis_in_comparison_with_the_phases_of_the_sindhu_sarasvati_civilization,project:hindu-school-of-history,supports_project,"Historical, Itihasa, Vedic, origins, or archaeology material for Hindu historiography"
book:bol-https://talageri.blogspot.com/2020/04/aryas-dasas-and-dasyus-in-rigveda.html,question:hindu-renaissance,addresses,"Civilizational recovery, origins, or critique material relevant to Hindu renaissance"
book:bol-https://talageri.blogspot.com/2020/04/aryas-dasas-and-dasyus-in-rigveda.html,project:hindu-school-of-history,supports_project,"Historical, Itihasa, Vedic, origins, or archaeology material for Hindu historiography"
book:bol-https://talageri.blogspot.com/2017/07/the-aryan-story-vs-true-aryan-history.html,question:hindu-renaissance,addresses,"Civilizational recovery, origins, or critique material relevant to Hindu renaissance"
book:bol-https://talageri.blogspot.com/2017/07/the-aryan-story-vs-true-aryan-history.html,project:hindu-school-of-history,supports_project,"Historical, Itihasa, Vedic, origins, or archaeology material for Hindu historiography"
book:bol-https://talageri.blogspot.com/2020/05/the-varsagira-battle-in-rigveda.html,question:hindu-renaissance,addresses,"Civilizational recovery, origins, or critique material relevant to Hindu renaissance"
book:bol-https://talageri.blogspot.com/2020/05/the-varsagira-battle-in-rigveda.html,project:hindu-school-of-history,supports_project,"Historical, Itihasa, Vedic, origins, or archaeology material for Hindu historiography"
book:bol-https://talageri.blogspot.com/2019/09/rakhigarhi-and-after.html,question:hindu-renaissance,addresses,"Civilizational recovery, origins, or critique material relevant to Hindu renaissance"
book:bol-https://talageri.blogspot.com/2019/09/rakhigarhi-and-after.html,project:hindu-school-of-history,supports_project,"Historical, Itihasa, Vedic, origins, or archaeology material for Hindu historiography"
book:bol-https://talageri.blogspot.com/2020/07/the-full-out-of-india-case-in-short.html,question:being-indian,addresses,"Explicit Indian, Hindu, tradition, or civilizational identity material"
book:bol-https://talageri.blogspot.com/2020/07/the-full-out-of-india-case-in-short.html,question:hindu-renaissance,addresses,"Civilizational recovery, origins, or critique material relevant to Hindu renaissance"
book:bol-https://talageri.blogspot.com/2020/07/the-full-out-of-india-case-in-short.html,project:hindu-school-of-history,supports_project,"Historical, Itihasa, Vedic, origins, or archaeology material for Hindu historiography"
book:bol-https://doi.org/10.1017/9781108758666,question:practice-but-not-proven,addresses,"Knowledge-system, Sanskrit, science, or practice text relevant to what Hindus know through tradition and use"
book:bol-https://doi.org/10.1017/9781108758666,question:hindu-renaissance,addresses,"Civilizational recovery, origins, or critique material relevant to Hindu renaissance"
book:bol-https://doi.org/10.1017/9781108758666,project:hindu-frameworks-of-education,supports_project,"Knowledge-system, Sanskrit, science, or education source for Hindu frameworks of education"
book:bol-https://doi.org/10.1017/9781108758666,project:hindu-school-of-history,supports_project,"Historical, Itihasa, Vedic, origins, or archaeology material for Hindu historiography"
book:bol-https://doi.org/10.1017/9781108758666,project:interchanging-dynamics-of-hindu-family,supports_project,"Festival, family, household, or cultural-transmission material"
b1000:1,question:core-of-sanatana-dharma,addresses,"Classical Dharma, Veda, Yoga, Vedanta, or Darshana source for the core Sanatana Dharma question"
b1000:3,question:core-of-sanatana-dharma,addresses,"Classical Dharma, Veda, Yoga, Vedanta, or Darshana source for the core Sanatana Dharma question"
b1000:3,question:being-indian,addresses,"Explicit Indian, Hindu, tradition, or civilizational identity material"
b1000:3,project:hindu-school-of-history,supports_project,"Historical, Itihasa, Vedic, origins, or archaeology material for Hindu historiography"
b1000:4,question:core-of-sanatana-dharma,addresses,"Classical Dharma, Veda, Yoga, Vedanta, or Darshana source for the core Sanatana Dharma question"
b1000:4,project:hindu-school-of-history,supports_project,"Historical, Itihasa, Vedic, origins, or archaeology material for Hindu historiography"
b1000:5,question:core-of-sanatana-dharma,addresses,"Classical Dharma, Veda, Yoga, Vedanta, or Darshana source for the core Sanatana Dharma question"
b1000:7,question:core-of-sanatana-dharma,addresses,"Classical Dharma, Veda, Yoga, Vedanta, or Darshana source for the core Sanatana Dharma question"
b1000:8,question:core-of-sanatana-dharma,addresses,"Classical Dharma, Veda, Yoga, Vedanta, or Darshana source for the core Sanatana Dharma question"
b1000:9,question:core-of-sanatana-dharma,addresses,"Classical Dharma, Veda, Yoga, Vedanta, or Darshana source for the core Sanatana Dharma question"
b1000:10,question:core-of-sanatana-dharma,addresses,"Classical Dharma, Veda, Yoga, Vedanta, or Darshana source for the core Sanatana Dharma question"
b1000:11,question:core-of-sanatana-dharma,addresses,"Classical Dharma, Veda, Yoga, Vedanta, or Darshana source for the core Sanatana Dharma question"
b1000:12,question:core-of-sanatana-dharma,addresses,"Classical Dharma, Veda, Yoga, Vedanta, or Darshana source for the core Sanatana Dharma question"
b1000:13,question:core-of-sanatana-dharma,addresses,"Classical Dharma, Veda, Yoga, Vedanta, or Darshana source for the core Sanatana Dharma question"
b1000:14,question:core-of-sanatana-dharma,addresses,"Classical Dharma, Veda, Yoga, Vedanta, or Darshana source for the core Sanatana Dharma question"
b1000:15,question:core-of-sanatana-dharma,addresses,"Classical Dharma, Veda, Yoga, Vedanta, or Darshana source for the core Sanatana Dharma question"
b1000:16,question:core-of-sanatana-dharma,addresses,"Classical Dharma, Veda, Yoga, Vedanta, or Darshana source for the core Sanatana Dharma question"
b1000:16,project:hindu-school-of-history,supports_project,"Historical, Itihasa, Vedic, origins, or archaeology material for Hindu historiography"
b1000:17,question:core-of-sanatana-dharma,addresses,"Classical Dharma, Veda, Yoga, Vedanta, or Darshana source for the core Sanatana Dharma question"
b1000:18,question:core-of-sanatana-dharma,addresses,"Classical Dharma, Veda, Yoga, Vedanta, or Darshana source for the core Sanatana Dharma question"
b1000:18,project:hindu-school-of-history,supports_project,"Historical, Itihasa, Vedic, origins, or archaeology material for Hindu historiography"
b1000:19,question:core-of-sanatana-dharma,addresses,"Classical Dharma, Veda, Yoga, Vedanta, or Darshana source for the core Sanatana Dharma question"
b1000:19,project:hindu-school-of-history,supports_project,"Historical, Itihasa, Vedic, origins, or archaeology material for Hindu historiography"
b1000:20,question:core-of-sanatana-dharma,addresses,"Classical Dharma, Veda, Yoga, Vedanta, or Darshana source for the core Sanatana Dharma question"
b1000:21,question:core-of-sanatana-dharma,addresses,"Classical Dharma, Veda, Yoga, Vedanta, or Darshana source for the core Sanatana Dharma question"
b1000:21,question:hindu-renaissance,addresses,"Civilizational recovery, origins, or critique material relevant to Hindu renaissance"
b1000:22,question:core-of-sanatana-dharma,addresses,"Classical Dharma, Veda, Yoga, Vedanta, or Darshana source for the core Sanatana Dharma question"
b1000:23,question:core-of-sanatana-dharma,addresses,"Classical Dharma, Veda, Yoga, Vedanta, or Darshana source for the core Sanatana Dharma question"
b1000:24,question:core-of-sanatana-dharma,addresses,"Classical Dharma, Veda, Yoga, Vedanta, or Darshana source for the core Sanatana Dharma question"
b1000:25,question:core-of-sanatana-dharma,addresses,"Classical Dharma, Veda, Yoga, Vedanta, or Darshana source for the core Sanatana Dharma question"
b1000:25,question:hindu-renaissance,addresses,"Civilizational recovery, origins, or critique material relevant to Hindu renaissance"
b1000:26,question:core-of-sanatana-dharma,addresses,"Classical Dharma, Veda, Yoga, Vedanta, or Darshana source for the core Sanatana Dharma question"
b1000:26,question:hindu-renaissance,addresses,"Civilizational recovery, origins, or critique material relevant to Hindu renaissance"
b1000:27,question:core-of-sanatana-dharma,addresses,"Classical Dharma, Veda, Yoga, Vedanta, or Darshana source for the core Sanatana Dharma question"
b1000:28,question:core-of-sanatana-dharma,addresses,"Classical Dharma, Veda, Yoga, Vedanta, or Darshana source for the core Sanatana Dharma question"
b1000:29,question:core-of-sanatana-dharma,addresses,"Classical Dharma, Veda, Yoga, Vedanta, or Darshana source for the core Sanatana Dharma question"
b1000:30,question:core-of-sanatana-dharma,addresses,"Classical Dharma, Veda, Yoga, Vedanta, or Darshana source for the core Sanatana Dharma question"
b1000:31,question:core-of-sanatana-dharma,addresses,"Classical Dharma, Veda, Yoga, Vedanta, or Darshana source for the core Sanatana Dharma question"
b1000:32,question:core-of-sanatana-dharma,addresses,"Classical Dharma, Veda, Yoga, Vedanta, or Darshana source for the core Sanatana Dharma question"
b1000:33,question:core-of-sanatana-dharma,addresses,"Classical Dharma, Veda, Yoga, Vedanta, or Darshana source for the core Sanatana Dharma question"
b1000:34,question:core-of-sanatana-dharma,addresses,"Classical Dharma, Veda, Yoga, Vedanta, or Darshana source for the core Sanatana Dharma question"
b1000:35,question:core-of-sanatana-dharma,addresses,"Classical Dharma, Veda, Yoga, Vedanta, or Darshana source for the core Sanatana Dharma question"
b1000:36,question:core-of-sanatana-dharma,addresses,"Classical Dharma, Veda, Yoga, Vedanta, or Darshana source for the core Sanatana Dharma question"
b1000:37,question:core-of-sanatana-dharma,addresses,"Classical Dharma, Veda, Yoga, Vedanta, or Darshana source for the core Sanatana Dharma question"
b1000:38,question:core-of-sanatana-dharma,addresses,"Classical Dharma, Veda, Yoga, Vedanta, or Darshana source for the core Sanatana Dharma question"
b1000:39,question:core-of-sanatana-dharma,addresses,"Classical Dharma, Veda, Yoga, Vedanta, or Darshana source for the core Sanatana Dharma question"
b1000:39,project:temples-of-madhya-pradesh,supports_project,Madhya Pradesh temple or sacred-geography material
b1000:40,question:core-of-sanatana-dharma,addresses,"Classical Dharma, Veda, Yoga, Vedanta, or Darshana source for the core Sanatana Dharma question"
b1000:41,question:core-of-sanatana-dharma,addresses,"Classical Dharma, Veda, Yoga, Vedanta, or Darshana source for the core Sanatana Dharma question"
b1000:42,question:core-of-sanatana-dharma,addresses,"Classical Dharma, Veda, Yoga, Vedanta, or Darshana source for the core Sanatana Dharma question"
b1000:42,question:hindu-renaissance,addresses,"Civilizational recovery, origins, or critique material relevant to Hindu renaissance"
b1000:43,question:core-of-sanatana-dharma,addresses,"Classical Dharma, Veda, Yoga, Vedanta, or Darshana source for the core Sanatana Dharma question"
b1000:43,question:hindu-renaissance,addresses,"Civilizational recovery, origins, or critique material relevant to Hindu renaissance"
b1000:44,question:core-of-sanatana-dharma,addresses,"Classical Dharma, Veda, Yoga, Vedanta, or Darshana source for the core Sanatana Dharma question"
b1000:45,question:core-of-sanatana-dharma,addresses,"Classical Dharma, Veda, Yoga, Vedanta, or Darshana source for the core Sanatana Dharma question"
b1000:46,question:core-of-sanatana-dharma,addresses,"Classical Dharma, Veda, Yoga, Vedanta, or Darshana source for the core Sanatana Dharma question"
b1000:47,question:core-of-sanatana-dharma,addresses,"Classical Dharma, Veda, Yoga, Vedanta, or Darshana source for the core Sanatana Dharma question"
b1000:48,question:core-of-sanatana-dharma,addresses,"Classical Dharma, Veda, Yoga, Vedanta, or Darshana source for the core Sanatana Dharma question"
b1000:49,question:core-of-sanatana-dharma,addresses,"Classical Dharma, Veda, Yoga, Vedanta, or Darshana source for the core Sanatana Dharma question"
b1000:50,question:core-of-sanatana-dharma,addresses,"Classical Dharma, Veda, Yoga, Vedanta, or Darshana source for the core Sanatana Dharma question"
b1000:51,question:being-indian,addresses,"Explicit Indian, Hindu, tradition, or civilizational identity material"
b1000:51,question:hindu-unity-and-diversity,addresses,"Itihasa, Purana, sectarian, festival, or living-tradition material for unity-in-diversity"
b1000:51,project:hindu-school-of-history,supports_project,"Historical, Itihasa, Vedic, origins, or archaeology material for Hindu historiography"
b1000:52,question:being-indian,addresses,"Explicit Indian, Hindu, tradition, or civilizational identity material"
b1000:52,question:hindu-unity-and-diversity,addresses,"Itihasa, Purana, sectarian, festival, or living-tradition material for unity-in-diversity"
b1000:52,project:hindu-school-of-history,supports_project,"Historical, Itihasa, Vedic, origins, or archaeology material for Hindu historiography"
b1000:53,question:being-indian,addresses,"Explicit Indian, Hindu, tradition, or civilizational identity material"
b1000:53,question:hindu-unity-and-diversity,addresses,"Itihasa, Purana, sectarian, festival, or living-tradition material for unity-in-diversity"
b1000:53,project:hindu-school-of-history,supports_project,"Historical, Itihasa, Vedic, origins, or archaeology material for Hindu historiography"
b1000:54,question:being-indian,addresses,"Explicit Indian, Hindu, tradition, or civilizational identity material"
b1000:54,question:hindu-unity-and-diversity,addresses,"Itihasa, Purana, sectarian, festival, or living-tradition material for unity-in-diversity"
b1000:54,project:hindu-school-of-history,supports_project,"Historical, Itihasa, Vedic, origins, or archaeology material for Hindu historiography"
b1000:55,question:being-indian,addresses,"Explicit Indian, Hindu, tradition, or civilizational identity material"
b1000:55,question:hindu-unity-and-diversity,addresses,"Itihasa, Purana, sectarian, festival, or living-tradition material for unity-in-diversity"
b1000:55,project:hindu-school-of-history,supports_project,"Historical, Itihasa, Vedic, origins, or archaeology material for Hindu historiography"
b1000:56,question:being-indian,addresses,"Explicit Indian, Hindu, tradition, or civilizational identity material"
b1000:56,question:hindu-unity-and-diversity,addresses,"Itihasa, Purana, sectarian, festival, or living-tradition material for unity-in-diversity"
b1000:56,project:hindu-school-of-history,supports_project,"Historical, Itihasa, Vedic, origins, or archaeology material for Hindu historiography"
b1000:57,question:being-indian,addresses,"Explicit Indian, Hindu, tradition, or civilizational identity material"
b1000:57,question:hindu-unity-and-diversity,addresses,"Itihasa, Purana, sectarian, festival, or living-tradition material for unity-in-diversity"
b1000:57,project:hindu-school-of-history,supports_project,"Historical, Itihasa, Vedic, origins, or archaeology material for Hindu historiography"
b1000:58,question:hindu-unity-and-diversity,addresses,"Itihasa, Purana, sectarian, festival, or living-tradition material for unity-in-diversity"
b1000:59,question:hindu-unity-and-diversity,addresses,"Itihasa, Purana, sectarian, festival, or living-tradition material for unity-in-diversity"
b1000:60,question:being-indian,addresses,"Explicit Indian, Hindu, tradition, or civilizational identity material"
b1000:60,question:hindu-unity-and-diversity,addresses,"Itihasa, Purana, sectarian, festival, or living-tradition material for unity-in-diversity"
b1000:60,project:hindu-school-of-history,supports_project,"Historical, Itihasa, Vedic, origins, or archaeology material for Hindu historiography"
b1000:61,question:being-indian,addresses,"Explicit Indian, Hindu, tradition, or civilizational identity material"
b1000:61,question:hindu-unity-and-diversity,addresses,"Itihasa, Purana, sectarian, festival, or living-tradition material for unity-in-diversity"
b1000:61,project:hindu-school-of-history,supports_project,"Historical, Itihasa, Vedic, origins, or archaeology material for Hindu historiography"
b1000:62,question:hindu-unity-and-diversity,addresses,"Itihasa, Purana, sectarian, festival, or living-tradition material for unity-in-diversity"
b1000:63,question:being-indian,addresses,"Explicit Indian, Hindu, tradition, or civilizational identity material"
b1000:63,question:hindu-unity-and-diversity,addresses,"Itihasa, Purana, sectarian, festival, or living-tradition material for unity-in-diversity"
b1000:63,project:hindu-school-of-history,supports_project,"Historical, Itihasa, Vedic, origins, or archaeology material for Hindu historiography"
b1000:64,question:being-indian,addresses,"Explicit Indian, Hindu, tradition, or civilizational identity material"
b1000:64,question:hindu-unity-and-diversity,addresses,"Itihasa, Purana, sectarian, festival, or living-tradition material for unity-in-diversity"
b1000:64,project:hindu-school-of-history,supports_project,"Historical, Itihasa, Vedic, origins, or archaeology material for Hindu historiography"
b1000:65,question:hindu-unity-and-diversity,addresses,"Itihasa, Purana, sectarian, festival, or living-tradition material for unity-in-diversity"
b1000:66,question:being-indian,addresses,"Explicit Indian, Hindu, tradition, or civilizational identity material"
b1000:66,question:hindu-unity-and-diversity,addresses,"Itihasa, Purana, sectarian, festival, or living-tradition material for unity-in-diversity"
b1000:66,question:modernity-and-hindu-values,addresses,"Modernity, technology, humanities, or civilizational-values material"
b1000:66,project:hindu-response-to-enlightenment,supports_project,"Modernity, Enlightenment, humanities, or Indology critique material"
b1000:66,project:hindu-school-of-history,supports_project,"Historical, Itihasa, Vedic, origins, or archaeology material for Hindu historiography"
b1000:67,question:being-indian,addresses,"Explicit Indian, Hindu, tradition, or civilizational identity material"
b1000:67,question:hindu-unity-and-diversity,addresses,"Itihasa, Purana, sectarian, festival, or living-tradition material for unity-in-diversity"
b1000:67,project:hindu-school-of-history,supports_project,"Historical, Itihasa, Vedic, origins, or archaeology material for Hindu historiography"
b1000:68,question:being-indian,addresses,"Explicit Indian, Hindu, tradition, or civilizational identity material"
b1000:68,question:hindu-unity-and-diversity,addresses,"Itihasa, Purana, sectarian, festival, or living-tradition material for unity-in-diversity"
b1000:68,project:hindu-school-of-history,supports_project,"Historical, Itihasa, Vedic, origins, or archaeology material for Hindu historiography"
b1000:69,question:being-indian,addresses,"Explicit Indian, Hindu, tradition, or civilizational identity material"
b1000:69,question:hindu-unity-and-diversity,addresses,"Itihasa, Purana, sectarian, festival, or living-tradition material for unity-in-diversity"
b1000:69,project:hindu-school-of-history,supports_project,"Historical, Itihasa, Vedic, origins, or archaeology material for Hindu historiography"
b1000:70,question:being-indian,addresses,"Explicit Indian, Hindu, tradition, or civilizational identity material"
b1000:70,question:hindu-unity-and-diversity,addresses,"Itihasa, Purana, sectarian, festival, or living-tradition material for unity-in-diversity"
b1000:70,project:hindu-school-of-history,supports_project,"Historical, Itihasa, Vedic, origins, or archaeology material for Hindu historiography"
b1000:71,question:core-of-sanatana-dharma,addresses,"Classical Dharma, Veda, Yoga, Vedanta, or Darshana source for the core Sanatana Dharma question"
b1000:71,question:hindu-unity-and-diversity,addresses,"Itihasa, Purana, sectarian, festival, or living-tradition material for unity-in-diversity"
b1000:72,question:core-of-sanatana-dharma,addresses,"Classical Dharma, Veda, Yoga, Vedanta, or Darshana source for the core Sanatana Dharma question"
b1000:72,question:hindu-unity-and-diversity,addresses,"Itihasa, Purana, sectarian, festival, or living-tradition material for unity-in-diversity"
b1000:73,question:core-of-sanatana-dharma,addresses,"Classical Dharma, Veda, Yoga, Vedanta, or Darshana source for the core Sanatana Dharma question"
b1000:73,question:hindu-unity-and-diversity,addresses,"Itihasa, Purana, sectarian, festival, or living-tradition material for unity-in-diversity"
b1000:74,question:core-of-sanatana-dharma,addresses,"Classical Dharma, Veda, Yoga, Vedanta, or Darshana source for the core Sanatana Dharma question"
b1000:74,question:hindu-unity-and-diversity,addresses,"Itihasa, Purana, sectarian, festival, or living-tradition material for unity-in-diversity"
b1000:75,question:core-of-sanatana-dharma,addresses,"Classical Dharma, Veda, Yoga, Vedanta, or Darshana source for the core Sanatana Dharma question"
b1000:75,question:hindu-unity-and-diversity,addresses,"Itihasa, Purana, sectarian, festival, or living-tradition material for unity-in-diversity"
b1000:76,question:core-of-sanatana-dharma,addresses,"Classical Dharma, Veda, Yoga, Vedanta, or Darshana source for the core Sanatana Dharma question"
b1000:76,question:hindu-unity-and-diversity,addresses,"Itihasa, Purana, sectarian, festival, or living-tradition material for unity-in-diversity"
b1000:77,question:core-of-sanatana-dharma,addresses,"Classical Dharma, Veda, Yoga, Vedanta, or Darshana source for the core Sanatana Dharma question"
b1000:77,question:hindu-unity-and-diversity,addresses,"Itihasa, Purana, sectarian, festival, or living-tradition material for unity-in-diversity"
b1000:78,question:core-of-sanatana-dharma,addresses,"Classical Dharma, Veda, Yoga, Vedanta, or Darshana source for the core Sanatana Dharma question"
b1000:78,question:hindu-unity-and-diversity,addresses,"Itihasa, Purana, sectarian, festival, or living-tradition material for unity-in-diversity"
b1000:79,question:core-of-sanatana-dharma,addresses,"Classical Dharma, Veda, Yoga, Vedanta, or Darshana source for the core Sanatana Dharma question"
b1000:79,question:hindu-unity-and-diversity,addresses,"Itihasa, Purana, sectarian, festival, or living-tradition material for unity-in-diversity"
b1000:80,question:core-of-sanatana-dharma,addresses,"Classical Dharma, Veda, Yoga, Vedanta, or Darshana source for the core Sanatana Dharma question"
b1000:80,question:hindu-unity-and-diversity,addresses,"Itihasa, Purana, sectarian, festival, or living-tradition material for unity-in-diversity"
b1000:81,question:core-of-sanatana-dharma,addresses,"Classical Dharma, Veda, Yoga, Vedanta, or Darshana source for the core Sanatana Dharma question"
b1000:81,question:hindu-unity-and-diversity,addresses,"Itihasa, Purana, sectarian, festival, or living-tradition material for unity-in-diversity"
b1000:82,question:hindu-unity-and-diversity,addresses,"Itihasa, Purana, sectarian, festival, or living-tradition material for unity-in-diversity"
b1000:83,question:core-of-sanatana-dharma,addresses,"Classical Dharma, Veda, Yoga, Vedanta, or Darshana source for the core Sanatana Dharma question"
b1000:83,question:hindu-unity-and-diversity,addresses,"Itihasa, Purana, sectarian, festival, or living-tradition material for unity-in-diversity"
b1000:84,question:hindu-unity-and-diversity,addresses,"Itihasa, Purana, sectarian, festival, or living-tradition material for unity-in-diversity"
b1000:85,question:core-of-sanatana-dharma,addresses,"Classical Dharma, Veda, Yoga, Vedanta, or Darshana source for the core Sanatana Dharma question"
b1000:85,question:hindu-unity-and-diversity,addresses,"Itihasa, Purana, sectarian, festival, or living-tradition material for unity-in-diversity"
b1000:86,question:core-of-sanatana-dharma,addresses,"Classical Dharma, Veda, Yoga, Vedanta, or Darshana source for the core Sanatana Dharma question"
b1000:86,question:hindu-unity-and-diversity,addresses,"Itihasa, Purana, sectarian, festival, or living-tradition material for unity-in-diversity"
b1000:87,question:core-of-sanatana-dharma,addresses,"Classical Dharma, Veda, Yoga, Vedanta, or Darshana source for the core Sanatana Dharma question"
b1000:87,question:hindu-unity-and-diversity,addresses,"Itihasa, Purana, sectarian, festival, or living-tradition material for unity-in-diversity"
b1000:88,question:core-of-sanatana-dharma,addresses,"Classical Dharma, Veda, Yoga, Vedanta, or Darshana source for the core Sanatana Dharma question"
b1000:88,question:being-indian,addresses,"Explicit Indian, Hindu, tradition, or civilizational identity material"
b1000:88,question:hindu-unity-and-diversity,addresses,"Itihasa, Purana, sectarian, festival, or living-tradition material for unity-in-diversity"
b1000:88,project:hindu-school-of-history,supports_project,"Historical, Itihasa, Vedic, origins, or archaeology material for Hindu historiography"
b1000:89,question:hindu-unity-and-diversity,addresses,"Itihasa, Purana, sectarian, festival, or living-tradition material for unity-in-diversity"
b1000:89,project:hindu-school-of-history,supports_project,"Historical, Itihasa, Vedic, origins, or archaeology material for Hindu historiography"
b1000:90,question:hindu-unity-and-diversity,addresses,"Itihasa, Purana, sectarian, festival, or living-tradition material for unity-in-diversity"
b1000:90,project:hindu-school-of-history,supports_project,"Historical, Itihasa, Vedic, origins, or archaeology material for Hindu historiography"
b1000:91,question:hindu-unity-and-diversity,addresses,"Itihasa, Purana, sectarian, festival, or living-tradition material for unity-in-diversity"
b1000:91,project:hindu-school-of-history,supports_project,"Historical, Itihasa, Vedic, origins, or archaeology material for Hindu historiography"
b1000:92,question:hindu-unity-and-diversity,addresses,"Itihasa, Purana, sectarian, festival, or living-tradition material for unity-in-diversity"
b1000:92,project:hindu-school-of-history,supports_project,"Historical, Itihasa, Vedic, origins, or archaeology material for Hindu historiography"
b1000:93,question:hindu-unity-and-diversity,addresses,"Itihasa, Purana, sectarian, festival, or living-tradition material for unity-in-diversity"
b1000:93,project:hindu-school-of-history,supports_project,"Historical, Itihasa, Vedic, origins, or archaeology material for Hindu historiography"
b1000:94,question:hindu-unity-and-diversity,addresses,"Itihasa, Purana, sectarian, festival, or living-tradition material for unity-in-diversity"
b1000:94,project:hindu-school-of-history,supports_project,"Historical, Itihasa, Vedic, origins, or archaeology material for Hindu historiography"
b1000:95,question:hindu-unity-and-diversity,addresses,"Itihasa, Purana, sectarian, festival, or living-tradition material for unity-in-diversity"
b1000:95,project:hindu-school-of-history,supports_project,"Historical, Itihasa, Vedic, origins, or archaeology material for Hindu historiography"
b1000:96,question:hindu-unity-and-diversity,addresses,"Itihasa, Purana, sectarian, festival, or living-tradition material for unity-in-diversity"
b1000:97,question:hindu-unity-and-diversity,addresses,"Itihasa, Purana, sectarian, festival, or living-tradition material for unity-in-diversity"
b1000:98,question:hindu-unity-and-diversity,addresses,"Itihasa, Purana, sectarian, festival, or living-tradition material for unity-in-diversity"
b1000:98,project:hindu-school-of-history,supports_project,"Historical, Itihasa, Vedic, origins, or archaeology material for Hindu historiography"
b1000:99,question:hindu-unity-and-diversity,addresses,"Itihasa, Purana, sectarian, festival, or living-tradition material for unity-in-diversity"
b1000:100,question:core-of-sanatana-dharma,addresses,"Classical Dharma, Veda, Yoga, Vedanta, or Darshana source for the core Sanatana Dharma question"
b1000:100,question:hindu-unity-and-diversity,addresses,"Itihasa, Purana, sectarian, festival, or living-tradition material for unity-in-diversity"
b1000:101,question:core-of-sanatana-dharma,addresses,"Classical Dharma, Veda, Yoga, Vedanta, or Darshana source for the core Sanatana Dharma question"
b1000:101,question:hindu-unity-and-diversity,addresses,"Itihasa, Purana, sectarian, festival, or living-tradition material for unity-in-diversity"
b1000:102,question:hindu-unity-and-diversity,addresses,"Itihasa, Purana, sectarian, festival, or living-tradition material for unity-in-diversity"
b1000:102,project:hindu-school-of-history,supports_project,"Historical, Itihasa, Vedic, origins, or archaeology material for Hindu historiography"
b1000:103,question:hindu-unity-and-diversity,addresses,"Itihasa, Purana, sectarian, festival, or living-tradition material for unity-in-diversity"
b1000:103,project:hindu-school-of-history,supports_project,"Historical, Itihasa, Vedic, origins, or archaeology material for Hindu historiography"
b1000:104,question:hindu-unity-and-diversity,addresses,"Itihasa, Purana, sectarian, festival, or living-tradition material for unity-in-diversity"
b1000:104,project:hindu-school-of-history,supports_project,"Historical, Itihasa, Vedic, origins, or archaeology material for Hindu historiography"
b1000:105,question:being-indian,addresses,"Explicit Indian, Hindu, tradition, or civilizational identity material"
b1000:105,question:hindu-unity-and-diversity,addresses,"Itihasa, Purana, sectarian, festival, or living-tradition material for unity-in-diversity"
b1000:105,project:hindu-school-of-history,supports_project,"Historical, Itihasa, Vedic, origins, or archaeology material for Hindu historiography"
b1000:106,question:being-indian,addresses,"Explicit Indian, Hindu, tradition, or civilizational identity material"
b1000:106,question:hindu-unity-and-diversity,addresses,"Itihasa, Purana, sectarian, festival, or living-tradition material for unity-in-diversity"
b1000:106,question:will-save-sanatana-dharma,addresses,"Dharma, tradition, education, or recovery material for what saves Sanatana Dharma"
b1000:106,project:hindu-school-of-history,supports_project,"Historical, Itihasa, Vedic, origins, or archaeology material for Hindu historiography"
b1000:107,question:hindu-unity-and-diversity,addresses,"Itihasa, Purana, sectarian, festival, or living-tradition material for unity-in-diversity"
b1000:108,question:hindu-unity-and-diversity,addresses,"Itihasa, Purana, sectarian, festival, or living-tradition material for unity-in-diversity"
b1000:109,question:hindu-unity-and-diversity,addresses,"Itihasa, Purana, sectarian, festival, or living-tradition material for unity-in-diversity"
b1000:110,question:hindu-unity-and-diversity,addresses,"Itihasa, Purana, sectarian, festival, or living-tradition material for unity-in-diversity"
b1000:110,project:hindu-school-of-history,supports_project,"Historical, Itihasa, Vedic, origins, or archaeology material for Hindu historiography"
b1000:111,question:hindu-unity-and-diversity,addresses,"Itihasa, Purana, sectarian, festival, or living-tradition material for unity-in-diversity"
b1000:112,question:hindu-unity-and-diversity,addresses,"Itihasa, Purana, sectarian, festival, or living-tradition material for unity-in-diversity"
b1000:113,question:hindu-unity-and-diversity,addresses,"Itihasa, Purana, sectarian, festival, or living-tradition material for unity-in-diversity"
b1000:114,question:hindu-unity-and-diversity,addresses,"Itihasa, Purana, sectarian, festival, or living-tradition material for unity-in-diversity"
b1000:115,question:hindu-unity-and-diversity,addresses,"Itihasa, Purana, sectarian, festival, or living-tradition material for unity-in-diversity"
b1000:116,question:hindu-unity-and-diversity,addresses,"Itihasa, Purana, sectarian, festival, or living-tradition material for unity-in-diversity"
b1000:117,question:hindu-unity-and-diversity,addresses,"Itihasa, Purana, sectarian, festival, or living-tradition material for unity-in-diversity"
b1000:118,question:hindu-unity-and-diversity,addresses,"Itihasa, Purana, sectarian, festival, or living-tradition material for unity-in-diversity"
b1000:119,question:hindu-unity-and-diversity,addresses,"Itihasa, Purana, sectarian, festival, or living-tradition material for unity-in-diversity"
b1000:120,question:hindu-unity-and-diversity,addresses,"Itihasa, Purana, sectarian, festival, or living-tradition material for unity-in-diversity"
b1000:121,question:hindu-unity-and-diversity,addresses,"Itihasa, Purana, sectarian, festival, or living-tradition material for unity-in-diversity"
b1000:122,question:hindu-unity-and-diversity,addresses,"Itihasa, Purana, sectarian, festival, or living-tradition material for unity-in-diversity"
b1000:123,question:hindu-unity-and-diversity,addresses,"Itihasa, Purana, sectarian, festival, or living-tradition material for unity-in-diversity"
b1000:124,question:hindu-unity-and-diversity,addresses,"Itihasa, Purana, sectarian, festival, or living-tradition material for unity-in-diversity"
b1000:125,question:hindu-unity-and-diversity,addresses,"Itihasa, Purana, sectarian, festival, or living-tradition material for unity-in-diversity"
b1000:126,question:hindu-unity-and-diversity,addresses,"Itihasa, Purana, sectarian, festival, or living-tradition material for unity-in-diversity"
b1000:127,question:hindu-unity-and-diversity,addresses,"Itihasa, Purana, sectarian, festival, or living-tradition material for unity-in-diversity"
b1000:128,question:hindu-unity-and-diversity,addresses,"Itihasa, Purana, sectarian, festival, or living-tradition material for unity-in-diversity"
b1000:128,project:artist-in-art,supports_project,"Art, aesthetics, performance, or symbolic-form source for the Artist in Art project"
b1000:129,question:hindu-unity-and-diversity,addresses,"Itihasa, Purana, sectarian, festival, or living-tradition material for unity-in-diversity"
b1000:130,question:hindu-unity-and-diversity,addresses,"Itihasa, Purana, sectarian, festival, or living-tradition material for unity-in-diversity"
b1000:131,question:hindu-unity-and-diversity,addresses,"Itihasa, Purana, sectarian, festival, or living-tradition material for unity-in-diversity"
b1000:132,question:hindu-unity-and-diversity,addresses,"Itihasa, Purana, sectarian, festival, or living-tradition material for unity-in-diversity"
b1000:133,question:hindu-unity-and-diversity,addresses,"Itihasa, Purana, sectarian, festival, or living-tradition material for unity-in-diversity"
b1000:134,question:hindu-unity-and-diversity,addresses,"Itihasa, Purana, sectarian, festival, or living-tradition material for unity-in-diversity"
b1000:135,question:hindu-unity-and-diversity,addresses,"Itihasa, Purana, sectarian, festival, or living-tradition material for unity-in-diversity"
b1000:136,question:hindu-unity-and-diversity,addresses,"Itihasa, Purana, sectarian, festival, or living-tradition material for unity-in-diversity"
b1000:137,question:being-indian,addresses,"Explicit Indian, Hindu, tradition, or civilizational identity material"
b1000:137,question:hindu-unity-and-diversity,addresses,"Itihasa, Purana, sectarian, festival, or living-tradition material for unity-in-diversity"
b1000:138,question:hindu-unity-and-diversity,addresses,"Itihasa, Purana, sectarian, festival, or living-tradition material for unity-in-diversity"
b1000:139,question:being-indian,addresses,"Explicit Indian, Hindu, tradition, or civilizational identity material"
b1000:139,question:hindu-unity-and-diversity,addresses,"Itihasa, Purana, sectarian, festival, or living-tradition material for unity-in-diversity"
b1000:139,question:will-save-sanatana-dharma,addresses,"Dharma, tradition, education, or recovery material for what saves Sanatana Dharma"
b1000:140,question:hindu-unity-and-diversity,addresses,"Itihasa, Purana, sectarian, festival, or living-tradition material for unity-in-diversity"
b1000:141,question:being-indian,addresses,"Explicit Indian, Hindu, tradition, or civilizational identity material"
b1000:141,question:hindu-unity-and-diversity,addresses,"Itihasa, Purana, sectarian, festival, or living-tradition material for unity-in-diversity"
b1000:141,question:will-save-sanatana-dharma,addresses,"Dharma, tradition, education, or recovery material for what saves Sanatana Dharma"
b1000:142,question:being-indian,addresses,"Explicit Indian, Hindu, tradition, or civilizational identity material"
b1000:142,question:hindu-unity-and-diversity,addresses,"Itihasa, Purana, sectarian, festival, or living-tradition material for unity-in-diversity"
b1000:142,question:will-save-sanatana-dharma,addresses,"Dharma, tradition, education, or recovery material for what saves Sanatana Dharma"
b1000:144,question:being-indian,addresses,"Explicit Indian, Hindu, tradition, or civilizational identity material"
b1000:144,question:hindu-unity-and-diversity,addresses,"Itihasa, Purana, sectarian, festival, or living-tradition material for unity-in-diversity"
b1000:144,question:will-save-sanatana-dharma,addresses,"Dharma, tradition, education, or recovery material for what saves Sanatana Dharma"
b1000:145,question:being-indian,addresses,"Explicit Indian, Hindu, tradition, or civilizational identity material"
b1000:145,question:hindu-unity-and-diversity,addresses,"Itihasa, Purana, sectarian, festival, or living-tradition material for unity-in-diversity"
b1000:146,question:core-of-sanatana-dharma,addresses,"Classical Dharma, Veda, Yoga, Vedanta, or Darshana source for the core Sanatana Dharma question"
b1000:147,question:core-of-sanatana-dharma,addresses,"Classical Dharma, Veda, Yoga, Vedanta, or Darshana source for the core Sanatana Dharma question"
b1000:148,question:core-of-sanatana-dharma,addresses,"Classical Dharma, Veda, Yoga, Vedanta, or Darshana source for the core Sanatana Dharma question"
b1000:148,question:being-indian,addresses,"Explicit Indian, Hindu, tradition, or civilizational identity material"
b1000:148,project:hindu-frameworks-of-education,supports_project,"Knowledge-system, Sanskrit, science, or education source for Hindu frameworks of education"
b1000:148,project:hindu-school-of-history,supports_project,"Historical, Itihasa, Vedic, origins, or archaeology material for Hindu historiography"
b1000:149,question:core-of-sanatana-dharma,addresses,"Classical Dharma, Veda, Yoga, Vedanta, or Darshana source for the core Sanatana Dharma question"
b1000:149,question:being-indian,addresses,"Explicit Indian, Hindu, tradition, or civilizational identity material"
b1000:149,project:hindu-frameworks-of-education,supports_project,"Knowledge-system, Sanskrit, science, or education source for Hindu frameworks of education"
b1000:151,question:core-of-sanatana-dharma,addresses,"Classical Dharma, Veda, Yoga, Vedanta, or Darshana source for the core Sanatana Dharma question"
b1000:151,question:practice-but-not-proven,addresses,"Knowledge-system, Sanskrit, science, or practice text relevant to what Hindus know through tradition and use"
b1000:151,question:being-indian,addresses,"Explicit Indian, Hindu, tradition, or civilizational identity material"
b1000:151,project:hindu-frameworks-of-education,supports_project,"Knowledge-system, Sanskrit, science, or education source for Hindu frameworks of education"
b1000:152,question:core-of-sanatana-dharma,addresses,"Classical Dharma, Veda, Yoga, Vedanta, or Darshana source for the core Sanatana Dharma question"
b1000:152,question:being-indian,addresses,"Explicit Indian, Hindu, tradition, or civilizational identity material"
b1000:152,project:hindu-frameworks-of-education,supports_project,"Knowledge-system, Sanskrit, science, or education source for Hindu frameworks of education"
b1000:153,question:core-of-sanatana-dharma,addresses,"Classical Dharma, Veda, Yoga, Vedanta, or Darshana source for the core Sanatana Dharma question"
b1000:153,question:practice-but-not-proven,addresses,"Knowledge-system, Sanskrit, science, or practice text relevant to what Hindus know through tradition and use"
b1000:153,question:being-indian,addresses,"Explicit Indian, Hindu, tradition, or civilizational identity material"
b1000:153,project:hindu-frameworks-of-education,supports_project,"Knowledge-system, Sanskrit, science, or education source for Hindu frameworks of education"
b1000:154,question:core-of-sanatana-dharma,addresses,"Classical Dharma, Veda, Yoga, Vedanta, or Darshana source for the core Sanatana Dharma question"
b1000:155,question:core-of-sanatana-dharma,addresses,"Classical Dharma, Veda, Yoga, Vedanta, or Darshana source for the core Sanatana Dharma question"
b1000:155,question:being-indian,addresses,"Explicit Indian, Hindu, tradition, or civilizational identity material"
b1000:156,question:core-of-sanatana-dharma,addresses,"Classical Dharma, Veda, Yoga, Vedanta, or Darshana source for the core Sanatana Dharma question"
b1000:157,question:core-of-sanatana-dharma,addresses,"Classical Dharma, Veda, Yoga, Vedanta, or Darshana source for the core Sanatana Dharma question"
b1000:157,question:being-indian,addresses,"Explicit Indian, Hindu, tradition, or civilizational identity material"
b1000:158,question:core-of-sanatana-dharma,addresses,"Classical Dharma, Veda, Yoga, Vedanta, or Darshana source for the core Sanatana Dharma question"
b1000:159,question:core-of-sanatana-dharma,addresses,"Classical Dharma, Veda, Yoga, Vedanta, or Darshana source for the core Sanatana Dharma question"
b1000:159,question:will-save-sanatana-dharma,addresses,"Dharma, tradition, education, or recovery material for what saves Sanatana Dharma"
b1000:159,project:artist-in-art,supports_project,"Art, aesthetics, performance, or symbolic-form source for the Artist in Art project"
b1000:159,project:structure-of-hindu-charity,supports_project,"Dharma, polity, civil society, institution, or charity material"
b1000:160,question:core-of-sanatana-dharma,addresses,"Classical Dharma, Veda, Yoga, Vedanta, or Darshana source for the core Sanatana Dharma question"
b1000:160,question:being-indian,addresses,"Explicit Indian, Hindu, tradition, or civilizational identity material"
b1000:161,question:core-of-sanatana-dharma,addresses,"Classical Dharma, Veda, Yoga, Vedanta, or Darshana source for the core Sanatana Dharma question"
b1000:162,question:core-of-sanatana-dharma,addresses,"Classical Dharma, Veda, Yoga, Vedanta, or Darshana source for the core Sanatana Dharma question"
b1000:163,question:core-of-sanatana-dharma,addresses,"Classical Dharma, Veda, Yoga, Vedanta, or Darshana source for the core Sanatana Dharma question"
b1000:164,question:core-of-sanatana-dharma,addresses,"Classical Dharma, Veda, Yoga, Vedanta, or Darshana source for the core Sanatana Dharma question"
b1000:165,question:core-of-sanatana-dharma,addresses,"Classical Dharma, Veda, Yoga, Vedanta, or Darshana source for the core Sanatana Dharma question"
b1000:165,question:being-indian,addresses,"Explicit Indian, Hindu, tradition, or civilizational identity material"
b1000:165,question:hindu-unity-and-diversity,addresses,"Itihasa, Purana, sectarian, festival, or living-tradition material for unity-in-diversity"
b1000:166,question:core-of-sanatana-dharma,addresses,"Classical Dharma, Veda, Yoga, Vedanta, or Darshana source for the core Sanatana Dharma question"
b1000:167,question:core-of-sanatana-dharma,addresses,"Classical Dharma, Veda, Yoga, Vedanta, or Darshana source for the core Sanatana Dharma question"
b1000:168,question:core-of-sanatana-dharma,addresses,"Classical Dharma, Veda, Yoga, Vedanta, or Darshana source for the core Sanatana Dharma question"
b1000:169,question:core-of-sanatana-dharma,addresses,"Classical Dharma, Veda, Yoga, Vedanta, or Darshana source for the core Sanatana Dharma question"
b1000:170,question:core-of-sanatana-dharma,addresses,"Classical Dharma, Veda, Yoga, Vedanta, or Darshana source for the core Sanatana Dharma question"
b1000:171,question:core-of-sanatana-dharma,addresses,"Classical Dharma, Veda, Yoga, Vedanta, or Darshana source for the core Sanatana Dharma question"
b1000:172,question:core-of-sanatana-dharma,addresses,"Classical Dharma, Veda, Yoga, Vedanta, or Darshana source for the core Sanatana Dharma question"
b1000:173,question:core-of-sanatana-dharma,addresses,"Classical Dharma, Veda, Yoga, Vedanta, or Darshana source for the core Sanatana Dharma question"
b1000:174,question:core-of-sanatana-dharma,addresses,"Classical Dharma, Veda, Yoga, Vedanta, or Darshana source for the core Sanatana Dharma question"
b1000:175,question:core-of-sanatana-dharma,addresses,"Classical Dharma, Veda, Yoga, Vedanta, or Darshana source for the core Sanatana Dharma question"
b1000:176,question:core-of-sanatana-dharma,addresses,"Classical Dharma, Veda, Yoga, Vedanta, or Darshana source for the core Sanatana Dharma question"
b1000:176,question:being-indian,addresses,"Explicit Indian, Hindu, tradition, or civilizational identity material"
b1000:176,question:hindu-unity-and-diversity,addresses,"Itihasa, Purana, sectarian, festival, or living-tradition material for unity-in-diversity"
b1000:177,question:core-of-sanatana-dharma,addresses,"Classical Dharma, Veda, Yoga, Vedanta, or Darshana source for the core Sanatana Dharma question"
b1000:178,question:core-of-sanatana-dharma,addresses,"Classical Dharma, Veda, Yoga, Vedanta, or Darshana source for the core Sanatana Dharma question"
b1000:179,question:core-of-sanatana-dharma,addresses,"Classical Dharma, Veda, Yoga, Vedanta, or Darshana source for the core Sanatana Dharma question"
b1000:180,question:core-of-sanatana-dharma,addresses,"Classical Dharma, Veda, Yoga, Vedanta, or Darshana source for the core Sanatana Dharma question"
b1000:181,question:core-of-sanatana-dharma,addresses,"Classical Dharma, Veda, Yoga, Vedanta, or Darshana source for the core Sanatana Dharma question"
b1000:182,question:core-of-sanatana-dharma,addresses,"Classical Dharma, Veda, Yoga, Vedanta, or Darshana source for the core Sanatana Dharma question"
b1000:183,question:core-of-sanatana-dharma,addresses,"Classical Dharma, Veda, Yoga, Vedanta, or Darshana source for the core Sanatana Dharma question"
b1000:183,question:hindu-unity-and-diversity,addresses,"Itihasa, Purana, sectarian, festival, or living-tradition material for unity-in-diversity"
b1000:184,question:core-of-sanatana-dharma,addresses,"Classical Dharma, Veda, Yoga, Vedanta, or Darshana source for the core Sanatana Dharma question"
b1000:185,question:core-of-sanatana-dharma,addresses,"Classical Dharma, Veda, Yoga, Vedanta, or Darshana source for the core Sanatana Dharma question"
b1000:186,question:core-of-sanatana-dharma,addresses,"Classical Dharma, Veda, Yoga, Vedanta, or Darshana source for the core Sanatana Dharma question"
b1000:187,question:core-of-sanatana-dharma,addresses,"Classical Dharma, Veda, Yoga, Vedanta, or Darshana source for the core Sanatana Dharma question"
b1000:187,project:artist-in-art,supports_project,"Art, aesthetics, performance, or symbolic-form source for the Artist in Art project"
b1000:188,question:core-of-sanatana-dharma,addresses,"Classical Dharma, Veda, Yoga, Vedanta, or Darshana source for the core Sanatana Dharma question"
b1000:189,question:core-of-sanatana-dharma,addresses,"Classical Dharma, Veda, Yoga, Vedanta, or Darshana source for the core Sanatana Dharma question"
b1000:190,question:core-of-sanatana-dharma,addresses,"Classical Dharma, Veda, Yoga, Vedanta, or Darshana source for the core Sanatana Dharma question"
b1000:192,question:core-of-sanatana-dharma,addresses,"Classical Dharma, Veda, Yoga, Vedanta, or Darshana source for the core Sanatana Dharma question"
b1000:193,question:core-of-sanatana-dharma,addresses,"Classical Dharma, Veda, Yoga, Vedanta, or Darshana source for the core Sanatana Dharma question"
b1000:194,question:core-of-sanatana-dharma,addresses,"Classical Dharma, Veda, Yoga, Vedanta, or Darshana source for the core Sanatana Dharma question"
b1000:195,question:core-of-sanatana-dharma,addresses,"Classical Dharma, Veda, Yoga, Vedanta, or Darshana source for the core Sanatana Dharma question"
b1000:195,project:artist-in-art,supports_project,"Art, aesthetics, performance, or symbolic-form source for the Artist in Art project"
b1000:196,question:core-of-sanatana-dharma,addresses,"Classical Dharma, Veda, Yoga, Vedanta, or Darshana source for the core Sanatana Dharma question"
b1000:197,question:core-of-sanatana-dharma,addresses,"Classical Dharma, Veda, Yoga, Vedanta, or Darshana source for the core Sanatana Dharma question"
b1000:198,question:core-of-sanatana-dharma,addresses,"Classical Dharma, Veda, Yoga, Vedanta, or Darshana source for the core Sanatana Dharma question"
b1000:199,question:core-of-sanatana-dharma,addresses,"Classical Dharma, Veda, Yoga, Vedanta, or Darshana source for the core Sanatana Dharma question"
b1000:200,question:core-of-sanatana-dharma,addresses,"Classical Dharma, Veda, Yoga, Vedanta, or Darshana source for the core Sanatana Dharma question"
b1000:201,question:core-of-sanatana-dharma,addresses,"Classical Dharma, Veda, Yoga, Vedanta, or Darshana source for the core Sanatana Dharma question"
b1000:202,question:core-of-sanatana-dharma,addresses,"Classical Dharma, Veda, Yoga, Vedanta, or Darshana source for the core Sanatana Dharma question"
b1000:203,question:core-of-sanatana-dharma,addresses,"Classical Dharma, Veda, Yoga, Vedanta, or Darshana source for the core Sanatana Dharma question"
b1000:204,question:core-of-sanatana-dharma,addresses,"Classical Dharma, Veda, Yoga, Vedanta, or Darshana source for the core Sanatana Dharma question"
b1000:204,question:will-save-sanatana-dharma,addresses,"Dharma, tradition, education, or recovery material for what saves Sanatana Dharma"
b1000:204,project:structure-of-hindu-charity,supports_project,"Dharma, polity, civil society, institution, or charity material"
b1000:205,question:core-of-sanatana-dharma,addresses,"Classical Dharma, Veda, Yoga, Vedanta, or Darshana source for the core Sanatana Dharma question"
b1000:206,question:core-of-sanatana-dharma,addresses,"Classical Dharma, Veda, Yoga, Vedanta, or Darshana source for the core Sanatana Dharma question"
b1000:207,question:core-of-sanatana-dharma,addresses,"Classical Dharma, Veda, Yoga, Vedanta, or Darshana source for the core Sanatana Dharma question"
b1000:208,question:core-of-sanatana-dharma,addresses,"Classical Dharma, Veda, Yoga, Vedanta, or Darshana source for the core Sanatana Dharma question"
b1000:209,question:core-of-sanatana-dharma,addresses,"Classical Dharma, Veda, Yoga, Vedanta, or Darshana source for the core Sanatana Dharma question"
b1000:210,question:core-of-sanatana-dharma,addresses,"Classical Dharma, Veda, Yoga, Vedanta, or Darshana source for the core Sanatana Dharma question"
b1000:211,question:core-of-sanatana-dharma,addresses,"Classical Dharma, Veda, Yoga, Vedanta, or Darshana source for the core Sanatana Dharma question"
b1000:212,question:core-of-sanatana-dharma,addresses,"Classical Dharma, Veda, Yoga, Vedanta, or Darshana source for the core Sanatana Dharma question"
b1000:213,question:core-of-sanatana-dharma,addresses,"Classical Dharma, Veda, Yoga, Vedanta, or Darshana source for the core Sanatana Dharma question"
b1000:213,question:hindu-renaissance,addresses,"Civilizational recovery, origins, or critique material relevant to Hindu renaissance"
b1000:214,question:core-of-sanatana-dharma,addresses,"Classical Dharma, Veda, Yoga, Vedanta, or Darshana source for the core Sanatana Dharma question"
b1000:214,question:being-indian,addresses,"Explicit Indian, Hindu, tradition, or civilizational identity material"
b1000:215,question:core-of-sanatana-dharma,addresses,"Classical Dharma, Veda, Yoga, Vedanta, or Darshana source for the core Sanatana Dharma question"
b1000:215,question:being-indian,addresses,"Explicit Indian, Hindu, tradition, or civilizational identity material"
b1000:216,question:core-of-sanatana-dharma,addresses,"Classical Dharma, Veda, Yoga, Vedanta, or Darshana source for the core Sanatana Dharma question"
b1000:217,question:core-of-sanatana-dharma,addresses,"Classical Dharma, Veda, Yoga, Vedanta, or Darshana source for the core Sanatana Dharma question"
b1000:217,question:practice-but-not-proven,addresses,"Knowledge-system, Sanskrit, science, or practice text relevant to what Hindus know through tradition and use"
b1000:217,question:hindu-renaissance,addresses,"Civilizational recovery, origins, or critique material relevant to Hindu renaissance"
b1000:217,project:hindu-frameworks-of-education,supports_project,"Knowledge-system, Sanskrit, science, or education source for Hindu frameworks of education"
b1000:218,question:core-of-sanatana-dharma,addresses,"Classical Dharma, Veda, Yoga, Vedanta, or Darshana source for the core Sanatana Dharma question"
b1000:218,question:being-indian,addresses,"Explicit Indian, Hindu, tradition, or civilizational identity material"
b1000:219,question:core-of-sanatana-dharma,addresses,"Classical Dharma, Veda, Yoga, Vedanta, or Darshana source for the core Sanatana Dharma question"
b1000:220,question:core-of-sanatana-dharma,addresses,"Classical Dharma, Veda, Yoga, Vedanta, or Darshana source for the core Sanatana Dharma question"
b1000:221,question:core-of-sanatana-dharma,addresses,"Classical Dharma, Veda, Yoga, Vedanta, or Darshana source for the core Sanatana Dharma question"
b1000:221,project:artist-in-art,supports_project,"Art, aesthetics, performance, or symbolic-form source for the Artist in Art project"
b1000:222,question:core-of-sanatana-dharma,addresses,"Classical Dharma, Veda, Yoga, Vedanta, or Darshana source for the core Sanatana Dharma question"
b1000:223,question:core-of-sanatana-dharma,addresses,"Classical Dharma, Veda, Yoga, Vedanta, or Darshana source for the core Sanatana Dharma question"
b1000:223,project:temples-of-madhya-pradesh,supports_project,Madhya Pradesh temple or sacred-geography material
b1000:224,question:core-of-sanatana-dharma,addresses,"Classical Dharma, Veda, Yoga, Vedanta, or Darshana source for the core Sanatana Dharma question"
b1000:225,question:core-of-sanatana-dharma,addresses,"Classical Dharma, Veda, Yoga, Vedanta, or Darshana source for the core Sanatana Dharma question"
b1000:225,project:temples-of-madhya-pradesh,supports_project,Madhya Pradesh temple or sacred-geography material
b1000:226,question:core-of-sanatana-dharma,addresses,"Classical Dharma, Veda, Yoga, Vedanta, or Darshana source for the core Sanatana Dharma question"
b1000:227,question:core-of-sanatana-dharma,addresses,"Classical Dharma, Veda, Yoga, Vedanta, or Darshana source for the core Sanatana Dharma question"
b1000:227,question:hindu-unity-and-diversity,addresses,"Itihasa, Purana, sectarian, festival, or living-tradition material for unity-in-diversity"
b1000:227,project:hindu-school-of-history,supports_project,"Historical, Itihasa, Vedic, origins, or archaeology material for Hindu historiography"
b1000:228,question:core-of-sanatana-dharma,addresses,"Classical Dharma, Veda, Yoga, Vedanta, or Darshana source for the core Sanatana Dharma question"
b1000:229,question:core-of-sanatana-dharma,addresses,"Classical Dharma, Veda, Yoga, Vedanta, or Darshana source for the core Sanatana Dharma question"
b1000:230,question:core-of-sanatana-dharma,addresses,"Classical Dharma, Veda, Yoga, Vedanta, or Darshana source for the core Sanatana Dharma question"
b1000:231,question:core-of-sanatana-dharma,addresses,"Classical Dharma, Veda, Yoga, Vedanta, or Darshana source for the core Sanatana Dharma question"
b1000:232,question:core-of-sanatana-dharma,addresses,"Classical Dharma, Veda, Yoga, Vedanta, or Darshana source for the core Sanatana Dharma question"
b1000:232,project:artist-in-art,supports_project,"Art, aesthetics, performance, or symbolic-form source for the Artist in Art project"
b1000:233,question:core-of-sanatana-dharma,addresses,"Classical Dharma, Veda, Yoga, Vedanta, or Darshana source for the core Sanatana Dharma question"
b1000:234,question:core-of-sanatana-dharma,addresses,"Classical Dharma, Veda, Yoga, Vedanta, or Darshana source for the core Sanatana Dharma question"
b1000:235,question:core-of-sanatana-dharma,addresses,"Classical Dharma, Veda, Yoga, Vedanta, or Darshana source for the core Sanatana Dharma question"
b1000:235,question:hindu-renaissance,addresses,"Civilizational recovery, origins, or critique material relevant to Hindu renaissance"
b1000:236,question:core-of-sanatana-dharma,addresses,"Classical Dharma, Veda, Yoga, Vedanta, or Darshana source for the core Sanatana Dharma question"
b1000:236,question:being-indian,addresses,"Explicit Indian, Hindu, tradition, or civilizational identity material"
b1000:236,question:hindu-unity-and-diversity,addresses,"Itihasa, Purana, sectarian, festival, or living-tradition material for unity-in-diversity"
b1000:237,question:core-of-sanatana-dharma,addresses,"Classical Dharma, Veda, Yoga, Vedanta, or Darshana source for the core Sanatana Dharma question"
b1000:238,question:core-of-sanatana-dharma,addresses,"Classical Dharma, Veda, Yoga, Vedanta, or Darshana source for the core Sanatana Dharma question"
b1000:239,question:core-of-sanatana-dharma,addresses,"Classical Dharma, Veda, Yoga, Vedanta, or Darshana source for the core Sanatana Dharma question"
b1000:240,question:core-of-sanatana-dharma,addresses,"Classical Dharma, Veda, Yoga, Vedanta, or Darshana source for the core Sanatana Dharma question"
b1000:240,question:hindu-unity-and-diversity,addresses,"Itihasa, Purana, sectarian, festival, or living-tradition material for unity-in-diversity"
b1000:241,question:core-of-sanatana-dharma,addresses,"Classical Dharma, Veda, Yoga, Vedanta, or Darshana source for the core Sanatana Dharma question"
b1000:242,question:core-of-sanatana-dharma,addresses,"Classical Dharma, Veda, Yoga, Vedanta, or Darshana source for the core Sanatana Dharma question"
b1000:243,question:core-of-sanatana-dharma,addresses,"Classical Dharma, Veda, Yoga, Vedanta, or Darshana source for the core Sanatana Dharma question"
b1000:244,question:core-of-sanatana-dharma,addresses,"Classical Dharma, Veda, Yoga, Vedanta, or Darshana source for the core Sanatana Dharma question"
b1000:245,question:core-of-sanatana-dharma,addresses,"Classical Dharma, Veda, Yoga, Vedanta, or Darshana source for the core Sanatana Dharma question"
b1000:245,question:hindu-renaissance,addresses,"Civilizational recovery, origins, or critique material relevant to Hindu renaissance"
b1000:245,project:hindu-school-of-history,supports_project,"Historical, Itihasa, Vedic, origins, or archaeology material for Hindu historiography"
b1000:246,question:core-of-sanatana-dharma,addresses,"Classical Dharma, Veda, Yoga, Vedanta, or Darshana source for the core Sanatana Dharma question"
b1000:247,question:core-of-sanatana-dharma,addresses,"Classical Dharma, Veda, Yoga, Vedanta, or Darshana source for the core Sanatana Dharma question"
b1000:248,question:core-of-sanatana-dharma,addresses,"Classical Dharma, Veda, Yoga, Vedanta, or Darshana source for the core Sanatana Dharma question"
b1000:248,question:hindu-renaissance,addresses,"Civilizational recovery, origins, or critique material relevant to Hindu renaissance"
b1000:249,question:core-of-sanatana-dharma,addresses,"Classical Dharma, Veda, Yoga, Vedanta, or Darshana source for the core Sanatana Dharma question"
b1000:250,question:core-of-sanatana-dharma,addresses,"Classical Dharma, Veda, Yoga, Vedanta, or Darshana source for the core Sanatana Dharma question"
b1000:251,question:core-of-sanatana-dharma,addresses,"Classical Dharma, Veda, Yoga, Vedanta, or Darshana source for the core Sanatana Dharma question"
b1000:252,question:core-of-sanatana-dharma,addresses,"Classical Dharma, Veda, Yoga, Vedanta, or Darshana source for the core Sanatana Dharma question"
b1000:252,question:hindu-renaissance,addresses,"Civilizational recovery, origins, or critique material relevant to Hindu renaissance"
b1000:253,question:core-of-sanatana-dharma,addresses,"Classical Dharma, Veda, Yoga, Vedanta, or Darshana source for the core Sanatana Dharma question"
b1000:254,question:core-of-sanatana-dharma,addresses,"Classical Dharma, Veda, Yoga, Vedanta, or Darshana source for the core Sanatana Dharma question"
b1000:254,question:hindu-unity-and-diversity,addresses,"Itihasa, Purana, sectarian, festival, or living-tradition material for unity-in-diversity"
b1000:255,question:core-of-sanatana-dharma,addresses,"Classical Dharma, Veda, Yoga, Vedanta, or Darshana source for the core Sanatana Dharma question"
b1000:255,question:hindu-unity-and-diversity,addresses,"Itihasa, Purana, sectarian, festival, or living-tradition material for unity-in-diversity"
b1000:256,question:core-of-sanatana-dharma,addresses,"Classical Dharma, Veda, Yoga, Vedanta, or Darshana source for the core Sanatana Dharma question"
b1000:257,question:core-of-sanatana-dharma,addresses,"Classical Dharma, Veda, Yoga, Vedanta, or Darshana source for the core Sanatana Dharma question"
b1000:257,question:hindu-renaissance,addresses,"Civilizational recovery, origins, or critique material relevant to Hindu renaissance"
b1000:258,question:core-of-sanatana-dharma,addresses,"Classical Dharma, Veda, Yoga, Vedanta, or Darshana source for the core Sanatana Dharma question"
b1000:259,question:core-of-sanatana-dharma,addresses,"Classical Dharma, Veda, Yoga, Vedanta, or Darshana source for the core Sanatana Dharma question"
b1000:260,question:core-of-sanatana-dharma,addresses,"Classical Dharma, Veda, Yoga, Vedanta, or Darshana source for the core Sanatana Dharma question"
b1000:261,question:core-of-sanatana-dharma,addresses,"Classical Dharma, Veda, Yoga, Vedanta, or Darshana source for the core Sanatana Dharma question"
b1000:262,question:core-of-sanatana-dharma,addresses,"Classical Dharma, Veda, Yoga, Vedanta, or Darshana source for the core Sanatana Dharma question"
b1000:263,question:core-of-sanatana-dharma,addresses,"Classical Dharma, Veda, Yoga, Vedanta, or Darshana source for the core Sanatana Dharma question"
b1000:264,question:core-of-sanatana-dharma,addresses,"Classical Dharma, Veda, Yoga, Vedanta, or Darshana source for the core Sanatana Dharma question"
b1000:265,question:core-of-sanatana-dharma,addresses,"Classical Dharma, Veda, Yoga, Vedanta, or Darshana source for the core Sanatana Dharma question"
b1000:266,question:core-of-sanatana-dharma,addresses,"Classical Dharma, Veda, Yoga, Vedanta, or Darshana source for the core Sanatana Dharma question"
b1000:267,question:core-of-sanatana-dharma,addresses,"Classical Dharma, Veda, Yoga, Vedanta, or Darshana source for the core Sanatana Dharma question"
b1000:268,question:core-of-sanatana-dharma,addresses,"Classical Dharma, Veda, Yoga, Vedanta, or Darshana source for the core Sanatana Dharma question"
b1000:269,question:core-of-sanatana-dharma,addresses,"Classical Dharma, Veda, Yoga, Vedanta, or Darshana source for the core Sanatana Dharma question"
b1000:270,question:core-of-sanatana-dharma,addresses,"Classical Dharma, Veda, Yoga, Vedanta, or Darshana source for the core Sanatana Dharma question"
b1000:271,question:core-of-sanatana-dharma,addresses,"Classical Dharma, Veda, Yoga, Vedanta, or Darshana source for the core Sanatana Dharma question"
b1000:272,question:core-of-sanatana-dharma,addresses,"Classical Dharma, Veda, Yoga, Vedanta, or Darshana source for the core Sanatana Dharma question"
b1000:273,question:core-of-sanatana-dharma,addresses,"Classical Dharma, Veda, Yoga, Vedanta, or Darshana source for the core Sanatana Dharma question"
b1000:274,question:core-of-sanatana-dharma,addresses,"Classical Dharma, Veda, Yoga, Vedanta, or Darshana source for the core Sanatana Dharma question"
b1000:274,project:hindu-frameworks-of-education,supports_project,"Knowledge-system, Sanskrit, science, or education source for Hindu frameworks of education"
b1000:275,question:core-of-sanatana-dharma,addresses,"Classical Dharma, Veda, Yoga, Vedanta, or Darshana source for the core Sanatana Dharma question"
b1000:276,question:core-of-sanatana-dharma,addresses,"Classical Dharma, Veda, Yoga, Vedanta, or Darshana source for the core Sanatana Dharma question"
b1000:277,question:core-of-sanatana-dharma,addresses,"Classical Dharma, Veda, Yoga, Vedanta, or Darshana source for the core Sanatana Dharma question"
b1000:277,question:being-indian,addresses,"Explicit Indian, Hindu, tradition, or civilizational identity material"
b1000:277,project:hindu-school-of-history,supports_project,"Historical, Itihasa, Vedic, origins, or archaeology material for Hindu historiography"
b1000:278,question:core-of-sanatana-dharma,addresses,"Classical Dharma, Veda, Yoga, Vedanta, or Darshana source for the core Sanatana Dharma question"
b1000:278,question:being-indian,addresses,"Explicit Indian, Hindu, tradition, or civilizational identity material"
b1000:279,question:core-of-sanatana-dharma,addresses,"Classical Dharma, Veda, Yoga, Vedanta, or Darshana source for the core Sanatana Dharma question"
b1000:279,question:being-indian,addresses,"Explicit Indian, Hindu, tradition, or civilizational identity material"
b1000:280,question:core-of-sanatana-dharma,addresses,"Classical Dharma, Veda, Yoga, Vedanta, or Darshana source for the core Sanatana Dharma question"
b1000:280,question:hindu-renaissance,addresses,"Civilizational recovery, origins, or critique material relevant to Hindu renaissance"
b1000:281,question:core-of-sanatana-dharma,addresses,"Classical Dharma, Veda, Yoga, Vedanta, or Darshana source for the core Sanatana Dharma question"
b1000:281,project:artist-in-art,supports_project,"Art, aesthetics, performance, or symbolic-form source for the Artist in Art project"
b1000:282,question:core-of-sanatana-dharma,addresses,"Classical Dharma, Veda, Yoga, Vedanta, or Darshana source for the core Sanatana Dharma question"
b1000:283,question:core-of-sanatana-dharma,addresses,"Classical Dharma, Veda, Yoga, Vedanta, or Darshana source for the core Sanatana Dharma question"
b1000:284,question:core-of-sanatana-dharma,addresses,"Classical Dharma, Veda, Yoga, Vedanta, or Darshana source for the core Sanatana Dharma question"
b1000:285,question:core-of-sanatana-dharma,addresses,"Classical Dharma, Veda, Yoga, Vedanta, or Darshana source for the core Sanatana Dharma question"
b1000:286,question:core-of-sanatana-dharma,addresses,"Classical Dharma, Veda, Yoga, Vedanta, or Darshana source for the core Sanatana Dharma question"
b1000:287,question:core-of-sanatana-dharma,addresses,"Classical Dharma, Veda, Yoga, Vedanta, or Darshana source for the core Sanatana Dharma question"
b1000:288,question:core-of-sanatana-dharma,addresses,"Classical Dharma, Veda, Yoga, Vedanta, or Darshana source for the core Sanatana Dharma question"
b1000:289,question:core-of-sanatana-dharma,addresses,"Classical Dharma, Veda, Yoga, Vedanta, or Darshana source for the core Sanatana Dharma question"
b1000:289,project:artist-in-art,supports_project,"Art, aesthetics, performance, or symbolic-form source for the Artist in Art project"
b1000:290,question:core-of-sanatana-dharma,addresses,"Classical Dharma, Veda, Yoga, Vedanta, or Darshana source for the core Sanatana Dharma question"
b1000:291,question:core-of-sanatana-dharma,addresses,"Classical Dharma, Veda, Yoga, Vedanta, or Darshana source for the core Sanatana Dharma question"
b1000:292,question:core-of-sanatana-dharma,addresses,"Classical Dharma, Veda, Yoga, Vedanta, or Darshana source for the core Sanatana Dharma question"
b1000:292,question:practice-but-not-proven,addresses,"Knowledge-system, Sanskrit, science, or practice text relevant to what Hindus know through tradition and use"
b1000:292,project:hindu-frameworks-of-education,supports_project,"Knowledge-system, Sanskrit, science, or education source for Hindu frameworks of education"
b1000:293,project:hindu-models-of-temple-management,supports_project,"Temple, tirtha, sacred-geography, or kshetra material for temple-management models"
b1000:294,project:hindu-models-of-temple-management,supports_project,"Temple, tirtha, sacred-geography, or kshetra material for temple-management models"
b1000:295,project:hindu-models-of-temple-management,supports_project,"Temple, tirtha, sacred-geography, or kshetra material for temple-management models"
b1000:296,project:hindu-models-of-temple-management,supports_project,"Temple, tirtha, sacred-geography, or kshetra material for temple-management models"
b1000:297,project:hindu-models-of-temple-management,supports_project,"Temple, tirtha, sacred-geography, or kshetra material for temple-management models"
b1000:298,project:hindu-models-of-temple-management,supports_project,"Temple, tirtha, sacred-geography, or kshetra material for temple-management models"
b1000:299,project:hindu-models-of-temple-management,supports_project,"Temple, tirtha, sacred-geography, or kshetra material for temple-management models"
b1000:300,project:hindu-models-of-temple-management,supports_project,"Temple, tirtha, sacred-geography, or kshetra material for temple-management models"
b1000:301,project:hindu-models-of-temple-management,supports_project,"Temple, tirtha, sacred-geography, or kshetra material for temple-management models"
b1000:302,project:hindu-models-of-temple-management,supports_project,"Temple, tirtha, sacred-geography, or kshetra material for temple-management models"
b1000:303,project:hindu-models-of-temple-management,supports_project,"Temple, tirtha, sacred-geography, or kshetra material for temple-management models"
b1000:304,project:hindu-models-of-temple-management,supports_project,"Temple, tirtha, sacred-geography, or kshetra material for temple-management models"
b1000:305,project:hindu-models-of-temple-management,supports_project,"Temple, tirtha, sacred-geography, or kshetra material for temple-management models"
b1000:306,project:hindu-models-of-temple-management,supports_project,"Temple, tirtha, sacred-geography, or kshetra material for temple-management models"
b1000:307,question:being-indian,addresses,"Explicit Indian, Hindu, tradition, or civilizational identity material"
b1000:307,question:hindu-unity-and-diversity,addresses,"Itihasa, Purana, sectarian, festival, or living-tradition material for unity-in-diversity"
b1000:307,question:will-save-sanatana-dharma,addresses,"Dharma, tradition, education, or recovery material for what saves Sanatana Dharma"
b1000:307,project:hindu-models-of-temple-management,supports_project,"Temple, tirtha, sacred-geography, or kshetra material for temple-management models"
b1000:308,question:hindu-unity-and-diversity,addresses,"Itihasa, Purana, sectarian, festival, or living-tradition material for unity-in-diversity"
b1000:308,project:hindu-models-of-temple-management,supports_project,"Temple, tirtha, sacred-geography, or kshetra material for temple-management models"
b1000:309,project:hindu-models-of-temple-management,supports_project,"Temple, tirtha, sacred-geography, or kshetra material for temple-management models"
b1000:310,project:hindu-models-of-temple-management,supports_project,"Temple, tirtha, sacred-geography, or kshetra material for temple-management models"
b1000:311,project:hindu-models-of-temple-management,supports_project,"Temple, tirtha, sacred-geography, or kshetra material for temple-management models"
b1000:312,project:hindu-models-of-temple-management,supports_project,"Temple, tirtha, sacred-geography, or kshetra material for temple-management models"
b1000:313,project:hindu-models-of-temple-management,supports_project,"Temple, tirtha, sacred-geography, or kshetra material for temple-management models"
b1000:314,project:hindu-models-of-temple-management,supports_project,"Temple, tirtha, sacred-geography, or kshetra material for temple-management models"
b1000:315,question:hindu-unity-and-diversity,addresses,"Itihasa, Purana, sectarian, festival, or living-tradition material for unity-in-diversity"
b1000:315,project:hindu-models-of-temple-management,supports_project,"Temple, tirtha, sacred-geography, or kshetra material for temple-management models"
b1000:316,project:hindu-models-of-temple-management,supports_project,"Temple, tirtha, sacred-geography, or kshetra material for temple-management models"
b1000:317,project:hindu-models-of-temple-management,supports_project,"Temple, tirtha, sacred-geography, or kshetra material for temple-management models"
b1000:318,project:hindu-models-of-temple-management,supports_project,"Temple, tirtha, sacred-geography, or kshetra material for temple-management models"
b1000:319,project:hindu-models-of-temple-management,supports_project,"Temple, tirtha, sacred-geography, or kshetra material for temple-management models"
b1000:320,project:hindu-models-of-temple-management,supports_project,"Temple, tirtha, sacred-geography, or kshetra material for temple-management models"
b1000:321,project:hindu-models-of-temple-management,supports_project,"Temple, tirtha, sacred-geography, or kshetra material for temple-management models"
b1000:322,question:core-of-sanatana-dharma,addresses,"Classical Dharma, Veda, Yoga, Vedanta, or Darshana source for the core Sanatana Dharma question"
b1000:322,project:hindu-models-of-temple-management,supports_project,"Temple, tirtha, sacred-geography, or kshetra material for temple-management models"
b1000:323,project:hindu-models-of-temple-management,supports_project,"Temple, tirtha, sacred-geography, or kshetra material for temple-management models"
b1000:324,project:hindu-models-of-temple-management,supports_project,"Temple, tirtha, sacred-geography, or kshetra material for temple-management models"
b1000:324,project:hindu-school-of-history,supports_project,"Historical, Itihasa, Vedic, origins, or archaeology material for Hindu historiography"
b1000:325,project:artist-in-art,supports_project,"Art, aesthetics, performance, or symbolic-form source for the Artist in Art project"
b1000:325,project:hindu-models-of-temple-management,supports_project,"Temple, tirtha, sacred-geography, or kshetra material for temple-management models"
b1000:326,project:hindu-models-of-temple-management,supports_project,"Temple, tirtha, sacred-geography, or kshetra material for temple-management models"
b1000:327,project:hindu-models-of-temple-management,supports_project,"Temple, tirtha, sacred-geography, or kshetra material for temple-management models"
b1000:328,project:hindu-models-of-temple-management,supports_project,"Temple, tirtha, sacred-geography, or kshetra material for temple-management models"
b1000:329,question:being-indian,addresses,"Explicit Indian, Hindu, tradition, or civilizational identity material"
b1000:329,question:will-save-sanatana-dharma,addresses,"Dharma, tradition, education, or recovery material for what saves Sanatana Dharma"
b1000:329,project:hindu-models-of-temple-management,supports_project,"Temple, tirtha, sacred-geography, or kshetra material for temple-management models"
b1000:330,question:being-indian,addresses,"Explicit Indian, Hindu, tradition, or civilizational identity material"
b1000:330,question:will-save-sanatana-dharma,addresses,"Dharma, tradition, education, or recovery material for what saves Sanatana Dharma"
b1000:330,project:hindu-models-of-temple-management,supports_project,"Temple, tirtha, sacred-geography, or kshetra material for temple-management models"
b1000:331,project:hindu-models-of-temple-management,supports_project,"Temple, tirtha, sacred-geography, or kshetra material for temple-management models"
b1000:332,question:being-indian,addresses,"Explicit Indian, Hindu, tradition, or civilizational identity material"
b1000:332,question:will-save-sanatana-dharma,addresses,"Dharma, tradition, education, or recovery material for what saves Sanatana Dharma"
b1000:332,project:hindu-models-of-temple-management,supports_project,"Temple, tirtha, sacred-geography, or kshetra material for temple-management models"
b1000:333,question:being-indian,addresses,"Explicit Indian, Hindu, tradition, or civilizational identity material"
b1000:333,question:will-save-sanatana-dharma,addresses,"Dharma, tradition, education, or recovery material for what saves Sanatana Dharma"
b1000:333,project:hindu-models-of-temple-management,supports_project,"Temple, tirtha, sacred-geography, or kshetra material for temple-management models"
b1000:334,project:hindu-models-of-temple-management,supports_project,"Temple, tirtha, sacred-geography, or kshetra material for temple-management models"
b1000:335,project:hindu-models-of-temple-management,supports_project,"Temple, tirtha, sacred-geography, or kshetra material for temple-management models"
b1000:336,project:hindu-models-of-temple-management,supports_project,"Temple, tirtha, sacred-geography, or kshetra material for temple-management models"
b1000:337,project:hindu-models-of-temple-management,supports_project,"Temple, tirtha, sacred-geography, or kshetra material for temple-management models"
b1000:338,question:hindu-unity-and-diversity,addresses,"Itihasa, Purana, sectarian, festival, or living-tradition material for unity-in-diversity"
b1000:338,project:hindu-models-of-temple-management,supports_project,"Temple, tirtha, sacred-geography, or kshetra material for temple-management models"
b1000:339,project:hindu-models-of-temple-management,supports_project,"Temple, tirtha, sacred-geography, or kshetra material for temple-management models"
b1000:340,project:hindu-models-of-temple-management,supports_project,"Temple, tirtha, sacred-geography, or kshetra material for temple-management models"
b1000:341,question:practice-but-not-proven,addresses,"Knowledge-system, Sanskrit, science, or practice text relevant to what Hindus know through tradition and use"
b1000:341,project:hindu-frameworks-of-education,supports_project,"Knowledge-system, Sanskrit, science, or education source for Hindu frameworks of education"
b1000:342,question:practice-but-not-proven,addresses,"Knowledge-system, Sanskrit, science, or practice text relevant to what Hindus know through tradition and use"
b1000:342,project:hindu-frameworks-of-education,supports_project,"Knowledge-system, Sanskrit, science, or education source for Hindu frameworks of education"
b1000:343,question:practice-but-not-proven,addresses,"Knowledge-system, Sanskrit, science, or practice text relevant to what Hindus know through tradition and use"
b1000:343,question:being-indian,addresses,"Explicit Indian, Hindu, tradition, or civilizational identity material"
b1000:343,question:hindu-unity-and-diversity,addresses,"Itihasa, Purana, sectarian, festival, or living-tradition material for unity-in-diversity"
b1000:343,project:hindu-frameworks-of-education,supports_project,"Knowledge-system, Sanskrit, science, or education source for Hindu frameworks of education"
b1000:344,question:practice-but-not-proven,addresses,"Knowledge-system, Sanskrit, science, or practice text relevant to what Hindus know through tradition and use"
b1000:344,project:hindu-frameworks-of-education,supports_project,"Knowledge-system, Sanskrit, science, or education source for Hindu frameworks of education"
b1000:345,question:practice-but-not-proven,addresses,"Knowledge-system, Sanskrit, science, or practice text relevant to what Hindus know through tradition and use"
b1000:345,project:artist-in-art,supports_project,"Art, aesthetics, performance, or symbolic-form source for the Artist in Art project"
b1000:345,project:hindu-frameworks-of-education,supports_project,"Knowledge-system, Sanskrit, science, or education source for Hindu frameworks of education"
b1000:346,question:core-of-sanatana-dharma,addresses,"Classical Dharma, Veda, Yoga, Vedanta, or Darshana source for the core Sanatana Dharma question"
b1000:346,question:practice-but-not-proven,addresses,"Knowledge-system, Sanskrit, science, or practice text relevant to what Hindus know through tradition and use"
b1000:346,project:hindu-frameworks-of-education,supports_project,"Knowledge-system, Sanskrit, science, or education source for Hindu frameworks of education"
b1000:347,question:practice-but-not-proven,addresses,"Knowledge-system, Sanskrit, science, or practice text relevant to what Hindus know through tradition and use"
b1000:347,project:hindu-frameworks-of-education,supports_project,"Knowledge-system, Sanskrit, science, or education source for Hindu frameworks of education"
b1000:348,question:practice-but-not-proven,addresses,"Knowledge-system, Sanskrit, science, or practice text relevant to what Hindus know through tradition and use"
b1000:348,project:artist-in-art,supports_project,"Art, aesthetics, performance, or symbolic-form source for the Artist in Art project"
b1000:348,project:hindu-frameworks-of-education,supports_project,"Knowledge-system, Sanskrit, science, or education source for Hindu frameworks of education"
b1000:349,question:practice-but-not-proven,addresses,"Knowledge-system, Sanskrit, science, or practice text relevant to what Hindus know through tradition and use"
b1000:349,project:hindu-frameworks-of-education,supports_project,"Knowledge-system, Sanskrit, science, or education source for Hindu frameworks of education"
b1000:350,question:core-of-sanatana-dharma,addresses,"Classical Dharma, Veda, Yoga, Vedanta, or Darshana source for the core Sanatana Dharma question"
b1000:350,question:practice-but-not-proven,addresses,"Knowledge-system, Sanskrit, science, or practice text relevant to what Hindus know through tradition and use"
b1000:350,question:being-indian,addresses,"Explicit Indian, Hindu, tradition, or civilizational identity material"
b1000:350,project:hindu-frameworks-of-education,supports_project,"Knowledge-system, Sanskrit, science, or education source for Hindu frameworks of education"
b1000:351,question:practice-but-not-proven,addresses,"Knowledge-system, Sanskrit, science, or practice text relevant to what Hindus know through tradition and use"
b1000:351,project:hindu-frameworks-of-education,supports_project,"Knowledge-system, Sanskrit, science, or education source for Hindu frameworks of education"
b1000:352,question:practice-but-not-proven,addresses,"Knowledge-system, Sanskrit, science, or practice text relevant to what Hindus know through tradition and use"
b1000:352,project:artist-in-art,supports_project,"Art, aesthetics, performance, or symbolic-form source for the Artist in Art project"
b1000:352,project:hindu-frameworks-of-education,supports_project,"Knowledge-system, Sanskrit, science, or education source for Hindu frameworks of education"
b1000:352,project:hindu-school-of-history,supports_project,"Historical, Itihasa, Vedic, origins, or archaeology material for Hindu historiography"
b1000:353,question:practice-but-not-proven,addresses,"Knowledge-system, Sanskrit, science, or practice text relevant to what Hindus know through tradition and use"
b1000:353,project:hindu-frameworks-of-education,supports_project,"Knowledge-system, Sanskrit, science, or education source for Hindu frameworks of education"
b1000:354,question:core-of-sanatana-dharma,addresses,"Classical Dharma, Veda, Yoga, Vedanta, or Darshana source for the core Sanatana Dharma question"
b1000:354,question:practice-but-not-proven,addresses,"Knowledge-system, Sanskrit, science, or practice text relevant to what Hindus know through tradition and use"
b1000:354,project:hindu-frameworks-of-education,supports_project,"Knowledge-system, Sanskrit, science, or education source for Hindu frameworks of education"
b1000:355,question:practice-but-not-proven,addresses,"Knowledge-system, Sanskrit, science, or practice text relevant to what Hindus know through tradition and use"
b1000:355,question:being-indian,addresses,"Explicit Indian, Hindu, tradition, or civilizational identity material"
b1000:355,project:hindu-frameworks-of-education,supports_project,"Knowledge-system, Sanskrit, science, or education source for Hindu frameworks of education"
b1000:356,question:new-indian-republic,addresses,"Dharmashastra, polity, law, or statecraft material for the republic question"
b1000:356,project:structure-of-hindu-charity,supports_project,"Dharma, polity, civil society, institution, or charity material"
b1000:357,question:new-indian-republic,addresses,"Dharmashastra, polity, law, or statecraft material for the republic question"
b1000:357,project:structure-of-hindu-charity,supports_project,"Dharma, polity, civil society, institution, or charity material"
b1000:358,question:core-of-sanatana-dharma,addresses,"Classical Dharma, Veda, Yoga, Vedanta, or Darshana source for the core Sanatana Dharma question"
b1000:358,question:new-indian-republic,addresses,"Dharmashastra, polity, law, or statecraft material for the republic question"
b1000:358,question:will-save-sanatana-dharma,addresses,"Dharma, tradition, education, or recovery material for what saves Sanatana Dharma"
b1000:358,project:structure-of-hindu-charity,supports_project,"Dharma, polity, civil society, institution, or charity material"
b1000:359,question:core-of-sanatana-dharma,addresses,"Classical Dharma, Veda, Yoga, Vedanta, or Darshana source for the core Sanatana Dharma question"
b1000:359,question:being-indian,addresses,"Explicit Indian, Hindu, tradition, or civilizational identity material"
b1000:359,question:new-indian-republic,addresses,"Dharmashastra, polity, law, or statecraft material for the republic question"
b1000:359,project:structure-of-hindu-charity,supports_project,"Dharma, polity, civil society, institution, or charity material"
b1000:360,question:core-of-sanatana-dharma,addresses,"Classical Dharma, Veda, Yoga, Vedanta, or Darshana source for the core Sanatana Dharma question"
b1000:360,question:new-indian-republic,addresses,"Dharmashastra, polity, law, or statecraft material for the republic question"
b1000:360,question:will-save-sanatana-dharma,addresses,"Dharma, tradition, education, or recovery material for what saves Sanatana Dharma"
b1000:360,project:hindu-school-of-history,supports_project,"Historical, Itihasa, Vedic, origins, or archaeology material for Hindu historiography"
b1000:360,project:structure-of-hindu-charity,supports_project,"Dharma, polity, civil society, institution, or charity material"
b1000:361,question:being-indian,addresses,"Explicit Indian, Hindu, tradition, or civilizational identity material"
b1000:361,question:new-indian-republic,addresses,"Dharmashastra, polity, law, or statecraft material for the republic question"
b1000:361,question:will-save-sanatana-dharma,addresses,"Dharma, tradition, education, or recovery material for what saves Sanatana Dharma"
b1000:361,project:structure-of-hindu-charity,supports_project,"Dharma, polity, civil society, institution, or charity material"
b1000:362,question:core-of-sanatana-dharma,addresses,"Classical Dharma, Veda, Yoga, Vedanta, or Darshana source for the core Sanatana Dharma question"
b1000:362,question:new-indian-republic,addresses,"Dharmashastra, polity, law, or statecraft material for the republic question"
b1000:362,question:will-save-sanatana-dharma,addresses,"Dharma, tradition, education, or recovery material for what saves Sanatana Dharma"
b1000:362,project:structure-of-hindu-charity,supports_project,"Dharma, polity, civil society, institution, or charity material"
b1000:363,question:being-indian,addresses,"Explicit Indian, Hindu, tradition, or civilizational identity material"
b1000:363,question:new-indian-republic,addresses,"Dharmashastra, polity, law, or statecraft material for the republic question"
b1000:363,question:will-save-sanatana-dharma,addresses,"Dharma, tradition, education, or recovery material for what saves Sanatana Dharma"
b1000:363,project:structure-of-hindu-charity,supports_project,"Dharma, polity, civil society, institution, or charity material"
b1000:364,question:core-of-sanatana-dharma,addresses,"Classical Dharma, Veda, Yoga, Vedanta, or Darshana source for the core Sanatana Dharma question"
b1000:364,question:being-indian,addresses,"Explicit Indian, Hindu, tradition, or civilizational identity material"
b1000:364,question:new-indian-republic,addresses,"Dharmashastra, polity, law, or statecraft material for the republic question"
b1000:364,project:structure-of-hindu-charity,supports_project,"Dharma, polity, civil society, institution, or charity material"
b1000:365,question:core-of-sanatana-dharma,addresses,"Classical Dharma, Veda, Yoga, Vedanta, or Darshana source for the core Sanatana Dharma question"
b1000:365,question:new-indian-republic,addresses,"Dharmashastra, polity, law, or statecraft material for the republic question"
b1000:365,question:will-save-sanatana-dharma,addresses,"Dharma, tradition, education, or recovery material for what saves Sanatana Dharma"
b1000:365,project:structure-of-hindu-charity,supports_project,"Dharma, polity, civil society, institution, or charity material"
b1000:366,question:core-of-sanatana-dharma,addresses,"Classical Dharma, Veda, Yoga, Vedanta, or Darshana source for the core Sanatana Dharma question"
b1000:366,question:being-indian,addresses,"Explicit Indian, Hindu, tradition, or civilizational identity material"
b1000:366,question:new-indian-republic,addresses,"Dharmashastra, polity, law, or statecraft material for the republic question"
b1000:366,project:structure-of-hindu-charity,supports_project,"Dharma, polity, civil society, institution, or charity material"
b1000:367,question:core-of-sanatana-dharma,addresses,"Classical Dharma, Veda, Yoga, Vedanta, or Darshana source for the core Sanatana Dharma question"
b1000:367,question:new-indian-republic,addresses,"Dharmashastra, polity, law, or statecraft material for the republic question"
b1000:367,question:will-save-sanatana-dharma,addresses,"Dharma, tradition, education, or recovery material for what saves Sanatana Dharma"
b1000:367,project:hindu-school-of-history,supports_project,"Historical, Itihasa, Vedic, origins, or archaeology material for Hindu historiography"
b1000:367,project:structure-of-hindu-charity,supports_project,"Dharma, polity, civil society, institution, or charity material"
b1000:368,question:core-of-sanatana-dharma,addresses,"Classical Dharma, Veda, Yoga, Vedanta, or Darshana source for the core Sanatana Dharma question"
b1000:368,question:being-indian,addresses,"Explicit Indian, Hindu, tradition, or civilizational identity material"
b1000:368,question:new-indian-republic,addresses,"Dharmashastra, polity, law, or statecraft material for the republic question"
b1000:368,project:structure-of-hindu-charity,supports_project,"Dharma, polity, civil society, institution, or charity material"
b1000:369,question:new-indian-republic,addresses,"Dharmashastra, polity, law, or statecraft material for the republic question"
b1000:369,project:structure-of-hindu-charity,supports_project,"Dharma, polity, civil society, institution, or charity material"
b1000:370,question:new-indian-republic,addresses,"Dharmashastra, polity, law, or statecraft material for the republic question"
b1000:370,project:structure-of-hindu-charity,supports_project,"Dharma, polity, civil society, institution, or charity material"
b1000:371,question:new-indian-republic,addresses,"Dharmashastra, polity, law, or statecraft material for the republic question"
b1000:371,question:hindu-unity-and-diversity,addresses,"Itihasa, Purana, sectarian, festival, or living-tradition material for unity-in-diversity"
b1000:371,project:structure-of-hindu-charity,supports_project,"Dharma, polity, civil society, institution, or charity material"
b1000:372,question:core-of-sanatana-dharma,addresses,"Classical Dharma, Veda, Yoga, Vedanta, or Darshana source for the core Sanatana Dharma question"
b1000:372,question:new-indian-republic,addresses,"Dharmashastra, polity, law, or statecraft material for the republic question"
b1000:372,question:will-save-sanatana-dharma,addresses,"Dharma, tradition, education, or recovery material for what saves Sanatana Dharma"
b1000:372,project:structure-of-hindu-charity,supports_project,"Dharma, polity, civil society, institution, or charity material"
b1000:373,question:core-of-sanatana-dharma,addresses,"Classical Dharma, Veda, Yoga, Vedanta, or Darshana source for the core Sanatana Dharma question"
b1000:373,question:being-indian,addresses,"Explicit Indian, Hindu, tradition, or civilizational identity material"
b1000:373,question:new-indian-republic,addresses,"Dharmashastra, polity, law, or statecraft material for the republic question"
b1000:373,project:interchanging-dynamics-of-hindu-family,supports_project,"Festival, family, household, or cultural-transmission material"
b1000:373,project:structure-of-hindu-charity,supports_project,"Dharma, polity, civil society, institution, or charity material"
b1000:374,question:hindu-unity-and-diversity,addresses,"Itihasa, Purana, sectarian, festival, or living-tradition material for unity-in-diversity"
b1000:375,question:hindu-unity-and-diversity,addresses,"Itihasa, Purana, sectarian, festival, or living-tradition material for unity-in-diversity"
b1000:376,question:hindu-unity-and-diversity,addresses,"Itihasa, Purana, sectarian, festival, or living-tradition material for unity-in-diversity"
b1000:377,question:hindu-unity-and-diversity,addresses,"Itihasa, Purana, sectarian, festival, or living-tradition material for unity-in-diversity"
b1000:378,question:hindu-unity-and-diversity,addresses,"Itihasa, Purana, sectarian, festival, or living-tradition material for unity-in-diversity"
b1000:379,question:hindu-unity-and-diversity,addresses,"Itihasa, Purana, sectarian, festival, or living-tradition material for unity-in-diversity"
b1000:380,question:hindu-unity-and-diversity,addresses,"Itihasa, Purana, sectarian, festival, or living-tradition material for unity-in-diversity"
b1000:381,question:hindu-unity-and-diversity,addresses,"Itihasa, Purana, sectarian, festival, or living-tradition material for unity-in-diversity"
b1000:382,question:hindu-unity-and-diversity,addresses,"Itihasa, Purana, sectarian, festival, or living-tradition material for unity-in-diversity"
b1000:383,question:hindu-unity-and-diversity,addresses,"Itihasa, Purana, sectarian, festival, or living-tradition material for unity-in-diversity"
b1000:384,question:hindu-unity-and-diversity,addresses,"Itihasa, Purana, sectarian, festival, or living-tradition material for unity-in-diversity"
b1000:385,question:practice-but-not-proven,addresses,"Knowledge-system, Sanskrit, science, or practice text relevant to what Hindus know through tradition and use"
b1000:385,question:hindu-unity-and-diversity,addresses,"Itihasa, Purana, sectarian, festival, or living-tradition material for unity-in-diversity"
b1000:385,project:hindu-frameworks-of-education,supports_project,"Knowledge-system, Sanskrit, science, or education source for Hindu frameworks of education"
b1000:386,question:core-of-sanatana-dharma,addresses,"Classical Dharma, Veda, Yoga, Vedanta, or Darshana source for the core Sanatana Dharma question"
b1000:386,question:being-indian,addresses,"Explicit Indian, Hindu, tradition, or civilizational identity material"
b1000:386,question:hindu-unity-and-diversity,addresses,"Itihasa, Purana, sectarian, festival, or living-tradition material for unity-in-diversity"
b1000:387,project:artist-in-art,supports_project,"Art, aesthetics, performance, or symbolic-form source for the Artist in Art project"
b1000:388,project:artist-in-art,supports_project,"Art, aesthetics, performance, or symbolic-form source for the Artist in Art project"
b1000:389,project:artist-in-art,supports_project,"Art, aesthetics, performance, or symbolic-form source for the Artist in Art project"
b1000:390,project:artist-in-art,supports_project,"Art, aesthetics, performance, or symbolic-form source for the Artist in Art project"
b1000:391,project:artist-in-art,supports_project,"Art, aesthetics, performance, or symbolic-form source for the Artist in Art project"
b1000:392,project:artist-in-art,supports_project,"Art, aesthetics, performance, or symbolic-form source for the Artist in Art project"
b1000:393,project:artist-in-art,supports_project,"Art, aesthetics, performance, or symbolic-form source for the Artist in Art project"
b1000:394,project:artist-in-art,supports_project,"Art, aesthetics, performance, or symbolic-form source for the Artist in Art project"
b1000:395,project:artist-in-art,supports_project,"Art, aesthetics, performance, or symbolic-form source for the Artist in Art project"
b1000:396,project:artist-in-art,supports_project,"Art, aesthetics, performance, or symbolic-form source for the Artist in Art project"
b1000:397,project:artist-in-art,supports_project,"Art, aesthetics, performance, or symbolic-form source for the Artist in Art project"
b1000:398,project:artist-in-art,supports_project,"Art, aesthetics, performance, or symbolic-form source for the Artist in Art project"
b1000:399,project:artist-in-art,supports_project,"Art, aesthetics, performance, or symbolic-form source for the Artist in Art project"
b1000:400,project:artist-in-art,supports_project,"Art, aesthetics, performance, or symbolic-form source for the Artist in Art project"
b1000:401,project:artist-in-art,supports_project,"Art, aesthetics, performance, or symbolic-form source for the Artist in Art project"
b1000:402,project:artist-in-art,supports_project,"Art, aesthetics, performance, or symbolic-form source for the Artist in Art project"
b1000:403,project:artist-in-art,supports_project,"Art, aesthetics, performance, or symbolic-form source for the Artist in Art project"
b1000:404,project:artist-in-art,supports_project,"Art, aesthetics, performance, or symbolic-form source for the Artist in Art project"
b1000:405,question:core-of-sanatana-dharma,addresses,"Classical Dharma, Veda, Yoga, Vedanta, or Darshana source for the core Sanatana Dharma question"
b1000:405,project:artist-in-art,supports_project,"Art, aesthetics, performance, or symbolic-form source for the Artist in Art project"
b1000:406,project:artist-in-art,supports_project,"Art, aesthetics, performance, or symbolic-form source for the Artist in Art project"
b1000:407,project:artist-in-art,supports_project,"Art, aesthetics, performance, or symbolic-form source for the Artist in Art project"
b1000:408,project:artist-in-art,supports_project,"Art, aesthetics, performance, or symbolic-form source for the Artist in Art project"
b1000:409,question:practice-but-not-proven,addresses,"Knowledge-system, Sanskrit, science, or practice text relevant to what Hindus know through tradition and use"
b1000:409,project:artist-in-art,supports_project,"Art, aesthetics, performance, or symbolic-form source for the Artist in Art project"
b1000:409,project:hindu-frameworks-of-education,supports_project,"Knowledge-system, Sanskrit, science, or education source for Hindu frameworks of education"
b1000:410,question:practice-but-not-proven,addresses,"Knowledge-system, Sanskrit, science, or practice text relevant to what Hindus know through tradition and use"
b1000:410,project:artist-in-art,supports_project,"Art, aesthetics, performance, or symbolic-form source for the Artist in Art project"
b1000:410,project:hindu-frameworks-of-education,supports_project,"Knowledge-system, Sanskrit, science, or education source for Hindu frameworks of education"
b1000:411,question:practice-but-not-proven,addresses,"Knowledge-system, Sanskrit, science, or practice text relevant to what Hindus know through tradition and use"
b1000:411,project:artist-in-art,supports_project,"Art, aesthetics, performance, or symbolic-form source for the Artist in Art project"
b1000:411,project:hindu-frameworks-of-education,supports_project,"Knowledge-system, Sanskrit, science, or education source for Hindu frameworks of education"
b1000:412,question:practice-but-not-proven,addresses,"Knowledge-system, Sanskrit, science, or practice text relevant to what Hindus know through tradition and use"
b1000:412,project:artist-in-art,supports_project,"Art, aesthetics, performance, or symbolic-form source for the Artist in Art project"
b1000:412,project:hindu-frameworks-of-education,supports_project,"Knowledge-system, Sanskrit, science, or education source for Hindu frameworks of education"
b1000:412,project:hindu-school-of-history,supports_project,"Historical, Itihasa, Vedic, origins, or archaeology material for Hindu historiography"
b1000:413,question:practice-but-not-proven,addresses,"Knowledge-system, Sanskrit, science, or practice text relevant to what Hindus know through tradition and use"
b1000:413,project:artist-in-art,supports_project,"Art, aesthetics, performance, or symbolic-form source for the Artist in Art project"
b1000:413,project:hindu-frameworks-of-education,supports_project,"Knowledge-system, Sanskrit, science, or education source for Hindu frameworks of education"
b1000:413,project:hindu-school-of-history,supports_project,"Historical, Itihasa, Vedic, origins, or archaeology material for Hindu historiography"
b1000:414,question:practice-but-not-proven,addresses,"Knowledge-system, Sanskrit, science, or practice text relevant to what Hindus know through tradition and use"
b1000:414,project:artist-in-art,supports_project,"Art, aesthetics, performance, or symbolic-form source for the Artist in Art project"
b1000:414,project:hindu-frameworks-of-education,supports_project,"Knowledge-system, Sanskrit, science, or education source for Hindu frameworks of education"
b1000:415,question:practice-but-not-proven,addresses,"Knowledge-system, Sanskrit, science, or practice text relevant to what Hindus know through tradition and use"
b1000:415,project:artist-in-art,supports_project,"Art, aesthetics, performance, or symbolic-form source for the Artist in Art project"
b1000:415,project:hindu-frameworks-of-education,supports_project,"Knowledge-system, Sanskrit, science, or education source for Hindu frameworks of education"
b1000:416,project:artist-in-art,supports_project,"Art, aesthetics, performance, or symbolic-form source for the Artist in Art project"
b1000:416,project:hindu-school-of-history,supports_project,"Historical, Itihasa, Vedic, origins, or archaeology material for Hindu historiography"
b1000:417,project:artist-in-art,supports_project,"Art, aesthetics, performance, or symbolic-form source for the Artist in Art project"
b1000:418,project:artist-in-art,supports_project,"Art, aesthetics, performance, or symbolic-form source for the Artist in Art project"
b1000:419,question:being-indian,addresses,"Explicit Indian, Hindu, tradition, or civilizational identity material"
b1000:419,project:artist-in-art,supports_project,"Art, aesthetics, performance, or symbolic-form source for the Artist in Art project"
b1000:420,project:artist-in-art,supports_project,"Art, aesthetics, performance, or symbolic-form source for the Artist in Art project"
b1000:421,project:artist-in-art,supports_project,"Art, aesthetics, performance, or symbolic-form source for the Artist in Art project"
b1000:422,question:core-of-sanatana-dharma,addresses,"Classical Dharma, Veda, Yoga, Vedanta, or Darshana source for the core Sanatana Dharma question"
b1000:422,project:artist-in-art,supports_project,"Art, aesthetics, performance, or symbolic-form source for the Artist in Art project"
b1000:423,question:core-of-sanatana-dharma,addresses,"Classical Dharma, Veda, Yoga, Vedanta, or Darshana source for the core Sanatana Dharma question"
b1000:423,project:artist-in-art,supports_project,"Art, aesthetics, performance, or symbolic-form source for the Artist in Art project"
b1000:424,question:being-indian,addresses,"Explicit Indian, Hindu, tradition, or civilizational identity material"
b1000:424,project:artist-in-art,supports_project,"Art, aesthetics, performance, or symbolic-form source for the Artist in Art project"
b1000:425,question:being-indian,addresses,"Explicit Indian, Hindu, tradition, or civilizational identity material"
b1000:425,project:artist-in-art,supports_project,"Art, aesthetics, performance, or symbolic-form source for the Artist in Art project"
b1000:426,question:being-indian,addresses,"Explicit Indian, Hindu, tradition, or civilizational identity material"
b1000:426,project:artist-in-art,supports_project,"Art, aesthetics, performance, or symbolic-form source for the Artist in Art project"
b1000:427,question:practice-but-not-proven,addresses,"Knowledge-system, Sanskrit, science, or practice text relevant to what Hindus know through tradition and use"
b1000:427,project:artist-in-art,supports_project,"Art, aesthetics, performance, or symbolic-form source for the Artist in Art project"
b1000:427,project:hindu-frameworks-of-education,supports_project,"Knowledge-system, Sanskrit, science, or education source for Hindu frameworks of education"
b1000:428,question:practice-but-not-proven,addresses,"Knowledge-system, Sanskrit, science, or practice text relevant to what Hindus know through tradition and use"
b1000:428,project:artist-in-art,supports_project,"Art, aesthetics, performance, or symbolic-form source for the Artist in Art project"
b1000:428,project:hindu-frameworks-of-education,supports_project,"Knowledge-system, Sanskrit, science, or education source for Hindu frameworks of education"
b1000:428,project:hindu-school-of-history,supports_project,"Historical, Itihasa, Vedic, origins, or archaeology material for Hindu historiography"
b1000:429,project:artist-in-art,supports_project,"Art, aesthetics, performance, or symbolic-form source for the Artist in Art project"
b1000:430,project:artist-in-art,supports_project,"Art, aesthetics, performance, or symbolic-form source for the Artist in Art project"
b1000:431,question:hindu-unity-and-diversity,addresses,"Itihasa, Purana, sectarian, festival, or living-tradition material for unity-in-diversity"
b1000:431,project:interchanging-dynamics-of-hindu-family,supports_project,"Festival, family, household, or cultural-transmission material"
b1000:432,question:hindu-unity-and-diversity,addresses,"Itihasa, Purana, sectarian, festival, or living-tradition material for unity-in-diversity"
b1000:432,project:interchanging-dynamics-of-hindu-family,supports_project,"Festival, family, household, or cultural-transmission material"
b1000:433,question:hindu-unity-and-diversity,addresses,"Itihasa, Purana, sectarian, festival, or living-tradition material for unity-in-diversity"
b1000:433,project:interchanging-dynamics-of-hindu-family,supports_project,"Festival, family, household, or cultural-transmission material"
b1000:434,question:hindu-unity-and-diversity,addresses,"Itihasa, Purana, sectarian, festival, or living-tradition material for unity-in-diversity"
b1000:434,project:interchanging-dynamics-of-hindu-family,supports_project,"Festival, family, household, or cultural-transmission material"
b1000:435,question:hindu-unity-and-diversity,addresses,"Itihasa, Purana, sectarian, festival, or living-tradition material for unity-in-diversity"
b1000:435,project:interchanging-dynamics-of-hindu-family,supports_project,"Festival, family, household, or cultural-transmission material"
b1000:436,question:hindu-unity-and-diversity,addresses,"Itihasa, Purana, sectarian, festival, or living-tradition material for unity-in-diversity"
b1000:436,project:interchanging-dynamics-of-hindu-family,supports_project,"Festival, family, household, or cultural-transmission material"
b1000:437,question:hindu-unity-and-diversity,addresses,"Itihasa, Purana, sectarian, festival, or living-tradition material for unity-in-diversity"
b1000:437,project:interchanging-dynamics-of-hindu-family,supports_project,"Festival, family, household, or cultural-transmission material"
b1000:438,question:hindu-unity-and-diversity,addresses,"Itihasa, Purana, sectarian, festival, or living-tradition material for unity-in-diversity"
b1000:438,project:interchanging-dynamics-of-hindu-family,supports_project,"Festival, family, household, or cultural-transmission material"
b1000:439,question:hindu-unity-and-diversity,addresses,"Itihasa, Purana, sectarian, festival, or living-tradition material for unity-in-diversity"
b1000:439,project:interchanging-dynamics-of-hindu-family,supports_project,"Festival, family, household, or cultural-transmission material"
b1000:440,question:hindu-unity-and-diversity,addresses,"Itihasa, Purana, sectarian, festival, or living-tradition material for unity-in-diversity"
b1000:440,project:artist-in-art,supports_project,"Art, aesthetics, performance, or symbolic-form source for the Artist in Art project"
b1000:440,project:interchanging-dynamics-of-hindu-family,supports_project,"Festival, family, household, or cultural-transmission material"
b1000:441,question:hindu-unity-and-diversity,addresses,"Itihasa, Purana, sectarian, festival, or living-tradition material for unity-in-diversity"
b1000:441,project:interchanging-dynamics-of-hindu-family,supports_project,"Festival, family, household, or cultural-transmission material"
b1000:442,question:hindu-unity-and-diversity,addresses,"Itihasa, Purana, sectarian, festival, or living-tradition material for unity-in-diversity"
b1000:442,project:interchanging-dynamics-of-hindu-family,supports_project,"Festival, family, household, or cultural-transmission material"
b1000:443,question:hindu-unity-and-diversity,addresses,"Itihasa, Purana, sectarian, festival, or living-tradition material for unity-in-diversity"
b1000:443,project:interchanging-dynamics-of-hindu-family,supports_project,"Festival, family, household, or cultural-transmission material"
b1000:444,question:hindu-unity-and-diversity,addresses,"Itihasa, Purana, sectarian, festival, or living-tradition material for unity-in-diversity"
b1000:444,project:interchanging-dynamics-of-hindu-family,supports_project,"Festival, family, household, or cultural-transmission material"
b1000:445,question:hindu-unity-and-diversity,addresses,"Itihasa, Purana, sectarian, festival, or living-tradition material for unity-in-diversity"
b1000:445,project:interchanging-dynamics-of-hindu-family,supports_project,"Festival, family, household, or cultural-transmission material"
b1000:446,question:hindu-unity-and-diversity,addresses,"Itihasa, Purana, sectarian, festival, or living-tradition material for unity-in-diversity"
b1000:446,project:interchanging-dynamics-of-hindu-family,supports_project,"Festival, family, household, or cultural-transmission material"
b1000:447,question:hindu-unity-and-diversity,addresses,"Itihasa, Purana, sectarian, festival, or living-tradition material for unity-in-diversity"
b1000:447,project:interchanging-dynamics-of-hindu-family,supports_project,"Festival, family, household, or cultural-transmission material"
b1000:448,question:being-indian,addresses,"Explicit Indian, Hindu, tradition, or civilizational identity material"
b1000:448,question:hindu-unity-and-diversity,addresses,"Itihasa, Purana, sectarian, festival, or living-tradition material for unity-in-diversity"
b1000:448,project:interchanging-dynamics-of-hindu-family,supports_project,"Festival, family, household, or cultural-transmission material"
b1000:449,question:hindu-unity-and-diversity,addresses,"Itihasa, Purana, sectarian, festival, or living-tradition material for unity-in-diversity"
b1000:449,project:interchanging-dynamics-of-hindu-family,supports_project,"Festival, family, household, or cultural-transmission material"
b1000:450,question:hindu-unity-and-diversity,addresses,"Itihasa, Purana, sectarian, festival, or living-tradition material for unity-in-diversity"
b1000:450,project:interchanging-dynamics-of-hindu-family,supports_project,"Festival, family, household, or cultural-transmission material"
b1000:451,question:hindu-unity-and-diversity,addresses,"Itihasa, Purana, sectarian, festival, or living-tradition material for unity-in-diversity"
b1000:451,project:interchanging-dynamics-of-hindu-family,supports_project,"Festival, family, household, or cultural-transmission material"
b1000:452,question:being-indian,addresses,"Explicit Indian, Hindu, tradition, or civilizational identity material"
b1000:452,question:hindu-unity-and-diversity,addresses,"Itihasa, Purana, sectarian, festival, or living-tradition material for unity-in-diversity"
b1000:452,question:will-save-sanatana-dharma,addresses,"Dharma, tradition, education, or recovery material for what saves Sanatana Dharma"
b1000:452,project:interchanging-dynamics-of-hindu-family,supports_project,"Festival, family, household, or cultural-transmission material"
b1000:453,question:hindu-unity-and-diversity,addresses,"Itihasa, Purana, sectarian, festival, or living-tradition material for unity-in-diversity"
b1000:453,project:interchanging-dynamics-of-hindu-family,supports_project,"Festival, family, household, or cultural-transmission material"
b1000:454,question:hindu-unity-and-diversity,addresses,"Itihasa, Purana, sectarian, festival, or living-tradition material for unity-in-diversity"
b1000:454,project:interchanging-dynamics-of-hindu-family,supports_project,"Festival, family, household, or cultural-transmission material"
b1000:455,question:hindu-unity-and-diversity,addresses,"Itihasa, Purana, sectarian, festival, or living-tradition material for unity-in-diversity"
b1000:455,project:interchanging-dynamics-of-hindu-family,supports_project,"Festival, family, household, or cultural-transmission material"
b1000:456,question:hindu-unity-and-diversity,addresses,"Itihasa, Purana, sectarian, festival, or living-tradition material for unity-in-diversity"
b1000:456,project:interchanging-dynamics-of-hindu-family,supports_project,"Festival, family, household, or cultural-transmission material"
b1000:457,question:hindu-unity-and-diversity,addresses,"Itihasa, Purana, sectarian, festival, or living-tradition material for unity-in-diversity"
b1000:457,project:interchanging-dynamics-of-hindu-family,supports_project,"Festival, family, household, or cultural-transmission material"
b1000:458,question:hindu-unity-and-diversity,addresses,"Itihasa, Purana, sectarian, festival, or living-tradition material for unity-in-diversity"
b1000:458,project:interchanging-dynamics-of-hindu-family,supports_project,"Festival, family, household, or cultural-transmission material"
b1000:459,question:hindu-institution-generate,addresses,"Institutional, polity, temple, education, or social-organization material"
b1000:459,question:hindu-unity-and-diversity,addresses,"Itihasa, Purana, sectarian, festival, or living-tradition material for unity-in-diversity"
b1000:459,project:hindu-models-of-temple-management,supports_project,"Temple, tirtha, sacred-geography, or kshetra material for temple-management models"
b1000:459,project:interchanging-dynamics-of-hindu-family,supports_project,"Festival, family, household, or cultural-transmission material"
b1000:460,question:hindu-unity-and-diversity,addresses,"Itihasa, Purana, sectarian, festival, or living-tradition material for unity-in-diversity"
b1000:460,project:interchanging-dynamics-of-hindu-family,supports_project,"Festival, family, household, or cultural-transmission material"
b1000:461,question:being-indian,addresses,"Explicit Indian, Hindu, tradition, or civilizational identity material"
b1000:461,question:hindu-unity-and-diversity,addresses,"Itihasa, Purana, sectarian, festival, or living-tradition material for unity-in-diversity"
b1000:461,project:interchanging-dynamics-of-hindu-family,supports_project,"Festival, family, household, or cultural-transmission material"
b1000:462,question:being-indian,addresses,"Explicit Indian, Hindu, tradition, or civilizational identity material"
b1000:462,question:hindu-unity-and-diversity,addresses,"Itihasa, Purana, sectarian, festival, or living-tradition material for unity-in-diversity"
b1000:462,project:hindu-school-of-history,supports_project,"Historical, Itihasa, Vedic, origins, or archaeology material for Hindu historiography"
b1000:462,project:interchanging-dynamics-of-hindu-family,supports_project,"Festival, family, household, or cultural-transmission material"
b1000:463,question:hindu-unity-and-diversity,addresses,"Itihasa, Purana, sectarian, festival, or living-tradition material for unity-in-diversity"
b1000:463,project:interchanging-dynamics-of-hindu-family,supports_project,"Festival, family, household, or cultural-transmission material"
b1000:464,question:hindu-unity-and-diversity,addresses,"Itihasa, Purana, sectarian, festival, or living-tradition material for unity-in-diversity"
b1000:464,project:interchanging-dynamics-of-hindu-family,supports_project,"Festival, family, household, or cultural-transmission material"
b1000:465,question:hindu-unity-and-diversity,addresses,"Itihasa, Purana, sectarian, festival, or living-tradition material for unity-in-diversity"
b1000:465,project:interchanging-dynamics-of-hindu-family,supports_project,"Festival, family, household, or cultural-transmission material"
b1000:466,question:hindu-unity-and-diversity,addresses,"Itihasa, Purana, sectarian, festival, or living-tradition material for unity-in-diversity"
b1000:466,project:interchanging-dynamics-of-hindu-family,supports_project,"Festival, family, household, or cultural-transmission material"
b1000:467,question:hindu-unity-and-diversity,addresses,"Itihasa, Purana, sectarian, festival, or living-tradition material for unity-in-diversity"
b1000:467,project:interchanging-dynamics-of-hindu-family,supports_project,"Festival, family, household, or cultural-transmission material"
b1000:468,question:hindu-unity-and-diversity,addresses,"Itihasa, Purana, sectarian, festival, or living-tradition material for unity-in-diversity"
b1000:468,project:interchanging-dynamics-of-hindu-family,supports_project,"Festival, family, household, or cultural-transmission material"
b1000:469,question:hindu-unity-and-diversity,addresses,"Itihasa, Purana, sectarian, festival, or living-tradition material for unity-in-diversity"
b1000:469,project:interchanging-dynamics-of-hindu-family,supports_project,"Festival, family, household, or cultural-transmission material"
b1000:470,question:hindu-unity-and-diversity,addresses,"Itihasa, Purana, sectarian, festival, or living-tradition material for unity-in-diversity"
b1000:470,project:interchanging-dynamics-of-hindu-family,supports_project,"Festival, family, household, or cultural-transmission material"
b1000:471,question:hindu-unity-and-diversity,addresses,"Itihasa, Purana, sectarian, festival, or living-tradition material for unity-in-diversity"
b1000:471,project:interchanging-dynamics-of-hindu-family,supports_project,"Festival, family, household, or cultural-transmission material"
b1000:472,question:hindu-unity-and-diversity,addresses,"Itihasa, Purana, sectarian, festival, or living-tradition material for unity-in-diversity"
b1000:472,project:interchanging-dynamics-of-hindu-family,supports_project,"Festival, family, household, or cultural-transmission material"
b1000:473,question:hindu-unity-and-diversity,addresses,"Itihasa, Purana, sectarian, festival, or living-tradition material for unity-in-diversity"
b1000:473,project:interchanging-dynamics-of-hindu-family,supports_project,"Festival, family, household, or cultural-transmission material"
b1000:474,question:hindu-unity-and-diversity,addresses,"Itihasa, Purana, sectarian, festival, or living-tradition material for unity-in-diversity"
b1000:474,project:interchanging-dynamics-of-hindu-family,supports_project,"Festival, family, household, or cultural-transmission material"
b1000:475,question:hindu-renaissance,addresses,"Civilizational recovery, origins, or critique material relevant to Hindu renaissance"
b1000:475,question:hindu-unity-and-diversity,addresses,"Itihasa, Purana, sectarian, festival, or living-tradition material for unity-in-diversity"
b1000:475,project:interchanging-dynamics-of-hindu-family,supports_project,"Festival, family, household, or cultural-transmission material"
b1000:476,question:hindu-unity-and-diversity,addresses,"Itihasa, Purana, sectarian, festival, or living-tradition material for unity-in-diversity"
b1000:476,project:interchanging-dynamics-of-hindu-family,supports_project,"Festival, family, household, or cultural-transmission material"
b1000:477,question:hindu-unity-and-diversity,addresses,"Itihasa, Purana, sectarian, festival, or living-tradition material for unity-in-diversity"
b1000:477,project:interchanging-dynamics-of-hindu-family,supports_project,"Festival, family, household, or cultural-transmission material"
b1000:478,question:hindu-unity-and-diversity,addresses,"Itihasa, Purana, sectarian, festival, or living-tradition material for unity-in-diversity"
b1000:478,project:interchanging-dynamics-of-hindu-family,supports_project,"Festival, family, household, or cultural-transmission material"
b1000:479,question:hindu-unity-and-diversity,addresses,"Itihasa, Purana, sectarian, festival, or living-tradition material for unity-in-diversity"
b1000:479,project:interchanging-dynamics-of-hindu-family,supports_project,"Festival, family, household, or cultural-transmission material"
b1000:480,question:hindu-unity-and-diversity,addresses,"Itihasa, Purana, sectarian, festival, or living-tradition material for unity-in-diversity"
b1000:480,project:interchanging-dynamics-of-hindu-family,supports_project,"Festival, family, household, or cultural-transmission material"
b1000:481,question:hindu-unity-and-diversity,addresses,"Itihasa, Purana, sectarian, festival, or living-tradition material for unity-in-diversity"
b1000:481,project:interchanging-dynamics-of-hindu-family,supports_project,"Festival, family, household, or cultural-transmission material"
b1000:482,question:hindu-unity-and-diversity,addresses,"Itihasa, Purana, sectarian, festival, or living-tradition material for unity-in-diversity"
b1000:482,project:interchanging-dynamics-of-hindu-family,supports_project,"Festival, family, household, or cultural-transmission material"
b1000:483,question:hindu-unity-and-diversity,addresses,"Itihasa, Purana, sectarian, festival, or living-tradition material for unity-in-diversity"
b1000:483,project:interchanging-dynamics-of-hindu-family,supports_project,"Festival, family, household, or cultural-transmission material"
b1000:484,question:hindu-unity-and-diversity,addresses,"Itihasa, Purana, sectarian, festival, or living-tradition material for unity-in-diversity"
b1000:484,project:interchanging-dynamics-of-hindu-family,supports_project,"Festival, family, household, or cultural-transmission material"
b1000:485,question:being-indian,addresses,"Explicit Indian, Hindu, tradition, or civilizational identity material"
b1000:485,question:hindu-unity-and-diversity,addresses,"Itihasa, Purana, sectarian, festival, or living-tradition material for unity-in-diversity"
b1000:485,question:will-save-sanatana-dharma,addresses,"Dharma, tradition, education, or recovery material for what saves Sanatana Dharma"
b1000:485,project:interchanging-dynamics-of-hindu-family,supports_project,"Festival, family, household, or cultural-transmission material"
b1000:486,question:hindu-unity-and-diversity,addresses,"Itihasa, Purana, sectarian, festival, or living-tradition material for unity-in-diversity"
b1000:486,project:interchanging-dynamics-of-hindu-family,supports_project,"Festival, family, household, or cultural-transmission material"
b1000:487,question:being-indian,addresses,"Explicit Indian, Hindu, tradition, or civilizational identity material"
b1000:487,question:hindu-unity-and-diversity,addresses,"Itihasa, Purana, sectarian, festival, or living-tradition material for unity-in-diversity"
b1000:487,project:interchanging-dynamics-of-hindu-family,supports_project,"Festival, family, household, or cultural-transmission material"
b1000:488,question:hindu-unity-and-diversity,addresses,"Itihasa, Purana, sectarian, festival, or living-tradition material for unity-in-diversity"
b1000:488,project:interchanging-dynamics-of-hindu-family,supports_project,"Festival, family, household, or cultural-transmission material"
b1000:489,question:hindu-unity-and-diversity,addresses,"Itihasa, Purana, sectarian, festival, or living-tradition material for unity-in-diversity"
b1000:489,project:interchanging-dynamics-of-hindu-family,supports_project,"Festival, family, household, or cultural-transmission material"
b1000:490,question:hindu-unity-and-diversity,addresses,"Itihasa, Purana, sectarian, festival, or living-tradition material for unity-in-diversity"
b1000:490,project:interchanging-dynamics-of-hindu-family,supports_project,"Festival, family, household, or cultural-transmission material"
b1000:491,question:hindu-unity-and-diversity,addresses,"Itihasa, Purana, sectarian, festival, or living-tradition material for unity-in-diversity"
b1000:491,project:interchanging-dynamics-of-hindu-family,supports_project,"Festival, family, household, or cultural-transmission material"
b1000:492,question:hindu-unity-and-diversity,addresses,"Itihasa, Purana, sectarian, festival, or living-tradition material for unity-in-diversity"
b1000:492,project:interchanging-dynamics-of-hindu-family,supports_project,"Festival, family, household, or cultural-transmission material"
b1000:493,question:hindu-unity-and-diversity,addresses,"Itihasa, Purana, sectarian, festival, or living-tradition material for unity-in-diversity"
b1000:493,project:interchanging-dynamics-of-hindu-family,supports_project,"Festival, family, household, or cultural-transmission material"
b1000:494,question:hindu-unity-and-diversity,addresses,"Itihasa, Purana, sectarian, festival, or living-tradition material for unity-in-diversity"
b1000:494,project:interchanging-dynamics-of-hindu-family,supports_project,"Festival, family, household, or cultural-transmission material"
b1000:495,question:being-indian,addresses,"Explicit Indian, Hindu, tradition, or civilizational identity material"
b1000:495,question:hindu-unity-and-diversity,addresses,"Itihasa, Purana, sectarian, festival, or living-tradition material for unity-in-diversity"
b1000:495,project:interchanging-dynamics-of-hindu-family,supports_project,"Festival, family, household, or cultural-transmission material"
b1000:496,question:hindu-renaissance,addresses,"Civilizational recovery, origins, or critique material relevant to Hindu renaissance"
b1000:496,question:hindu-unity-and-diversity,addresses,"Itihasa, Purana, sectarian, festival, or living-tradition material for unity-in-diversity"
b1000:496,project:interchanging-dynamics-of-hindu-family,supports_project,"Festival, family, household, or cultural-transmission material"
b1000:497,question:core-of-sanatana-dharma,addresses,"Classical Dharma, Veda, Yoga, Vedanta, or Darshana source for the core Sanatana Dharma question"
b1000:497,question:hindu-renaissance,addresses,"Civilizational recovery, origins, or critique material relevant to Hindu renaissance"
b1000:497,question:hindu-unity-and-diversity,addresses,"Itihasa, Purana, sectarian, festival, or living-tradition material for unity-in-diversity"
b1000:497,project:interchanging-dynamics-of-hindu-family,supports_project,"Festival, family, household, or cultural-transmission material"
b1000:498,question:hindu-unity-and-diversity,addresses,"Itihasa, Purana, sectarian, festival, or living-tradition material for unity-in-diversity"
b1000:498,project:interchanging-dynamics-of-hindu-family,supports_project,"Festival, family, household, or cultural-transmission material"
b1000:499,question:hindu-unity-and-diversity,addresses,"Itihasa, Purana, sectarian, festival, or living-tradition material for unity-in-diversity"
b1000:499,project:interchanging-dynamics-of-hindu-family,supports_project,"Festival, family, household, or cultural-transmission material"
b1000:500,question:hindu-unity-and-diversity,addresses,"Itihasa, Purana, sectarian, festival, or living-tradition material for unity-in-diversity"
b1000:500,project:interchanging-dynamics-of-hindu-family,supports_project,"Festival, family, household, or cultural-transmission material"
b1000:501,question:hindu-unity-and-diversity,addresses,"Itihasa, Purana, sectarian, festival, or living-tradition material for unity-in-diversity"
b1000:501,project:interchanging-dynamics-of-hindu-family,supports_project,"Festival, family, household, or cultural-transmission material"
b1000:502,question:hindu-unity-and-diversity,addresses,"Itihasa, Purana, sectarian, festival, or living-tradition material for unity-in-diversity"
b1000:502,project:interchanging-dynamics-of-hindu-family,supports_project,"Festival, family, household, or cultural-transmission material"
b1000:503,question:practice-but-not-proven,addresses,"Knowledge-system, Sanskrit, science, or practice text relevant to what Hindus know through tradition and use"
b1000:503,question:being-indian,addresses,"Explicit Indian, Hindu, tradition, or civilizational identity material"
b1000:503,question:hindu-renaissance,addresses,"Civilizational recovery, origins, or critique material relevant to Hindu renaissance"
b1000:503,project:hindu-frameworks-of-education,supports_project,"Knowledge-system, Sanskrit, science, or education source for Hindu frameworks of education"
b1000:503,project:interchanging-dynamics-of-hindu-family,supports_project,"Festival, family, household, or cultural-transmission material"
b1000:504,question:hindu-unity-and-diversity,addresses,"Itihasa, Purana, sectarian, festival, or living-tradition material for unity-in-diversity"
b1000:504,project:interchanging-dynamics-of-hindu-family,supports_project,"Festival, family, household, or cultural-transmission material"
b1000:505,question:hindu-unity-and-diversity,addresses,"Itihasa, Purana, sectarian, festival, or living-tradition material for unity-in-diversity"
b1000:505,project:interchanging-dynamics-of-hindu-family,supports_project,"Festival, family, household, or cultural-transmission material"
b1000:506,question:hindu-renaissance,addresses,"Civilizational recovery, origins, or critique material relevant to Hindu renaissance"
b1000:506,question:hindu-unity-and-diversity,addresses,"Itihasa, Purana, sectarian, festival, or living-tradition material for unity-in-diversity"
b1000:506,project:interchanging-dynamics-of-hindu-family,supports_project,"Festival, family, household, or cultural-transmission material"
b1000:507,question:hindu-renaissance,addresses,"Civilizational recovery, origins, or critique material relevant to Hindu renaissance"
b1000:507,question:hindu-unity-and-diversity,addresses,"Itihasa, Purana, sectarian, festival, or living-tradition material for unity-in-diversity"
b1000:507,project:interchanging-dynamics-of-hindu-family,supports_project,"Festival, family, household, or cultural-transmission material"
b1000:508,question:hindu-renaissance,addresses,"Civilizational recovery, origins, or critique material relevant to Hindu renaissance"
b1000:508,question:hindu-unity-and-diversity,addresses,"Itihasa, Purana, sectarian, festival, or living-tradition material for unity-in-diversity"
b1000:508,project:interchanging-dynamics-of-hindu-family,supports_project,"Festival, family, household, or cultural-transmission material"
b1000:509,question:hindu-unity-and-diversity,addresses,"Itihasa, Purana, sectarian, festival, or living-tradition material for unity-in-diversity"
b1000:509,project:interchanging-dynamics-of-hindu-family,supports_project,"Festival, family, household, or cultural-transmission material"
b1000:510,question:hindu-unity-and-diversity,addresses,"Itihasa, Purana, sectarian, festival, or living-tradition material for unity-in-diversity"
b1000:510,project:interchanging-dynamics-of-hindu-family,supports_project,"Festival, family, household, or cultural-transmission material"
b1000:511,question:hindu-unity-and-diversity,addresses,"Itihasa, Purana, sectarian, festival, or living-tradition material for unity-in-diversity"
b1000:511,project:interchanging-dynamics-of-hindu-family,supports_project,"Festival, family, household, or cultural-transmission material"
b1000:512,question:hindu-unity-and-diversity,addresses,"Itihasa, Purana, sectarian, festival, or living-tradition material for unity-in-diversity"
b1000:512,project:interchanging-dynamics-of-hindu-family,supports_project,"Festival, family, household, or cultural-transmission material"
b1000:513,question:core-of-sanatana-dharma,addresses,"Classical Dharma, Veda, Yoga, Vedanta, or Darshana source for the core Sanatana Dharma question"
b1000:513,question:hindu-unity-and-diversity,addresses,"Itihasa, Purana, sectarian, festival, or living-tradition material for unity-in-diversity"
b1000:513,project:interchanging-dynamics-of-hindu-family,supports_project,"Festival, family, household, or cultural-transmission material"
b1000:514,question:hindu-unity-and-diversity,addresses,"Itihasa, Purana, sectarian, festival, or living-tradition material for unity-in-diversity"
b1000:514,project:interchanging-dynamics-of-hindu-family,supports_project,"Festival, family, household, or cultural-transmission material"
b1000:515,question:hindu-unity-and-diversity,addresses,"Itihasa, Purana, sectarian, festival, or living-tradition material for unity-in-diversity"
b1000:515,project:interchanging-dynamics-of-hindu-family,supports_project,"Festival, family, household, or cultural-transmission material"
b1000:516,question:hindu-unity-and-diversity,addresses,"Itihasa, Purana, sectarian, festival, or living-tradition material for unity-in-diversity"
b1000:516,project:interchanging-dynamics-of-hindu-family,supports_project,"Festival, family, household, or cultural-transmission material"
b1000:517,question:being-indian,addresses,"Explicit Indian, Hindu, tradition, or civilizational identity material"
b1000:517,question:hindu-unity-and-diversity,addresses,"Itihasa, Purana, sectarian, festival, or living-tradition material for unity-in-diversity"
b1000:517,project:interchanging-dynamics-of-hindu-family,supports_project,"Festival, family, household, or cultural-transmission material"
b1000:518,question:hindu-unity-and-diversity,addresses,"Itihasa, Purana, sectarian, festival, or living-tradition material for unity-in-diversity"
b1000:518,project:interchanging-dynamics-of-hindu-family,supports_project,"Festival, family, household, or cultural-transmission material"
b1000:519,question:hindu-unity-and-diversity,addresses,"Itihasa, Purana, sectarian, festival, or living-tradition material for unity-in-diversity"
b1000:519,project:artist-in-art,supports_project,"Art, aesthetics, performance, or symbolic-form source for the Artist in Art project"
b1000:519,project:interchanging-dynamics-of-hindu-family,supports_project,"Festival, family, household, or cultural-transmission material"
b1000:520,question:hindu-unity-and-diversity,addresses,"Itihasa, Purana, sectarian, festival, or living-tradition material for unity-in-diversity"
b1000:520,project:interchanging-dynamics-of-hindu-family,supports_project,"Festival, family, household, or cultural-transmission material"
b1000:521,question:hindu-unity-and-diversity,addresses,"Itihasa, Purana, sectarian, festival, or living-tradition material for unity-in-diversity"
b1000:521,project:interchanging-dynamics-of-hindu-family,supports_project,"Festival, family, household, or cultural-transmission material"
b1000:522,question:hindu-unity-and-diversity,addresses,"Itihasa, Purana, sectarian, festival, or living-tradition material for unity-in-diversity"
b1000:522,project:interchanging-dynamics-of-hindu-family,supports_project,"Festival, family, household, or cultural-transmission material"
b1000:523,question:hindu-unity-and-diversity,addresses,"Itihasa, Purana, sectarian, festival, or living-tradition material for unity-in-diversity"
b1000:523,project:interchanging-dynamics-of-hindu-family,supports_project,"Festival, family, household, or cultural-transmission material"
b1000:524,question:hindu-unity-and-diversity,addresses,"Itihasa, Purana, sectarian, festival, or living-tradition material for unity-in-diversity"
b1000:524,project:interchanging-dynamics-of-hindu-family,supports_project,"Festival, family, household, or cultural-transmission material"
b1000:525,question:being-indian,addresses,"Explicit Indian, Hindu, tradition, or civilizational identity material"
b1000:525,question:hindu-unity-and-diversity,addresses,"Itihasa, Purana, sectarian, festival, or living-tradition material for unity-in-diversity"
b1000:525,question:will-save-sanatana-dharma,addresses,"Dharma, tradition, education, or recovery material for what saves Sanatana Dharma"
b1000:525,project:interchanging-dynamics-of-hindu-family,supports_project,"Festival, family, household, or cultural-transmission material"
b1000:526,question:hindu-unity-and-diversity,addresses,"Itihasa, Purana, sectarian, festival, or living-tradition material for unity-in-diversity"
b1000:526,project:interchanging-dynamics-of-hindu-family,supports_project,"Festival, family, household, or cultural-transmission material"
b1000:527,question:hindu-unity-and-diversity,addresses,"Itihasa, Purana, sectarian, festival, or living-tradition material for unity-in-diversity"
b1000:527,project:interchanging-dynamics-of-hindu-family,supports_project,"Festival, family, household, or cultural-transmission material"
b1000:528,question:being-indian,addresses,"Explicit Indian, Hindu, tradition, or civilizational identity material"
b1000:528,question:hindu-unity-and-diversity,addresses,"Itihasa, Purana, sectarian, festival, or living-tradition material for unity-in-diversity"
b1000:528,question:will-save-sanatana-dharma,addresses,"Dharma, tradition, education, or recovery material for what saves Sanatana Dharma"
b1000:528,project:interchanging-dynamics-of-hindu-family,supports_project,"Festival, family, household, or cultural-transmission material"
b1000:529,question:hindu-unity-and-diversity,addresses,"Itihasa, Purana, sectarian, festival, or living-tradition material for unity-in-diversity"
b1000:529,project:interchanging-dynamics-of-hindu-family,supports_project,"Festival, family, household, or cultural-transmission material"
b1000:530,question:hindu-unity-and-diversity,addresses,"Itihasa, Purana, sectarian, festival, or living-tradition material for unity-in-diversity"
b1000:530,project:interchanging-dynamics-of-hindu-family,supports_project,"Festival, family, household, or cultural-transmission material"
b1000:531,question:hindu-unity-and-diversity,addresses,"Itihasa, Purana, sectarian, festival, or living-tradition material for unity-in-diversity"
b1000:531,project:interchanging-dynamics-of-hindu-family,supports_project,"Festival, family, household, or cultural-transmission material"
b1000:532,question:hindu-unity-and-diversity,addresses,"Itihasa, Purana, sectarian, festival, or living-tradition material for unity-in-diversity"
b1000:532,project:interchanging-dynamics-of-hindu-family,supports_project,"Festival, family, household, or cultural-transmission material"
b1000:533,question:hindu-unity-and-diversity,addresses,"Itihasa, Purana, sectarian, festival, or living-tradition material for unity-in-diversity"
b1000:533,project:interchanging-dynamics-of-hindu-family,supports_project,"Festival, family, household, or cultural-transmission material"
b1000:534,question:hindu-unity-and-diversity,addresses,"Itihasa, Purana, sectarian, festival, or living-tradition material for unity-in-diversity"
b1000:534,project:interchanging-dynamics-of-hindu-family,supports_project,"Festival, family, household, or cultural-transmission material"
b1000:535,question:hindu-unity-and-diversity,addresses,"Itihasa, Purana, sectarian, festival, or living-tradition material for unity-in-diversity"
b1000:535,project:interchanging-dynamics-of-hindu-family,supports_project,"Festival, family, household, or cultural-transmission material"
b1000:536,question:hindu-unity-and-diversity,addresses,"Itihasa, Purana, sectarian, festival, or living-tradition material for unity-in-diversity"
b1000:536,project:interchanging-dynamics-of-hindu-family,supports_project,"Festival, family, household, or cultural-transmission material"
b1000:537,question:hindu-unity-and-diversity,addresses,"Itihasa, Purana, sectarian, festival, or living-tradition material for unity-in-diversity"
b1000:537,project:interchanging-dynamics-of-hindu-family,supports_project,"Festival, family, household, or cultural-transmission material"
b1000:538,question:hindu-unity-and-diversity,addresses,"Itihasa, Purana, sectarian, festival, or living-tradition material for unity-in-diversity"
b1000:538,project:interchanging-dynamics-of-hindu-family,supports_project,"Festival, family, household, or cultural-transmission material"
b1000:539,question:hindu-unity-and-diversity,addresses,"Itihasa, Purana, sectarian, festival, or living-tradition material for unity-in-diversity"
b1000:539,project:interchanging-dynamics-of-hindu-family,supports_project,"Festival, family, household, or cultural-transmission material"
b1000:540,question:hindu-unity-and-diversity,addresses,"Itihasa, Purana, sectarian, festival, or living-tradition material for unity-in-diversity"
b1000:540,project:interchanging-dynamics-of-hindu-family,supports_project,"Festival, family, household, or cultural-transmission material"
b1000:541,question:hindu-unity-and-diversity,addresses,"Itihasa, Purana, sectarian, festival, or living-tradition material for unity-in-diversity"
b1000:541,project:interchanging-dynamics-of-hindu-family,supports_project,"Festival, family, household, or cultural-transmission material"
b1000:542,question:hindu-unity-and-diversity,addresses,"Itihasa, Purana, sectarian, festival, or living-tradition material for unity-in-diversity"
b1000:542,project:interchanging-dynamics-of-hindu-family,supports_project,"Festival, family, household, or cultural-transmission material"
b1000:543,question:hindu-unity-and-diversity,addresses,"Itihasa, Purana, sectarian, festival, or living-tradition material for unity-in-diversity"
b1000:543,project:interchanging-dynamics-of-hindu-family,supports_project,"Festival, family, household, or cultural-transmission material"
b1000:544,question:hindu-unity-and-diversity,addresses,"Itihasa, Purana, sectarian, festival, or living-tradition material for unity-in-diversity"
b1000:544,project:interchanging-dynamics-of-hindu-family,supports_project,"Festival, family, household, or cultural-transmission material"
b1000:545,question:hindu-unity-and-diversity,addresses,"Itihasa, Purana, sectarian, festival, or living-tradition material for unity-in-diversity"
b1000:545,project:interchanging-dynamics-of-hindu-family,supports_project,"Festival, family, household, or cultural-transmission material"
b1000:546,question:hindu-unity-and-diversity,addresses,"Itihasa, Purana, sectarian, festival, or living-tradition material for unity-in-diversity"
b1000:546,project:interchanging-dynamics-of-hindu-family,supports_project,"Festival, family, household, or cultural-transmission material"
b1000:547,question:hindu-unity-and-diversity,addresses,"Itihasa, Purana, sectarian, festival, or living-tradition material for unity-in-diversity"
b1000:547,project:interchanging-dynamics-of-hindu-family,supports_project,"Festival, family, household, or cultural-transmission material"
b1000:548,question:hindu-unity-and-diversity,addresses,"Itihasa, Purana, sectarian, festival, or living-tradition material for unity-in-diversity"
b1000:548,project:interchanging-dynamics-of-hindu-family,supports_project,"Festival, family, household, or cultural-transmission material"
b1000:549,question:hindu-unity-and-diversity,addresses,"Itihasa, Purana, sectarian, festival, or living-tradition material for unity-in-diversity"
b1000:549,project:interchanging-dynamics-of-hindu-family,supports_project,"Festival, family, household, or cultural-transmission material"
b1000:550,question:hindu-unity-and-diversity,addresses,"Itihasa, Purana, sectarian, festival, or living-tradition material for unity-in-diversity"
b1000:550,project:interchanging-dynamics-of-hindu-family,supports_project,"Festival, family, household, or cultural-transmission material"
b1000:551,question:hindu-unity-and-diversity,addresses,"Itihasa, Purana, sectarian, festival, or living-tradition material for unity-in-diversity"
b1000:551,project:interchanging-dynamics-of-hindu-family,supports_project,"Festival, family, household, or cultural-transmission material"
b1000:552,question:hindu-unity-and-diversity,addresses,"Itihasa, Purana, sectarian, festival, or living-tradition material for unity-in-diversity"
b1000:552,project:interchanging-dynamics-of-hindu-family,supports_project,"Festival, family, household, or cultural-transmission material"
b1000:553,question:new-indian-republic,addresses,"Dharmashastra, polity, law, or statecraft material for the republic question"
b1000:553,question:hindu-unity-and-diversity,addresses,"Itihasa, Purana, sectarian, festival, or living-tradition material for unity-in-diversity"
b1000:553,project:interchanging-dynamics-of-hindu-family,supports_project,"Festival, family, household, or cultural-transmission material"
b1000:554,question:hindu-unity-and-diversity,addresses,"Itihasa, Purana, sectarian, festival, or living-tradition material for unity-in-diversity"
b1000:554,project:interchanging-dynamics-of-hindu-family,supports_project,"Festival, family, household, or cultural-transmission material"
b1000:555,question:core-of-sanatana-dharma,addresses,"Classical Dharma, Veda, Yoga, Vedanta, or Darshana source for the core Sanatana Dharma question"
b1000:555,question:being-indian,addresses,"Explicit Indian, Hindu, tradition, or civilizational identity material"
b1000:556,question:core-of-sanatana-dharma,addresses,"Classical Dharma, Veda, Yoga, Vedanta, or Darshana source for the core Sanatana Dharma question"
b1000:556,question:being-indian,addresses,"Explicit Indian, Hindu, tradition, or civilizational identity material"
b1000:557,question:core-of-sanatana-dharma,addresses,"Classical Dharma, Veda, Yoga, Vedanta, or Darshana source for the core Sanatana Dharma question"
b1000:557,question:being-indian,addresses,"Explicit Indian, Hindu, tradition, or civilizational identity material"
b1000:557,project:hindu-school-of-history,supports_project,"Historical, Itihasa, Vedic, origins, or archaeology material for Hindu historiography"
b1000:558,question:core-of-sanatana-dharma,addresses,"Classical Dharma, Veda, Yoga, Vedanta, or Darshana source for the core Sanatana Dharma question"
b1000:558,question:being-indian,addresses,"Explicit Indian, Hindu, tradition, or civilizational identity material"
b1000:559,question:core-of-sanatana-dharma,addresses,"Classical Dharma, Veda, Yoga, Vedanta, or Darshana source for the core Sanatana Dharma question"
b1000:559,question:being-indian,addresses,"Explicit Indian, Hindu, tradition, or civilizational identity material"
b1000:560,question:core-of-sanatana-dharma,addresses,"Classical Dharma, Veda, Yoga, Vedanta, or Darshana source for the core Sanatana Dharma question"
b1000:560,question:being-indian,addresses,"Explicit Indian, Hindu, tradition, or civilizational identity material"
b1000:561,question:core-of-sanatana-dharma,addresses,"Classical Dharma, Veda, Yoga, Vedanta, or Darshana source for the core Sanatana Dharma question"
b1000:562,question:core-of-sanatana-dharma,addresses,"Classical Dharma, Veda, Yoga, Vedanta, or Darshana source for the core Sanatana Dharma question"
b1000:563,question:core-of-sanatana-dharma,addresses,"Classical Dharma, Veda, Yoga, Vedanta, or Darshana source for the core Sanatana Dharma question"
b1000:563,question:being-indian,addresses,"Explicit Indian, Hindu, tradition, or civilizational identity material"
b1000:563,question:will-save-sanatana-dharma,addresses,"Dharma, tradition, education, or recovery material for what saves Sanatana Dharma"
b1000:564,question:core-of-sanatana-dharma,addresses,"Classical Dharma, Veda, Yoga, Vedanta, or Darshana source for the core Sanatana Dharma question"
b1000:564,question:being-indian,addresses,"Explicit Indian, Hindu, tradition, or civilizational identity material"
b1000:565,question:core-of-sanatana-dharma,addresses,"Classical Dharma, Veda, Yoga, Vedanta, or Darshana source for the core Sanatana Dharma question"
b1000:565,question:being-indian,addresses,"Explicit Indian, Hindu, tradition, or civilizational identity material"
b1000:565,question:will-save-sanatana-dharma,addresses,"Dharma, tradition, education, or recovery material for what saves Sanatana Dharma"
b1000:566,question:core-of-sanatana-dharma,addresses,"Classical Dharma, Veda, Yoga, Vedanta, or Darshana source for the core Sanatana Dharma question"
b1000:566,question:hindu-renaissance,addresses,"Civilizational recovery, origins, or critique material relevant to Hindu renaissance"
b1000:567,question:core-of-sanatana-dharma,addresses,"Classical Dharma, Veda, Yoga, Vedanta, or Darshana source for the core Sanatana Dharma question"
b1000:567,question:being-indian,addresses,"Explicit Indian, Hindu, tradition, or civilizational identity material"
b1000:568,question:core-of-sanatana-dharma,addresses,"Classical Dharma, Veda, Yoga, Vedanta, or Darshana source for the core Sanatana Dharma question"
b1000:568,question:being-indian,addresses,"Explicit Indian, Hindu, tradition, or civilizational identity material"
b1000:569,question:core-of-sanatana-dharma,addresses,"Classical Dharma, Veda, Yoga, Vedanta, or Darshana source for the core Sanatana Dharma question"
b1000:569,question:being-indian,addresses,"Explicit Indian, Hindu, tradition, or civilizational identity material"
b1000:570,question:core-of-sanatana-dharma,addresses,"Classical Dharma, Veda, Yoga, Vedanta, or Darshana source for the core Sanatana Dharma question"
b1000:570,question:being-indian,addresses,"Explicit Indian, Hindu, tradition, or civilizational identity material"
b1000:570,question:will-save-sanatana-dharma,addresses,"Dharma, tradition, education, or recovery material for what saves Sanatana Dharma"
b1000:571,question:core-of-sanatana-dharma,addresses,"Classical Dharma, Veda, Yoga, Vedanta, or Darshana source for the core Sanatana Dharma question"
b1000:571,question:being-indian,addresses,"Explicit Indian, Hindu, tradition, or civilizational identity material"
b1000:572,question:core-of-sanatana-dharma,addresses,"Classical Dharma, Veda, Yoga, Vedanta, or Darshana source for the core Sanatana Dharma question"
b1000:572,question:being-indian,addresses,"Explicit Indian, Hindu, tradition, or civilizational identity material"
b1000:572,project:hindu-school-of-history,supports_project,"Historical, Itihasa, Vedic, origins, or archaeology material for Hindu historiography"
b1000:573,question:core-of-sanatana-dharma,addresses,"Classical Dharma, Veda, Yoga, Vedanta, or Darshana source for the core Sanatana Dharma question"
b1000:573,question:being-indian,addresses,"Explicit Indian, Hindu, tradition, or civilizational identity material"
b1000:574,question:core-of-sanatana-dharma,addresses,"Classical Dharma, Veda, Yoga, Vedanta, or Darshana source for the core Sanatana Dharma question"
b1000:574,question:being-indian,addresses,"Explicit Indian, Hindu, tradition, or civilizational identity material"
b1000:575,question:core-of-sanatana-dharma,addresses,"Classical Dharma, Veda, Yoga, Vedanta, or Darshana source for the core Sanatana Dharma question"
b1000:575,question:being-indian,addresses,"Explicit Indian, Hindu, tradition, or civilizational identity material"
b1000:576,question:core-of-sanatana-dharma,addresses,"Classical Dharma, Veda, Yoga, Vedanta, or Darshana source for the core Sanatana Dharma question"
b1000:576,question:being-indian,addresses,"Explicit Indian, Hindu, tradition, or civilizational identity material"
b1000:577,question:core-of-sanatana-dharma,addresses,"Classical Dharma, Veda, Yoga, Vedanta, or Darshana source for the core Sanatana Dharma question"
b1000:577,question:practice-but-not-proven,addresses,"Knowledge-system, Sanskrit, science, or practice text relevant to what Hindus know through tradition and use"
b1000:577,question:being-indian,addresses,"Explicit Indian, Hindu, tradition, or civilizational identity material"
b1000:577,project:hindu-frameworks-of-education,supports_project,"Knowledge-system, Sanskrit, science, or education source for Hindu frameworks of education"
b1000:578,question:core-of-sanatana-dharma,addresses,"Classical Dharma, Veda, Yoga, Vedanta, or Darshana source for the core Sanatana Dharma question"
b1000:578,question:being-indian,addresses,"Explicit Indian, Hindu, tradition, or civilizational identity material"
b1000:579,question:being-indian,addresses,"Explicit Indian, Hindu, tradition, or civilizational identity material"
b1000:579,question:will-save-sanatana-dharma,addresses,"Dharma, tradition, education, or recovery material for what saves Sanatana Dharma"
b1000:580,question:core-of-sanatana-dharma,addresses,"Classical Dharma, Veda, Yoga, Vedanta, or Darshana source for the core Sanatana Dharma question"
b1000:580,question:being-indian,addresses,"Explicit Indian, Hindu, tradition, or civilizational identity material"
b1000:580,question:will-save-sanatana-dharma,addresses,"Dharma, tradition, education, or recovery material for what saves Sanatana Dharma"
b1000:581,question:being-indian,addresses,"Explicit Indian, Hindu, tradition, or civilizational identity material"
b1000:581,question:will-save-sanatana-dharma,addresses,"Dharma, tradition, education, or recovery material for what saves Sanatana Dharma"
b1000:582,question:being-indian,addresses,"Explicit Indian, Hindu, tradition, or civilizational identity material"
b1000:582,question:will-save-sanatana-dharma,addresses,"Dharma, tradition, education, or recovery material for what saves Sanatana Dharma"
b1000:583,question:being-indian,addresses,"Explicit Indian, Hindu, tradition, or civilizational identity material"
b1000:583,question:will-save-sanatana-dharma,addresses,"Dharma, tradition, education, or recovery material for what saves Sanatana Dharma"
b1000:584,question:being-indian,addresses,"Explicit Indian, Hindu, tradition, or civilizational identity material"
b1000:584,question:will-save-sanatana-dharma,addresses,"Dharma, tradition, education, or recovery material for what saves Sanatana Dharma"
b1000:585,question:being-indian,addresses,"Explicit Indian, Hindu, tradition, or civilizational identity material"
b1000:585,question:modernity-and-hindu-values,addresses,"Modernity, technology, humanities, or civilizational-values material"
b1000:585,question:will-save-sanatana-dharma,addresses,"Dharma, tradition, education, or recovery material for what saves Sanatana Dharma"
b1000:586,question:being-indian,addresses,"Explicit Indian, Hindu, tradition, or civilizational identity material"
b1000:586,question:hindu-renaissance,addresses,"Civilizational recovery, origins, or critique material relevant to Hindu renaissance"
b1000:586,question:will-save-sanatana-dharma,addresses,"Dharma, tradition, education, or recovery material for what saves Sanatana Dharma"
b1000:587,question:core-of-sanatana-dharma,addresses,"Classical Dharma, Veda, Yoga, Vedanta, or Darshana source for the core Sanatana Dharma question"
b1000:587,question:being-indian,addresses,"Explicit Indian, Hindu, tradition, or civilizational identity material"
b1000:587,question:will-save-sanatana-dharma,addresses,"Dharma, tradition, education, or recovery material for what saves Sanatana Dharma"
b1000:588,question:being-indian,addresses,"Explicit Indian, Hindu, tradition, or civilizational identity material"
b1000:588,question:will-save-sanatana-dharma,addresses,"Dharma, tradition, education, or recovery material for what saves Sanatana Dharma"
b1000:589,question:being-indian,addresses,"Explicit Indian, Hindu, tradition, or civilizational identity material"
b1000:589,question:will-save-sanatana-dharma,addresses,"Dharma, tradition, education, or recovery material for what saves Sanatana Dharma"
b1000:590,question:being-indian,addresses,"Explicit Indian, Hindu, tradition, or civilizational identity material"
b1000:590,question:will-save-sanatana-dharma,addresses,"Dharma, tradition, education, or recovery material for what saves Sanatana Dharma"
b1000:591,question:being-indian,addresses,"Explicit Indian, Hindu, tradition, or civilizational identity material"
b1000:591,question:will-save-sanatana-dharma,addresses,"Dharma, tradition, education, or recovery material for what saves Sanatana Dharma"
b1000:591,project:hindu-school-of-history,supports_project,"Historical, Itihasa, Vedic, origins, or archaeology material for Hindu historiography"
b1000:592,question:being-indian,addresses,"Explicit Indian, Hindu, tradition, or civilizational identity material"
b1000:592,question:will-save-sanatana-dharma,addresses,"Dharma, tradition, education, or recovery material for what saves Sanatana Dharma"
b1000:593,question:being-indian,addresses,"Explicit Indian, Hindu, tradition, or civilizational identity material"
b1000:593,question:will-save-sanatana-dharma,addresses,"Dharma, tradition, education, or recovery material for what saves Sanatana Dharma"
b1000:594,question:being-indian,addresses,"Explicit Indian, Hindu, tradition, or civilizational identity material"
b1000:594,question:will-save-sanatana-dharma,addresses,"Dharma, tradition, education, or recovery material for what saves Sanatana Dharma"
b1000:595,question:being-indian,addresses,"Explicit Indian, Hindu, tradition, or civilizational identity material"
b1000:595,question:will-save-sanatana-dharma,addresses,"Dharma, tradition, education, or recovery material for what saves Sanatana Dharma"
b1000:596,question:being-indian,addresses,"Explicit Indian, Hindu, tradition, or civilizational identity material"
b1000:596,question:will-save-sanatana-dharma,addresses,"Dharma, tradition, education, or recovery material for what saves Sanatana Dharma"
b1000:597,question:being-indian,addresses,"Explicit Indian, Hindu, tradition, or civilizational identity material"
b1000:597,question:will-save-sanatana-dharma,addresses,"Dharma, tradition, education, or recovery material for what saves Sanatana Dharma"
b1000:598,question:being-indian,addresses,"Explicit Indian, Hindu, tradition, or civilizational identity material"
b1000:598,question:will-save-sanatana-dharma,addresses,"Dharma, tradition, education, or recovery material for what saves Sanatana Dharma"
b1000:599,question:being-indian,addresses,"Explicit Indian, Hindu, tradition, or civilizational identity material"
b1000:599,question:will-save-sanatana-dharma,addresses,"Dharma, tradition, education, or recovery material for what saves Sanatana Dharma"
b1000:600,question:being-indian,addresses,"Explicit Indian, Hindu, tradition, or civilizational identity material"
b1000:600,question:will-save-sanatana-dharma,addresses,"Dharma, tradition, education, or recovery material for what saves Sanatana Dharma"
b1000:601,question:being-indian,addresses,"Explicit Indian, Hindu, tradition, or civilizational identity material"
b1000:601,question:will-save-sanatana-dharma,addresses,"Dharma, tradition, education, or recovery material for what saves Sanatana Dharma"
b1000:602,question:being-indian,addresses,"Explicit Indian, Hindu, tradition, or civilizational identity material"
b1000:602,question:will-save-sanatana-dharma,addresses,"Dharma, tradition, education, or recovery material for what saves Sanatana Dharma"
b1000:603,question:being-indian,addresses,"Explicit Indian, Hindu, tradition, or civilizational identity material"
b1000:603,question:will-save-sanatana-dharma,addresses,"Dharma, tradition, education, or recovery material for what saves Sanatana Dharma"
b1000:604,question:being-indian,addresses,"Explicit Indian, Hindu, tradition, or civilizational identity material"
b1000:604,question:will-save-sanatana-dharma,addresses,"Dharma, tradition, education, or recovery material for what saves Sanatana Dharma"
b1000:605,question:being-indian,addresses,"Explicit Indian, Hindu, tradition, or civilizational identity material"
b1000:605,question:will-save-sanatana-dharma,addresses,"Dharma, tradition, education, or recovery material for what saves Sanatana Dharma"
b1000:606,question:being-indian,addresses,"Explicit Indian, Hindu, tradition, or civilizational identity material"
b1000:606,question:will-save-sanatana-dharma,addresses,"Dharma, tradition, education, or recovery material for what saves Sanatana Dharma"
b1000:606,project:hindu-school-of-history,supports_project,"Historical, Itihasa, Vedic, origins, or archaeology material for Hindu historiography"
b1000:607,question:being-indian,addresses,"Explicit Indian, Hindu, tradition, or civilizational identity material"
b1000:607,question:will-save-sanatana-dharma,addresses,"Dharma, tradition, education, or recovery material for what saves Sanatana Dharma"
b1000:608,question:being-indian,addresses,"Explicit Indian, Hindu, tradition, or civilizational identity material"
b1000:608,question:will-save-sanatana-dharma,addresses,"Dharma, tradition, education, or recovery material for what saves Sanatana Dharma"
b1000:609,question:being-indian,addresses,"Explicit Indian, Hindu, tradition, or civilizational identity material"
b1000:609,question:will-save-sanatana-dharma,addresses,"Dharma, tradition, education, or recovery material for what saves Sanatana Dharma"
b1000:610,question:being-indian,addresses,"Explicit Indian, Hindu, tradition, or civilizational identity material"
b1000:610,question:will-save-sanatana-dharma,addresses,"Dharma, tradition, education, or recovery material for what saves Sanatana Dharma"
b1000:611,question:being-indian,addresses,"Explicit Indian, Hindu, tradition, or civilizational identity material"
b1000:611,question:hindu-renaissance,addresses,"Civilizational recovery, origins, or critique material relevant to Hindu renaissance"
b1000:611,question:will-save-sanatana-dharma,addresses,"Dharma, tradition, education, or recovery material for what saves Sanatana Dharma"
b1000:612,question:being-indian,addresses,"Explicit Indian, Hindu, tradition, or civilizational identity material"
b1000:612,question:hindu-institution-generate,addresses,"Institutional, polity, temple, education, or social-organization material"
b1000:612,question:will-save-sanatana-dharma,addresses,"Dharma, tradition, education, or recovery material for what saves Sanatana Dharma"
b1000:612,project:structure-of-hindu-charity,supports_project,"Dharma, polity, civil society, institution, or charity material"
b1000:613,question:core-of-sanatana-dharma,addresses,"Classical Dharma, Veda, Yoga, Vedanta, or Darshana source for the core Sanatana Dharma question"
b1000:614,question:core-of-sanatana-dharma,addresses,"Classical Dharma, Veda, Yoga, Vedanta, or Darshana source for the core Sanatana Dharma question"
b1000:615,question:core-of-sanatana-dharma,addresses,"Classical Dharma, Veda, Yoga, Vedanta, or Darshana source for the core Sanatana Dharma question"
b1000:616,question:core-of-sanatana-dharma,addresses,"Classical Dharma, Veda, Yoga, Vedanta, or Darshana source for the core Sanatana Dharma question"
b1000:617,question:core-of-sanatana-dharma,addresses,"Classical Dharma, Veda, Yoga, Vedanta, or Darshana source for the core Sanatana Dharma question"
b1000:618,question:core-of-sanatana-dharma,addresses,"Classical Dharma, Veda, Yoga, Vedanta, or Darshana source for the core Sanatana Dharma question"
b1000:619,question:core-of-sanatana-dharma,addresses,"Classical Dharma, Veda, Yoga, Vedanta, or Darshana source for the core Sanatana Dharma question"
b1000:620,question:core-of-sanatana-dharma,addresses,"Classical Dharma, Veda, Yoga, Vedanta, or Darshana source for the core Sanatana Dharma question"
b1000:620,question:practice-but-not-proven,addresses,"Knowledge-system, Sanskrit, science, or practice text relevant to what Hindus know through tradition and use"
b1000:620,project:hindu-frameworks-of-education,supports_project,"Knowledge-system, Sanskrit, science, or education source for Hindu frameworks of education"
b1000:621,question:core-of-sanatana-dharma,addresses,"Classical Dharma, Veda, Yoga, Vedanta, or Darshana source for the core Sanatana Dharma question"
b1000:622,question:core-of-sanatana-dharma,addresses,"Classical Dharma, Veda, Yoga, Vedanta, or Darshana source for the core Sanatana Dharma question"
b1000:623,question:core-of-sanatana-dharma,addresses,"Classical Dharma, Veda, Yoga, Vedanta, or Darshana source for the core Sanatana Dharma question"
b1000:624,question:core-of-sanatana-dharma,addresses,"Classical Dharma, Veda, Yoga, Vedanta, or Darshana source for the core Sanatana Dharma question"
b1000:625,question:core-of-sanatana-dharma,addresses,"Classical Dharma, Veda, Yoga, Vedanta, or Darshana source for the core Sanatana Dharma question"
b1000:626,question:core-of-sanatana-dharma,addresses,"Classical Dharma, Veda, Yoga, Vedanta, or Darshana source for the core Sanatana Dharma question"
b1000:627,question:core-of-sanatana-dharma,addresses,"Classical Dharma, Veda, Yoga, Vedanta, or Darshana source for the core Sanatana Dharma question"
b1000:628,question:core-of-sanatana-dharma,addresses,"Classical Dharma, Veda, Yoga, Vedanta, or Darshana source for the core Sanatana Dharma question"
b1000:628,project:artist-in-art,supports_project,"Art, aesthetics, performance, or symbolic-form source for the Artist in Art project"
b1000:629,question:core-of-sanatana-dharma,addresses,"Classical Dharma, Veda, Yoga, Vedanta, or Darshana source for the core Sanatana Dharma question"
b1000:630,question:core-of-sanatana-dharma,addresses,"Classical Dharma, Veda, Yoga, Vedanta, or Darshana source for the core Sanatana Dharma question"
b1000:631,project:hindu-school-of-history,supports_project,"Historical, Itihasa, Vedic, origins, or archaeology material for Hindu historiography"
b1000:632,project:hindu-school-of-history,supports_project,"Historical, Itihasa, Vedic, origins, or archaeology material for Hindu historiography"
b1000:633,project:hindu-school-of-history,supports_project,"Historical, Itihasa, Vedic, origins, or archaeology material for Hindu historiography"
b1000:634,project:hindu-school-of-history,supports_project,"Historical, Itihasa, Vedic, origins, or archaeology material for Hindu historiography"
b1000:635,project:hindu-school-of-history,supports_project,"Historical, Itihasa, Vedic, origins, or archaeology material for Hindu historiography"
b1000:636,project:hindu-school-of-history,supports_project,"Historical, Itihasa, Vedic, origins, or archaeology material for Hindu historiography"
b1000:637,project:artist-in-art,supports_project,"Art, aesthetics, performance, or symbolic-form source for the Artist in Art project"
b1000:637,project:hindu-school-of-history,supports_project,"Historical, Itihasa, Vedic, origins, or archaeology material for Hindu historiography"
b1000:638,project:hindu-school-of-history,supports_project,"Historical, Itihasa, Vedic, origins, or archaeology material for Hindu historiography"
b1000:639,project:hindu-school-of-history,supports_project,"Historical, Itihasa, Vedic, origins, or archaeology material for Hindu historiography"
b1000:640,project:hindu-school-of-history,supports_project,"Historical, Itihasa, Vedic, origins, or archaeology material for Hindu historiography"
b1000:641,project:hindu-school-of-history,supports_project,"Historical, Itihasa, Vedic, origins, or archaeology material for Hindu historiography"
b1000:642,question:being-indian,addresses,"Explicit Indian, Hindu, tradition, or civilizational identity material"
b1000:642,question:hindu-renaissance,addresses,"Civilizational recovery, origins, or critique material relevant to Hindu renaissance"
b1000:642,project:hindu-school-of-history,supports_project,"Historical, Itihasa, Vedic, origins, or archaeology material for Hindu historiography"
b1000:643,question:being-indian,addresses,"Explicit Indian, Hindu, tradition, or civilizational identity material"
b1000:643,question:modernity-and-hindu-values,addresses,"Modernity, technology, humanities, or civilizational-values material"
b1000:643,project:hindu-response-to-enlightenment,supports_project,"Modernity, Enlightenment, humanities, or Indology critique material"
b1000:643,project:hindu-school-of-history,supports_project,"Historical, Itihasa, Vedic, origins, or archaeology material for Hindu historiography"
b1000:644,question:hindu-renaissance,addresses,"Civilizational recovery, origins, or critique material relevant to Hindu renaissance"
b1000:644,project:hindu-response-to-enlightenment,supports_project,"Modernity, Enlightenment, humanities, or Indology critique material"
b1000:644,project:hindu-school-of-history,supports_project,"Historical, Itihasa, Vedic, origins, or archaeology material for Hindu historiography"
b1000:645,project:hindu-school-of-history,supports_project,"Historical, Itihasa, Vedic, origins, or archaeology material for Hindu historiography"
b1000:646,question:being-indian,addresses,"Explicit Indian, Hindu, tradition, or civilizational identity material"
b1000:646,project:hindu-school-of-history,supports_project,"Historical, Itihasa, Vedic, origins, or archaeology material for Hindu historiography"
b1000:647,project:hindu-school-of-history,supports_project,"Historical, Itihasa, Vedic, origins, or archaeology material for Hindu historiography"
b1000:648,project:hindu-school-of-history,supports_project,"Historical, Itihasa, Vedic, origins, or archaeology material for Hindu historiography"
b1000:649,project:hindu-school-of-history,supports_project,"Historical, Itihasa, Vedic, origins, or archaeology material for Hindu historiography"
b1000:650,question:core-of-sanatana-dharma,addresses,"Classical Dharma, Veda, Yoga, Vedanta, or Darshana source for the core Sanatana Dharma question"
b1000:650,project:hindu-school-of-history,supports_project,"Historical, Itihasa, Vedic, origins, or archaeology material for Hindu historiography"
b1000:651,project:hindu-school-of-history,supports_project,"Historical, Itihasa, Vedic, origins, or archaeology material for Hindu historiography"
b1000:652,question:hindu-unity-and-diversity,addresses,"Itihasa, Purana, sectarian, festival, or living-tradition material for unity-in-diversity"
b1000:652,project:hindu-school-of-history,supports_project,"Historical, Itihasa, Vedic, origins, or archaeology material for Hindu historiography"
b1000:653,question:being-indian,addresses,"Explicit Indian, Hindu, tradition, or civilizational identity material"
b1000:653,question:will-save-sanatana-dharma,addresses,"Dharma, tradition, education, or recovery material for what saves Sanatana Dharma"
b1000:653,project:hindu-school-of-history,supports_project,"Historical, Itihasa, Vedic, origins, or archaeology material for Hindu historiography"
b1000:654,project:artist-in-art,supports_project,"Art, aesthetics, performance, or symbolic-form source for the Artist in Art project"
b1000:654,project:hindu-school-of-history,supports_project,"Historical, Itihasa, Vedic, origins, or archaeology material for Hindu historiography"
b1000:655,question:core-of-sanatana-dharma,addresses,"Classical Dharma, Veda, Yoga, Vedanta, or Darshana source for the core Sanatana Dharma question"
b1000:655,project:artist-in-art,supports_project,"Art, aesthetics, performance, or symbolic-form source for the Artist in Art project"
b1000:655,project:hindu-school-of-history,supports_project,"Historical, Itihasa, Vedic, origins, or archaeology material for Hindu historiography"
b1000:656,project:hindu-school-of-history,supports_project,"Historical, Itihasa, Vedic, origins, or archaeology material for Hindu historiography"
b1000:657,question:being-indian,addresses,"Explicit Indian, Hindu, tradition, or civilizational identity material"
b1000:657,project:hindu-school-of-history,supports_project,"Historical, Itihasa, Vedic, origins, or archaeology material for Hindu historiography"
b1000:658,project:hindu-school-of-history,supports_project,"Historical, Itihasa, Vedic, origins, or archaeology material for Hindu historiography"
b1000:659,project:hindu-school-of-history,supports_project,"Historical, Itihasa, Vedic, origins, or archaeology material for Hindu historiography"
b1000:660,project:hindu-school-of-history,supports_project,"Historical, Itihasa, Vedic, origins, or archaeology material for Hindu historiography"
b1000:661,project:hindu-school-of-history,supports_project,"Historical, Itihasa, Vedic, origins, or archaeology material for Hindu historiography"
b1000:662,question:being-indian,addresses,"Explicit Indian, Hindu, tradition, or civilizational identity material"
b1000:662,project:hindu-school-of-history,supports_project,"Historical, Itihasa, Vedic, origins, or archaeology material for Hindu historiography"
b1000:663,question:being-indian,addresses,"Explicit Indian, Hindu, tradition, or civilizational identity material"
b1000:663,question:will-save-sanatana-dharma,addresses,"Dharma, tradition, education, or recovery material for what saves Sanatana Dharma"
b1000:663,project:hindu-school-of-history,supports_project,"Historical, Itihasa, Vedic, origins, or archaeology material for Hindu historiography"
b1000:664,question:being-indian,addresses,"Explicit Indian, Hindu, tradition, or civilizational identity material"
b1000:664,question:hindu-unity-and-diversity,addresses,"Itihasa, Purana, sectarian, festival, or living-tradition material for unity-in-diversity"
b1000:664,question:will-save-sanatana-dharma,addresses,"Dharma, tradition, education, or recovery material for what saves Sanatana Dharma"
b1000:664,project:hindu-school-of-history,supports_project,"Historical, Itihasa, Vedic, origins, or archaeology material for Hindu historiography"
b1000:665,question:being-indian,addresses,"Explicit Indian, Hindu, tradition, or civilizational identity material"
b1000:665,project:hindu-models-of-temple-management,supports_project,"Temple, tirtha, sacred-geography, or kshetra material for temple-management models"
b1000:665,project:hindu-school-of-history,supports_project,"Historical, Itihasa, Vedic, origins, or archaeology material for Hindu historiography"
b1000:666,project:hindu-school-of-history,supports_project,"Historical, Itihasa, Vedic, origins, or archaeology material for Hindu historiography"
b1000:667,question:being-indian,addresses,"Explicit Indian, Hindu, tradition, or civilizational identity material"
b1000:667,project:hindu-school-of-history,supports_project,"Historical, Itihasa, Vedic, origins, or archaeology material for Hindu historiography"
b1000:668,question:being-indian,addresses,"Explicit Indian, Hindu, tradition, or civilizational identity material"
b1000:668,question:will-save-sanatana-dharma,addresses,"Dharma, tradition, education, or recovery material for what saves Sanatana Dharma"
b1000:668,project:hindu-school-of-history,supports_project,"Historical, Itihasa, Vedic, origins, or archaeology material for Hindu historiography"
b1000:669,question:being-indian,addresses,"Explicit Indian, Hindu, tradition, or civilizational identity material"
b1000:669,project:hindu-school-of-history,supports_project,"Historical, Itihasa, Vedic, origins, or archaeology material for Hindu historiography"
b1000:670,question:being-indian,addresses,"Explicit Indian, Hindu, tradition, or civilizational identity material"
b1000:670,project:hindu-school-of-history,supports_project,"Historical, Itihasa, Vedic, origins, or archaeology material for Hindu historiography"
b1000:671,question:being-indian,addresses,"Explicit Indian, Hindu, tradition, or civilizational identity material"
b1000:671,project:hindu-school-of-history,supports_project,"Historical, Itihasa, Vedic, origins, or archaeology material for Hindu historiography"
b1000:672,question:being-indian,addresses,"Explicit Indian, Hindu, tradition, or civilizational identity material"
b1000:672,question:will-save-sanatana-dharma,addresses,"Dharma, tradition, education, or recovery material for what saves Sanatana Dharma"
b1000:672,project:hindu-school-of-history,supports_project,"Historical, Itihasa, Vedic, origins, or archaeology material for Hindu historiography"
b1000:673,question:being-indian,addresses,"Explicit Indian, Hindu, tradition, or civilizational identity material"
b1000:673,question:will-save-sanatana-dharma,addresses,"Dharma, tradition, education, or recovery material for what saves Sanatana Dharma"
b1000:673,project:hindu-school-of-history,supports_project,"Historical, Itihasa, Vedic, origins, or archaeology material for Hindu historiography"
b1000:674,question:being-indian,addresses,"Explicit Indian, Hindu, tradition, or civilizational identity material"
b1000:674,project:hindu-school-of-history,supports_project,"Historical, Itihasa, Vedic, origins, or archaeology material for Hindu historiography"
b1000:675,question:being-indian,addresses,"Explicit Indian, Hindu, tradition, or civilizational identity material"
b1000:675,question:hindu-renaissance,addresses,"Civilizational recovery, origins, or critique material relevant to Hindu renaissance"
b1000:675,project:hindu-school-of-history,supports_project,"Historical, Itihasa, Vedic, origins, or archaeology material for Hindu historiography"
b1000:676,question:being-indian,addresses,"Explicit Indian, Hindu, tradition, or civilizational identity material"
b1000:676,project:hindu-school-of-history,supports_project,"Historical, Itihasa, Vedic, origins, or archaeology material for Hindu historiography"
b1000:677,question:being-indian,addresses,"Explicit Indian, Hindu, tradition, or civilizational identity material"
b1000:677,project:hindu-school-of-history,supports_project,"Historical, Itihasa, Vedic, origins, or archaeology material for Hindu historiography"
b1000:678,question:being-indian,addresses,"Explicit Indian, Hindu, tradition, or civilizational identity material"
b1000:678,project:hindu-school-of-history,supports_project,"Historical, Itihasa, Vedic, origins, or archaeology material for Hindu historiography"
b1000:679,question:being-indian,addresses,"Explicit Indian, Hindu, tradition, or civilizational identity material"
b1000:679,project:hindu-school-of-history,supports_project,"Historical, Itihasa, Vedic, origins, or archaeology material for Hindu historiography"
b1000:680,project:hindu-school-of-history,supports_project,"Historical, Itihasa, Vedic, origins, or archaeology material for Hindu historiography"
b1000:681,question:being-indian,addresses,"Explicit Indian, Hindu, tradition, or civilizational identity material"
b1000:681,project:hindu-school-of-history,supports_project,"Historical, Itihasa, Vedic, origins, or archaeology material for Hindu historiography"
b1000:682,question:hindu-renaissance,addresses,"Civilizational recovery, origins, or critique material relevant to Hindu renaissance"
b1000:682,question:what-will-destroy,addresses,"Adversarial, colonial, missionary, or civilizational-threat material for the destruction-risk question"
b1000:682,project:hindu-response-to-enlightenment,supports_project,"Modernity, Enlightenment, humanities, or Indology critique material"
b1000:682,project:hindu-school-of-history,supports_project,"Historical, Itihasa, Vedic, origins, or archaeology material for Hindu historiography"
b1000:683,question:being-indian,addresses,"Explicit Indian, Hindu, tradition, or civilizational identity material"
b1000:683,question:hindu-renaissance,addresses,"Civilizational recovery, origins, or critique material relevant to Hindu renaissance"
b1000:683,question:what-will-destroy,addresses,"Adversarial, colonial, missionary, or civilizational-threat material for the destruction-risk question"
b1000:683,project:hindu-response-to-enlightenment,supports_project,"Modernity, Enlightenment, humanities, or Indology critique material"
b1000:683,project:hindu-school-of-history,supports_project,"Historical, Itihasa, Vedic, origins, or archaeology material for Hindu historiography"
b1000:684,question:hindu-renaissance,addresses,"Civilizational recovery, origins, or critique material relevant to Hindu renaissance"
b1000:684,question:what-will-destroy,addresses,"Adversarial, colonial, missionary, or civilizational-threat material for the destruction-risk question"
b1000:684,project:hindu-response-to-enlightenment,supports_project,"Modernity, Enlightenment, humanities, or Indology critique material"
b1000:684,project:hindu-school-of-history,supports_project,"Historical, Itihasa, Vedic, origins, or archaeology material for Hindu historiography"
b1000:685,question:hindu-renaissance,addresses,"Civilizational recovery, origins, or critique material relevant to Hindu renaissance"
b1000:685,question:what-will-destroy,addresses,"Adversarial, colonial, missionary, or civilizational-threat material for the destruction-risk question"
b1000:685,project:hindu-response-to-enlightenment,supports_project,"Modernity, Enlightenment, humanities, or Indology critique material"
b1000:685,project:hindu-school-of-history,supports_project,"Historical, Itihasa, Vedic, origins, or archaeology material for Hindu historiography"
b1000:686,question:being-indian,addresses,"Explicit Indian, Hindu, tradition, or civilizational identity material"
b1000:686,question:hindu-renaissance,addresses,"Civilizational recovery, origins, or critique material relevant to Hindu renaissance"
b1000:686,question:what-will-destroy,addresses,"Adversarial, colonial, missionary, or civilizational-threat material for the destruction-risk question"
b1000:686,project:hindu-response-to-enlightenment,supports_project,"Modernity, Enlightenment, humanities, or Indology critique material"
b1000:686,project:hindu-school-of-history,supports_project,"Historical, Itihasa, Vedic, origins, or archaeology material for Hindu historiography"
b1000:687,question:being-indian,addresses,"Explicit Indian, Hindu, tradition, or civilizational identity material"
b1000:687,question:hindu-renaissance,addresses,"Civilizational recovery, origins, or critique material relevant to Hindu renaissance"
b1000:687,question:what-will-destroy,addresses,"Adversarial, colonial, missionary, or civilizational-threat material for the destruction-risk question"
b1000:687,project:hindu-response-to-enlightenment,supports_project,"Modernity, Enlightenment, humanities, or Indology critique material"
b1000:687,project:hindu-school-of-history,supports_project,"Historical, Itihasa, Vedic, origins, or archaeology material for Hindu historiography"
b1000:688,question:being-indian,addresses,"Explicit Indian, Hindu, tradition, or civilizational identity material"
b1000:688,question:hindu-renaissance,addresses,"Civilizational recovery, origins, or critique material relevant to Hindu renaissance"
b1000:688,question:what-will-destroy,addresses,"Adversarial, colonial, missionary, or civilizational-threat material for the destruction-risk question"
b1000:688,project:hindu-response-to-enlightenment,supports_project,"Modernity, Enlightenment, humanities, or Indology critique material"
b1000:688,project:hindu-school-of-history,supports_project,"Historical, Itihasa, Vedic, origins, or archaeology material for Hindu historiography"
b1000:689,question:hindu-renaissance,addresses,"Civilizational recovery, origins, or critique material relevant to Hindu renaissance"
b1000:689,question:what-will-destroy,addresses,"Adversarial, colonial, missionary, or civilizational-threat material for the destruction-risk question"
b1000:689,project:hindu-response-to-enlightenment,supports_project,"Modernity, Enlightenment, humanities, or Indology critique material"
b1000:689,project:hindu-school-of-history,supports_project,"Historical, Itihasa, Vedic, origins, or archaeology material for Hindu historiography"
b1000:690,question:hindu-renaissance,addresses,"Civilizational recovery, origins, or critique material relevant to Hindu renaissance"
b1000:690,question:what-will-destroy,addresses,"Adversarial, colonial, missionary, or civilizational-threat material for the destruction-risk question"
b1000:690,project:hindu-response-to-enlightenment,supports_project,"Modernity, Enlightenment, humanities, or Indology critique material"
b1000:690,project:hindu-school-of-history,supports_project,"Historical, Itihasa, Vedic, origins, or archaeology material for Hindu historiography"
b1000:691,question:hindu-renaissance,addresses,"Civilizational recovery, origins, or critique material relevant to Hindu renaissance"
b1000:691,question:what-will-destroy,addresses,"Adversarial, colonial, missionary, or civilizational-threat material for the destruction-risk question"
b1000:691,project:hindu-response-to-enlightenment,supports_project,"Modernity, Enlightenment, humanities, or Indology critique material"
b1000:691,project:hindu-school-of-history,supports_project,"Historical, Itihasa, Vedic, origins, or archaeology material for Hindu historiography"
b1000:692,question:hindu-renaissance,addresses,"Civilizational recovery, origins, or critique material relevant to Hindu renaissance"
b1000:692,question:what-will-destroy,addresses,"Adversarial, colonial, missionary, or civilizational-threat material for the destruction-risk question"
b1000:692,project:hindu-response-to-enlightenment,supports_project,"Modernity, Enlightenment, humanities, or Indology critique material"
b1000:692,project:hindu-school-of-history,supports_project,"Historical, Itihasa, Vedic, origins, or archaeology material for Hindu historiography"
b1000:693,question:being-indian,addresses,"Explicit Indian, Hindu, tradition, or civilizational identity material"
b1000:693,question:hindu-renaissance,addresses,"Civilizational recovery, origins, or critique material relevant to Hindu renaissance"
b1000:693,question:what-will-destroy,addresses,"Adversarial, colonial, missionary, or civilizational-threat material for the destruction-risk question"
b1000:693,project:hindu-response-to-enlightenment,supports_project,"Modernity, Enlightenment, humanities, or Indology critique material"
b1000:693,project:hindu-school-of-history,supports_project,"Historical, Itihasa, Vedic, origins, or archaeology material for Hindu historiography"
b1000:694,question:hindu-renaissance,addresses,"Civilizational recovery, origins, or critique material relevant to Hindu renaissance"
b1000:694,question:what-will-destroy,addresses,"Adversarial, colonial, missionary, or civilizational-threat material for the destruction-risk question"
b1000:694,project:hindu-response-to-enlightenment,supports_project,"Modernity, Enlightenment, humanities, or Indology critique material"
b1000:694,project:hindu-school-of-history,supports_project,"Historical, Itihasa, Vedic, origins, or archaeology material for Hindu historiography"
b1000:695,question:hindu-renaissance,addresses,"Civilizational recovery, origins, or critique material relevant to Hindu renaissance"
b1000:695,question:what-will-destroy,addresses,"Adversarial, colonial, missionary, or civilizational-threat material for the destruction-risk question"
b1000:695,project:hindu-response-to-enlightenment,supports_project,"Modernity, Enlightenment, humanities, or Indology critique material"
b1000:695,project:hindu-school-of-history,supports_project,"Historical, Itihasa, Vedic, origins, or archaeology material for Hindu historiography"
b1000:696,question:hindu-renaissance,addresses,"Civilizational recovery, origins, or critique material relevant to Hindu renaissance"
b1000:696,question:what-will-destroy,addresses,"Adversarial, colonial, missionary, or civilizational-threat material for the destruction-risk question"
b1000:696,project:hindu-response-to-enlightenment,supports_project,"Modernity, Enlightenment, humanities, or Indology critique material"
b1000:696,project:hindu-school-of-history,supports_project,"Historical, Itihasa, Vedic, origins, or archaeology material for Hindu historiography"
b1000:697,question:hindu-renaissance,addresses,"Civilizational recovery, origins, or critique material relevant to Hindu renaissance"
b1000:697,question:what-will-destroy,addresses,"Adversarial, colonial, missionary, or civilizational-threat material for the destruction-risk question"
b1000:697,project:hindu-response-to-enlightenment,supports_project,"Modernity, Enlightenment, humanities, or Indology critique material"
b1000:697,project:hindu-school-of-history,supports_project,"Historical, Itihasa, Vedic, origins, or archaeology material for Hindu historiography"
b1000:698,question:being-indian,addresses,"Explicit Indian, Hindu, tradition, or civilizational identity material"
b1000:698,question:hindu-renaissance,addresses,"Civilizational recovery, origins, or critique material relevant to Hindu renaissance"
b1000:698,question:what-will-destroy,addresses,"Adversarial, colonial, missionary, or civilizational-threat material for the destruction-risk question"
b1000:698,project:hindu-response-to-enlightenment,supports_project,"Modernity, Enlightenment, humanities, or Indology critique material"
b1000:698,project:hindu-school-of-history,supports_project,"Historical, Itihasa, Vedic, origins, or archaeology material for Hindu historiography"
b1000:699,question:being-indian,addresses,"Explicit Indian, Hindu, tradition, or civilizational identity material"
b1000:699,question:hindu-renaissance,addresses,"Civilizational recovery, origins, or critique material relevant to Hindu renaissance"
b1000:699,question:what-will-destroy,addresses,"Adversarial, colonial, missionary, or civilizational-threat material for the destruction-risk question"
b1000:699,project:hindu-response-to-enlightenment,supports_project,"Modernity, Enlightenment, humanities, or Indology critique material"
b1000:699,project:hindu-school-of-history,supports_project,"Historical, Itihasa, Vedic, origins, or archaeology material for Hindu historiography"
b1000:700,question:being-indian,addresses,"Explicit Indian, Hindu, tradition, or civilizational identity material"
b1000:700,question:hindu-renaissance,addresses,"Civilizational recovery, origins, or critique material relevant to Hindu renaissance"
b1000:700,question:what-will-destroy,addresses,"Adversarial, colonial, missionary, or civilizational-threat material for the destruction-risk question"
b1000:700,project:hindu-response-to-enlightenment,supports_project,"Modernity, Enlightenment, humanities, or Indology critique material"
b1000:700,project:hindu-school-of-history,supports_project,"Historical, Itihasa, Vedic, origins, or archaeology material for Hindu historiography"
b1000:701,question:hindu-renaissance,addresses,"Civilizational recovery, origins, or critique material relevant to Hindu renaissance"
b1000:701,question:what-will-destroy,addresses,"Adversarial, colonial, missionary, or civilizational-threat material for the destruction-risk question"
b1000:701,project:hindu-response-to-enlightenment,supports_project,"Modernity, Enlightenment, humanities, or Indology critique material"
b1000:701,project:hindu-school-of-history,supports_project,"Historical, Itihasa, Vedic, origins, or archaeology material for Hindu historiography"
b1000:702,question:hindu-renaissance,addresses,"Civilizational recovery, origins, or critique material relevant to Hindu renaissance"
b1000:702,question:what-will-destroy,addresses,"Adversarial, colonial, missionary, or civilizational-threat material for the destruction-risk question"
b1000:702,project:hindu-response-to-enlightenment,supports_project,"Modernity, Enlightenment, humanities, or Indology critique material"
b1000:702,project:hindu-school-of-history,supports_project,"Historical, Itihasa, Vedic, origins, or archaeology material for Hindu historiography"
b1000:703,question:being-indian,addresses,"Explicit Indian, Hindu, tradition, or civilizational identity material"
b1000:703,question:hindu-renaissance,addresses,"Civilizational recovery, origins, or critique material relevant to Hindu renaissance"
b1000:703,question:what-will-destroy,addresses,"Adversarial, colonial, missionary, or civilizational-threat material for the destruction-risk question"
b1000:703,project:hindu-response-to-enlightenment,supports_project,"Modernity, Enlightenment, humanities, or Indology critique material"
b1000:703,project:hindu-school-of-history,supports_project,"Historical, Itihasa, Vedic, origins, or archaeology material for Hindu historiography"
b1000:704,question:hindu-renaissance,addresses,"Civilizational recovery, origins, or critique material relevant to Hindu renaissance"
b1000:704,question:what-will-destroy,addresses,"Adversarial, colonial, missionary, or civilizational-threat material for the destruction-risk question"
b1000:704,project:hindu-response-to-enlightenment,supports_project,"Modernity, Enlightenment, humanities, or Indology critique material"
b1000:704,project:hindu-school-of-history,supports_project,"Historical, Itihasa, Vedic, origins, or archaeology material for Hindu historiography"
b1000:705,question:being-indian,addresses,"Explicit Indian, Hindu, tradition, or civilizational identity material"
b1000:705,question:hindu-renaissance,addresses,"Civilizational recovery, origins, or critique material relevant to Hindu renaissance"
b1000:705,question:what-will-destroy,addresses,"Adversarial, colonial, missionary, or civilizational-threat material for the destruction-risk question"
b1000:705,project:hindu-response-to-enlightenment,supports_project,"Modernity, Enlightenment, humanities, or Indology critique material"
b1000:705,project:hindu-school-of-history,supports_project,"Historical, Itihasa, Vedic, origins, or archaeology material for Hindu historiography"
b1000:706,question:being-indian,addresses,"Explicit Indian, Hindu, tradition, or civilizational identity material"
b1000:706,question:hindu-renaissance,addresses,"Civilizational recovery, origins, or critique material relevant to Hindu renaissance"
b1000:706,question:what-will-destroy,addresses,"Adversarial, colonial, missionary, or civilizational-threat material for the destruction-risk question"
b1000:706,project:artist-in-art,supports_project,"Art, aesthetics, performance, or symbolic-form source for the Artist in Art project"
b1000:706,project:hindu-response-to-enlightenment,supports_project,"Modernity, Enlightenment, humanities, or Indology critique material"
b1000:706,project:hindu-school-of-history,supports_project,"Historical, Itihasa, Vedic, origins, or archaeology material for Hindu historiography"
b1000:707,question:being-indian,addresses,"Explicit Indian, Hindu, tradition, or civilizational identity material"
b1000:707,question:hindu-renaissance,addresses,"Civilizational recovery, origins, or critique material relevant to Hindu renaissance"
b1000:707,question:what-will-destroy,addresses,"Adversarial, colonial, missionary, or civilizational-threat material for the destruction-risk question"
b1000:707,project:hindu-response-to-enlightenment,supports_project,"Modernity, Enlightenment, humanities, or Indology critique material"
b1000:707,project:hindu-school-of-history,supports_project,"Historical, Itihasa, Vedic, origins, or archaeology material for Hindu historiography"
b1000:708,question:hindu-renaissance,addresses,"Civilizational recovery, origins, or critique material relevant to Hindu renaissance"
b1000:708,question:what-will-destroy,addresses,"Adversarial, colonial, missionary, or civilizational-threat material for the destruction-risk question"
b1000:708,project:hindu-response-to-enlightenment,supports_project,"Modernity, Enlightenment, humanities, or Indology critique material"
b1000:708,project:hindu-school-of-history,supports_project,"Historical, Itihasa, Vedic, origins, or archaeology material for Hindu historiography"
b1000:709,question:hindu-renaissance,addresses,"Civilizational recovery, origins, or critique material relevant to Hindu renaissance"
b1000:709,question:what-will-destroy,addresses,"Adversarial, colonial, missionary, or civilizational-threat material for the destruction-risk question"
b1000:709,project:hindu-response-to-enlightenment,supports_project,"Modernity, Enlightenment, humanities, or Indology critique material"
b1000:709,project:hindu-school-of-history,supports_project,"Historical, Itihasa, Vedic, origins, or archaeology material for Hindu historiography"
b1000:710,question:hindu-renaissance,addresses,"Civilizational recovery, origins, or critique material relevant to Hindu renaissance"
b1000:710,question:what-will-destroy,addresses,"Adversarial, colonial, missionary, or civilizational-threat material for the destruction-risk question"
b1000:710,project:hindu-response-to-enlightenment,supports_project,"Modernity, Enlightenment, humanities, or Indology critique material"
b1000:710,project:hindu-school-of-history,supports_project,"Historical, Itihasa, Vedic, origins, or archaeology material for Hindu historiography"
b1000:711,question:practice-but-not-proven,addresses,"Knowledge-system, Sanskrit, science, or practice text relevant to what Hindus know through tradition and use"
b1000:711,question:hindu-renaissance,addresses,"Civilizational recovery, origins, or critique material relevant to Hindu renaissance"
b1000:711,question:what-will-destroy,addresses,"Adversarial, colonial, missionary, or civilizational-threat material for the destruction-risk question"
b1000:711,project:hindu-frameworks-of-education,supports_project,"Knowledge-system, Sanskrit, science, or education source for Hindu frameworks of education"
b1000:711,project:hindu-response-to-enlightenment,supports_project,"Modernity, Enlightenment, humanities, or Indology critique material"
b1000:711,project:hindu-school-of-history,supports_project,"Historical, Itihasa, Vedic, origins, or archaeology material for Hindu historiography"
b1000:712,question:being-indian,addresses,"Explicit Indian, Hindu, tradition, or civilizational identity material"
b1000:712,project:hindu-school-of-history,supports_project,"Historical, Itihasa, Vedic, origins, or archaeology material for Hindu historiography"
b1000:713,question:being-indian,addresses,"Explicit Indian, Hindu, tradition, or civilizational identity material"
b1000:713,project:hindu-school-of-history,supports_project,"Historical, Itihasa, Vedic, origins, or archaeology material for Hindu historiography"
b1000:714,question:being-indian,addresses,"Explicit Indian, Hindu, tradition, or civilizational identity material"
b1000:714,project:hindu-school-of-history,supports_project,"Historical, Itihasa, Vedic, origins, or archaeology material for Hindu historiography"
b1000:715,question:being-indian,addresses,"Explicit Indian, Hindu, tradition, or civilizational identity material"
b1000:715,project:hindu-school-of-history,supports_project,"Historical, Itihasa, Vedic, origins, or archaeology material for Hindu historiography"
b1000:716,question:new-indian-republic,addresses,"Dharmashastra, polity, law, or statecraft material for the republic question"
b1000:716,project:hindu-school-of-history,supports_project,"Historical, Itihasa, Vedic, origins, or archaeology material for Hindu historiography"
b1000:717,project:hindu-school-of-history,supports_project,"Historical, Itihasa, Vedic, origins, or archaeology material for Hindu historiography"
b1000:718,project:hindu-school-of-history,supports_project,"Historical, Itihasa, Vedic, origins, or archaeology material for Hindu historiography"
b1000:719,project:hindu-school-of-history,supports_project,"Historical, Itihasa, Vedic, origins, or archaeology material for Hindu historiography"
b1000:720,question:being-indian,addresses,"Explicit Indian, Hindu, tradition, or civilizational identity material"
b1000:720,project:hindu-school-of-history,supports_project,"Historical, Itihasa, Vedic, origins, or archaeology material for Hindu historiography"
b1000:721,project:hindu-school-of-history,supports_project,"Historical, Itihasa, Vedic, origins, or archaeology material for Hindu historiography"
b1000:722,question:being-indian,addresses,"Explicit Indian, Hindu, tradition, or civilizational identity material"
b1000:722,project:hindu-school-of-history,supports_project,"Historical, Itihasa, Vedic, origins, or archaeology material for Hindu historiography"
b1000:723,question:being-indian,addresses,"Explicit Indian, Hindu, tradition, or civilizational identity material"
b1000:723,project:hindu-school-of-history,supports_project,"Historical, Itihasa, Vedic, origins, or archaeology material for Hindu historiography"
b1000:724,question:being-indian,addresses,"Explicit Indian, Hindu, tradition, or civilizational identity material"
b1000:724,project:hindu-school-of-history,supports_project,"Historical, Itihasa, Vedic, origins, or archaeology material for Hindu historiography"
b1000:725,question:being-indian,addresses,"Explicit Indian, Hindu, tradition, or civilizational identity material"
b1000:725,project:hindu-school-of-history,supports_project,"Historical, Itihasa, Vedic, origins, or archaeology material for Hindu historiography"
b1000:726,question:being-indian,addresses,"Explicit Indian, Hindu, tradition, or civilizational identity material"
b1000:726,project:hindu-school-of-history,supports_project,"Historical, Itihasa, Vedic, origins, or archaeology material for Hindu historiography"
b1000:727,question:being-indian,addresses,"Explicit Indian, Hindu, tradition, or civilizational identity material"
b1000:727,project:hindu-school-of-history,supports_project,"Historical, Itihasa, Vedic, origins, or archaeology material for Hindu historiography"
b1000:728,project:hindu-school-of-history,supports_project,"Historical, Itihasa, Vedic, origins, or archaeology material for Hindu historiography"
b1000:729,project:hindu-school-of-history,supports_project,"Historical, Itihasa, Vedic, origins, or archaeology material for Hindu historiography"
b1000:730,project:hindu-school-of-history,supports_project,"Historical, Itihasa, Vedic, origins, or archaeology material for Hindu historiography"
b1000:731,question:being-indian,addresses,"Explicit Indian, Hindu, tradition, or civilizational identity material"
b1000:731,question:new-indian-republic,addresses,"Dharmashastra, polity, law, or statecraft material for the republic question"
b1000:731,question:will-save-sanatana-dharma,addresses,"Dharma, tradition, education, or recovery material for what saves Sanatana Dharma"
b1000:731,project:hindu-school-of-history,supports_project,"Historical, Itihasa, Vedic, origins, or archaeology material for Hindu historiography"
b1000:731,project:structure-of-hindu-charity,supports_project,"Dharma, polity, civil society, institution, or charity material"
b1000:732,question:being-indian,addresses,"Explicit Indian, Hindu, tradition, or civilizational identity material"
b1000:732,question:new-indian-republic,addresses,"Dharmashastra, polity, law, or statecraft material for the republic question"
b1000:732,project:hindu-school-of-history,supports_project,"Historical, Itihasa, Vedic, origins, or archaeology material for Hindu historiography"
b1000:732,project:structure-of-hindu-charity,supports_project,"Dharma, polity, civil society, institution, or charity material"
b1000:733,question:being-indian,addresses,"Explicit Indian, Hindu, tradition, or civilizational identity material"
b1000:733,question:new-indian-republic,addresses,"Dharmashastra, polity, law, or statecraft material for the republic question"
b1000:733,project:hindu-school-of-history,supports_project,"Historical, Itihasa, Vedic, origins, or archaeology material for Hindu historiography"
b1000:734,question:practice-but-not-proven,addresses,"Knowledge-system, Sanskrit, science, or practice text relevant to what Hindus know through tradition and use"
b1000:734,question:being-indian,addresses,"Explicit Indian, Hindu, tradition, or civilizational identity material"
b1000:734,question:hindu-institution-generate,addresses,"Institutional, polity, temple, education, or social-organization material"
b1000:734,project:hindu-frameworks-of-education,supports_project,"Knowledge-system, Sanskrit, science, or education source for Hindu frameworks of education"
b1000:734,project:hindu-school-of-history,supports_project,"Historical, Itihasa, Vedic, origins, or archaeology material for Hindu historiography"
b1000:735,question:being-indian,addresses,"Explicit Indian, Hindu, tradition, or civilizational identity material"
b1000:735,question:will-save-sanatana-dharma,addresses,"Dharma, tradition, education, or recovery material for what saves Sanatana Dharma"
b1000:735,project:hindu-school-of-history,supports_project,"Historical, Itihasa, Vedic, origins, or archaeology material for Hindu historiography"
b1000:736,question:being-indian,addresses,"Explicit Indian, Hindu, tradition, or civilizational identity material"
b1000:736,project:hindu-school-of-history,supports_project,"Historical, Itihasa, Vedic, origins, or archaeology material for Hindu historiography"
b1000:737,question:being-indian,addresses,"Explicit Indian, Hindu, tradition, or civilizational identity material"
b1000:737,project:hindu-school-of-history,supports_project,"Historical, Itihasa, Vedic, origins, or archaeology material for Hindu historiography"
b1000:738,question:being-indian,addresses,"Explicit Indian, Hindu, tradition, or civilizational identity material"
b1000:738,project:hindu-school-of-history,supports_project,"Historical, Itihasa, Vedic, origins, or archaeology material for Hindu historiography"
b1000:739,question:practice-but-not-proven,addresses,"Knowledge-system, Sanskrit, science, or practice text relevant to what Hindus know through tradition and use"
b1000:739,question:being-indian,addresses,"Explicit Indian, Hindu, tradition, or civilizational identity material"
b1000:739,question:hindu-institution-generate,addresses,"Institutional, polity, temple, education, or social-organization material"
b1000:739,project:hindu-frameworks-of-education,supports_project,"Knowledge-system, Sanskrit, science, or education source for Hindu frameworks of education"
b1000:739,project:hindu-school-of-history,supports_project,"Historical, Itihasa, Vedic, origins, or archaeology material for Hindu historiography"
b1000:740,question:being-indian,addresses,"Explicit Indian, Hindu, tradition, or civilizational identity material"
b1000:740,question:will-save-sanatana-dharma,addresses,"Dharma, tradition, education, or recovery material for what saves Sanatana Dharma"
b1000:740,project:hindu-school-of-history,supports_project,"Historical, Itihasa, Vedic, origins, or archaeology material for Hindu historiography"
b1000:741,project:hindu-school-of-history,supports_project,"Historical, Itihasa, Vedic, origins, or archaeology material for Hindu historiography"
b1000:742,project:hindu-school-of-history,supports_project,"Historical, Itihasa, Vedic, origins, or archaeology material for Hindu historiography"
b1000:743,question:being-indian,addresses,"Explicit Indian, Hindu, tradition, or civilizational identity material"
b1000:743,project:hindu-school-of-history,supports_project,"Historical, Itihasa, Vedic, origins, or archaeology material for Hindu historiography"
b1000:744,question:being-indian,addresses,"Explicit Indian, Hindu, tradition, or civilizational identity material"
b1000:744,project:hindu-school-of-history,supports_project,"Historical, Itihasa, Vedic, origins, or archaeology material for Hindu historiography"
b1000:745,project:hindu-school-of-history,supports_project,"Historical, Itihasa, Vedic, origins, or archaeology material for Hindu historiography"
b1000:746,question:being-indian,addresses,"Explicit Indian, Hindu, tradition, or civilizational identity material"
b1000:746,project:hindu-school-of-history,supports_project,"Historical, Itihasa, Vedic, origins, or archaeology material for Hindu historiography"
b1000:747,project:hindu-school-of-history,supports_project,"Historical, Itihasa, Vedic, origins, or archaeology material for Hindu historiography"
b1000:748,question:being-indian,addresses,"Explicit Indian, Hindu, tradition, or civilizational identity material"
b1000:748,project:hindu-school-of-history,supports_project,"Historical, Itihasa, Vedic, origins, or archaeology material for Hindu historiography"
b1000:749,question:being-indian,addresses,"Explicit Indian, Hindu, tradition, or civilizational identity material"
b1000:749,project:hindu-school-of-history,supports_project,"Historical, Itihasa, Vedic, origins, or archaeology material for Hindu historiography"
b1000:750,question:hindu-renaissance,addresses,"Civilizational recovery, origins, or critique material relevant to Hindu renaissance"
b1000:750,question:what-will-destroy,addresses,"Adversarial, colonial, missionary, or civilizational-threat material for the destruction-risk question"
b1000:750,project:hindu-response-to-enlightenment,supports_project,"Modernity, Enlightenment, humanities, or Indology critique material"
b1000:750,project:hindu-school-of-history,supports_project,"Historical, Itihasa, Vedic, origins, or archaeology material for Hindu historiography"
b1000:751,question:hindu-renaissance,addresses,"Civilizational recovery, origins, or critique material relevant to Hindu renaissance"
b1000:751,question:what-will-destroy,addresses,"Adversarial, colonial, missionary, or civilizational-threat material for the destruction-risk question"
b1000:751,project:hindu-response-to-enlightenment,supports_project,"Modernity, Enlightenment, humanities, or Indology critique material"
b1000:751,project:hindu-school-of-history,supports_project,"Historical, Itihasa, Vedic, origins, or archaeology material for Hindu historiography"
b1000:752,question:hindu-renaissance,addresses,"Civilizational recovery, origins, or critique material relevant to Hindu renaissance"
b1000:752,question:what-will-destroy,addresses,"Adversarial, colonial, missionary, or civilizational-threat material for the destruction-risk question"
b1000:752,project:hindu-response-to-enlightenment,supports_project,"Modernity, Enlightenment, humanities, or Indology critique material"
b1000:752,project:hindu-school-of-history,supports_project,"Historical, Itihasa, Vedic, origins, or archaeology material for Hindu historiography"
b1000:753,question:hindu-renaissance,addresses,"Civilizational recovery, origins, or critique material relevant to Hindu renaissance"
b1000:753,question:what-will-destroy,addresses,"Adversarial, colonial, missionary, or civilizational-threat material for the destruction-risk question"
b1000:753,project:hindu-response-to-enlightenment,supports_project,"Modernity, Enlightenment, humanities, or Indology critique material"
b1000:753,project:hindu-school-of-history,supports_project,"Historical, Itihasa, Vedic, origins, or archaeology material for Hindu historiography"
b1000:754,question:hindu-renaissance,addresses,"Civilizational recovery, origins, or critique material relevant to Hindu renaissance"
b1000:754,question:what-will-destroy,addresses,"Adversarial, colonial, missionary, or civilizational-threat material for the destruction-risk question"
b1000:754,project:hindu-response-to-enlightenment,supports_project,"Modernity, Enlightenment, humanities, or Indology critique material"
b1000:754,project:hindu-school-of-history,supports_project,"Historical, Itihasa, Vedic, origins, or archaeology material for Hindu historiography"
b1000:755,question:hindu-renaissance,addresses,"Civilizational recovery, origins, or critique material relevant to Hindu renaissance"
b1000:755,question:what-will-destroy,addresses,"Adversarial, colonial, missionary, or civilizational-threat material for the destruction-risk question"
b1000:755,project:hindu-response-to-enlightenment,supports_project,"Modernity, Enlightenment, humanities, or Indology critique material"
b1000:755,project:hindu-school-of-history,supports_project,"Historical, Itihasa, Vedic, origins, or archaeology material for Hindu historiography"
b1000:756,question:being-indian,addresses,"Explicit Indian, Hindu, tradition, or civilizational identity material"
b1000:756,question:hindu-renaissance,addresses,"Civilizational recovery, origins, or critique material relevant to Hindu renaissance"
b1000:756,question:what-will-destroy,addresses,"Adversarial, colonial, missionary, or civilizational-threat material for the destruction-risk question"
b1000:756,project:hindu-response-to-enlightenment,supports_project,"Modernity, Enlightenment, humanities, or Indology critique material"
b1000:756,project:hindu-school-of-history,supports_project,"Historical, Itihasa, Vedic, origins, or archaeology material for Hindu historiography"
b1000:757,question:hindu-renaissance,addresses,"Civilizational recovery, origins, or critique material relevant to Hindu renaissance"
b1000:757,question:what-will-destroy,addresses,"Adversarial, colonial, missionary, or civilizational-threat material for the destruction-risk question"
b1000:757,project:hindu-response-to-enlightenment,supports_project,"Modernity, Enlightenment, humanities, or Indology critique material"
b1000:757,project:hindu-school-of-history,supports_project,"Historical, Itihasa, Vedic, origins, or archaeology material for Hindu historiography"
b1000:758,question:being-indian,addresses,"Explicit Indian, Hindu, tradition, or civilizational identity material"
b1000:758,question:hindu-renaissance,addresses,"Civilizational recovery, origins, or critique material relevant to Hindu renaissance"
b1000:758,question:what-will-destroy,addresses,"Adversarial, colonial, missionary, or civilizational-threat material for the destruction-risk question"
b1000:758,project:hindu-response-to-enlightenment,supports_project,"Modernity, Enlightenment, humanities, or Indology critique material"
b1000:758,project:hindu-school-of-history,supports_project,"Historical, Itihasa, Vedic, origins, or archaeology material for Hindu historiography"
b1000:759,question:hindu-renaissance,addresses,"Civilizational recovery, origins, or critique material relevant to Hindu renaissance"
b1000:759,question:what-will-destroy,addresses,"Adversarial, colonial, missionary, or civilizational-threat material for the destruction-risk question"
b1000:759,project:hindu-response-to-enlightenment,supports_project,"Modernity, Enlightenment, humanities, or Indology critique material"
b1000:759,project:hindu-school-of-history,supports_project,"Historical, Itihasa, Vedic, origins, or archaeology material for Hindu historiography"
b1000:760,question:hindu-renaissance,addresses,"Civilizational recovery, origins, or critique material relevant to Hindu renaissance"
b1000:760,question:what-will-destroy,addresses,"Adversarial, colonial, missionary, or civilizational-threat material for the destruction-risk question"
b1000:760,project:hindu-response-to-enlightenment,supports_project,"Modernity, Enlightenment, humanities, or Indology critique material"
b1000:760,project:hindu-school-of-history,supports_project,"Historical, Itihasa, Vedic, origins, or archaeology material for Hindu historiography"
b1000:761,question:hindu-renaissance,addresses,"Civilizational recovery, origins, or critique material relevant to Hindu renaissance"
b1000:761,question:what-will-destroy,addresses,"Adversarial, colonial, missionary, or civilizational-threat material for the destruction-risk question"
b1000:761,project:hindu-response-to-enlightenment,supports_project,"Modernity, Enlightenment, humanities, or Indology critique material"
b1000:761,project:hindu-school-of-history,supports_project,"Historical, Itihasa, Vedic, origins, or archaeology material for Hindu historiography"
b1000:762,question:hindu-renaissance,addresses,"Civilizational recovery, origins, or critique material relevant to Hindu renaissance"
b1000:762,question:what-will-destroy,addresses,"Adversarial, colonial, missionary, or civilizational-threat material for the destruction-risk question"
b1000:762,project:hindu-response-to-enlightenment,supports_project,"Modernity, Enlightenment, humanities, or Indology critique material"
b1000:762,project:hindu-school-of-history,supports_project,"Historical, Itihasa, Vedic, origins, or archaeology material for Hindu historiography"
b1000:763,question:hindu-renaissance,addresses,"Civilizational recovery, origins, or critique material relevant to Hindu renaissance"
b1000:763,question:what-will-destroy,addresses,"Adversarial, colonial, missionary, or civilizational-threat material for the destruction-risk question"
b1000:763,project:hindu-response-to-enlightenment,supports_project,"Modernity, Enlightenment, humanities, or Indology critique material"
b1000:763,project:hindu-school-of-history,supports_project,"Historical, Itihasa, Vedic, origins, or archaeology material for Hindu historiography"
b1000:764,question:hindu-renaissance,addresses,"Civilizational recovery, origins, or critique material relevant to Hindu renaissance"
b1000:764,question:what-will-destroy,addresses,"Adversarial, colonial, missionary, or civilizational-threat material for the destruction-risk question"
b1000:764,project:hindu-response-to-enlightenment,supports_project,"Modernity, Enlightenment, humanities, or Indology critique material"
b1000:764,project:hindu-school-of-history,supports_project,"Historical, Itihasa, Vedic, origins, or archaeology material for Hindu historiography"
b1000:765,question:hindu-renaissance,addresses,"Civilizational recovery, origins, or critique material relevant to Hindu renaissance"
b1000:765,question:what-will-destroy,addresses,"Adversarial, colonial, missionary, or civilizational-threat material for the destruction-risk question"
b1000:765,question:modernity-and-hindu-values,addresses,"Modernity, technology, humanities, or civilizational-values material"
b1000:765,project:hindu-response-to-enlightenment,supports_project,"Modernity, Enlightenment, humanities, or Indology critique material"
b1000:765,project:hindu-school-of-history,supports_project,"Historical, Itihasa, Vedic, origins, or archaeology material for Hindu historiography"
b1000:766,question:being-indian,addresses,"Explicit Indian, Hindu, tradition, or civilizational identity material"
b1000:766,question:hindu-renaissance,addresses,"Civilizational recovery, origins, or critique material relevant to Hindu renaissance"
b1000:766,question:what-will-destroy,addresses,"Adversarial, colonial, missionary, or civilizational-threat material for the destruction-risk question"
b1000:766,project:hindu-response-to-enlightenment,supports_project,"Modernity, Enlightenment, humanities, or Indology critique material"
b1000:766,project:hindu-school-of-history,supports_project,"Historical, Itihasa, Vedic, origins, or archaeology material for Hindu historiography"
b1000:767,question:being-indian,addresses,"Explicit Indian, Hindu, tradition, or civilizational identity material"
b1000:767,question:hindu-renaissance,addresses,"Civilizational recovery, origins, or critique material relevant to Hindu renaissance"
b1000:767,question:what-will-destroy,addresses,"Adversarial, colonial, missionary, or civilizational-threat material for the destruction-risk question"
b1000:767,project:hindu-response-to-enlightenment,supports_project,"Modernity, Enlightenment, humanities, or Indology critique material"
b1000:767,project:hindu-school-of-history,supports_project,"Historical, Itihasa, Vedic, origins, or archaeology material for Hindu historiography"
b1000:768,question:being-indian,addresses,"Explicit Indian, Hindu, tradition, or civilizational identity material"
b1000:768,question:hindu-renaissance,addresses,"Civilizational recovery, origins, or critique material relevant to Hindu renaissance"
b1000:768,question:what-will-destroy,addresses,"Adversarial, colonial, missionary, or civilizational-threat material for the destruction-risk question"
b1000:768,project:hindu-response-to-enlightenment,supports_project,"Modernity, Enlightenment, humanities, or Indology critique material"
b1000:768,project:hindu-school-of-history,supports_project,"Historical, Itihasa, Vedic, origins, or archaeology material for Hindu historiography"
b1000:769,question:being-indian,addresses,"Explicit Indian, Hindu, tradition, or civilizational identity material"
b1000:769,question:hindu-renaissance,addresses,"Civilizational recovery, origins, or critique material relevant to Hindu renaissance"
b1000:769,question:what-will-destroy,addresses,"Adversarial, colonial, missionary, or civilizational-threat material for the destruction-risk question"
b1000:769,project:hindu-response-to-enlightenment,supports_project,"Modernity, Enlightenment, humanities, or Indology critique material"
b1000:769,project:hindu-school-of-history,supports_project,"Historical, Itihasa, Vedic, origins, or archaeology material for Hindu historiography"
b1000:770,question:being-indian,addresses,"Explicit Indian, Hindu, tradition, or civilizational identity material"
b1000:770,question:hindu-renaissance,addresses,"Civilizational recovery, origins, or critique material relevant to Hindu renaissance"
b1000:770,question:what-will-destroy,addresses,"Adversarial, colonial, missionary, or civilizational-threat material for the destruction-risk question"
b1000:770,project:hindu-response-to-enlightenment,supports_project,"Modernity, Enlightenment, humanities, or Indology critique material"
b1000:770,project:hindu-school-of-history,supports_project,"Historical, Itihasa, Vedic, origins, or archaeology material for Hindu historiography"
b1000:771,question:being-indian,addresses,"Explicit Indian, Hindu, tradition, or civilizational identity material"
b1000:771,question:hindu-renaissance,addresses,"Civilizational recovery, origins, or critique material relevant to Hindu renaissance"
b1000:771,question:what-will-destroy,addresses,"Adversarial, colonial, missionary, or civilizational-threat material for the destruction-risk question"
b1000:771,project:hindu-response-to-enlightenment,supports_project,"Modernity, Enlightenment, humanities, or Indology critique material"
b1000:771,project:hindu-school-of-history,supports_project,"Historical, Itihasa, Vedic, origins, or archaeology material for Hindu historiography"
b1000:772,question:being-indian,addresses,"Explicit Indian, Hindu, tradition, or civilizational identity material"
b1000:772,question:hindu-renaissance,addresses,"Civilizational recovery, origins, or critique material relevant to Hindu renaissance"
b1000:772,question:what-will-destroy,addresses,"Adversarial, colonial, missionary, or civilizational-threat material for the destruction-risk question"
b1000:772,project:artist-in-art,supports_project,"Art, aesthetics, performance, or symbolic-form source for the Artist in Art project"
b1000:772,project:hindu-response-to-enlightenment,supports_project,"Modernity, Enlightenment, humanities, or Indology critique material"
b1000:772,project:hindu-school-of-history,supports_project,"Historical, Itihasa, Vedic, origins, or archaeology material for Hindu historiography"
b1000:773,question:being-indian,addresses,"Explicit Indian, Hindu, tradition, or civilizational identity material"
b1000:773,question:hindu-renaissance,addresses,"Civilizational recovery, origins, or critique material relevant to Hindu renaissance"
b1000:773,question:what-will-destroy,addresses,"Adversarial, colonial, missionary, or civilizational-threat material for the destruction-risk question"
b1000:773,project:hindu-response-to-enlightenment,supports_project,"Modernity, Enlightenment, humanities, or Indology critique material"
b1000:774,question:being-indian,addresses,"Explicit Indian, Hindu, tradition, or civilizational identity material"
b1000:774,question:hindu-renaissance,addresses,"Civilizational recovery, origins, or critique material relevant to Hindu renaissance"
b1000:774,question:what-will-destroy,addresses,"Adversarial, colonial, missionary, or civilizational-threat material for the destruction-risk question"
b1000:774,project:hindu-response-to-enlightenment,supports_project,"Modernity, Enlightenment, humanities, or Indology critique material"
b1000:775,question:hindu-renaissance,addresses,"Civilizational recovery, origins, or critique material relevant to Hindu renaissance"
b1000:775,question:what-will-destroy,addresses,"Adversarial, colonial, missionary, or civilizational-threat material for the destruction-risk question"
b1000:775,project:hindu-response-to-enlightenment,supports_project,"Modernity, Enlightenment, humanities, or Indology critique material"
b1000:776,question:practice-but-not-proven,addresses,"Knowledge-system, Sanskrit, science, or practice text relevant to what Hindus know through tradition and use"
b1000:776,question:hindu-renaissance,addresses,"Civilizational recovery, origins, or critique material relevant to Hindu renaissance"
b1000:776,question:what-will-destroy,addresses,"Adversarial, colonial, missionary, or civilizational-threat material for the destruction-risk question"
b1000:776,project:hindu-frameworks-of-education,supports_project,"Knowledge-system, Sanskrit, science, or education source for Hindu frameworks of education"
b1000:776,project:hindu-response-to-enlightenment,supports_project,"Modernity, Enlightenment, humanities, or Indology critique material"
b1000:777,question:being-indian,addresses,"Explicit Indian, Hindu, tradition, or civilizational identity material"
b1000:777,question:hindu-renaissance,addresses,"Civilizational recovery, origins, or critique material relevant to Hindu renaissance"
b1000:777,question:what-will-destroy,addresses,"Adversarial, colonial, missionary, or civilizational-threat material for the destruction-risk question"
b1000:777,project:hindu-response-to-enlightenment,supports_project,"Modernity, Enlightenment, humanities, or Indology critique material"
b1000:778,question:hindu-renaissance,addresses,"Civilizational recovery, origins, or critique material relevant to Hindu renaissance"
b1000:778,question:what-will-destroy,addresses,"Adversarial, colonial, missionary, or civilizational-threat material for the destruction-risk question"
b1000:778,project:hindu-response-to-enlightenment,supports_project,"Modernity, Enlightenment, humanities, or Indology critique material"
b1000:779,question:hindu-renaissance,addresses,"Civilizational recovery, origins, or critique material relevant to Hindu renaissance"
b1000:779,question:what-will-destroy,addresses,"Adversarial, colonial, missionary, or civilizational-threat material for the destruction-risk question"
b1000:779,project:hindu-response-to-enlightenment,supports_project,"Modernity, Enlightenment, humanities, or Indology critique material"
b1000:780,question:hindu-renaissance,addresses,"Civilizational recovery, origins, or critique material relevant to Hindu renaissance"
b1000:780,question:what-will-destroy,addresses,"Adversarial, colonial, missionary, or civilizational-threat material for the destruction-risk question"
b1000:780,project:hindu-response-to-enlightenment,supports_project,"Modernity, Enlightenment, humanities, or Indology critique material"
b1000:781,question:hindu-renaissance,addresses,"Civilizational recovery, origins, or critique material relevant to Hindu renaissance"
b1000:781,question:what-will-destroy,addresses,"Adversarial, colonial, missionary, or civilizational-threat material for the destruction-risk question"
b1000:781,project:hindu-response-to-enlightenment,supports_project,"Modernity, Enlightenment, humanities, or Indology critique material"
b1000:782,question:being-indian,addresses,"Explicit Indian, Hindu, tradition, or civilizational identity material"
b1000:782,question:hindu-renaissance,addresses,"Civilizational recovery, origins, or critique material relevant to Hindu renaissance"
b1000:782,question:what-will-destroy,addresses,"Adversarial, colonial, missionary, or civilizational-threat material for the destruction-risk question"
b1000:782,project:hindu-response-to-enlightenment,supports_project,"Modernity, Enlightenment, humanities, or Indology critique material"
b1000:783,question:being-indian,addresses,"Explicit Indian, Hindu, tradition, or civilizational identity material"
b1000:783,question:hindu-renaissance,addresses,"Civilizational recovery, origins, or critique material relevant to Hindu renaissance"
b1000:783,question:what-will-destroy,addresses,"Adversarial, colonial, missionary, or civilizational-threat material for the destruction-risk question"
b1000:783,project:hindu-response-to-enlightenment,supports_project,"Modernity, Enlightenment, humanities, or Indology critique material"
b1000:784,question:hindu-renaissance,addresses,"Civilizational recovery, origins, or critique material relevant to Hindu renaissance"
b1000:784,question:what-will-destroy,addresses,"Adversarial, colonial, missionary, or civilizational-threat material for the destruction-risk question"
b1000:784,project:hindu-response-to-enlightenment,supports_project,"Modernity, Enlightenment, humanities, or Indology critique material"
b1000:785,question:hindu-renaissance,addresses,"Civilizational recovery, origins, or critique material relevant to Hindu renaissance"
b1000:785,question:what-will-destroy,addresses,"Adversarial, colonial, missionary, or civilizational-threat material for the destruction-risk question"
b1000:785,project:hindu-response-to-enlightenment,supports_project,"Modernity, Enlightenment, humanities, or Indology critique material"
b1000:786,question:being-indian,addresses,"Explicit Indian, Hindu, tradition, or civilizational identity material"
b1000:786,question:hindu-renaissance,addresses,"Civilizational recovery, origins, or critique material relevant to Hindu renaissance"
b1000:786,question:what-will-destroy,addresses,"Adversarial, colonial, missionary, or civilizational-threat material for the destruction-risk question"
b1000:786,project:hindu-response-to-enlightenment,supports_project,"Modernity, Enlightenment, humanities, or Indology critique material"
b1000:787,question:hindu-renaissance,addresses,"Civilizational recovery, origins, or critique material relevant to Hindu renaissance"
b1000:787,question:what-will-destroy,addresses,"Adversarial, colonial, missionary, or civilizational-threat material for the destruction-risk question"
b1000:787,project:hindu-response-to-enlightenment,supports_project,"Modernity, Enlightenment, humanities, or Indology critique material"
b1000:788,question:hindu-renaissance,addresses,"Civilizational recovery, origins, or critique material relevant to Hindu renaissance"
b1000:788,question:what-will-destroy,addresses,"Adversarial, colonial, missionary, or civilizational-threat material for the destruction-risk question"
b1000:788,project:hindu-response-to-enlightenment,supports_project,"Modernity, Enlightenment, humanities, or Indology critique material"
b1000:789,question:being-indian,addresses,"Explicit Indian, Hindu, tradition, or civilizational identity material"
b1000:789,question:hindu-renaissance,addresses,"Civilizational recovery, origins, or critique material relevant to Hindu renaissance"
b1000:789,question:what-will-destroy,addresses,"Adversarial, colonial, missionary, or civilizational-threat material for the destruction-risk question"
b1000:789,project:hindu-response-to-enlightenment,supports_project,"Modernity, Enlightenment, humanities, or Indology critique material"
b1000:790,question:hindu-renaissance,addresses,"Civilizational recovery, origins, or critique material relevant to Hindu renaissance"
b1000:790,question:what-will-destroy,addresses,"Adversarial, colonial, missionary, or civilizational-threat material for the destruction-risk question"
b1000:790,project:hindu-response-to-enlightenment,supports_project,"Modernity, Enlightenment, humanities, or Indology critique material"
b1000:791,question:hindu-renaissance,addresses,"Civilizational recovery, origins, or critique material relevant to Hindu renaissance"
b1000:791,question:what-will-destroy,addresses,"Adversarial, colonial, missionary, or civilizational-threat material for the destruction-risk question"
b1000:791,project:hindu-response-to-enlightenment,supports_project,"Modernity, Enlightenment, humanities, or Indology critique material"
b1000:792,question:hindu-renaissance,addresses,"Civilizational recovery, origins, or critique material relevant to Hindu renaissance"
b1000:792,question:what-will-destroy,addresses,"Adversarial, colonial, missionary, or civilizational-threat material for the destruction-risk question"
b1000:792,project:hindu-response-to-enlightenment,supports_project,"Modernity, Enlightenment, humanities, or Indology critique material"
b1000:793,question:practice-but-not-proven,addresses,"Knowledge-system, Sanskrit, science, or practice text relevant to what Hindus know through tradition and use"
b1000:793,question:hindu-renaissance,addresses,"Civilizational recovery, origins, or critique material relevant to Hindu renaissance"
b1000:793,question:what-will-destroy,addresses,"Adversarial, colonial, missionary, or civilizational-threat material for the destruction-risk question"
b1000:793,project:hindu-frameworks-of-education,supports_project,"Knowledge-system, Sanskrit, science, or education source for Hindu frameworks of education"
b1000:793,project:hindu-response-to-enlightenment,supports_project,"Modernity, Enlightenment, humanities, or Indology critique material"
b1000:794,question:hindu-renaissance,addresses,"Civilizational recovery, origins, or critique material relevant to Hindu renaissance"
b1000:794,question:what-will-destroy,addresses,"Adversarial, colonial, missionary, or civilizational-threat material for the destruction-risk question"
b1000:794,project:hindu-response-to-enlightenment,supports_project,"Modernity, Enlightenment, humanities, or Indology critique material"
b1000:795,question:hindu-renaissance,addresses,"Civilizational recovery, origins, or critique material relevant to Hindu renaissance"
b1000:795,question:what-will-destroy,addresses,"Adversarial, colonial, missionary, or civilizational-threat material for the destruction-risk question"
b1000:795,project:hindu-response-to-enlightenment,supports_project,"Modernity, Enlightenment, humanities, or Indology critique material"
b1000:796,question:hindu-renaissance,addresses,"Civilizational recovery, origins, or critique material relevant to Hindu renaissance"
b1000:796,question:what-will-destroy,addresses,"Adversarial, colonial, missionary, or civilizational-threat material for the destruction-risk question"
b1000:796,project:hindu-response-to-enlightenment,supports_project,"Modernity, Enlightenment, humanities, or Indology critique material"
b1000:797,question:hindu-renaissance,addresses,"Civilizational recovery, origins, or critique material relevant to Hindu renaissance"
b1000:797,question:what-will-destroy,addresses,"Adversarial, colonial, missionary, or civilizational-threat material for the destruction-risk question"
b1000:797,project:hindu-response-to-enlightenment,supports_project,"Modernity, Enlightenment, humanities, or Indology critique material"
b1000:798,question:hindu-renaissance,addresses,"Civilizational recovery, origins, or critique material relevant to Hindu renaissance"
b1000:798,question:what-will-destroy,addresses,"Adversarial, colonial, missionary, or civilizational-threat material for the destruction-risk question"
b1000:798,project:hindu-response-to-enlightenment,supports_project,"Modernity, Enlightenment, humanities, or Indology critique material"
b1000:799,question:being-indian,addresses,"Explicit Indian, Hindu, tradition, or civilizational identity material"
b1000:799,question:hindu-renaissance,addresses,"Civilizational recovery, origins, or critique material relevant to Hindu renaissance"
b1000:799,question:what-will-destroy,addresses,"Adversarial, colonial, missionary, or civilizational-threat material for the destruction-risk question"
b1000:799,project:hindu-response-to-enlightenment,supports_project,"Modernity, Enlightenment, humanities, or Indology critique material"
b1000:800,question:being-indian,addresses,"Explicit Indian, Hindu, tradition, or civilizational identity material"
b1000:800,question:hindu-renaissance,addresses,"Civilizational recovery, origins, or critique material relevant to Hindu renaissance"
b1000:800,question:what-will-destroy,addresses,"Adversarial, colonial, missionary, or civilizational-threat material for the destruction-risk question"
b1000:800,project:hindu-response-to-enlightenment,supports_project,"Modernity, Enlightenment, humanities, or Indology critique material"
b1000:801,question:being-indian,addresses,"Explicit Indian, Hindu, tradition, or civilizational identity material"
b1000:801,question:hindu-renaissance,addresses,"Civilizational recovery, origins, or critique material relevant to Hindu renaissance"
b1000:801,question:what-will-destroy,addresses,"Adversarial, colonial, missionary, or civilizational-threat material for the destruction-risk question"
b1000:801,project:hindu-response-to-enlightenment,supports_project,"Modernity, Enlightenment, humanities, or Indology critique material"
b1000:802,question:being-indian,addresses,"Explicit Indian, Hindu, tradition, or civilizational identity material"
b1000:802,question:hindu-renaissance,addresses,"Civilizational recovery, origins, or critique material relevant to Hindu renaissance"
b1000:802,question:what-will-destroy,addresses,"Adversarial, colonial, missionary, or civilizational-threat material for the destruction-risk question"
b1000:802,project:hindu-response-to-enlightenment,supports_project,"Modernity, Enlightenment, humanities, or Indology critique material"
b1000:803,question:being-indian,addresses,"Explicit Indian, Hindu, tradition, or civilizational identity material"
b1000:803,question:hindu-renaissance,addresses,"Civilizational recovery, origins, or critique material relevant to Hindu renaissance"
b1000:803,question:what-will-destroy,addresses,"Adversarial, colonial, missionary, or civilizational-threat material for the destruction-risk question"
b1000:803,project:hindu-response-to-enlightenment,supports_project,"Modernity, Enlightenment, humanities, or Indology critique material"
b1000:804,question:hindu-renaissance,addresses,"Civilizational recovery, origins, or critique material relevant to Hindu renaissance"
b1000:804,question:what-will-destroy,addresses,"Adversarial, colonial, missionary, or civilizational-threat material for the destruction-risk question"
b1000:804,project:hindu-response-to-enlightenment,supports_project,"Modernity, Enlightenment, humanities, or Indology critique material"
b1000:804,project:hindu-school-of-history,supports_project,"Historical, Itihasa, Vedic, origins, or archaeology material for Hindu historiography"
b1000:805,question:being-indian,addresses,"Explicit Indian, Hindu, tradition, or civilizational identity material"
b1000:805,question:hindu-renaissance,addresses,"Civilizational recovery, origins, or critique material relevant to Hindu renaissance"
b1000:805,question:what-will-destroy,addresses,"Adversarial, colonial, missionary, or civilizational-threat material for the destruction-risk question"
b1000:805,project:hindu-response-to-enlightenment,supports_project,"Modernity, Enlightenment, humanities, or Indology critique material"
b1000:805,project:hindu-school-of-history,supports_project,"Historical, Itihasa, Vedic, origins, or archaeology material for Hindu historiography"
b1000:806,question:hindu-renaissance,addresses,"Civilizational recovery, origins, or critique material relevant to Hindu renaissance"
b1000:806,question:what-will-destroy,addresses,"Adversarial, colonial, missionary, or civilizational-threat material for the destruction-risk question"
b1000:806,project:hindu-response-to-enlightenment,supports_project,"Modernity, Enlightenment, humanities, or Indology critique material"
b1000:807,question:hindu-renaissance,addresses,"Civilizational recovery, origins, or critique material relevant to Hindu renaissance"
b1000:807,question:what-will-destroy,addresses,"Adversarial, colonial, missionary, or civilizational-threat material for the destruction-risk question"
b1000:807,project:hindu-response-to-enlightenment,supports_project,"Modernity, Enlightenment, humanities, or Indology critique material"
b1000:808,question:being-indian,addresses,"Explicit Indian, Hindu, tradition, or civilizational identity material"
b1000:808,question:hindu-renaissance,addresses,"Civilizational recovery, origins, or critique material relevant to Hindu renaissance"
b1000:808,question:what-will-destroy,addresses,"Adversarial, colonial, missionary, or civilizational-threat material for the destruction-risk question"
b1000:808,project:hindu-response-to-enlightenment,supports_project,"Modernity, Enlightenment, humanities, or Indology critique material"
b1000:809,question:being-indian,addresses,"Explicit Indian, Hindu, tradition, or civilizational identity material"
b1000:809,question:hindu-renaissance,addresses,"Civilizational recovery, origins, or critique material relevant to Hindu renaissance"
b1000:809,question:what-will-destroy,addresses,"Adversarial, colonial, missionary, or civilizational-threat material for the destruction-risk question"
b1000:809,project:hindu-response-to-enlightenment,supports_project,"Modernity, Enlightenment, humanities, or Indology critique material"
b1000:810,question:being-indian,addresses,"Explicit Indian, Hindu, tradition, or civilizational identity material"
b1000:810,question:hindu-renaissance,addresses,"Civilizational recovery, origins, or critique material relevant to Hindu renaissance"
b1000:810,question:what-will-destroy,addresses,"Adversarial, colonial, missionary, or civilizational-threat material for the destruction-risk question"
b1000:810,project:hindu-response-to-enlightenment,supports_project,"Modernity, Enlightenment, humanities, or Indology critique material"
b1000:811,question:being-indian,addresses,"Explicit Indian, Hindu, tradition, or civilizational identity material"
b1000:811,question:hindu-renaissance,addresses,"Civilizational recovery, origins, or critique material relevant to Hindu renaissance"
b1000:811,question:what-will-destroy,addresses,"Adversarial, colonial, missionary, or civilizational-threat material for the destruction-risk question"
b1000:811,project:hindu-response-to-enlightenment,supports_project,"Modernity, Enlightenment, humanities, or Indology critique material"
b1000:812,question:hindu-renaissance,addresses,"Civilizational recovery, origins, or critique material relevant to Hindu renaissance"
b1000:812,question:what-will-destroy,addresses,"Adversarial, colonial, missionary, or civilizational-threat material for the destruction-risk question"
b1000:812,project:hindu-response-to-enlightenment,supports_project,"Modernity, Enlightenment, humanities, or Indology critique material"
b1000:812,project:hindu-school-of-history,supports_project,"Historical, Itihasa, Vedic, origins, or archaeology material for Hindu historiography"
b1000:813,question:hindu-renaissance,addresses,"Civilizational recovery, origins, or critique material relevant to Hindu renaissance"
b1000:813,question:what-will-destroy,addresses,"Adversarial, colonial, missionary, or civilizational-threat material for the destruction-risk question"
b1000:813,project:hindu-response-to-enlightenment,supports_project,"Modernity, Enlightenment, humanities, or Indology critique material"
b1000:814,question:being-indian,addresses,"Explicit Indian, Hindu, tradition, or civilizational identity material"
b1000:814,question:hindu-renaissance,addresses,"Civilizational recovery, origins, or critique material relevant to Hindu renaissance"
b1000:814,question:what-will-destroy,addresses,"Adversarial, colonial, missionary, or civilizational-threat material for the destruction-risk question"
b1000:814,project:hindu-response-to-enlightenment,supports_project,"Modernity, Enlightenment, humanities, or Indology critique material"
b1000:815,question:being-indian,addresses,"Explicit Indian, Hindu, tradition, or civilizational identity material"
b1000:815,question:hindu-renaissance,addresses,"Civilizational recovery, origins, or critique material relevant to Hindu renaissance"
b1000:815,question:what-will-destroy,addresses,"Adversarial, colonial, missionary, or civilizational-threat material for the destruction-risk question"
b1000:815,project:hindu-response-to-enlightenment,supports_project,"Modernity, Enlightenment, humanities, or Indology critique material"
b1000:816,question:hindu-renaissance,addresses,"Civilizational recovery, origins, or critique material relevant to Hindu renaissance"
b1000:816,question:what-will-destroy,addresses,"Adversarial, colonial, missionary, or civilizational-threat material for the destruction-risk question"
b1000:816,project:hindu-response-to-enlightenment,supports_project,"Modernity, Enlightenment, humanities, or Indology critique material"
b1000:817,question:being-indian,addresses,"Explicit Indian, Hindu, tradition, or civilizational identity material"
b1000:817,question:hindu-renaissance,addresses,"Civilizational recovery, origins, or critique material relevant to Hindu renaissance"
b1000:817,question:what-will-destroy,addresses,"Adversarial, colonial, missionary, or civilizational-threat material for the destruction-risk question"
b1000:817,project:hindu-response-to-enlightenment,supports_project,"Modernity, Enlightenment, humanities, or Indology critique material"
b1000:818,question:being-indian,addresses,"Explicit Indian, Hindu, tradition, or civilizational identity material"
b1000:818,question:hindu-renaissance,addresses,"Civilizational recovery, origins, or critique material relevant to Hindu renaissance"
b1000:818,question:what-will-destroy,addresses,"Adversarial, colonial, missionary, or civilizational-threat material for the destruction-risk question"
b1000:818,project:hindu-response-to-enlightenment,supports_project,"Modernity, Enlightenment, humanities, or Indology critique material"
b1000:819,question:hindu-renaissance,addresses,"Civilizational recovery, origins, or critique material relevant to Hindu renaissance"
b1000:819,question:what-will-destroy,addresses,"Adversarial, colonial, missionary, or civilizational-threat material for the destruction-risk question"
b1000:819,project:hindu-response-to-enlightenment,supports_project,"Modernity, Enlightenment, humanities, or Indology critique material"
b1000:820,question:hindu-renaissance,addresses,"Civilizational recovery, origins, or critique material relevant to Hindu renaissance"
b1000:820,question:what-will-destroy,addresses,"Adversarial, colonial, missionary, or civilizational-threat material for the destruction-risk question"
b1000:820,project:hindu-response-to-enlightenment,supports_project,"Modernity, Enlightenment, humanities, or Indology critique material"
b1000:821,question:hindu-renaissance,addresses,"Civilizational recovery, origins, or critique material relevant to Hindu renaissance"
b1000:821,question:what-will-destroy,addresses,"Adversarial, colonial, missionary, or civilizational-threat material for the destruction-risk question"
b1000:821,project:hindu-response-to-enlightenment,supports_project,"Modernity, Enlightenment, humanities, or Indology critique material"
b1000:822,question:hindu-renaissance,addresses,"Civilizational recovery, origins, or critique material relevant to Hindu renaissance"
b1000:822,question:what-will-destroy,addresses,"Adversarial, colonial, missionary, or civilizational-threat material for the destruction-risk question"
b1000:822,project:hindu-response-to-enlightenment,supports_project,"Modernity, Enlightenment, humanities, or Indology critique material"
b1000:823,question:hindu-renaissance,addresses,"Civilizational recovery, origins, or critique material relevant to Hindu renaissance"
b1000:823,question:what-will-destroy,addresses,"Adversarial, colonial, missionary, or civilizational-threat material for the destruction-risk question"
b1000:823,project:hindu-response-to-enlightenment,supports_project,"Modernity, Enlightenment, humanities, or Indology critique material"
b1000:824,question:hindu-renaissance,addresses,"Civilizational recovery, origins, or critique material relevant to Hindu renaissance"
b1000:824,question:what-will-destroy,addresses,"Adversarial, colonial, missionary, or civilizational-threat material for the destruction-risk question"
b1000:824,question:new-indian-republic,addresses,"Dharmashastra, polity, law, or statecraft material for the republic question"
b1000:824,project:hindu-response-to-enlightenment,supports_project,"Modernity, Enlightenment, humanities, or Indology critique material"
b1000:825,question:core-of-sanatana-dharma,addresses,"Classical Dharma, Veda, Yoga, Vedanta, or Darshana source for the core Sanatana Dharma question"
b1000:825,question:hindu-renaissance,addresses,"Civilizational recovery, origins, or critique material relevant to Hindu renaissance"
b1000:825,question:what-will-destroy,addresses,"Adversarial, colonial, missionary, or civilizational-threat material for the destruction-risk question"
b1000:825,project:artist-in-art,supports_project,"Art, aesthetics, performance, or symbolic-form source for the Artist in Art project"
b1000:825,project:hindu-response-to-enlightenment,supports_project,"Modernity, Enlightenment, humanities, or Indology critique material"
b1000:826,question:hindu-renaissance,addresses,"Civilizational recovery, origins, or critique material relevant to Hindu renaissance"
b1000:826,question:what-will-destroy,addresses,"Adversarial, colonial, missionary, or civilizational-threat material for the destruction-risk question"
b1000:826,project:hindu-response-to-enlightenment,supports_project,"Modernity, Enlightenment, humanities, or Indology critique material"
b1000:827,question:being-indian,addresses,"Explicit Indian, Hindu, tradition, or civilizational identity material"
b1000:827,question:hindu-renaissance,addresses,"Civilizational recovery, origins, or critique material relevant to Hindu renaissance"
b1000:827,question:what-will-destroy,addresses,"Adversarial, colonial, missionary, or civilizational-threat material for the destruction-risk question"
b1000:827,project:hindu-response-to-enlightenment,supports_project,"Modernity, Enlightenment, humanities, or Indology critique material"
b1000:828,question:practice-but-not-proven,addresses,"Knowledge-system, Sanskrit, science, or practice text relevant to what Hindus know through tradition and use"
b1000:828,question:hindu-renaissance,addresses,"Civilizational recovery, origins, or critique material relevant to Hindu renaissance"
b1000:828,question:what-will-destroy,addresses,"Adversarial, colonial, missionary, or civilizational-threat material for the destruction-risk question"
b1000:828,project:hindu-frameworks-of-education,supports_project,"Knowledge-system, Sanskrit, science, or education source for Hindu frameworks of education"
b1000:828,project:hindu-response-to-enlightenment,supports_project,"Modernity, Enlightenment, humanities, or Indology critique material"
b1000:829,question:hindu-renaissance,addresses,"Civilizational recovery, origins, or critique material relevant to Hindu renaissance"
b1000:829,question:what-will-destroy,addresses,"Adversarial, colonial, missionary, or civilizational-threat material for the destruction-risk question"
b1000:829,project:hindu-response-to-enlightenment,supports_project,"Modernity, Enlightenment, humanities, or Indology critique material"
b1000:830,question:practice-but-not-proven,addresses,"Knowledge-system, Sanskrit, science, or practice text relevant to what Hindus know through tradition and use"
b1000:830,question:hindu-renaissance,addresses,"Civilizational recovery, origins, or critique material relevant to Hindu renaissance"
b1000:830,question:what-will-destroy,addresses,"Adversarial, colonial, missionary, or civilizational-threat material for the destruction-risk question"
b1000:830,project:hindu-frameworks-of-education,supports_project,"Knowledge-system, Sanskrit, science, or education source for Hindu frameworks of education"
b1000:830,project:hindu-response-to-enlightenment,supports_project,"Modernity, Enlightenment, humanities, or Indology critique material"
b1000:831,question:practice-but-not-proven,addresses,"Knowledge-system, Sanskrit, science, or practice text relevant to what Hindus know through tradition and use"
b1000:831,project:hindu-frameworks-of-education,supports_project,"Knowledge-system, Sanskrit, science, or education source for Hindu frameworks of education"
b1000:831,project:hindu-response-to-enlightenment,supports_project,"Modernity, Enlightenment, humanities, or Indology critique material"
b1000:832,question:being-indian,addresses,"Explicit Indian, Hindu, tradition, or civilizational identity material"
b1000:832,question:will-save-sanatana-dharma,addresses,"Dharma, tradition, education, or recovery material for what saves Sanatana Dharma"
b1000:832,project:hindu-response-to-enlightenment,supports_project,"Modernity, Enlightenment, humanities, or Indology critique material"
b1000:833,question:being-indian,addresses,"Explicit Indian, Hindu, tradition, or civilizational identity material"
b1000:833,project:hindu-response-to-enlightenment,supports_project,"Modernity, Enlightenment, humanities, or Indology critique material"
b1000:833,project:hindu-school-of-history,supports_project,"Historical, Itihasa, Vedic, origins, or archaeology material for Hindu historiography"
b1000:834,question:being-indian,addresses,"Explicit Indian, Hindu, tradition, or civilizational identity material"
b1000:834,project:hindu-response-to-enlightenment,supports_project,"Modernity, Enlightenment, humanities, or Indology critique material"
b1000:835,project:hindu-response-to-enlightenment,supports_project,"Modernity, Enlightenment, humanities, or Indology critique material"
b1000:836,project:hindu-response-to-enlightenment,supports_project,"Modernity, Enlightenment, humanities, or Indology critique material"
b1000:837,question:being-indian,addresses,"Explicit Indian, Hindu, tradition, or civilizational identity material"
b1000:837,question:will-save-sanatana-dharma,addresses,"Dharma, tradition, education, or recovery material for what saves Sanatana Dharma"
b1000:837,project:hindu-response-to-enlightenment,supports_project,"Modernity, Enlightenment, humanities, or Indology critique material"
b1000:838,project:hindu-response-to-enlightenment,supports_project,"Modernity, Enlightenment, humanities, or Indology critique material"
b1000:839,project:hindu-response-to-enlightenment,supports_project,"Modernity, Enlightenment, humanities, or Indology critique material"
b1000:840,question:being-indian,addresses,"Explicit Indian, Hindu, tradition, or civilizational identity material"
b1000:840,question:hindu-institution-generate,addresses,"Institutional, polity, temple, education, or social-organization material"
b1000:840,question:will-save-sanatana-dharma,addresses,"Dharma, tradition, education, or recovery material for what saves Sanatana Dharma"
b1000:840,project:hindu-response-to-enlightenment,supports_project,"Modernity, Enlightenment, humanities, or Indology critique material"
b1000:840,project:structure-of-hindu-charity,supports_project,"Dharma, polity, civil society, institution, or charity material"
b1000:841,question:being-indian,addresses,"Explicit Indian, Hindu, tradition, or civilizational identity material"
b1000:841,project:hindu-response-to-enlightenment,supports_project,"Modernity, Enlightenment, humanities, or Indology critique material"
b1000:842,question:core-of-sanatana-dharma,addresses,"Classical Dharma, Veda, Yoga, Vedanta, or Darshana source for the core Sanatana Dharma question"
b1000:842,project:hindu-response-to-enlightenment,supports_project,"Modernity, Enlightenment, humanities, or Indology critique material"
b1000:843,project:hindu-response-to-enlightenment,supports_project,"Modernity, Enlightenment, humanities, or Indology critique material"
b1000:845,project:hindu-response-to-enlightenment,supports_project,"Modernity, Enlightenment, humanities, or Indology critique material"
b1000:846,question:core-of-sanatana-dharma,addresses,"Classical Dharma, Veda, Yoga, Vedanta, or Darshana source for the core Sanatana Dharma question"
b1000:846,question:being-indian,addresses,"Explicit Indian, Hindu, tradition, or civilizational identity material"
b1000:846,question:will-save-sanatana-dharma,addresses,"Dharma, tradition, education, or recovery material for what saves Sanatana Dharma"
b1000:846,project:hindu-response-to-enlightenment,supports_project,"Modernity, Enlightenment, humanities, or Indology critique material"
b1000:846,project:structure-of-hindu-charity,supports_project,"Dharma, polity, civil society, institution, or charity material"
b1000:847,question:being-indian,addresses,"Explicit Indian, Hindu, tradition, or civilizational identity material"
b1000:847,project:hindu-response-to-enlightenment,supports_project,"Modernity, Enlightenment, humanities, or Indology critique material"
b1000:848,question:being-indian,addresses,"Explicit Indian, Hindu, tradition, or civilizational identity material"
b1000:848,question:will-save-sanatana-dharma,addresses,"Dharma, tradition, education, or recovery material for what saves Sanatana Dharma"
b1000:848,project:hindu-response-to-enlightenment,supports_project,"Modernity, Enlightenment, humanities, or Indology critique material"
b1000:849,question:new-indian-republic,addresses,"Dharmashastra, polity, law, or statecraft material for the republic question"
b1000:849,project:hindu-response-to-enlightenment,supports_project,"Modernity, Enlightenment, humanities, or Indology critique material"
b1000:849,project:hindu-school-of-history,supports_project,"Historical, Itihasa, Vedic, origins, or archaeology material for Hindu historiography"
b1000:850,question:being-indian,addresses,"Explicit Indian, Hindu, tradition, or civilizational identity material"
b1000:850,question:hindu-renaissance,addresses,"Civilizational recovery, origins, or critique material relevant to Hindu renaissance"
b1000:850,project:hindu-response-to-enlightenment,supports_project,"Modernity, Enlightenment, humanities, or Indology critique material"
b1000:850,project:hindu-school-of-history,supports_project,"Historical, Itihasa, Vedic, origins, or archaeology material for Hindu historiography"
b1000:851,question:being-indian,addresses,"Explicit Indian, Hindu, tradition, or civilizational identity material"
b1000:851,question:will-save-sanatana-dharma,addresses,"Dharma, tradition, education, or recovery material for what saves Sanatana Dharma"
b1000:851,project:artist-in-art,supports_project,"Art, aesthetics, performance, or symbolic-form source for the Artist in Art project"
b1000:852,question:being-indian,addresses,"Explicit Indian, Hindu, tradition, or civilizational identity material"
b1000:852,question:hindu-institution-generate,addresses,"Institutional, polity, temple, education, or social-organization material"
b1000:852,question:will-save-sanatana-dharma,addresses,"Dharma, tradition, education, or recovery material for what saves Sanatana Dharma"
b1000:852,project:artist-in-art,supports_project,"Art, aesthetics, performance, or symbolic-form source for the Artist in Art project"
b1000:852,project:hindu-models-of-temple-management,supports_project,"Temple, tirtha, sacred-geography, or kshetra material for temple-management models"
b1000:853,project:artist-in-art,supports_project,"Art, aesthetics, performance, or symbolic-form source for the Artist in Art project"
b1000:854,question:hindu-unity-and-diversity,addresses,"Itihasa, Purana, sectarian, festival, or living-tradition material for unity-in-diversity"
b1000:854,project:artist-in-art,supports_project,"Art, aesthetics, performance, or symbolic-form source for the Artist in Art project"
b1000:855,question:hindu-unity-and-diversity,addresses,"Itihasa, Purana, sectarian, festival, or living-tradition material for unity-in-diversity"
b1000:855,project:artist-in-art,supports_project,"Art, aesthetics, performance, or symbolic-form source for the Artist in Art project"
b1000:856,question:being-indian,addresses,"Explicit Indian, Hindu, tradition, or civilizational identity material"
b1000:856,project:artist-in-art,supports_project,"Art, aesthetics, performance, or symbolic-form source for the Artist in Art project"
b1000:857,question:being-indian,addresses,"Explicit Indian, Hindu, tradition, or civilizational identity material"
b1000:857,project:artist-in-art,supports_project,"Art, aesthetics, performance, or symbolic-form source for the Artist in Art project"
b1000:858,question:being-indian,addresses,"Explicit Indian, Hindu, tradition, or civilizational identity material"
b1000:858,project:artist-in-art,supports_project,"Art, aesthetics, performance, or symbolic-form source for the Artist in Art project"
b1000:859,question:being-indian,addresses,"Explicit Indian, Hindu, tradition, or civilizational identity material"
b1000:859,project:artist-in-art,supports_project,"Art, aesthetics, performance, or symbolic-form source for the Artist in Art project"
b1000:860,question:being-indian,addresses,"Explicit Indian, Hindu, tradition, or civilizational identity material"
b1000:860,project:artist-in-art,supports_project,"Art, aesthetics, performance, or symbolic-form source for the Artist in Art project"
b1000:861,project:artist-in-art,supports_project,"Art, aesthetics, performance, or symbolic-form source for the Artist in Art project"
b1000:862,question:being-indian,addresses,"Explicit Indian, Hindu, tradition, or civilizational identity material"
b1000:862,project:artist-in-art,supports_project,"Art, aesthetics, performance, or symbolic-form source for the Artist in Art project"
b1000:863,question:being-indian,addresses,"Explicit Indian, Hindu, tradition, or civilizational identity material"
b1000:863,project:artist-in-art,supports_project,"Art, aesthetics, performance, or symbolic-form source for the Artist in Art project"
b1000:864,question:being-indian,addresses,"Explicit Indian, Hindu, tradition, or civilizational identity material"
b1000:864,project:artist-in-art,supports_project,"Art, aesthetics, performance, or symbolic-form source for the Artist in Art project"
b1000:865,project:artist-in-art,supports_project,"Art, aesthetics, performance, or symbolic-form source for the Artist in Art project"
b1000:866,project:artist-in-art,supports_project,"Art, aesthetics, performance, or symbolic-form source for the Artist in Art project"
b1000:867,question:being-indian,addresses,"Explicit Indian, Hindu, tradition, or civilizational identity material"
b1000:867,question:hindu-institution-generate,addresses,"Institutional, polity, temple, education, or social-organization material"
b1000:867,project:artist-in-art,supports_project,"Art, aesthetics, performance, or symbolic-form source for the Artist in Art project"
b1000:867,project:hindu-models-of-temple-management,supports_project,"Temple, tirtha, sacred-geography, or kshetra material for temple-management models"
b1000:868,question:being-indian,addresses,"Explicit Indian, Hindu, tradition, or civilizational identity material"
b1000:868,project:artist-in-art,supports_project,"Art, aesthetics, performance, or symbolic-form source for the Artist in Art project"
b1000:869,question:being-indian,addresses,"Explicit Indian, Hindu, tradition, or civilizational identity material"
b1000:869,question:hindu-institution-generate,addresses,"Institutional, polity, temple, education, or social-organization material"
b1000:869,question:will-save-sanatana-dharma,addresses,"Dharma, tradition, education, or recovery material for what saves Sanatana Dharma"
b1000:869,project:artist-in-art,supports_project,"Art, aesthetics, performance, or symbolic-form source for the Artist in Art project"
b1000:869,project:hindu-models-of-temple-management,supports_project,"Temple, tirtha, sacred-geography, or kshetra material for temple-management models"
b1000:870,question:being-indian,addresses,"Explicit Indian, Hindu, tradition, or civilizational identity material"
b1000:870,question:will-save-sanatana-dharma,addresses,"Dharma, tradition, education, or recovery material for what saves Sanatana Dharma"
b1000:870,project:artist-in-art,supports_project,"Art, aesthetics, performance, or symbolic-form source for the Artist in Art project"
b1000:871,project:artist-in-art,supports_project,"Art, aesthetics, performance, or symbolic-form source for the Artist in Art project"
b1000:872,project:artist-in-art,supports_project,"Art, aesthetics, performance, or symbolic-form source for the Artist in Art project"
b1000:873,project:artist-in-art,supports_project,"Art, aesthetics, performance, or symbolic-form source for the Artist in Art project"
b1000:874,question:being-indian,addresses,"Explicit Indian, Hindu, tradition, or civilizational identity material"
b1000:874,project:artist-in-art,supports_project,"Art, aesthetics, performance, or symbolic-form source for the Artist in Art project"
b1000:875,question:being-indian,addresses,"Explicit Indian, Hindu, tradition, or civilizational identity material"
b1000:875,project:artist-in-art,supports_project,"Art, aesthetics, performance, or symbolic-form source for the Artist in Art project"
b1000:876,question:being-indian,addresses,"Explicit Indian, Hindu, tradition, or civilizational identity material"
b1000:876,project:artist-in-art,supports_project,"Art, aesthetics, performance, or symbolic-form source for the Artist in Art project"
b1000:877,question:being-indian,addresses,"Explicit Indian, Hindu, tradition, or civilizational identity material"
b1000:877,question:will-save-sanatana-dharma,addresses,"Dharma, tradition, education, or recovery material for what saves Sanatana Dharma"
b1000:877,project:artist-in-art,supports_project,"Art, aesthetics, performance, or symbolic-form source for the Artist in Art project"
b1000:878,project:artist-in-art,supports_project,"Art, aesthetics, performance, or symbolic-form source for the Artist in Art project"
b1000:879,question:being-indian,addresses,"Explicit Indian, Hindu, tradition, or civilizational identity material"
b1000:879,project:artist-in-art,supports_project,"Art, aesthetics, performance, or symbolic-form source for the Artist in Art project"
b1000:880,question:being-indian,addresses,"Explicit Indian, Hindu, tradition, or civilizational identity material"
b1000:880,question:will-save-sanatana-dharma,addresses,"Dharma, tradition, education, or recovery material for what saves Sanatana Dharma"
b1000:880,project:artist-in-art,supports_project,"Art, aesthetics, performance, or symbolic-form source for the Artist in Art project"
b1000:881,question:being-indian,addresses,"Explicit Indian, Hindu, tradition, or civilizational identity material"
b1000:881,question:will-save-sanatana-dharma,addresses,"Dharma, tradition, education, or recovery material for what saves Sanatana Dharma"
b1000:881,project:artist-in-art,supports_project,"Art, aesthetics, performance, or symbolic-form source for the Artist in Art project"
b1000:882,question:being-indian,addresses,"Explicit Indian, Hindu, tradition, or civilizational identity material"
b1000:882,project:artist-in-art,supports_project,"Art, aesthetics, performance, or symbolic-form source for the Artist in Art project"
b1000:883,question:being-indian,addresses,"Explicit Indian, Hindu, tradition, or civilizational identity material"
b1000:883,project:artist-in-art,supports_project,"Art, aesthetics, performance, or symbolic-form source for the Artist in Art project"
b1000:884,question:being-indian,addresses,"Explicit Indian, Hindu, tradition, or civilizational identity material"
b1000:884,project:artist-in-art,supports_project,"Art, aesthetics, performance, or symbolic-form source for the Artist in Art project"
b1000:885,question:being-indian,addresses,"Explicit Indian, Hindu, tradition, or civilizational identity material"
b1000:885,project:artist-in-art,supports_project,"Art, aesthetics, performance, or symbolic-form source for the Artist in Art project"
b1000:886,question:being-indian,addresses,"Explicit Indian, Hindu, tradition, or civilizational identity material"
b1000:886,project:artist-in-art,supports_project,"Art, aesthetics, performance, or symbolic-form source for the Artist in Art project"
b1000:887,question:being-indian,addresses,"Explicit Indian, Hindu, tradition, or civilizational identity material"
b1000:887,project:artist-in-art,supports_project,"Art, aesthetics, performance, or symbolic-form source for the Artist in Art project"
b1000:888,project:artist-in-art,supports_project,"Art, aesthetics, performance, or symbolic-form source for the Artist in Art project"
b1000:889,project:artist-in-art,supports_project,"Art, aesthetics, performance, or symbolic-form source for the Artist in Art project"
b1000:890,project:artist-in-art,supports_project,"Art, aesthetics, performance, or symbolic-form source for the Artist in Art project"
b1000:891,project:artist-in-art,supports_project,"Art, aesthetics, performance, or symbolic-form source for the Artist in Art project"
b1000:892,question:being-indian,addresses,"Explicit Indian, Hindu, tradition, or civilizational identity material"
b1000:892,project:artist-in-art,supports_project,"Art, aesthetics, performance, or symbolic-form source for the Artist in Art project"
b1000:893,project:artist-in-art,supports_project,"Art, aesthetics, performance, or symbolic-form source for the Artist in Art project"
b1000:894,project:artist-in-art,supports_project,"Art, aesthetics, performance, or symbolic-form source for the Artist in Art project"
b1000:895,project:artist-in-art,supports_project,"Art, aesthetics, performance, or symbolic-form source for the Artist in Art project"
b1000:896,project:artist-in-art,supports_project,"Art, aesthetics, performance, or symbolic-form source for the Artist in Art project"
b1000:897,project:artist-in-art,supports_project,"Art, aesthetics, performance, or symbolic-form source for the Artist in Art project"
b1000:898,question:being-indian,addresses,"Explicit Indian, Hindu, tradition, or civilizational identity material"
b1000:898,project:artist-in-art,supports_project,"Art, aesthetics, performance, or symbolic-form source for the Artist in Art project"
b1000:899,question:being-indian,addresses,"Explicit Indian, Hindu, tradition, or civilizational identity material"
b1000:899,project:artist-in-art,supports_project,"Art, aesthetics, performance, or symbolic-form source for the Artist in Art project"
b1000:900,question:being-indian,addresses,"Explicit Indian, Hindu, tradition, or civilizational identity material"
b1000:900,project:artist-in-art,supports_project,"Art, aesthetics, performance, or symbolic-form source for the Artist in Art project"
b1000:901,question:being-indian,addresses,"Explicit Indian, Hindu, tradition, or civilizational identity material"
b1000:901,project:artist-in-art,supports_project,"Art, aesthetics, performance, or symbolic-form source for the Artist in Art project"
b1000:902,question:being-indian,addresses,"Explicit Indian, Hindu, tradition, or civilizational identity material"
b1000:902,question:hindu-unity-and-diversity,addresses,"Itihasa, Purana, sectarian, festival, or living-tradition material for unity-in-diversity"
b1000:902,question:will-save-sanatana-dharma,addresses,"Dharma, tradition, education, or recovery material for what saves Sanatana Dharma"
b1000:902,project:artist-in-art,supports_project,"Art, aesthetics, performance, or symbolic-form source for the Artist in Art project"
b1000:903,question:being-indian,addresses,"Explicit Indian, Hindu, tradition, or civilizational identity material"
b1000:903,project:artist-in-art,supports_project,"Art, aesthetics, performance, or symbolic-form source for the Artist in Art project"
b1000:904,question:being-indian,addresses,"Explicit Indian, Hindu, tradition, or civilizational identity material"
b1000:904,project:artist-in-art,supports_project,"Art, aesthetics, performance, or symbolic-form source for the Artist in Art project"
b1000:905,question:being-indian,addresses,"Explicit Indian, Hindu, tradition, or civilizational identity material"
b1000:905,project:artist-in-art,supports_project,"Art, aesthetics, performance, or symbolic-form source for the Artist in Art project"
b1000:906,question:being-indian,addresses,"Explicit Indian, Hindu, tradition, or civilizational identity material"
b1000:906,question:will-save-sanatana-dharma,addresses,"Dharma, tradition, education, or recovery material for what saves Sanatana Dharma"
b1000:906,project:artist-in-art,supports_project,"Art, aesthetics, performance, or symbolic-form source for the Artist in Art project"
b1000:907,question:being-indian,addresses,"Explicit Indian, Hindu, tradition, or civilizational identity material"
b1000:907,project:artist-in-art,supports_project,"Art, aesthetics, performance, or symbolic-form source for the Artist in Art project"
b1000:909,question:practice-but-not-proven,addresses,"Knowledge-system, Sanskrit, science, or practice text relevant to what Hindus know through tradition and use"
b1000:909,project:hindu-frameworks-of-education,supports_project,"Knowledge-system, Sanskrit, science, or education source for Hindu frameworks of education"
b1000:910,question:practice-but-not-proven,addresses,"Knowledge-system, Sanskrit, science, or practice text relevant to what Hindus know through tradition and use"
b1000:910,project:hindu-frameworks-of-education,supports_project,"Knowledge-system, Sanskrit, science, or education source for Hindu frameworks of education"
b1000:911,question:practice-but-not-proven,addresses,"Knowledge-system, Sanskrit, science, or practice text relevant to what Hindus know through tradition and use"
b1000:911,question:being-indian,addresses,"Explicit Indian, Hindu, tradition, or civilizational identity material"
b1000:911,project:hindu-frameworks-of-education,supports_project,"Knowledge-system, Sanskrit, science, or education source for Hindu frameworks of education"
b1000:912,question:practice-but-not-proven,addresses,"Knowledge-system, Sanskrit, science, or practice text relevant to what Hindus know through tradition and use"
b1000:912,question:being-indian,addresses,"Explicit Indian, Hindu, tradition, or civilizational identity material"
b1000:912,project:hindu-frameworks-of-education,supports_project,"Knowledge-system, Sanskrit, science, or education source for Hindu frameworks of education"
b1000:913,question:practice-but-not-proven,addresses,"Knowledge-system, Sanskrit, science, or practice text relevant to what Hindus know through tradition and use"
b1000:913,question:being-indian,addresses,"Explicit Indian, Hindu, tradition, or civilizational identity material"
b1000:913,project:hindu-frameworks-of-education,supports_project,"Knowledge-system, Sanskrit, science, or education source for Hindu frameworks of education"
b1000:914,question:practice-but-not-proven,addresses,"Knowledge-system, Sanskrit, science, or practice text relevant to what Hindus know through tradition and use"
b1000:914,question:being-indian,addresses,"Explicit Indian, Hindu, tradition, or civilizational identity material"
b1000:914,question:will-save-sanatana-dharma,addresses,"Dharma, tradition, education, or recovery material for what saves Sanatana Dharma"
b1000:914,project:hindu-frameworks-of-education,supports_project,"Knowledge-system, Sanskrit, science, or education source for Hindu frameworks of education"
b1000:915,question:practice-but-not-proven,addresses,"Knowledge-system, Sanskrit, science, or practice text relevant to what Hindus know through tradition and use"
b1000:915,project:hindu-frameworks-of-education,supports_project,"Knowledge-system, Sanskrit, science, or education source for Hindu frameworks of education"
b1000:916,question:practice-but-not-proven,addresses,"Knowledge-system, Sanskrit, science, or practice text relevant to what Hindus know through tradition and use"
b1000:916,project:hindu-frameworks-of-education,supports_project,"Knowledge-system, Sanskrit, science, or education source for Hindu frameworks of education"
b1000:917,question:practice-but-not-proven,addresses,"Knowledge-system, Sanskrit, science, or practice text relevant to what Hindus know through tradition and use"
b1000:917,project:hindu-frameworks-of-education,supports_project,"Knowledge-system, Sanskrit, science, or education source for Hindu frameworks of education"
b1000:918,question:practice-but-not-proven,addresses,"Knowledge-system, Sanskrit, science, or practice text relevant to what Hindus know through tradition and use"
b1000:918,project:hindu-frameworks-of-education,supports_project,"Knowledge-system, Sanskrit, science, or education source for Hindu frameworks of education"
b1000:919,question:practice-but-not-proven,addresses,"Knowledge-system, Sanskrit, science, or practice text relevant to what Hindus know through tradition and use"
b1000:919,project:hindu-frameworks-of-education,supports_project,"Knowledge-system, Sanskrit, science, or education source for Hindu frameworks of education"
b1000:920,question:practice-but-not-proven,addresses,"Knowledge-system, Sanskrit, science, or practice text relevant to what Hindus know through tradition and use"
b1000:920,project:hindu-frameworks-of-education,supports_project,"Knowledge-system, Sanskrit, science, or education source for Hindu frameworks of education"
b1000:921,question:practice-but-not-proven,addresses,"Knowledge-system, Sanskrit, science, or practice text relevant to what Hindus know through tradition and use"
b1000:921,question:being-indian,addresses,"Explicit Indian, Hindu, tradition, or civilizational identity material"
b1000:921,project:hindu-frameworks-of-education,supports_project,"Knowledge-system, Sanskrit, science, or education source for Hindu frameworks of education"
b1000:922,question:practice-but-not-proven,addresses,"Knowledge-system, Sanskrit, science, or practice text relevant to what Hindus know through tradition and use"
b1000:922,project:hindu-frameworks-of-education,supports_project,"Knowledge-system, Sanskrit, science, or education source for Hindu frameworks of education"
b1000:923,question:practice-but-not-proven,addresses,"Knowledge-system, Sanskrit, science, or practice text relevant to what Hindus know through tradition and use"
b1000:923,project:hindu-frameworks-of-education,supports_project,"Knowledge-system, Sanskrit, science, or education source for Hindu frameworks of education"
b1000:924,question:practice-but-not-proven,addresses,"Knowledge-system, Sanskrit, science, or practice text relevant to what Hindus know through tradition and use"
b1000:924,question:being-indian,addresses,"Explicit Indian, Hindu, tradition, or civilizational identity material"
b1000:924,question:hindu-unity-and-diversity,addresses,"Itihasa, Purana, sectarian, festival, or living-tradition material for unity-in-diversity"
b1000:924,project:hindu-frameworks-of-education,supports_project,"Knowledge-system, Sanskrit, science, or education source for Hindu frameworks of education"
b1000:924,project:hindu-school-of-history,supports_project,"Historical, Itihasa, Vedic, origins, or archaeology material for Hindu historiography"
b1000:925,question:practice-but-not-proven,addresses,"Knowledge-system, Sanskrit, science, or practice text relevant to what Hindus know through tradition and use"
b1000:925,project:hindu-frameworks-of-education,supports_project,"Knowledge-system, Sanskrit, science, or education source for Hindu frameworks of education"
b1000:926,question:practice-but-not-proven,addresses,"Knowledge-system, Sanskrit, science, or practice text relevant to what Hindus know through tradition and use"
b1000:926,project:hindu-frameworks-of-education,supports_project,"Knowledge-system, Sanskrit, science, or education source for Hindu frameworks of education"
b1000:927,question:practice-but-not-proven,addresses,"Knowledge-system, Sanskrit, science, or practice text relevant to what Hindus know through tradition and use"
b1000:927,project:hindu-frameworks-of-education,supports_project,"Knowledge-system, Sanskrit, science, or education source for Hindu frameworks of education"
b1000:928,question:practice-but-not-proven,addresses,"Knowledge-system, Sanskrit, science, or practice text relevant to what Hindus know through tradition and use"
b1000:928,project:hindu-frameworks-of-education,supports_project,"Knowledge-system, Sanskrit, science, or education source for Hindu frameworks of education"
b1000:929,question:practice-but-not-proven,addresses,"Knowledge-system, Sanskrit, science, or practice text relevant to what Hindus know through tradition and use"
b1000:929,project:hindu-frameworks-of-education,supports_project,"Knowledge-system, Sanskrit, science, or education source for Hindu frameworks of education"
b1000:930,question:practice-but-not-proven,addresses,"Knowledge-system, Sanskrit, science, or practice text relevant to what Hindus know through tradition and use"
b1000:930,project:hindu-frameworks-of-education,supports_project,"Knowledge-system, Sanskrit, science, or education source for Hindu frameworks of education"
b1000:931,question:practice-but-not-proven,addresses,"Knowledge-system, Sanskrit, science, or practice text relevant to what Hindus know through tradition and use"
b1000:931,question:being-indian,addresses,"Explicit Indian, Hindu, tradition, or civilizational identity material"
b1000:931,project:hindu-frameworks-of-education,supports_project,"Knowledge-system, Sanskrit, science, or education source for Hindu frameworks of education"
b1000:931,project:hindu-school-of-history,supports_project,"Historical, Itihasa, Vedic, origins, or archaeology material for Hindu historiography"
b1000:932,question:practice-but-not-proven,addresses,"Knowledge-system, Sanskrit, science, or practice text relevant to what Hindus know through tradition and use"
b1000:932,project:hindu-frameworks-of-education,supports_project,"Knowledge-system, Sanskrit, science, or education source for Hindu frameworks of education"
b1000:933,question:practice-but-not-proven,addresses,"Knowledge-system, Sanskrit, science, or practice text relevant to what Hindus know through tradition and use"
b1000:933,project:hindu-frameworks-of-education,supports_project,"Knowledge-system, Sanskrit, science, or education source for Hindu frameworks of education"
b1000:934,question:practice-but-not-proven,addresses,"Knowledge-system, Sanskrit, science, or practice text relevant to what Hindus know through tradition and use"
b1000:934,question:new-indian-republic,addresses,"Dharmashastra, polity, law, or statecraft material for the republic question"
b1000:934,project:hindu-frameworks-of-education,supports_project,"Knowledge-system, Sanskrit, science, or education source for Hindu frameworks of education"
b1000:934,project:hindu-school-of-history,supports_project,"Historical, Itihasa, Vedic, origins, or archaeology material for Hindu historiography"
b1000:935,question:practice-but-not-proven,addresses,"Knowledge-system, Sanskrit, science, or practice text relevant to what Hindus know through tradition and use"
b1000:935,project:hindu-frameworks-of-education,supports_project,"Knowledge-system, Sanskrit, science, or education source for Hindu frameworks of education"
b1000:936,question:practice-but-not-proven,addresses,"Knowledge-system, Sanskrit, science, or practice text relevant to what Hindus know through tradition and use"
b1000:936,question:being-indian,addresses,"Explicit Indian, Hindu, tradition, or civilizational identity material"
b1000:936,project:hindu-frameworks-of-education,supports_project,"Knowledge-system, Sanskrit, science, or education source for Hindu frameworks of education"
b1000:937,question:practice-but-not-proven,addresses,"Knowledge-system, Sanskrit, science, or practice text relevant to what Hindus know through tradition and use"
b1000:937,project:hindu-frameworks-of-education,supports_project,"Knowledge-system, Sanskrit, science, or education source for Hindu frameworks of education"
b1000:938,question:practice-but-not-proven,addresses,"Knowledge-system, Sanskrit, science, or practice text relevant to what Hindus know through tradition and use"
b1000:938,question:being-indian,addresses,"Explicit Indian, Hindu, tradition, or civilizational identity material"
b1000:938,project:hindu-frameworks-of-education,supports_project,"Knowledge-system, Sanskrit, science, or education source for Hindu frameworks of education"
b1000:939,question:practice-but-not-proven,addresses,"Knowledge-system, Sanskrit, science, or practice text relevant to what Hindus know through tradition and use"
b1000:939,question:being-indian,addresses,"Explicit Indian, Hindu, tradition, or civilizational identity material"
b1000:939,project:hindu-frameworks-of-education,supports_project,"Knowledge-system, Sanskrit, science, or education source for Hindu frameworks of education"
b1000:940,question:new-indian-republic,addresses,"Dharmashastra, polity, law, or statecraft material for the republic question"
b1000:940,project:artist-in-art,supports_project,"Art, aesthetics, performance, or symbolic-form source for the Artist in Art project"
b1000:940,project:structure-of-hindu-charity,supports_project,"Dharma, polity, civil society, institution, or charity material"
b1000:941,question:new-indian-republic,addresses,"Dharmashastra, polity, law, or statecraft material for the republic question"
b1000:941,project:artist-in-art,supports_project,"Art, aesthetics, performance, or symbolic-form source for the Artist in Art project"
b1000:941,project:structure-of-hindu-charity,supports_project,"Dharma, polity, civil society, institution, or charity material"
b1000:942,question:new-indian-republic,addresses,"Dharmashastra, polity, law, or statecraft material for the republic question"
b1000:942,project:artist-in-art,supports_project,"Art, aesthetics, performance, or symbolic-form source for the Artist in Art project"
b1000:942,project:structure-of-hindu-charity,supports_project,"Dharma, polity, civil society, institution, or charity material"
b1000:943,question:new-indian-republic,addresses,"Dharmashastra, polity, law, or statecraft material for the republic question"
b1000:943,project:structure-of-hindu-charity,supports_project,"Dharma, polity, civil society, institution, or charity material"
b1000:944,question:being-indian,addresses,"Explicit Indian, Hindu, tradition, or civilizational identity material"
b1000:944,question:new-indian-republic,addresses,"Dharmashastra, polity, law, or statecraft material for the republic question"
b1000:944,project:structure-of-hindu-charity,supports_project,"Dharma, polity, civil society, institution, or charity material"
b1000:945,question:being-indian,addresses,"Explicit Indian, Hindu, tradition, or civilizational identity material"
b1000:945,question:new-indian-republic,addresses,"Dharmashastra, polity, law, or statecraft material for the republic question"
b1000:945,project:structure-of-hindu-charity,supports_project,"Dharma, polity, civil society, institution, or charity material"
b1000:946,question:being-indian,addresses,"Explicit Indian, Hindu, tradition, or civilizational identity material"
b1000:946,question:new-indian-republic,addresses,"Dharmashastra, polity, law, or statecraft material for the republic question"
b1000:946,question:will-save-sanatana-dharma,addresses,"Dharma, tradition, education, or recovery material for what saves Sanatana Dharma"
b1000:946,project:structure-of-hindu-charity,supports_project,"Dharma, polity, civil society, institution, or charity material"
b1000:947,question:new-indian-republic,addresses,"Dharmashastra, polity, law, or statecraft material for the republic question"
b1000:947,project:structure-of-hindu-charity,supports_project,"Dharma, polity, civil society, institution, or charity material"
b1000:948,question:new-indian-republic,addresses,"Dharmashastra, polity, law, or statecraft material for the republic question"
b1000:948,project:structure-of-hindu-charity,supports_project,"Dharma, polity, civil society, institution, or charity material"
b1000:949,question:being-indian,addresses,"Explicit Indian, Hindu, tradition, or civilizational identity material"
b1000:949,question:new-indian-republic,addresses,"Dharmashastra, polity, law, or statecraft material for the republic question"
b1000:949,question:hindu-unity-and-diversity,addresses,"Itihasa, Purana, sectarian, festival, or living-tradition material for unity-in-diversity"
b1000:949,project:structure-of-hindu-charity,supports_project,"Dharma, polity, civil society, institution, or charity material"
b1000:950,question:being-indian,addresses,"Explicit Indian, Hindu, tradition, or civilizational identity material"
b1000:950,question:new-indian-republic,addresses,"Dharmashastra, polity, law, or statecraft material for the republic question"
b1000:950,question:will-save-sanatana-dharma,addresses,"Dharma, tradition, education, or recovery material for what saves Sanatana Dharma"
b1000:950,project:structure-of-hindu-charity,supports_project,"Dharma, polity, civil society, institution, or charity material"
b1000:951,question:being-indian,addresses,"Explicit Indian, Hindu, tradition, or civilizational identity material"
b1000:951,question:new-indian-republic,addresses,"Dharmashastra, polity, law, or statecraft material for the republic question"
b1000:951,question:modernity-and-hindu-values,addresses,"Modernity, technology, humanities, or civilizational-values material"
b1000:951,project:hindu-response-to-enlightenment,supports_project,"Modernity, Enlightenment, humanities, or Indology critique material"
b1000:951,project:structure-of-hindu-charity,supports_project,"Dharma, polity, civil society, institution, or charity material"
b1000:952,question:being-indian,addresses,"Explicit Indian, Hindu, tradition, or civilizational identity material"
b1000:952,question:new-indian-republic,addresses,"Dharmashastra, polity, law, or statecraft material for the republic question"
b1000:952,project:hindu-school-of-history,supports_project,"Historical, Itihasa, Vedic, origins, or archaeology material for Hindu historiography"
b1000:952,project:structure-of-hindu-charity,supports_project,"Dharma, polity, civil society, institution, or charity material"
b1000:953,question:being-indian,addresses,"Explicit Indian, Hindu, tradition, or civilizational identity material"
b1000:953,question:new-indian-republic,addresses,"Dharmashastra, polity, law, or statecraft material for the republic question"
b1000:953,project:structure-of-hindu-charity,supports_project,"Dharma, polity, civil society, institution, or charity material"
b1000:954,question:being-indian,addresses,"Explicit Indian, Hindu, tradition, or civilizational identity material"
b1000:954,question:new-indian-republic,addresses,"Dharmashastra, polity, law, or statecraft material for the republic question"
b1000:954,project:structure-of-hindu-charity,supports_project,"Dharma, polity, civil society, institution, or charity material"
b1000:955,question:being-indian,addresses,"Explicit Indian, Hindu, tradition, or civilizational identity material"
b1000:955,question:new-indian-republic,addresses,"Dharmashastra, polity, law, or statecraft material for the republic question"
b1000:955,project:hindu-school-of-history,supports_project,"Historical, Itihasa, Vedic, origins, or archaeology material for Hindu historiography"
b1000:955,project:structure-of-hindu-charity,supports_project,"Dharma, polity, civil society, institution, or charity material"
b1000:956,question:practice-but-not-proven,addresses,"Knowledge-system, Sanskrit, science, or practice text relevant to what Hindus know through tradition and use"
b1000:956,project:hindu-frameworks-of-education,supports_project,"Knowledge-system, Sanskrit, science, or education source for Hindu frameworks of education"
b1000:957,question:practice-but-not-proven,addresses,"Knowledge-system, Sanskrit, science, or practice text relevant to what Hindus know through tradition and use"
b1000:957,project:hindu-frameworks-of-education,supports_project,"Knowledge-system, Sanskrit, science, or education source for Hindu frameworks of education"
b1000:959,question:practice-but-not-proven,addresses,"Knowledge-system, Sanskrit, science, or practice text relevant to what Hindus know through tradition and use"
b1000:959,project:hindu-frameworks-of-education,supports_project,"Knowledge-system, Sanskrit, science, or education source for Hindu frameworks of education"
b1000:960,question:practice-but-not-proven,addresses,"Knowledge-system, Sanskrit, science, or practice text relevant to what Hindus know through tradition and use"
b1000:960,project:hindu-frameworks-of-education,supports_project,"Knowledge-system, Sanskrit, science, or education source for Hindu frameworks of education"
b1000:961,question:practice-but-not-proven,addresses,"Knowledge-system, Sanskrit, science, or practice text relevant to what Hindus know through tradition and use"
b1000:961,project:hindu-frameworks-of-education,supports_project,"Knowledge-system, Sanskrit, science, or education source for Hindu frameworks of education"
b1000:962,question:practice-but-not-proven,addresses,"Knowledge-system, Sanskrit, science, or practice text relevant to what Hindus know through tradition and use"
b1000:962,project:hindu-frameworks-of-education,supports_project,"Knowledge-system, Sanskrit, science, or education source for Hindu frameworks of education"
b1000:963,question:practice-but-not-proven,addresses,"Knowledge-system, Sanskrit, science, or practice text relevant to what Hindus know through tradition and use"
b1000:963,project:hindu-frameworks-of-education,supports_project,"Knowledge-system, Sanskrit, science, or education source for Hindu frameworks of education"
b1000:964,question:practice-but-not-proven,addresses,"Knowledge-system, Sanskrit, science, or practice text relevant to what Hindus know through tradition and use"
b1000:964,project:hindu-frameworks-of-education,supports_project,"Knowledge-system, Sanskrit, science, or education source for Hindu frameworks of education"
b1000:965,question:practice-but-not-proven,addresses,"Knowledge-system, Sanskrit, science, or practice text relevant to what Hindus know through tradition and use"
b1000:965,project:hindu-frameworks-of-education,supports_project,"Knowledge-system, Sanskrit, science, or education source for Hindu frameworks of education"
b1000:966,question:being-indian,addresses,"Explicit Indian, Hindu, tradition, or civilizational identity material"
b1000:966,question:modernity-and-hindu-values,addresses,"Modernity, technology, humanities, or civilizational-values material"
b1000:966,question:will-save-sanatana-dharma,addresses,"Dharma, tradition, education, or recovery material for what saves Sanatana Dharma"
b1000:966,project:hindu-response-to-enlightenment,supports_project,"Modernity, Enlightenment, humanities, or Indology critique material"
b1000:966,project:hindu-school-of-history,supports_project,"Historical, Itihasa, Vedic, origins, or archaeology material for Hindu historiography"
b1000:967,question:being-indian,addresses,"Explicit Indian, Hindu, tradition, or civilizational identity material"
b1000:967,question:will-save-sanatana-dharma,addresses,"Dharma, tradition, education, or recovery material for what saves Sanatana Dharma"
b1000:968,question:being-indian,addresses,"Explicit Indian, Hindu, tradition, or civilizational identity material"
b1000:968,question:will-save-sanatana-dharma,addresses,"Dharma, tradition, education, or recovery material for what saves Sanatana Dharma"
b1000:969,question:being-indian,addresses,"Explicit Indian, Hindu, tradition, or civilizational identity material"
b1000:969,question:modernity-and-hindu-values,addresses,"Modernity, technology, humanities, or civilizational-values material"
b1000:969,question:will-save-sanatana-dharma,addresses,"Dharma, tradition, education, or recovery material for what saves Sanatana Dharma"
b1000:969,project:hindu-response-to-enlightenment,supports_project,"Modernity, Enlightenment, humanities, or Indology critique material"
b1000:970,question:being-indian,addresses,"Explicit Indian, Hindu, tradition, or civilizational identity material"
b1000:970,question:will-save-sanatana-dharma,addresses,"Dharma, tradition, education, or recovery material for what saves Sanatana Dharma"
b1000:971,question:being-indian,addresses,"Explicit Indian, Hindu, tradition, or civilizational identity material"
b1000:971,question:will-save-sanatana-dharma,addresses,"Dharma, tradition, education, or recovery material for what saves Sanatana Dharma"
b1000:972,question:being-indian,addresses,"Explicit Indian, Hindu, tradition, or civilizational identity material"
b1000:972,question:will-save-sanatana-dharma,addresses,"Dharma, tradition, education, or recovery material for what saves Sanatana Dharma"
b1000:973,question:being-indian,addresses,"Explicit Indian, Hindu, tradition, or civilizational identity material"
b1000:973,question:will-save-sanatana-dharma,addresses,"Dharma, tradition, education, or recovery material for what saves Sanatana Dharma"
b1000:974,question:being-indian,addresses,"Explicit Indian, Hindu, tradition, or civilizational identity material"
b1000:974,question:will-save-sanatana-dharma,addresses,"Dharma, tradition, education, or recovery material for what saves Sanatana Dharma"
b1000:975,question:being-indian,addresses,"Explicit Indian, Hindu, tradition, or civilizational identity material"
b1000:975,question:will-save-sanatana-dharma,addresses,"Dharma, tradition, education, or recovery material for what saves Sanatana Dharma"
b1000:976,question:being-indian,addresses,"Explicit Indian, Hindu, tradition, or civilizational identity material"
b1000:976,question:will-save-sanatana-dharma,addresses,"Dharma, tradition, education, or recovery material for what saves Sanatana Dharma"
b1000:977,question:being-indian,addresses,"Explicit Indian, Hindu, tradition, or civilizational identity material"
b1000:977,question:will-save-sanatana-dharma,addresses,"Dharma, tradition, education, or recovery material for what saves Sanatana Dharma"
b1000:978,question:being-indian,addresses,"Explicit Indian, Hindu, tradition, or civilizational identity material"
b1000:978,question:modernity-and-hindu-values,addresses,"Modernity, technology, humanities, or civilizational-values material"
b1000:978,question:will-save-sanatana-dharma,addresses,"Dharma, tradition, education, or recovery material for what saves Sanatana Dharma"
b1000:978,project:hindu-response-to-enlightenment,supports_project,"Modernity, Enlightenment, humanities, or Indology critique material"
b1000:979,question:being-indian,addresses,"Explicit Indian, Hindu, tradition, or civilizational identity material"
b1000:979,question:will-save-sanatana-dharma,addresses,"Dharma, tradition, education, or recovery material for what saves Sanatana Dharma"
b1000:980,question:being-indian,addresses,"Explicit Indian, Hindu, tradition, or civilizational identity material"
b1000:980,question:will-save-sanatana-dharma,addresses,"Dharma, tradition, education, or recovery material for what saves Sanatana Dharma"
b1000:980,project:hindu-school-of-history,supports_project,"Historical, Itihasa, Vedic, origins, or archaeology material for Hindu historiography"
b1000:981,question:being-indian,addresses,"Explicit Indian, Hindu, tradition, or civilizational identity material"
b1000:981,question:hindu-unity-and-diversity,addresses,"Itihasa, Purana, sectarian, festival, or living-tradition material for unity-in-diversity"
b1000:981,question:will-save-sanatana-dharma,addresses,"Dharma, tradition, education, or recovery material for what saves Sanatana Dharma"
b1000:981,project:hindu-school-of-history,supports_project,"Historical, Itihasa, Vedic, origins, or archaeology material for Hindu historiography"
b1000:982,question:being-indian,addresses,"Explicit Indian, Hindu, tradition, or civilizational identity material"
b1000:982,question:hindu-unity-and-diversity,addresses,"Itihasa, Purana, sectarian, festival, or living-tradition material for unity-in-diversity"
b1000:982,question:will-save-sanatana-dharma,addresses,"Dharma, tradition, education, or recovery material for what saves Sanatana Dharma"
b1000:982,project:hindu-school-of-history,supports_project,"Historical, Itihasa, Vedic, origins, or archaeology material for Hindu historiography"
b1000:983,question:being-indian,addresses,"Explicit Indian, Hindu, tradition, or civilizational identity material"
b1000:983,question:will-save-sanatana-dharma,addresses,"Dharma, tradition, education, or recovery material for what saves Sanatana Dharma"
b1000:983,project:hindu-school-of-history,supports_project,"Historical, Itihasa, Vedic, origins, or archaeology material for Hindu historiography"
b1000:984,question:being-indian,addresses,"Explicit Indian, Hindu, tradition, or civilizational identity material"
b1000:984,question:will-save-sanatana-dharma,addresses,"Dharma, tradition, education, or recovery material for what saves Sanatana Dharma"
b1000:984,project:hindu-school-of-history,supports_project,"Historical, Itihasa, Vedic, origins, or archaeology material for Hindu historiography"
b1000:985,question:being-indian,addresses,"Explicit Indian, Hindu, tradition, or civilizational identity material"
b1000:985,question:hindu-unity-and-diversity,addresses,"Itihasa, Purana, sectarian, festival, or living-tradition material for unity-in-diversity"
b1000:985,question:will-save-sanatana-dharma,addresses,"Dharma, tradition, education, or recovery material for what saves Sanatana Dharma"
b1000:985,project:hindu-school-of-history,supports_project,"Historical, Itihasa, Vedic, origins, or archaeology material for Hindu historiography"
b1000:986,question:being-indian,addresses,"Explicit Indian, Hindu, tradition, or civilizational identity material"
b1000:986,project:hindu-school-of-history,supports_project,"Historical, Itihasa, Vedic, origins, or archaeology material for Hindu historiography"
b1000:987,project:hindu-school-of-history,supports_project,"Historical, Itihasa, Vedic, origins, or archaeology material for Hindu historiography"
b1000:988,question:core-of-sanatana-dharma,addresses,"Classical Dharma, Veda, Yoga, Vedanta, or Darshana source for the core Sanatana Dharma question"
b1000:988,project:hindu-school-of-history,supports_project,"Historical, Itihasa, Vedic, origins, or archaeology material for Hindu historiography"
b1000:989,project:hindu-school-of-history,supports_project,"Historical, Itihasa, Vedic, origins, or archaeology material for Hindu historiography"
b1000:990,question:being-indian,addresses,"Explicit Indian, Hindu, tradition, or civilizational identity material"
b1000:990,project:hindu-school-of-history,supports_project,"Historical, Itihasa, Vedic, origins, or archaeology material for Hindu historiography"
b1000:991,question:being-indian,addresses,"Explicit Indian, Hindu, tradition, or civilizational identity material"
b1000:991,project:hindu-school-of-history,supports_project,"Historical, Itihasa, Vedic, origins, or archaeology material for Hindu historiography"
b1000:992,question:being-indian,addresses,"Explicit Indian, Hindu, tradition, or civilizational identity material"
b1000:992,question:will-save-sanatana-dharma,addresses,"Dharma, tradition, education, or recovery material for what saves Sanatana Dharma"
b1000:992,project:hindu-school-of-history,supports_project,"Historical, Itihasa, Vedic, origins, or archaeology material for Hindu historiography"
b1000:993,question:being-indian,addresses,"Explicit Indian, Hindu, tradition, or civilizational identity material"
b1000:993,question:will-save-sanatana-dharma,addresses,"Dharma, tradition, education, or recovery material for what saves Sanatana Dharma"
b1000:993,project:hindu-school-of-history,supports_project,"Historical, Itihasa, Vedic, origins, or archaeology material for Hindu historiography"
b1000:994,question:being-indian,addresses,"Explicit Indian, Hindu, tradition, or civilizational identity material"
b1000:994,question:will-save-sanatana-dharma,addresses,"Dharma, tradition, education, or recovery material for what saves Sanatana Dharma"
b1000:994,project:hindu-school-of-history,supports_project,"Historical, Itihasa, Vedic, origins, or archaeology material for Hindu historiography"
b1000:995,question:being-indian,addresses,"Explicit Indian, Hindu, tradition, or civilizational identity material"
b1000:995,question:will-save-sanatana-dharma,addresses,"Dharma, tradition, education, or recovery material for what saves Sanatana Dharma"
b1000:995,project:hindu-school-of-history,supports_project,"Historical, Itihasa, Vedic, origins, or archaeology material for Hindu historiography"
b1000:996,question:being-indian,addresses,"Explicit Indian, Hindu, tradition, or civilizational identity material"
b1000:996,question:will-save-sanatana-dharma,addresses,"Dharma, tradition, education, or recovery material for what saves Sanatana Dharma"
b1000:996,project:hindu-school-of-history,supports_project,"Historical, Itihasa, Vedic, origins, or archaeology material for Hindu historiography"
b1000:997,project:hindu-school-of-history,supports_project,"Historical, Itihasa, Vedic, origins, or archaeology material for Hindu historiography"
b1000:998,project:hindu-school-of-history,supports_project,"Historical, Itihasa, Vedic, origins, or archaeology material for Hindu historiography"
b1000:999,question:being-indian,addresses,"Explicit Indian, Hindu, tradition, or civilizational identity material"
b1000:999,question:will-save-sanatana-dharma,addresses,"Dharma, tradition, education, or recovery material for what saves Sanatana Dharma"
b1000:999,project:hindu-school-of-history,supports_project,"Historical, Itihasa, Vedic, origins, or archaeology material for Hindu historiography"
b1000:1000,question:being-indian,addresses,"Explicit Indian, Hindu, tradition, or civilizational identity material"
b1000:1000,project:hindu-school-of-history,supports_project,"Historical, Itihasa, Vedic, origins, or archaeology material for Hindu historiography"
thinker:arthur-koestler,school:conscilience-school,member_of,The Ghost in the Machine and Janus -- Koestler diagnoses the mechanistic split in Western thought and argues for a holarchic view of living systems
thinker:bernd-heinrich,school:conscilience-school,member_of,Mind of the Raven and Winter World -- sustained naturalist observation revealing purposiveness and intelligence in non-human life
thinker:james-lovelock,school:conscilience-school,member_of,"Gaia -- the Earth as a self-regulating living system, bridging biology and planetary science in ways that echo dharmic cosmology"
thinker:loren-eiseley,school:conscilience-school,member_of,"The Immense Journey -- evolutionary naturalism that turns toward awe, meaning, and the limits of scientific rationalism"
thinker:robert-ardrey,school:conscilience-school,member_of,"African Genesis and The Territorial Imperative -- evolutionary anthropology tracing the biological roots of culture, territory, and identity"
thinker:terence-mckenna,school:conscilience-school,member_of,Food of the Gods and The Archaic Revival -- plant intelligence and altered consciousness as a scientific and cultural frontier
thinker:wade-davis,school:conscilience-school,member_of,The Wayfinders -- ethnobotanical fieldwork making the case for the cognitive and spiritual depth of indigenous knowledge systems
thinker:vs-naipaul,school:narrative-non-fiction-school,member_of,"Among the Believers, Beyond Belief, A Wounded Civilization -- sustained civilizational diagnosis through narrative witness"
thinker:alexander-solzhenitsyn,school:narrative-non-fiction-school,member_of,The Gulag Archipelago -- narrative witness to ideological terror; the Harvard Address as civilizational critique of Western rationalism
school:conscilience-school,question:practice-but-not-proven,investigates,"Western ecology, evolutionary biology, and consciousness science converging with dharmic insight into mind, cosmos, and living systems"
school:cultural-traditionalists-school,question:modernity-and-hindu-values,investigates,"Illich, Dalrymple, and Koestler critique the mechanistic and technocratic assumptions of modernity from within Western tradition"
school:cultural-traditionalists-school,question:will-save-sanatana-dharma,investigates,Cultural traditionalism as a counterweight to progressive dismantling of living traditions -- relevant cross-civilizationally
school:political-traditionalists-school,question:modernity-and-hindu-values,investigates,"Taleb and allied thinkers: political critique of Enlightenment rationalism, fragility of modern institutions, and the wisdom of tradition"
school:political-traditionalists-school,question:new-indian-republic,investigates,Antifragile political thinking: what form of polity can hold a civilization without becoming brittle under ideological pressure
school:narrative-non-fiction-school,question:being-indian,investigates,Naipaul diagnoses India as a wounded civilization -- his work is the sharpest external mirror on what it means to be Indian after colonial dislocation
school:narrative-non-fiction-school,question:what-will-destroy,investigates,Naipaul on Islam as a force of civilizational erasure; Solzhenitsyn on the internal collapse that ideological systems produce
thinker:vs-naipaul,question:what-will-destroy,responds_to,Among the Believers and Beyond Belief -- Naipaul traces how conversion to Islam severs people from their civilizational roots
thinker:alexander-solzhenitsyn,question:modernity-and-hindu-values,responds_to,"The Harvard Address and The Gulag Archipelago -- critique of Western rationalism, material progress, and the spiritual vacuum of modernity"
thinker:wade-davis,question:practice-but-not-proven,responds_to,"The Wayfinders -- ethnobotanical argument that indigenous knowledge systems encode scientific, ecological, and spiritual truths dismissed by Western rationalism"
thinker:james-lovelock,question:practice-but-not-proven,responds_to,"Gaia hypothesis -- scientific reframing of the Earth as a self-regulating living organism, with resonances in dharmic cosmological thinking"
thinker:loren-eiseley,question:practice-but-not-proven,responds_to,"The Immense Journey and The Star Thrower -- evolutionary naturalism pointing toward awe and meaning, challenging reductionist readings of nature"
thinker:arthur-koestler,question:practice-but-not-proven,responds_to,"The Ghost in the Machine -- consciousness and the organism-mechanism divide; Janus on the holarchic structure of life, resonant with dharmic accounts of mind"
thinker:terence-mckenna,question:practice-but-not-proven,responds_to,Food of the Gods -- plant intelligence and consciousness as a scientific and cultural frontier; archaic revival as a civilizational category
thinker:bernd-heinrich,question:practice-but-not-proven,responds_to,"Mind of the Raven and Winter World -- close naturalist observation revealing purposiveness, care, and cognition in non-human life"
thinker:robert-ardrey,question:practice-but-not-proven,responds_to,"The Territorial Imperative -- evolutionary roots of human culture and identity, bridging biological science and civilizational analysis"
thinker:nassim-nicholas-taleb,question:will-save-sanatana-dharma,responds_to,Antifragile -- survival and strengthening under stress; the dharmic tradition as a paradigm case of an antifragile civilizational structure
wiki:indian-art-and-aesthetics,thinker:kapila-vatsyayana,draws_on,"Vatsyayana scholarship on Natyashastra, classical dance, and rasa theory is foundational to this wiki"
wiki:wisdom-knowledge-and-education,thinker:dharampal,draws_on,The Beautiful Tree and Indian Science and Technology -- reconstruction of pre-colonial Indian educational systems
wiki:civilization-state-and-nationalism,thinker:vs-naipaul,draws_on,Naipaul analysis of wounded civilizations and the crisis of post-colonial national identity shapes this wiki framing
wiki:civilizational-theory-and-method,thinker:alexander-solzhenitsyn,draws_on,Solzhenitsyn civilizational critique of Western modernity and his method of bearing witness inform comparative civilizational methodology
wiki:comparative-religion-methodology,thinker:wade-davis,draws_on,Davis ethnobotanical fieldwork models the practice of taking indigenous epistemologies seriously on their own terms
wiki:phenomenology-of-religion,thinker:arthur-koestler,draws_on,Koestler analysis of the organism-mechanism split and holarchic consciousness informs the phenomenological framing of religious experience
wiki:colonial-indology,thinker:ram-swarup,draws_on,Understanding Hinduism and The Word as Revelation -- critique of the epistemic assumptions embedded in Western Indological method
wiki:intercultural-contact-and-exchange,thinker:wade-davis,draws_on,The Wayfinders -- Davis on the value of cultural diversity as a global knowledge commons and the cost of civilizational homogenisation
thinker:kapila-vatsyayana,b1000:898,authored,
thinker:kapila-vatsyayana,b1000:899,authored,
thinker:kapila-vatsyayana,b1000:900,authored,
thinker:kapila-vatsyayana,b1000:901,authored,
thinker:kapila-vatsyayana,b1000:902,authored,
thinker:kapila-vatsyayana,b1000:903,authored,
thinker:ms-hiriyanna,b1000:214,authored,
thinker:ms-hiriyanna,b1000:215,authored,
thinker:ms-hiriyanna,b1000:216,authored,
thinker:ms-hiriyanna,book:bol-art-experience,authored,
thinker:ms-hiriyanna,book:bol-outline-of-hindu-philosophy,authored,
thinker:km-munshi,b1000:840,authored,
thinker:km-munshi,b1000:841,authored,
thinker:km-munshi,b1000:842,authored,
thinker:km-munshi,b1000:843,authored,
project:temples-of-madhya-pradesh,question:hindu-institution-generate,investigates,"MP temples as living institutions -- management, funding, and sustenance as centers of community and sacred life"
project:temples-of-madhya-pradesh,question:being-indian,investigates,Sacred geography and the temple tradition as constitutive of Indian civilizational identity in the heartland
school:swami-vivekananda-school,question:hindu-renaissance,investigates,Vivekananda is the founding figure of the Hindu renaissance as a self-conscious civilizational project
school:sri-aurobindo-school,question:hindu-renaissance,investigates,Aurobindo held that India must recover its spiritual genius to renew itself -- the renaissance question is central to his entire project
school:dharampal-svayambodha-school,question:hindu-renaissance,investigates,Dharampal recovery of pre-colonial Indian achievement supplies the empirical ground for a credible Hindu renaissance
thinker:ram-swarup,question:hindu-renaissance,responds_to,Understanding Hinduism and The Word as Revelation -- Swarup identifies what must be recovered for Hindu civilizational renewal
thinker:km-munshi,question:hindu-renaissance,responds_to,"KM Munshi was a practitioner of Hindu renaissance -- his work in literature, history, and institution-building embodies the project"
thinker:dharampal,question:hindu-renaissance,responds_to,"Dharampal shows that the ground for renaissance already exists -- it was not destroyed, only suppressed and forgotten"
school:swami-vivekananda-school,question:hindu-unity-and-diversity,investigates,"Vivekananda articulated Hindu unity across sectarian, caste, and regional diversity as a civilizational rather than sectarian identity"
school:dharampal-svayambodha-school,question:hindu-unity-and-diversity,investigates,"Dharampal recovery of indigenous knowledge diversity shows unity as a civilizational fabric, not imposed uniformity"
thinker:vs-naipaul,question:hindu-unity-and-diversity,responds_to,"India: A Million Mutinies Now -- Naipaul reads the diversity of Hindu assertion as a sign of civilizational vitality, not fragmentation"
thinker:km-munshi,question:hindu-unity-and-diversity,responds_to,Munshi historical fiction and scholarship consistently frame Bharata as a unified civilizational consciousness across its diversity
thinker:ram-swarup,question:core-of-sanatana-dharma,responds_to,"Understanding Hinduism and The Word as Revelation -- Swarup identifies polytheism, inner experience, and the many names of the divine as the core of dharma"
thinker:dharampal,question:hindu-institution-generate,responds_to,"The Beautiful Tree and Panchayat Raj -- Dharampal shows that traditional Indian institutions were self-generating, self-sustaining, and deeply embedded in community life"
school:dharampal-svayambodha-school,question:new-indian-republic,investigates,The Dharampal vision of a reconstituted Indian republic rooted in its own civilizational grammar rather than inherited colonial structures
wiki:vedic-ritual-and-sacrifice,question:core-of-sanatana-dharma,addresses,Yajna and ritual sacrifice as the generative core of Vedic cosmology and dharmic social order
wiki:vedic-literature-and-cosmology,question:core-of-sanatana-dharma,addresses,The Vedic corpus as the foundational horizon within which all dharmic thought and practice is intelligible
wiki:vedic-deities-and-mythology,question:core-of-sanatana-dharma,addresses,The Vedic deities as symbolic articulations of cosmic and psychological principles at the heart of dharmic understanding
wiki:time-eternity-and-cosmic-cycles,question:core-of-sanatana-dharma,addresses,"Cyclical time, mahayugas, and cosmic dissolution -- the dharmic account of time as sacred order"
wiki:polytheism-and-divine-plurality,question:core-of-sanatana-dharma,addresses,Polytheism and the many names of the divine as a defining feature of dharmic thought -- not primitive but philosophically sophisticated
wiki:shiva,question:core-of-sanatana-dharma,addresses,"Shiva as a central symbol of dharmic metaphysics -- destroyer and creator, the ascetic and the erotic, the cosmos itself"
wiki:goddess-tradition,question:core-of-sanatana-dharma,addresses,"The goddess tradition as a pervasive and defining strand of dharmic theology, cosmology, and practice"
wiki:yoga-and-liberation,question:will-save-sanatana-dharma,addresses,The yoga traditions as a living transmission of dharmic liberation-knowledge -- their vitality is an index of civilizational health
wiki:prehistoric-india-and-archaeology,question:being-indian,addresses,Deep prehistory and the Mesolithic-Chalcolithic continuum as the biological and cultural substrate of being Indian
wiki:rigvedic-history-and-geography,question:being-indian,addresses,The Rigvedic world as the earliest recoverable horizon of Indian civilizational self-understanding
wiki:tribes-and-population-history,question:being-indian,addresses,Tribal and indigenous population history as the deep stratum of what it means to be Indian before and beneath textual civilization
wiki:sanskrit-and-linguistic-traditions,question:being-indian,addresses,"Sanskrit as the connective tissue of Indian civilizational identity -- grammar, philosophy, and the philosophy of language"
wiki:hindu-thought-and-sacred-geography,question:being-indian,addresses,"The dharmic mapping of the subcontinent as sacred space -- tirthas, kshetras, and the geography of belonging"
wiki:sacred-space-and-time,question:core-of-sanatana-dharma,addresses,Sacred space and liturgical time as categories through which dharmic civilizational life is organised and transmitted
wiki:indian-history-and-civilization,question:being-indian,addresses,The broad arc of Indian civilizational history as context for answering what it means to be Indian
wiki:interreligious-dialogue,question:what-will-destroy,addresses,Interreligious dialogue as a site of asymmetric power -- where one tradition seeks conversion and the other seeks understanding
wiki:religion-myth-and-meaning,question:practice-but-not-proven,addresses,"Myth, symbol, and sacred narrative as epistemological categories that operate differently from but not inferior to scientific proposition"
wiki:comparative-civilizations-review-archive,question:new-indian-republic,addresses,Comparative civilizational analysis as a lens for asking what kind of republic India should become
wiki:religion-myth-and-meaning,thinker:terence-mckenna,draws_on,"Food of the Gods and The Archaic Revival -- McKenna on myth, archaic consciousness, and the cultural function of sacred plants"
wiki:religion-myth-and-meaning,thinker:loren-eiseley,draws_on,"The Star Thrower and The Immense Journey -- Eiseley on wonder, evolution, and the irreducibility of meaning in a scientific universe"
wiki:comparative-civilizations-review-archive,thinker:alexander-solzhenitsyn,draws_on,Solzhenitsyn as the supreme case study in a civilization being destroyed from within by ideology and recovered through witness
wiki:hinduism-and-dharmic-thought,thinker:ms-hiriyanna,draws_on,Outlines of Indian Philosophy and The Essentials -- Hiriyanna is the clearest systematic guide to the dharmic philosophical landscape
wiki:indian-art-and-aesthetics,thinker:ms-hiriyanna,draws_on,Art Experience -- Hiriyanna philosophical aesthetics grounds the wiki treatment of Indian art theory
wiki:epics-and-itihasa,thinker:km-munshi,draws_on,"Krishnavatara -- Munshi historical novel cycle models the itihasa as living civilizational memory, not mere mythology"
wiki:wisdom-knowledge-and-education,thinker:ivan-illich,draws_on,Deschooling Society and Tools for Conviviality -- Illich critique of institutional knowledge transmission as foil and complement to dharmic educational models
lab:bangladesh-riots-report,question:what-will-destroy,addresses,Field report on the December 2025 Bangladesh anti-Hindu riots as a live case of minority persecution and civilizational pressure
lab:islamization-of-indonesia,question:what-will-destroy,addresses,Indonesia as a case study in the progressive Islamization of a formerly Hindu-Buddhist civilization
lab:dharma-as-design,question:core-of-sanatana-dharma,addresses,"Dharma as a design principle -- exploring what dharmic thought implies for how we build things, spaces, and systems"
lab:foundations-of-indian-culture,question:core-of-sanatana-dharma,addresses,Working notes on the civilizational foundations that underlie all Indian cultural production
lab:foundations-of-indian-culture,question:being-indian,addresses,"What are the foundational categories -- cosmological, ethical, aesthetic -- that constitute Indian civilizational identity"
lab:on-the-pagan-view,question:practice-but-not-proven,addresses,"The pagan worldview as a comparative case for dharmic epistemology -- animism, immanence, and the sacred embedded in nature"
lab:western-atrocities,question:what-will-destroy,addresses,Western imperial violence as context for understanding the forces that have worked against Hindu civilizational survival
lab:sanskrit-roots-ontic-bloom,question:core-of-sanatana-dharma,addresses,Sanskrit roots and the ontological bloom -- how the structure of the Sanskrit language encodes a dharmic metaphysics
project:temples-of-madhya-pradesh,thinker:dharampal,draws_on,Dharampal framework for pre-colonial Indian institutional life as interpretive lens for understanding temple traditions in MP
project:hindu-models-of-temple-management,thinker:dharampal,draws_on,Dharampal recovery of traditional Indian institutional self-governance as the methodological starting point for this project
thinker:eo-wilson,thinker:wade-davis,influences,Wilson consilience framework and biodiversity thesis directly shaped Davis ethnobotanical approach to indigenous knowledge as empirical science
thinker:james-lovelock,thinker:wade-davis,influences,Lovelock Gaia -- the biosphere as a living self-regulating system -- provided the scientific cosmology within which Davis work on indigenous ecological knowledge makes fullest sense
thinker:km-munshi,question:new-indian-republic,responds_to,Munshi was a central figure in the Constituent Assembly and wrote extensively on the kind of polity India needed -- rooted in its civilizational memory
thinker:dharampal,question:new-indian-republic,responds_to,"Panchayat Raj and India Polity -- Dharampal argues that the Indian republic should reconstitute itself on indigenous institutional grammar, not inherited colonial structures"
wiki:aurobindo-corpus-overview,question:will-save-sanatana-dharma,addresses,Aurobindo thought as a whole is Bodha most developed answer to the question of what can save and renew Sanatana Dharma
wiki:aurobindo-metaphysics-and-spiritual-evolution,question:core-of-sanatana-dharma,addresses,"Aurobindo integral metaphysics -- the Absolute, the Overmind, and spiritual evolution -- as a systematic articulation of the dharmic worldview"
wiki:aurobindo-upanishads-and-vedanta,question:core-of-sanatana-dharma,addresses,Aurobindo reading of the Upanishads identifies the non-dual core of dharmic metaphysics -- sat-chit-ananda as the ground of being
wiki:aurobindo-veda-and-vedic-symbolism,question:core-of-sanatana-dharma,addresses,"Aurobindo recovers the psychological and cosmological depth of the Vedic symbolism, revealing the Veda as the primary statement of dharmic truth"
wiki:aurobindo-gita-and-karmayoga,question:will-save-sanatana-dharma,addresses,"Karmayoga as Aurobindo central answer to how dharmic life should be lived in the world -- action without ego, work as worship"
wiki:aurobindo-gita-and-karmayoga,question:modernity-and-hindu-values,addresses,Aurobindo synthesis of Vedantic detachment and full worldly engagement -- a direct response to the tension between dharmic values and modern activist life
wiki:hindu-temples-and-iconoclasm,question:what-will-destroy,addresses,Temple destruction as the most concrete and documented form of Islamic civilizational erasure in India -- the material record of what destroys
wiki:indian-knowledge-systems,question:will-save-sanatana-dharma,addresses,"Recovery of IKS -- mathematics, astronomy, medicine, grammar -- as a survival strategy; what was taken can be reclaimed"
wiki:indian-knowledge-systems,question:hindu-renaissance,addresses,"IKS is precisely what a Hindu renaissance recovers -- showing that Indian civilizational achievement was real, systematic, and suppressed"
wiki:wisdom-knowledge-and-education,question:will-save-sanatana-dharma,addresses,Transmission of dharmic knowledge -- what pedagogical forms keep civilizational wisdom alive across generations
wiki:wisdom-knowledge-and-education,question:hindu-renaissance,addresses,Educational renewal as the practical mechanism of renaissance -- what and how we teach determines what survives
wiki:sikhism-and-hindu-sikh-relations,question:hindu-unity-and-diversity,addresses,The Sikh tradition as the test case for Hindu unity-in-diversity -- a distinct tradition within the dharmic civilizational orbit
wiki:sikhism-and-hindu-sikh-relations,question:what-will-destroy,addresses,The history of Sikh resistance to Mughal persecution and the contemporary political pressures on Hindu-Sikh civilizational unity
wiki:comparative-religion-methodology,question:practice-but-not-proven,addresses,What methodology does justice to religious experience as data? Comparative religion methodology is the epistemological question behind practice-but-not-proven
wiki:intercultural-contact-and-exchange,question:being-indian,addresses,India civilizational capacity to absorb and synthesize external contact while retaining its own centre -- a defining feature of being Indian
wiki:gandhi-communism-and-political-economy,question:new-indian-republic,addresses,The Gandhi-Nehru-Ambedkar debate on political economy is the founding argument about what kind of republic India should become
wiki:indian-art-and-aesthetics,question:core-of-sanatana-dharma,addresses,"Rasa theory, Natyashastra, and the dharmic theory of aesthetic experience as articulations of the inner logic of Sanatana Dharma"
wiki:karma-and-rebirth,question:practice-but-not-proven,addresses,Karma and rebirth as the dharmic account of causation and continuity -- the most challenged and most experientially grounded of dharmic claims
wiki:yoga-and-liberation,question:practice-but-not-proven,addresses,"Yoga traditions offer first-person verification of claims Western science cannot yet reach -- liberation as phenomenological endpoint, not mere belief"
wiki:rta-and-cosmic-order,question:practice-but-not-proven,addresses,Rta -- cosmic order as an ontological category -- bridges Vedic cosmology and the naturalist intuition that the cosmos is not arbitrary
wiki:time-eternity-and-cosmic-cycles,question:practice-but-not-proven,addresses,"Dharmic deep-time cosmology -- mahayugas, cosmic dissolution -- as a category for understanding scale and pattern in ways science only recently approaches"
wiki:gandhi-communism-and-political-economy,question:what-will-destroy,addresses,Marxist and Nehruvian political economy as internal civilizational forces that have worked to dismantle dharmic institutional life
school:sri-aurobindo-school,question:hindu-unity-and-diversity,investigates,Aurobindo held that unity in diversity is India spiritual gift to the world -- the many expressions of dharma as manifestations of one Reality
school:voice-of-india-shatrubodha-school,question:hindu-renaissance,investigates,Swarup and Goel argued that clear-eyed understanding of the threats is the precondition for any genuine renaissance
thinker:dharampal,question:being-indian,responds_to,"Dharampal entire body of work is a recovery of what it means to be Indian before the colonial interruption -- the pre-colonial village, school, and polity"
thinker:ms-hiriyanna,question:being-indian,responds_to,Outlines of Indian Philosophy -- the dharshanas as the intellectual spine of Indian civilizational identity
thinker:kapila-vatsyayana,question:being-indian,responds_to,The Square and the Circle -- the geometry of Indian sacred arts as a map of what it means to be Indian
wiki:indian-history-and-civilization,thinker:dharampal,draws_on,Dharampal historical recovery -- especially civil disobedience and the pre-colonial knowledge record -- is foundational to this wiki
wiki:ancient-indian-chronology,thinker:km-munshi,draws_on,KM Munshi historical and archaeological work provides one strand of the civilizational chronology this wiki synthesizes
wiki:epics-and-itihasa,thinker:dharampal,draws_on,Dharampal understanding of the living quality of Indian civilizational memory informs the treatment of epics as itihasa rather than myth
