id,name,author,type,link,linkreal,slug,linkfinal,description,short,linkfinal2
1,Cry Hindutva How Rhetoric Trumps Intellect,"Vishwa Adluri, Joydeep Bagchee",shatrubodha,https://drive.google.com/file/d/1PuI-DoMDEcJ3J_sYa40p13qJ6ytt0NVn/view?usp=sharing,https://drive.google.com/file/d/1PuI-DoMDEcJ3J_sYa40p13qJ6ytt0NVn/preview,cry-hindutva-how-rhetoric-trumps-intellect,/library/cry-hindutva-how-rhetoric-trumps-intellect,,Critical intervention on contemporary Hindutva rhetoric and the costs of replacing scholarship with slogans.,/library/books/cry-hindutva-how-rhetoric-trumps-intellect
2,German Indology Aryanism and Anti Semitism,"Vishwa Adluri, Joydeep Bagchee",shatrubodha,https://drive.google.com/file/d/1mY8du43QI5oCJdP7g1pYJnZOL8Fm8jMJ/view?usp=sharing,https://drive.google.com/file/d/1mY8du43QI5oCJdP7g1pYJnZOL8Fm8jMJ/preview,german-indology-aryanism-and-anti-semitism,/library/german-indology-aryanism-and-anti-semitism,,"Study of German Indology and its entanglement with racial theory, Aryanism, and anti-Semitism.",/library/books/german-indology-aryanism-and-anti-semitism
3,Greeks in India,Demettios Vasilliades,shatrubodha,https://drive.google.com/file/d/1fYSbLdUpsooEozbTFQ3ObBeRhi9pQ1Hb/view?usp=sharing,https://drive.google.com/file/d/1fYSbLdUpsooEozbTFQ3ObBeRhi9pQ1Hb/preview,greeks-in-india,/library/greeks-in-india,,Historical study of Greek presence in India and the cultural exchanges that followed.,/library/books/greeks-in-india
4,Heidegger and the Inquiry into Technology,Joydeep Bagchee,shatrubodha,https://drive.google.com/file/d/1YhIZnEjC76naSMHLhx2BdEsR0gZ06AEU/view?usp=sharing,https://drive.google.com/file/d/1YhIZnEjC76naSMHLhx2BdEsR0gZ06AEU/preview,heidegger-and-the-inquiry-into-technology,/library/heidegger-and-the-inquiry-into-technology,,"Essay using Heidegger to interrogate technology, modernity, and civilizational critique.",/library/books/heidegger-and-the-inquiry-into-technology
5,Hindu Studies in a Secular Academy,Vishwa Adluri,shatrubodha,https://drive.google.com/file/d/1N5L4L08SB7SH-6em9eWT173c5YP8yeIv/view?usp=sharing,https://drive.google.com/file/d/1N5L4L08SB7SH-6em9eWT173c5YP8yeIv/preview,hindu-studies-in-a-secular-academy,/library/hindu-studies-in-a-secular-academy,,Reflection on the institutional framing of Hindu studies and the limits of secular academic categories.,/library/books/hindu-studies-in-a-secular-academy
6,Hindu Temples Vol 1,Sita Ram Goel,shatrubodha,https://drive.google.com/file/d/1iq1ASvQ079jozMUSMzyvKBma9C6OEZTp/view?usp=sharing,https://drive.google.com/file/d/1iq1ASvQ079jozMUSMzyvKBma9C6OEZTp/preview,hindu-temples-vol-1,/library/hindu-temples-vol-1,,"Documentation and interpretation of the destruction, transformation, and historical memory of Hindu temples.",/library/books/hindu-temples-vol-1
7,Hindu Temples Vol 2,Sita Ram Goel,shatrubodha,https://drive.google.com/file/d/1HSfvPsC65NiwCxed_JqZyEPbIMBW0fSg/view?usp=sharing,https://drive.google.com/file/d/1HSfvPsC65NiwCxed_JqZyEPbIMBW0fSg/preview,hindu-temples-vol-2,/library/hindu-temples-vol-2,,"Continuation of the documentary record on Hindu temples, iconoclasm, and historical memory.",/library/books/hindu-temples-vol-2
8,How I Became a Hindu,Sita Ram Goel,shatrubodha,https://drive.google.com/file/d/1M4Nc7Yb_D4l72Qvl8NU8g50paIgkhxGD/view?usp=sharing,https://drive.google.com/file/d/1M4Nc7Yb_D4l72Qvl8NU8g50paIgkhxGD/preview,how-i-became-a-hindu,/library/how-i-became-a-hindu,,"Personal and polemical reflection on religious identity, conviction, and civilizational self-understanding.",/library/books/how-i-became-a-hindu
9,Jews and Hindus in Indology,"Vishwa Adluri, Joydeep Bagchee",shatrubodha,https://drive.google.com/file/d/1K1cNC1_2xpNdKohw4k6Zs5y-7ztWvSa9/view?usp=sharing,https://drive.google.com/file/d/1K1cNC1_2xpNdKohw4k6Zs5y-7ztWvSa9/preview,jews-and-hindus-in-indology,/library/jews-and-hindus-in-indology,,Comparative study of how Jewish and Hindu traditions have been handled within modern Indology.,/library/books/jews-and-hindus-in-indology
10,Methods and Context Rethinking Religion,"Vishwa Adluri, Joydeep Bagchee",shatrubodha,https://drive.google.com/file/d/1X3AYwQhilqLbb7R0CUUV8VU-V4_d5O7c/view?usp=sharing,https://drive.google.com/file/d/1X3AYwQhilqLbb7R0CUUV8VU-V4_d5O7c/preview,methods-and-context-rethinking-religion,/library/methods-and-context-rethinking-religion,,Methodological critique of dominant religious-studies frameworks and their application to India.,/library/books/methods-and-context-rethinking-religion
11,Paradigm Lost the Application of the Historical Critical Method to the Bhagavadgita,"Vishwa Adluri, Joydeep Bagchee",shatrubodha,https://drive.google.com/file/d/1QLHDi1kkXGImTLinojnk0YoizaZNpJKU/view?usp=sharing,https://drive.google.com/file/d/1QLHDi1kkXGImTLinojnk0YoizaZNpJKU/preview,paradigm-lost-the-application-of-the-historical-critical-method-to-the-bhagavadgita,/library/paradigm-lost-the-application-of-the-historical-critical-method-to-the-bhagavadgita,,Critique of applying historical-critical methods reductively to the Bhagavad Gita.,/library/books/paradigm-lost-the-application-of-the-historical-critical-method-to-the-bhagavadgita
12,Philosophy and Criticism,"Vishwa Adluri, Joydeep Bagchee",shatrubodha,https://drive.google.com/file/d/1d6hoBDlzZpU1mnYt5-XPLekj8EtuAbOr/view?usp=sharing,https://drive.google.com/file/d/1d6hoBDlzZpU1mnYt5-XPLekj8EtuAbOr/preview,philosophy-and-criticism,/library/philosophy-and-criticism,,Essay on the relation between philosophical interpretation and critical academic method.,/library/books/philosophy-and-criticism
13,Poetic Immortality to Salvation,"Vishwa Adluri, Joydeep Bagchee",shatrubodha,https://drive.google.com/file/d/1j5RXzzwm7AIZ8IpLG_z1ec2PGflT9wfj/view?usp=sharing,https://drive.google.com/file/d/1j5RXzzwm7AIZ8IpLG_z1ec2PGflT9wfj/preview,poetic-immortality-to-salvation,/library/poetic-immortality-to-salvation,,Study tracing shifts from heroic-poetic ideals toward soteriological concerns in Sanskrit traditions.,/library/books/poetic-immortality-to-salvation
14,Pride and Prejudice Orientalism and Germany,Vishwa Adluri,shatrubodha,https://drive.google.com/file/d/1zfgOKyXGI804G_poA-9JikLTNdUwzlyx/view?usp=sharing,https://drive.google.com/file/d/1zfgOKyXGI804G_poA-9JikLTNdUwzlyx/preview,pride-and-prejudice-orientalism-and-germany,/library/pride-and-prejudice-orientalism-and-germany,,Study of German orientalism and the ideological lenses shaping Indological interpretation.,/library/books/pride-and-prejudice-orientalism-and-germany
15,The Banality of Indology,"Vishwa Adluri, Joydeep Bagchee",shatrubodha,https://drive.google.com/file/d/1KyKjGKI74Vjv7TVEUbGikRG7T3qa5Xyf/view?usp=sharing,https://drive.google.com/file/d/1KyKjGKI74Vjv7TVEUbGikRG7T3qa5Xyf/preview,the-banality-of-indology,/library/the-banality-of-indology,,Sharp critique of routinized assumptions and methodological shallowness in Indological scholarship.,/library/books/the-banality-of-indology
16,The Nay Science,"Vishwa Adluri, Joydeep Bagchee",shatrubodha,https://drive.google.com/file/d/1xeJ0skZrknlSxl_EHNjddt6teRrFO1JG/view?usp=sharing,https://drive.google.com/file/d/1xeJ0skZrknlSxl_EHNjddt6teRrFO1JG/preview,the-nay-science,/library/the-nay-science,,"Provocative reflection on scholarship, critique, and the ideological posture of academic knowledge.",/library/books/the-nay-science
17,The Origins of Racism in the Humanities,"Vishwa Adluri, Joydeep Bagchee",shatrubodha,https://drive.google.com/file/d/1YrgQOw9vfZ59ysw4M4p3C8qcJTtq20aK/view?usp=sharing,https://drive.google.com/file/d/1YrgQOw9vfZ59ysw4M4p3C8qcJTtq20aK/preview,the-origins-of-racism-in-the-humanities,/library/the-origins-of-racism-in-the-humanities,,Argument about how racial categories entered humanistic scholarship through philology and related disciplines.,/library/books/the-origins-of-racism-in-the-humanities
18,The Passion of Paul Hacker,"Vishwa Adluri, Joydeep Bagchee",shatrubodha,https://drive.google.com/file/d/1i95xecQpAJGFP0qKvKlNfJAi7cjmv-hx/view?usp=sharing,https://drive.google.com/file/d/1i95xecQpAJGFP0qKvKlNfJAi7cjmv-hx/preview,the-passion-of-paul-hacker,/library/the-passion-of-paul-hacker,,Critical study of Paul Hacker and the theological-political assumptions behind his work on Hindu traditions.,/library/books/the-passion-of-paul-hacker
19,The Real Threat to Humanities Today,"Vishwa Adluri, Joydeep Bagchee",shatrubodha,https://drive.google.com/file/d/1oGWGVILk97uBwLb179toBsWxd1f5qRf5/view?usp=sharing,https://drive.google.com/file/d/1oGWGVILk97uBwLb179toBsWxd1f5qRf5/preview,the-real-threat-to-humanities-today,/library/the-real-threat-to-humanities-today,,"Essay arguing that methodological decay, not external pressure alone, endangers the humanities.",/library/books/the-real-threat-to-humanities-today
20,Theses on Indology,"Vishwa Adluri, Joydeep Bagchee",shatrubodha,https://drive.google.com/file/d/1hM_MX4e80dN-_f9eoeAhXUbIhOjipWNj/view?usp=sharing,https://drive.google.com/file/d/1hM_MX4e80dN-_f9eoeAhXUbIhOjipWNj/preview,theses-on-indology,/library/theses-on-indology,,Programmatic theses outlining a critique of Indology and an alternative scholarly orientation.,/library/books/theses-on-indology
21,A Primer of Indian Logic,S. Kuppuswami Sastri,darshana,https://drive.google.com/file/d/173OaCMf2M8QA1Wi2dPQBkycRoydk7MjG/view?usp=sharing,https://drive.google.com/file/d/173OaCMf2M8QA1Wi2dPQBkycRoydk7MjG/preview,a-primer-of-indian-logic,/library/a-primer-of-indian-logic,"S. Kuppuswami Sastri’s A Primer of Indian Logic serves as a comprehensive educational bridge between classical Sanskrit scholarship and modern English-speaking students by providing a systematic introduction to the Nyāya-Vaiśeṣika philosophical system. The work is structured around the Tarkasamgraha of Annambhatta, offering the original text in Devanagari and transliteration alongside a detailed, comparative exposition of Indian epistemology and metaphysics. Sastri’s primary purpose is to elucidate the science of methodical reasoning, which encompasses both the inductive observation of the Vaiśeṣika school and the deductive syllogistic framework of the Nyāya school. By meticulously defining the seven categories (padārthas) and the sources of valid knowledge (pramāņas), the author demonstrates that Indian logic is not merely a formal grammar of thought, but a spiritual discipline aimed at achieving final emancipation (mukti). Ultimately, the text highlights the unique syncretism of Indian systems, where logic, psychology, and ontology are harmoniously integrated to facilitate a rigorous investigation of truth and reality.","Introductory exposition of Indian logical method, categories, inference, and debate using the Tarkasangraha tradition.",/library/books/a-primer-of-indian-logic
22,An Elementary Treatise on Mimamsa,Laugakshi Bhaskara,darshana,https://drive.google.com/file/d/1b2EN7agVDcbm2jrQUEYZ9g-_Z8p-t8tP/view?usp=sharing,https://drive.google.com/file/d/1b2EN7agVDcbm2jrQUEYZ9g-_Z8p-t8tP/preview,an-elementary-treatise-on-mimamsa,/library/an-elementary-treatise-on-mimamsa,"This document is a translated excerpt from the Artha-samgraha, a foundational Sanskrit manual authored by Laugakshi Bhaskara in the late 17th century to introduce students to the Mimamsa-sastra. The text focuses on the systematic interpretation of the Vedas, specifically the Karma-kanda or the section regarding sacrificial action, by defining Dharma as a duty validated by scripture to achieve a purposeful result. The author meticulously categorises the Veda into five parts—injunctions, mantras, names, prohibitions, and explanatory statements—while detailing the linguistic mechanics of Bhavana, or the ""productive energy"" that compels a person to perform religious acts. Central to this treatise are the six means of proof (such as direct statement and interdependence) used to determine the hierarchical relationship between primary sacrifices and their subsidiary parts. Ultimately, the work serves as a logical framework for constructing ritual manuals, aiming to prove that every syllable of the sacred texts possesses a visible, practical utility in the pursuit of spiritual and worldly rewards.","Accessible introduction to Mimamsa principles, Vedic injunctions, and hermeneutical reasoning.",/library/books/an-elementary-treatise-on-mimamsa
23,Gangesa's Theory of Truth,Jitendra Nath Mohanty,darshana,https://drive.google.com/file/d/1EUom-VYFCgSenhoK226CRQzxJlIoRDk2/view?usp=sharing,https://drive.google.com/file/d/1EUom-VYFCgSenhoK226CRQzxJlIoRDk2/preview,gangesas-theory-of-truth,/library/gangesas-theory-of-truth,"This resource serves as a digital gateway to the philosophical ideas of the Indian logician Gangesa, primarily focusing on his sophisticated epistemological definitions of reality. Hosted by the Bodha organisation, the platform organises deep intellectual enquiries into classical Indian schools of thought through a structured mix of academic essays, research notes, and primary scriptures. The primary objective is to facilitate a comprehensive cultural immersion by connecting ancient logical traditions with modern scholarly research. Consequently, the source acts as both an educational archive and a contemporary research hub for those seeking to understand the fundamental nature of truth within the Darshana tradition.",Study of Navya-Nyaya truth theory and the epistemic conditions of valid cognition.,/library/books/gangesas-theory-of-truth
24,Gaudapada Karika,Gaudapada,darshana,https://drive.google.com/file/d/12Bf_9Zn2iq2JoyR3eglyNBPgIY0q-Su0/view?usp=sharing,https://drive.google.com/file/d/12Bf_9Zn2iq2JoyR3eglyNBPgIY0q-Su0/preview,gaudapada-karika,/library/gaudapada-karika,,"Classical Advaita work on non-duality, consciousness, and the Mandukya Upanishad.",/library/books/gaudapada-karika
25,Gautama's Nyayasutras,Gautama,darshana,https://drive.google.com/file/d/1DDbWYVHLayngxT0YuXdJT1NeR1lazeCA/view?usp=sharing,https://drive.google.com/file/d/1DDbWYVHLayngxT0YuXdJT1NeR1lazeCA/preview,gautamas-nyayasutras,/library/gautamas-nyayasutras,,"Edition or translation of the foundational Nyaya sutras on knowledge, inference, debate, and liberation.",/library/books/gautamas-nyayasutras
26,Gheranda Samhita,Translated by Srisa Chandra Vasu,darshana,https://drive.google.com/file/d/1kuf93DQ4_GME6gJBIjKaQ8w2mh-dnuBJ/view?usp=sharing,https://drive.google.com/file/d/1kuf93DQ4_GME6gJBIjKaQ8w2mh-dnuBJ/preview,gheranda-samhita,/library/gheranda-samhita,,"Hatha yoga manual on bodily discipline, purification, mudra, meditation, and yogic accomplishment.",/library/books/gheranda-samhita
27,Hindu Realism An Introduction to Vaisheshika,JC Chatterjee,darshana,https://drive.google.com/file/d/1qEC23m1pVLj4GKWNNBDpTPVMLfron6qP/view?usp=sharing,https://drive.google.com/file/d/1qEC23m1pVLj4GKWNNBDpTPVMLfron6qP/preview,hindu-realism-an-introduction-to-vaisheshika,/library/hindu-realism-an-introduction-to-vaisheshika,,"Introductory study of Vaisheshika realism, categories of being, and metaphysical analysis.",/library/books/hindu-realism-an-introduction-to-vaisheshika
28,History of Dharmashastras Vol 1,PV Kane,scriptural,https://drive.google.com/file/d/1eQeeZlJi0Z-zAgDDeTsgU2vB8dHoJls1/view?usp=sharing,https://drive.google.com/file/d/1eQeeZlJi0Z-zAgDDeTsgU2vB8dHoJls1/preview,history-of-dharmashastras-vol-1,/library/history-of-dharmashastras-vol-1,,"Reference study of dharmashastra literature, sources of dharma, and the historical formation of legal-ritual norms.",/library/books/history-of-dharmashastras-vol-1
29,History of Dharmashastras Vol 2 Part 1,PV Kane,scriptural,https://drive.google.com/file/d/1hTaGR-wr0XWn1EteUOt8ETnkDY6IkujX/view?usp=sharing,https://drive.google.com/file/d/1hTaGR-wr0XWn1EteUOt8ETnkDY6IkujX/preview,history-of-dharmashastras-vol-2-part-1,/library/history-of-dharmashastras-vol-2-part-1,,"Reference study of dharmashastra literature with focus on ritual, samskara, and normative practice.",/library/books/history-of-dharmashastras-vol-2-part-1
30,History of Dharmashastras Vol 2 Part 2,PV Kane,scriptural,https://drive.google.com/file/d/1xWFodZHthTWTcM9IMNHhnf-oBCmjT3wB/view?usp=sharing,https://drive.google.com/file/d/1xWFodZHthTWTcM9IMNHhnf-oBCmjT3wB/preview,history-of-dharmashastras-vol-2-part-2,/library/history-of-dharmashastras-vol-2-part-2,,"Reference study of dharmashastra literature continuing discussion of rites, duties, and normative institutions.",/library/books/history-of-dharmashastras-vol-2-part-2
31,History of Dharmashastras Vol 3,PV Kane,scriptural,https://drive.google.com/file/d/1ma0n2HKuNMinQTiaMtjCpVQEozSmQt9_/view?usp=sharing,https://drive.google.com/file/d/1ma0n2HKuNMinQTiaMtjCpVQEozSmQt9_/preview,history-of-dharmashastras-vol-3,/library/history-of-dharmashastras-vol-3,,"Reference study of dharmashastra themes including social duties, legal procedure, and normative ordering.",/library/books/history-of-dharmashastras-vol-3
32,History of Dharmashastras Vol 4,PV Kane,scriptural,https://drive.google.com/file/d/1_6e82yPn-bqlkxUR42n2HSteGtVC-qX8/view?usp=sharing,https://drive.google.com/file/d/1_6e82yPn-bqlkxUR42n2HSteGtVC-qX8/preview,history-of-dharmashastras-vol-4,/library/history-of-dharmashastras-vol-4,,"Reference study of dharmashastra themes with detailed treatment of law, custom, and social institutions.",/library/books/history-of-dharmashastras-vol-4
33,History of Dharmashastras Vol 5 Part 1,PV Kane,scriptural,https://drive.google.com/file/d/196NS7BxV1hC4PyVHbBRIF-5vh5XCKlm_/view?usp=sharing,https://drive.google.com/file/d/196NS7BxV1hC4PyVHbBRIF-5vh5XCKlm_/preview,history-of-dharmashastras-vol-5-part-1,/library/history-of-dharmashastras-vol-5-part-1,,"Reference study of later dharmashastra topics, jurisprudence, and social-religious regulation.",/library/books/history-of-dharmashastras-vol-5-part-1
34,History of Dharmashastras Vol 5 Part 2,PV Kane,scriptural,https://drive.google.com/file/d/1Ad5Orai6PH-VxjkhYSfC3FrMtqCYD7Mg/view?usp=sharing,https://drive.google.com/file/d/1Ad5Orai6PH-VxjkhYSfC3FrMtqCYD7Mg/preview,history-of-dharmashastras-vol-5-part-2,/library/history-of-dharmashastras-vol-5-part-2,,Reference study completing the dharmashastra series with later legal and ritual materials.,/library/books/history-of-dharmashastras-vol-5-part-2
35,"Logic, Language and Reality",Bimal Krishna Matilal,darshana,https://drive.google.com/file/d/1oFtlwlAkTPCnbyup45c2i9G2CZxRgyGi/view?usp=sharing,https://drive.google.com/file/d/1oFtlwlAkTPCnbyup45c2i9G2CZxRgyGi/preview,logic-language-and-reality,/library/logic-language-and-reality,,"Philosophical study connecting logic, linguistic analysis, and theories of reality in Indian thought.",/library/books/logic-language-and-reality
36,Outline of Hindu Philosophy,M. Hiriyanna,darshana,https://drive.google.com/file/d/1Xiv5Yzc2OjIN1OPKDjmVwGxtSl8EnubA/view?usp=sharing,https://drive.google.com/file/d/1Xiv5Yzc2OjIN1OPKDjmVwGxtSl8EnubA/preview,outline-of-hindu-philosophy,/library/outline-of-hindu-philosophy,,Broad survey of major schools and recurrent philosophical themes in Hindu thought.,/library/books/outline-of-hindu-philosophy
37,Paratrishika Vivarana by Abhinavagupta,Jaideva Singh,darshana,https://drive.google.com/file/d/1LDDejSQZWyhiBaCibyZ-ib3TcI4odFY6/view?usp=sharing,https://drive.google.com/file/d/1LDDejSQZWyhiBaCibyZ-ib3TcI4odFY6/preview,paratrishika-vivarana-by-abhinavagupta,/library/paratrishika-vivarana-by-abhinavagupta,,"Abhinavagupta’s esoteric Shaiva commentary on language, mantra, consciousness, and manifestation.",/library/books/paratrishika-vivarana-by-abhinavagupta
38,Patanjali's Yogasutras,Patanjali,darshana,https://drive.google.com/file/d/1I00JOwiW-QdmCUDrL1n9kDhpr9HEZ_ZA/view?usp=sharing,https://drive.google.com/file/d/1I00JOwiW-QdmCUDrL1n9kDhpr9HEZ_ZA/preview,patanjalis-yogasutras,/library/patanjalis-yogasutras,,"Edition or translation of the Yoga Sutras with emphasis on mind, practice, samadhi, and liberation.",/library/books/patanjalis-yogasutras
39,Purva Mimamsa in its Sources,Dr. Ganganatha Jha,darshana,https://drive.google.com/file/d/1Z0bzJLvwtgnBNF_Zc6WvUAMCZAizFRDb/view?usp=sharing,https://drive.google.com/file/d/1Z0bzJLvwtgnBNF_Zc6WvUAMCZAizFRDb/preview,purva-mimamsa-in-its-sources,/library/purva-mimamsa-in-its-sources,,Source-based introduction to Purva Mimamsa doctrine and textual method.,/library/books/purva-mimamsa-in-its-sources
40,Quintessence of Brahmasutra,Mahamahopadhyaya Iranganti Rangacharya,darshana,https://drive.google.com/file/d/1cG75-S_Jl6khL7YhVKkam_-ME0dSmjGL/view?usp=sharing,https://drive.google.com/file/d/1cG75-S_Jl6khL7YhVKkam_-ME0dSmjGL/preview,quintessence-of-brahmasutra,/library/quintessence-of-brahmasutra,,Introductory digest of Vedanta centered on the Brahmasutra tradition and its key metaphysical claims.,/library/books/quintessence-of-brahmasutra
41,Sankhya Philosophy by Banerji,Chandra Banerji,darshana,https://drive.google.com/file/d/1BijXuDcmp5pVKzxXJ3bVjw5U3qLht0UG/view?usp=sharing,https://drive.google.com/file/d/1BijXuDcmp5pVKzxXJ3bVjw5U3qLht0UG/preview,sankhya-philosophy-by-banerji,/library/sankhya-philosophy-by-banerji,,Interpretive exposition of the Sankhya school and its key doctrines.,/library/books/sankhya-philosophy-by-banerji
42,Sastradipika,"Parthasarathi Mishra, translated by D. Venkatramiah",darshana,https://drive.google.com/file/d/18CjQ3-mPbXeeuaBBhb-G94KX3_MxEGBS/view?usp=sharing,https://drive.google.com/file/d/18CjQ3-mPbXeeuaBBhb-G94KX3_MxEGBS/preview,sastradipika,/library/sastradipika,,"Classical Mimamsa text on interpretation, injunction, and the structure of Vedic authority.",/library/books/sastradipika
43,Siddhantabindu,"Srimat Madhusudana Sarasvati, translated by Achalananda",darshana,https://drive.google.com/file/d/1o33Bnk6WddgKsKnxAGN4SWtY4hOf1cm0/view?usp=sharing,https://drive.google.com/file/d/1o33Bnk6WddgKsKnxAGN4SWtY4hOf1cm0/preview,siddhantabindu,/library/siddhantabindu,,Vedantic sub-commentarial text presenting core Advaita positions in a compact form.,/library/books/siddhantabindu
44,Six Ways of Knowing,D.M. Datta,darshana,https://drive.google.com/file/d/1Z_yhDhEzvFHzWHZjPqRJrAGs4HdfcMvo/view?usp=sharing,https://drive.google.com/file/d/1Z_yhDhEzvFHzWHZjPqRJrAGs4HdfcMvo/preview,six-ways-of-knowing,/library/six-ways-of-knowing,,Scholarly work on Indian thought and civilization with relevance to the themes signaled by its title.,/library/books/six-ways-of-knowing
45,The Advaita Vedanta of Brahmasiddhi,Allen Wright Thrasher,darshana,https://drive.google.com/file/d/1i3UXbNSqsM2m80xDaxBvz8f0tKeRStDD/view?usp=sharing,https://drive.google.com/file/d/1i3UXbNSqsM2m80xDaxBvz8f0tKeRStDD/preview,the-advaita-vedanta-of-brahmasiddhi,/library/the-advaita-vedanta-of-brahmasiddhi,,Study of the Brahmasiddhi tradition and major issues in Advaita metaphysics and epistemology.,/library/books/the-advaita-vedanta-of-brahmasiddhi
46,The Nyaya Theory of Knowledge,S.C. Chatterjee,darshana,https://drive.google.com/file/d/17v8bWQsmTWKW_XFw5Cz9tiC3XJJk833O/view?usp=sharing,https://drive.google.com/file/d/17v8bWQsmTWKW_XFw5Cz9tiC3XJJk833O/preview,the-nyaya-theory-of-knowledge,/library/the-nyaya-theory-of-knowledge,,"Study of Nyaya epistemology with emphasis on pramanas, error, and valid cognition.",/library/books/the-nyaya-theory-of-knowledge
47,The Paramarthasara of Adisesa,Adi Sesa,darshana,https://drive.google.com/file/d/1c2gNm7h-YghKhosK-GAV7ss2WsB4yx3Q/view?usp=sharing,https://drive.google.com/file/d/1c2gNm7h-YghKhosK-GAV7ss2WsB4yx3Q/preview,the-paramarthasara-of-adisesa,/library/the-paramarthasara-of-adisesa,,Philosophical text associated with non-dual Shaiva traditions and the path to liberation.,/library/books/the-paramarthasara-of-adisesa
48,The Purva Mimamsa Sutras of Jaimini,"Jaimini, translated by Dr. Ganganatha Jha",darshana,https://drive.google.com/file/d/1_Mfyk6B1f-yxXAKsWaaLcT9bwJ8R6C5S/view?usp=sharing,https://drive.google.com/file/d/1_Mfyk6B1f-yxXAKsWaaLcT9bwJ8R6C5S/preview,the-purva-mimamsa-sutras-of-jaimini,/library/the-purva-mimamsa-sutras-of-jaimini,,"Foundational Mimamsa sutra text on ritual duty, injunction, and scriptural interpretation.",/library/books/the-purva-mimamsa-sutras-of-jaimini
49,The Sankhya Aphorisms of Kapila,"Kapila, translated by J. Ballantyne",darshana,https://drive.google.com/file/d/1j1p7Sg7SGGX68gsrWLTl1Ps0rnKzoqjg/view?usp=sharing,https://drive.google.com/file/d/1j1p7Sg7SGGX68gsrWLTl1Ps0rnKzoqjg/preview,the-sankhya-aphorisms-of-kapila,/library/the-sankhya-aphorisms-of-kapila,,"Presentation of the Sankhya aphorism tradition on purusha, prakriti, tattvas, and liberation.",/library/books/the-sankhya-aphorisms-of-kapila
50,The Sankhya Karika of Iswara Krishna,HT Colebrooke,darshana,https://drive.google.com/file/d/194Lfd6Jw2t7dpTYfQ6qi6IM-qvXBa4Sf/view?usp=sharing,https://drive.google.com/file/d/194Lfd6Jw2t7dpTYfQ6qi6IM-qvXBa4Sf/preview,the-sankhya-karika-of-iswara-krishna,/library/the-sankhya-karika-of-iswara-krishna,,"Classical Sankhya summary text on ontology, causation, bondage, and release.",/library/books/the-sankhya-karika-of-iswara-krishna
51,The Sankhya Philosophy,Major BD Basu,darshana,https://drive.google.com/file/d/1tyBZFCbeBnljyowz0rEHBipUlniwXsV3/view?usp=sharing,https://drive.google.com/file/d/1tyBZFCbeBnljyowz0rEHBipUlniwXsV3/preview,the-sankhya-philosophy,/library/the-sankhya-philosophy,,"Translation or study of Sankhya metaphysics, dualism, and liberation theory.",/library/books/the-sankhya-philosophy
52,The Sankhya System by Keith,AB Keith,darshana,https://drive.google.com/file/d/1tBG8TSIkkW8m-o7noddQJLG_ij8K3VzV/view?usp=sharing,https://drive.google.com/file/d/1tBG8TSIkkW8m-o7noddQJLG_ij8K3VzV/preview,the-sankhya-system-by-keith,/library/the-sankhya-system-by-keith,,Scholarly account of Sankhya doctrine in historical and comparative perspective.,/library/books/the-sankhya-system-by-keith
53,The Vaisheshika Darshan,John Wells,darshana,https://drive.google.com/file/d/1KhbH7cA_j8ott32GEETWtQCJYshYTgnp/view?usp=sharing,https://drive.google.com/file/d/1KhbH7cA_j8ott32GEETWtQCJYshYTgnp/preview,the-vaisheshika-darshan,/library/the-vaisheshika-darshan,,"Presentation of the Vaisheshika system and its ontology of substances, qualities, and relations.",/library/books/the-vaisheshika-darshan
54,The Yogasutras of Patanjali,"Patanjali, translated by Sriram Lele",darshana,https://drive.google.com/file/d/1UGwg3WKPaB5fyDZD5VSBEfqt-gGzMtil/view?usp=sharing,https://drive.google.com/file/d/1UGwg3WKPaB5fyDZD5VSBEfqt-gGzMtil/preview,the-yogasutras-of-patanjali,/library/the-yogasutras-of-patanjali,,"Translation and explanation of Patanjali’s Yoga Sutras focused on discipline, concentration, and liberation.",/library/books/the-yogasutras-of-patanjali
55,Theories of Language,Korada Subrahmanyam,darshana,https://drive.google.com/file/d/1DkSmdPbOgQ-ZIQJayM2ipAR1R-n6Zut0/view?usp=sharing,https://drive.google.com/file/d/1DkSmdPbOgQ-ZIQJayM2ipAR1R-n6Zut0/preview,theories-of-language,/library/theories-of-language,,"Study of Indian theories of language, meaning, signification, and verbal cognition.",/library/books/theories-of-language
56,Yogasutra with Commentary of Madhavacharya,Madhvacharya,darshana,https://drive.google.com/file/d/1eVx1hKzC9VePwPjBdBs4xdJ3gnbjzRhQ/view?usp=sharing,https://drive.google.com/file/d/1eVx1hKzC9VePwPjBdBs4xdJ3gnbjzRhQ/preview,yogasutra-with-commentary-of-madhavacharya,/library/yogasutra-with-commentary-of-madhavacharya,,Yoga Sutra text accompanied by traditional commentary for philosophical and practical interpretation.,/library/books/yogasutra-with-commentary-of-madhavacharya
57,A Scheme for Knowledge Representation in Samskritam,P. Ramanujan,essentials,https://drive.google.com/file/d/1tddE3mX4Z-UOEY7nW5-FhQf6Hrupa3Zn/view?usp=sharing,https://drive.google.com/file/d/1tddE3mX4Z-UOEY7nW5-FhQf6Hrupa3Zn/preview,a-scheme-for-knowledge-representation-in-samskritam,/library/a-scheme-for-knowledge-representation-in-samskritam,"This paper explores the potential of utilizing traditional Samskritam shastraic literature as a sophisticated framework for knowledge representation in modern Artificial Intelligence. By examining the structural precision of ancient linguistic and logical systems—specifically Vyakarana (grammar), Nyaya (logic), and Mimamsa (interpretation)—the author proposes a technical scheme consisting of a comprehensive lexicon, an exhaustive knowledge base of sutras, and advanced analysis modules. The text emphasizes that the self-inference characteristics of Sanskrit and its rigorous ontological categorisation offer a unique, ready-made model for solving complex problems in Natural Language Processing and machine understanding. Ultimately, the work serves as a visionary bridge between classical Indian sciences and the contemporary requirements of Expert Systems and computational linguistics.",Paper exploring Sanskrit-based formal knowledge representation and semantic structuring.,/library/books/a-scheme-for-knowledge-representation-in-samskritam
58,Bhartṛhari’s Linguistic Ontology and the Semantics of Ātmanepada,Dilip Loundo,essentials,https://drive.google.com/file/d/1n9KZsS_anyTI8BZMWofVl3idUjU-Jmaw/view?usp=sharing,https://drive.google.com/file/d/1n9KZsS_anyTI8BZMWofVl3idUjU-Jmaw/preview,bhartrhari-linguistic-ontology-and-the-semantics-of-ātmanepada,/library/bhartṛhari’s-linguistic-ontology-and-the-semantics-of-ātmanepada,"In this academic article, Dilip Loundo explores the soteriological dimensions of the Sanskrit grammatical form known as ātmanepada, moving beyond mere linguistics to investigate its deeper philosophical and ontological implications. Drawing primarily on the Vākyapadīya by Bhartṛhari, the author argues that this specific verbal diathesis is not merely a technical rule but a transformative tool that suggests a purportful unity between the agent of an action and its results. By examining the concept of samvidhāna, or the act of making provisions, Loundo demonstrates how the usage of ātmanepada helps a practitioner transition from a fragmented worldly perspective to a realisation of the non-dual Brahman. Ultimately, the text positions traditional Indian grammar as a spiritual discipline capable of unveiling the foundational oneness that exists beneath the multiplicity of linguistic forms and human experiences.",Specialized study of Bhartrhari’s metaphysics of language and grammatical semantics.,/library/books/bhartrhari-linguistic-ontology-and-the-semantics-of-ātmanepada
59,Essential Coomaraswamy,Ananda Coomaraswamy,essentials,https://drive.google.com/file/d/1hQ4OMflfY02utUVfQE1O-S0YqhIcCWEA/view?usp=sharing,https://drive.google.com/file/d/1hQ4OMflfY02utUVfQE1O-S0YqhIcCWEA/preview,essential-coomaraswamy,/library/essential-coomaraswamy,,"General overview of Hindu tradition, covering its beliefs, practices, social vision, and intellectual foundations.",/library/books/essential-coomaraswamy
60,Future of Mankind,Sri Aurobindo,essentials,https://drive.google.com/file/d/1aQXaDXueakx75vMXFA_o6_qO0ZCUe0UU/view?usp=sharing,https://drive.google.com/file/d/1aQXaDXueakx75vMXFA_o6_qO0ZCUe0UU/preview,future-of-mankind,/library/future-of-mankind,,Civilizational reflection arguing for a spiritually grounded future rooted in perennial wisdom.,/library/books/future-of-mankind
61,Hindu Dharma,S. Radhakrishnan,essentials,https://drive.google.com/file/d/1IAJojnZld8U84tNW74FGwuDgGpqDlG6j/view?usp=sharing,https://drive.google.com/file/d/1IAJojnZld8U84tNW74FGwuDgGpqDlG6j/preview,hindu-dharma,/library/hindu-dharma,,"General account of Hindu dharma, its philosophical foundations, social vision, and practical disciplines.",/library/books/hindu-dharma
62,The Beautiful Tree,Dharampal,essentials,https://drive.google.com/file/d/1VvhuVLEPlGNd8lL-TLBkbqFvs4G96ZUU/view?usp=sharing,https://drive.google.com/file/d/1VvhuVLEPlGNd8lL-TLBkbqFvs4G96ZUU/preview,the-beautiful-tree,/library/the-beautiful-tree,,Historical argument about indigenous education in India before colonial disruption.,/library/books/the-beautiful-tree
63,The Knowledge Structure in the Amarakosha,Sivaja S. Nair,essentials,https://drive.google.com/file/d/19CJN5bcNq1UndBLxk5eyWNQdeZe-0bcY/view?usp=sharing,https://drive.google.com/file/d/19CJN5bcNq1UndBLxk5eyWNQdeZe-0bcY/preview,the-knowledge-structure-in-the-amarakosha,/library/the-knowledge-structure-in-the-amarakosha,,"Study of how the Amarakosha encodes categories, semantic relations, and systems of knowledge.",/library/books/the-knowledge-structure-in-the-amarakosha
64,The Vedas,Chandrasekharendra Saraswati,essentials,https://drive.google.com/file/d/1mi0sHxhYjrn3iSl8SUYxZ5BmQtdEXdOc/view?usp=sharing,https://drive.google.com/file/d/1mi0sHxhYjrn3iSl8SUYxZ5BmQtdEXdOc/preview,the-vedas,/library/the-vedas,,"General introduction to the Vedas, outlining their structure, themes, ritual setting, and long civilizational influence.",/library/books/the-vedas
65,Vākyapadīya,Bhartṛhari,essentials,https://drive.google.com/file/d/1LUf8YkhS7vF5m-9yvZymcidNXFKwE0Ff/view?usp=sharing,https://drive.google.com/file/d/1LUf8YkhS7vF5m-9yvZymcidNXFKwE0Ff/preview,vakyapadiya,/library/vakyapadiya,,"Foundational work of Bhartrhari on language, meaning, cognition, and the philosophy of linguistic unity.",/library/books/vakyapadiya
66,64 Arts in Ancient India,Anil Baran Ganguly,iks,https://drive.google.com/file/d/1guRUQOcOGyvMAGBJ3mcHTpQPpo9Am1Af/view?usp=sharing,https://drive.google.com/file/d/1guRUQOcOGyvMAGBJ3mcHTpQPpo9Am1Af/preview,64-arts-in-ancient-india,/library/64-arts-in-ancient-india,"This document explores the historical and cultural significance of the Sixty-Four Arts in Ancient India, a diverse collection of skills that defined a person of culture in antiquity. The text serves as an analytical guide to these kalās, which range from fine arts like music and painting to practical crafts, magic, and domestic sciences. By drawing on classical authorities such as Vātsyāyana’s Kāmasūtra, the author seeks to systematically classify these scattered traditions into a coherent study of ancient Indology.",Survey of the classical list of sixty-four arts and what it reveals about education and cultured accomplishment.,/library/books/64-arts-in-ancient-india
67,Amarakośaḥ Devanāgarī,Amarasiṃha,iks,https://drive.google.com/file/d/1Mo71tFXX4BI5sQWKhgdwN5jVXuyS_Yi0/view?usp=sharing,https://drive.google.com/file/d/1Mo71tFXX4BI5sQWKhgdwN5jVXuyS_Yi0/preview,amarakosha-devanagari,/library/amarakosha-devanagari,,Devanagari text of the Amarakosha for direct study of the classical Sanskrit lexicon.,/library/books/amarakosha-devanagari
68,Amarakosha English Translation,NG Sardesai,iks,https://drive.google.com/file/d/1Pc9OnqswOOwsPUAw6CKsnR5P0EiVJrcI/view?usp=sharing,https://drive.google.com/file/d/1Pc9OnqswOOwsPUAw6CKsnR5P0EiVJrcI/preview,amarakosha-english-translation,/library/amarakosha-english-translation,,"English translation of the Amarakosha, the classical Sanskrit lexicon arranged by semantic groupings.",/library/books/amarakosha-english-translation
69,Art Experience,M Hiriyanna,iks,https://drive.google.com/file/d/135wam3QUzI78yAh1vj2DTc3wjsFT1Q-6/view?usp=sharing,https://drive.google.com/file/d/135wam3QUzI78yAh1vj2DTc3wjsFT1Q-6/preview,art-experience,/library/art-experience,,"Reflection on art, meaning, symbolism, and the experience of beauty in Indian thought.",/library/books/art-experience
70,Hindustani Music,Lakshmi Sreeram,iks,https://drive.google.com/file/d/1s4kYAc9B3M0YfLORIEIaSO3s6YW0KyrU/view?usp=sharing,https://drive.google.com/file/d/1s4kYAc9B3M0YfLORIEIaSO3s6YW0KyrU/preview,hindustani-music,/library/hindustani-music,,"Overview of Hindustani music theory, form, pedagogy, and performance practice.",/library/books/hindustani-music
71,Historical Methods,Shonaleeka Kaul,iks,https://drive.google.com/file/d/1uqEwYY1DtB5lGyz8bYNrkqo9NuXZK8on/view?usp=sharing,https://drive.google.com/file/d/1uqEwYY1DtB5lGyz8bYNrkqo9NuXZK8on/preview,historical-methods,/library/historical-methods,,Discussion of historical method with relevance to Sanskrit and Indian civilizational sources.,/library/books/historical-methods
72,Ideas of History in Sanskrit Literature,RC Majumdar,iks,https://drive.google.com/file/d/1_4L9DDvP2fl8w2DIo8zvqTh3Ok-kabGJ/view?usp=sharing,https://drive.google.com/file/d/1_4L9DDvP2fl8w2DIo8zvqTh3Ok-kabGJ/preview,ideas-of-history-in-sanskrit-literature,/library/ideas-of-history-in-sanskrit-literature,,"Study of how historical consciousness appears in Sanskrit narrative, genealogy, and literary memory.",/library/books/ideas-of-history-in-sanskrit-literature
73,Illustrated Amarakosha in 4 Languages,Dr. H Madhav,iks,https://drive.google.com/file/d/18PTykhdjmHOX6LFy_445EhLEQsygTIsZ/view?usp=sharing,https://drive.google.com/file/d/18PTykhdjmHOX6LFy_445EhLEQsygTIsZ/preview,illustrated-amarakosha-in-4-languages,/library/illustrated-amarakosha-in-4-languages,,Multilingual and illustrated presentation of the Amarakosha for comparative and pedagogical use.,/library/books/illustrated-amarakosha-in-4-languages
74,Indian Concept of Performance,Bharat Gupt,iks,https://drive.google.com/file/d/1huvoPNcgjgVtrQTPdPA7z1iNbc3TjJFS/view?usp=sharing,https://drive.google.com/file/d/1huvoPNcgjgVtrQTPdPA7z1iNbc3TjJFS/preview,indian-concept-of-performance,/library/indian-concept-of-performance,,Study of performance as a conceptual and embodied category in Indian aesthetic theory.,/library/books/indian-concept-of-performance
75,Introduction to IKS,Kapil Kapoor,iks,https://drive.google.com/file/d/1RCURhZLxH8kwLZyzjmgCRGP7zOoKMksi/view?usp=sharing,https://drive.google.com/file/d/1RCURhZLxH8kwLZyzjmgCRGP7zOoKMksi/preview,introduction-to-iks,/library/introduction-to-iks,,"Survey introduction to Indian Knowledge Systems and their major domains, methods, and categories.",/library/books/introduction-to-iks
76,Introduction to Sanskrit Shabdamitra,"Kulkarni, Joshi et al",iks,https://drive.google.com/file/d/1JWP9UAlTdy9yGRDJxsZqQbicBtEp9vdt/view?usp=sharing,https://drive.google.com/file/d/1JWP9UAlTdy9yGRDJxsZqQbicBtEp9vdt/preview,introduction-to-sanskrit-shabdamitra,/library/introduction-to-sanskrit-shabdamitra,,"Introductory Sanskrit learning aid focused on vocabulary, forms, and basic usage.",/library/books/introduction-to-sanskrit-shabdamitra
77,"Language and Reality, World View of the Nyaya-Vaisesika System of Indian Philosophy",VN Jha,iks,https://drive.google.com/file/d/1DVFHqbViZltXHdn3in4VYJ2IWYJXW-Hd/view?usp=sharing,https://drive.google.com/file/d/1DVFHqbViZltXHdn3in4VYJ2IWYJXW-Hd/preview,language-and-reality-world-view-of-the-nyaya-vaisesika-system-of-indian-philosophy,/library/language-and-reality-world-view-of-the-nyaya-vaisesika-system-of-indian-philosophy,,"Study of how Nyaya-Vaisheshika links language, ontology, and realism.",/library/books/language-and-reality-world-view-of-the-nyaya-vaisesika-system-of-indian-philosophy
78,On Natyashastra,Bharat Gupt,iks,https://drive.google.com/file/d/1Ny3kgUqHSHBHymUWMHl_9tmLr7vZ9Hyv/view?usp=sharing,https://drive.google.com/file/d/1Ny3kgUqHSHBHymUWMHl_9tmLr7vZ9Hyv/preview,on-natyashastra,/library/on-natyashastra,,"Introductory or interpretive study of the Natyashastra and its framework for drama, performance, and rasa.",/library/books/on-natyashastra
79,On the Nature of Mathematics and Scientific Knowledge in Indian Tradition,MD Srinivas,iks,https://drive.google.com/file/d/1P0-yG9CrDnptJrEeQN6UmL0hzU4j1oRp/view?usp=sharing,https://drive.google.com/file/d/1P0-yG9CrDnptJrEeQN6UmL0hzU4j1oRp/preview,on-the-nature-of-mathematics-and-scientific-knowledge-in-indian-tradition,/library/on-the-nature-of-mathematics-and-scientific-knowledge-in-indian-tradition,,"Study of how Indian traditions theorized mathematics, knowledge, and scientific reasoning.",/library/books/on-the-nature-of-mathematics-and-scientific-knowledge-in-indian-tradition
80,The Kalās,A Venkatasubbiah,iks,https://drive.google.com/file/d/1avYnodi1hCBWD6JaZL3ERa_HljqqbP4y/view?usp=sharing,https://drive.google.com/file/d/1avYnodi1hCBWD6JaZL3ERa_HljqqbP4y/preview,the-kalas,/library/the-kalas,,"Work on Indian Knowledge Systems, bringing traditional categories into conversation with practice, theory, or pedagogy.",/library/books/the-kalas
81,A Practical Sanskrit Introductory,C Wikner,sanskrit,https://drive.google.com/file/d/1eAMCw6xYNSb_wZbROj3WhztTJ6aMzACg/view?usp=sharing,https://drive.google.com/file/d/1eAMCw6xYNSb_wZbROj3WhztTJ6aMzACg/preview,a-practical-sanskrit-introductory,/library/a-practical-sanskrit-introductory,"This educational manual provides a comprehensive introduction to Sanskrit, focusing on a practical, intuitive grasp of the language rather than the mechanical memorisation of rules. The text is systematically divided into lessons that address the alphabet and phonetics (Svara and Vyañjana), the nuances of sentence structure and inflection, and the complex principles of euphonic combination known as Sandhi. By integrating grammatical theory with flashcards and exercises, the guide equips students with the essential tools to navigate Monier-Williams’ etymological dictionary and the Dhātu-Pātha. Ultimately, the course serves as a bridge to the study of sacred scriptures, encouraging learners to look past literal translations to find the profound spiritual meaning embedded within the etymology of the original Sanskrit roots.",Beginner-oriented introduction to Sanskrit language and basic grammar.,/library/books/a-practical-sanskrit-introductory
82,Sanskrit Grammar,WD Whitney,sanskrit,https://drive.google.com/file/d/1YPbMWcvJPabh_V9pvXDeYLeuheLRL7j7/view?usp=sharing,https://drive.google.com/file/d/1YPbMWcvJPabh_V9pvXDeYLeuheLRL7j7/preview,sanskrit-grammar,/library/sanskrit-grammar,,"Reference-style overview of Sanskrit grammar, inflection, and syntax.",/library/books/sanskrit-grammar
83,Agni Purana,,scriptural,https://drive.google.com/file/d/1s-BkpsITKQ3GCPSGgJ_zILBv5Xk645GA/view?usp=sharing,https://drive.google.com/file/d/1s-BkpsITKQ3GCPSGgJ_zILBv5Xk645GA/preview,agni-purana,/library/agni-purana,"Agni Purana, an ancient encyclopaedic scripture that outlines the essential knowledge of the Brahman as narrated by the fire-god Agni. It serves as an extensive manual for religious ritual and temple architecture, detailing the precise methods for consecrating idols, constructing sacred edifices, and performing purification rites. Beyond theology, the text encompasses a vast array of secular and practical subjects, including military strategy, the medicinal properties of plants, the governance of a kingdom, and the complex laws of inheritance and judicial disputes. Ultimately, the work functions as a spiritual and worldly guide, aiming to provide the reader with the tools for both earthly prosperity and final emancipation from the cycle of existence.","Edition or translation of the Agni Purana, an encyclopedic Purana covering cosmology, ritual, iconography, kingship, and sacred practice.",/library/books/agni-purana
84,Aitareya Upanishad,,scriptural,https://drive.google.com/file/d/1uD7CZTqpqF29hZce2pdlEQlMwN8jnIDL/view?usp=sharing,https://drive.google.com/file/d/1uD7CZTqpqF29hZce2pdlEQlMwN8jnIDL/preview,aitareya-upanishad,/library/aitareya-upanishad,"This 1923 publication represents the fifth volume in a series dedicated to providing an English translation of the Aitareya and Taittiriya Upanishads, accompanied by the influential commentary of Sri Sankara. Published in Madras by V. C. Seshacharri and dedicated to the prominent theosophist Dr Annie Besant, the work aims to bridge the gap between ancient Sanskrit philosophy and modern English-speaking audiences through a rigorous yet accessible rendering. The text emphasizes that emancipation is achieved through knowledge alone, specifically the realization of the A'tman or the Supreme Self, rather than through ritualistic actions or worldly deeds. Within these pages, the unity of Brahman is explored as the ultimate reality that transcends the distinctions of the material world, offering a path to fearlessness and immortality by removing the illusions of ignorance. Ultimately, the volume serves as both a scholarly resource and a spiritual guide, preserving the profound insights of Eastern religious philosophy for a global readership.","English edition or translation of the Aitareya Upanishad, highlighting creation, consciousness, and the identity of the self with ultimate reality.",/library/books/aitareya-upanishad
85,Bhagavata Purana,,scriptural,https://drive.google.com/file/d/17UCt2G9nPBw3wde2YVmyhIM3WysNJjPC/view?usp=sharing,https://drive.google.com/file/d/17UCt2G9nPBw3wde2YVmyhIM3WysNJjPC/preview,bhagavata-purana,/library/bhagavata-purana,,"Edition or translation of the Bhagavata Purana, a major Vaishnava Purana centered on Krishna, bhakti, cosmology, and liberation.",/library/books/bhagavata-purana
86,Brahma Purana,,scriptural,https://drive.google.com/file/d/1iJZbIVRa92DpHJ3OuInbxmujMa09mgGi/view?usp=sharing,https://drive.google.com/file/d/1iJZbIVRa92DpHJ3OuInbxmujMa09mgGi/preview,brahma-purana,/library/brahma-purana,,"Edition or translation of the Brahma Purana, creation narratives, sacred geography, pilgrimage, ritual life, and dynastic lore.",/library/books/brahma-purana
87,Brahmanda Purana,,scriptural,https://drive.google.com/file/d/1cE-vLOPRLz6hVsVS7-sI_xX6TWPiIKBQ/view?usp=sharing,https://drive.google.com/file/d/1cE-vLOPRLz6hVsVS7-sI_xX6TWPiIKBQ/preview,brahmanda-purana,/library/brahmanda-purana,,"Edition or translation of the Brahmanda Purana, cosmology, cycles of time, genealogies, and later devotional theology.",/library/books/brahmanda-purana
88,Brhadaranyak Upanishad,,scriptural,https://drive.google.com/file/d/12NqFEUQzW9uhLdl83qEmEeMHcFVrg8Mj/view?usp=sharing,https://drive.google.com/file/d/12NqFEUQzW9uhLdl83qEmEeMHcFVrg8Mj/preview,brhadaranyak-upanishad,/library/brhadaranyak-upanishad,,"English edition or translation of the Brhadaranyak Upanishad, highlighting selfhood, negation, sacrifice, and the search for brahman.",/library/books/brhadaranyak-upanishad
89,Chandogya Upanishad,,scriptural,https://drive.google.com/file/d/1fszMypL_NvM4JgsMA0QJUO8QBHNT4nBy/view?usp=sharing,https://drive.google.com/file/d/1fszMypL_NvM4JgsMA0QJUO8QBHNT4nBy/preview,chandogya-upanishad,/library/chandogya-upanishad,,"English edition or translation of the Chandogya Upanishad, highlighting meditation, sacred speech, ritual symbolism, and the teaching of tat tvam asi.",/library/books/chandogya-upanishad
90,Garuda Purana,,scriptural,https://drive.google.com/file/d/1fH67zUUVd_vzn6qEGndIN4UowLLhtw_M/view?usp=sharing,https://drive.google.com/file/d/1fH67zUUVd_vzn6qEGndIN4UowLLhtw_M/preview,garuda-purana,/library/garuda-purana,,"Edition or translation of the Garuda Purana, afterlife teachings, funerary rites, ethics, cosmology, and Vaishnava doctrine.",/library/books/garuda-purana
91,Geography of the Puranas,MA Ali,scriptural,https://drive.google.com/file/d/1_ydcBSJ51t4GgQtNIIuQ-gOZV_hA5FTn/view?usp=sharing,https://drive.google.com/file/d/1_ydcBSJ51t4GgQtNIIuQ-gOZV_hA5FTn/preview,geography-of-the-puranas,/library/geography-of-the-puranas,,"Edition or translation of the Geography of the Puranas, a Purana text combining mythology, cosmology, ritual observance, and sacred geography.",/library/books/geography-of-the-puranas
92,Harivansha Purana,,scriptural,https://drive.google.com/file/d/1oVPgSeJ9oEQZ9ybdAH8p8QOnrxPRAVz6/view?usp=sharing,https://drive.google.com/file/d/1oVPgSeJ9oEQZ9ybdAH8p8QOnrxPRAVz6/preview,harivansha-purana,/library/harivansha-purana,,"Edition or translation of the Harivansha Purana, Krishna lineage narratives and cosmological material closely tied to the Mahabharata tradition.",/library/books/harivansha-purana
93,Isha Upanishad,,scriptural,https://drive.google.com/file/d/1T5GP-VdefS43HqaECrErbMmIx5JmzSwW/view?usp=sharing,https://drive.google.com/file/d/1T5GP-VdefS43HqaECrErbMmIx5JmzSwW/preview,isha-upanishad,/library/isha-upanishad,,"English edition or translation of the Isha Upanishad, highlighting renunciation, action, inner self, and the relation between knowledge and world-engagement.",/library/books/isha-upanishad
94,Katha Upanishad,,scriptural,https://drive.google.com/file/d/1ZNcHFtFCTX_wPuJ7elnN2gvqq2nNDnP7/view?usp=sharing,https://drive.google.com/file/d/1ZNcHFtFCTX_wPuJ7elnN2gvqq2nNDnP7/preview,katha-upanishad,/library/katha-upanishad,,"English edition or translation of the Katha Upanishad, highlighting death, the self, disciplined choice, and liberation through insight.",/library/books/katha-upanishad
95,Kena Upanishad,,scriptural,https://drive.google.com/file/d/15sq0Cx-3hV-iF7F0styMnuewYU1ZG_fl/view?usp=sharing,https://drive.google.com/file/d/15sq0Cx-3hV-iF7F0styMnuewYU1ZG_fl/preview,kena-upanishad,/library/kena-upanishad,,"English edition or translation of the Kena Upanishad, highlighting the limits of ordinary cognition and the grounding of mind and speech in brahman.",/library/books/kena-upanishad
96,Kurma Purana,,scriptural,https://drive.google.com/file/d/1JUhP9jMLDFqIaS5oynB-K35E0oDMgaAH/view?usp=sharing,https://drive.google.com/file/d/1JUhP9jMLDFqIaS5oynB-K35E0oDMgaAH/preview,kurma-purana,/library/kurma-purana,,"Edition or translation of the Kurma Purana, cosmology, pilgrimage, dharma, and sectarian theology in dialogic form.",/library/books/kurma-purana
97,Linga Purana,,scriptural,https://drive.google.com/file/d/17He7PLaXOLyDwIOAZyMwX5xElPiTwLEv/view?usp=sharing,https://drive.google.com/file/d/17He7PLaXOLyDwIOAZyMwX5xElPiTwLEv/preview,linga-purana,/library/linga-purana,,"Edition or translation of the Linga Purana, Shaiva theology of the linga alongside cosmology, vows, and sacred geography.",/library/books/linga-purana
98,Maitrayaniya Upanishad,,scriptural,https://drive.google.com/file/d/1i-MVcGFrSI3vLO_kiSl6VY-cFY6bAiHq/view?usp=sharing,https://drive.google.com/file/d/1i-MVcGFrSI3vLO_kiSl6VY-cFY6bAiHq/preview,maitrayaniya-upanishad,/library/maitrayaniya-upanishad,,"English edition or translation of the Maitrayaniya Upanishad, highlighting self-knowledge, mind, time, cosmology, and yogic discipline.",/library/books/maitrayaniya-upanishad
99,Mandukya Upanishad,,scriptural,https://drive.google.com/file/d/1J_AlFNFN2Ql8oW3BIXQg29FN0synysJK/view?usp=sharing,https://drive.google.com/file/d/1J_AlFNFN2Ql8oW3BIXQg29FN0synysJK/preview,mandukya-upanishad,/library/mandukya-upanishad,,"English edition or translation of the Mandukya Upanishad, highlighting Om, waking-dream-sleep states, and the non-dual fourth state.",/library/books/mandukya-upanishad
100,Markandeya Purana,,scriptural,https://drive.google.com/file/d/17qu-HCQUvoX-BUHNF59o77FFNBLFripq/view?usp=sharing,https://drive.google.com/file/d/17qu-HCQUvoX-BUHNF59o77FFNBLFripq/preview,markandeya-purana,/library/markandeya-purana,,"Edition or translation of the Markandeya Purana, mythic and ethical narrative best known for the Devi Mahatmya and broader cosmological material.",/library/books/markandeya-purana
101,Matsya Purana,,scriptural,https://drive.google.com/file/d/1ug_MQnXPtP48Fz0yF55O2TkzZvjAhYhr/view?usp=sharing,https://drive.google.com/file/d/1ug_MQnXPtP48Fz0yF55O2TkzZvjAhYhr/preview,matsya-purana,/library/matsya-purana,,"Edition or translation of the Matsya Purana, the flood myth together with temple, iconographic, genealogical, and pilgrimage material.",/library/books/matsya-purana
102,Mundaka Upanishad,,scriptural,https://drive.google.com/file/d/1ppbiiU3GpwKLMipmFc4KBNspxXd9gvAP/view?usp=sharing,https://drive.google.com/file/d/1ppbiiU3GpwKLMipmFc4KBNspxXd9gvAP/preview,mundaka-upanishad,/library/mundaka-upanishad,,"English edition or translation of the Mundaka Upanishad, highlighting higher and lower knowledge, brahman, renunciation, and liberation.",/library/books/mundaka-upanishad
103,Narada Purana,,scriptural,https://drive.google.com/file/d/1jGS76XitYSECoS2kmNhMiRaDc1O3-pG6/view?usp=sharing,https://drive.google.com/file/d/1jGS76XitYSECoS2kmNhMiRaDc1O3-pG6/preview,narada-purana,/library/narada-purana,,"Edition or translation of the Narada Purana, ritual, devotion, pilgrimage, and religious observance in a Purana compendium format.",/library/books/narada-purana
104,Padma Purana,,scriptural,https://drive.google.com/file/d/15GkjGuQitTueHK4q-36bdPivtjqHCL7R/view?usp=sharing,https://drive.google.com/file/d/15GkjGuQitTueHK4q-36bdPivtjqHCL7R/preview,padma-purana,/library/padma-purana,,"Edition or translation of the Padma Purana, creation, pilgrimage, dharma, sacred places, and large Vaishnava devotional sections.",/library/books/padma-purana
105,Prashna Upanishad,,scriptural,https://drive.google.com/file/d/1WkIBhFaioNogeWWT3Ty-GQodnl8sz36p/view?usp=sharing,https://drive.google.com/file/d/1WkIBhFaioNogeWWT3Ty-GQodnl8sz36p/preview,prashna-upanishad,/library/prashna-upanishad,,"English edition or translation of the Prashna Upanishad, highlighting six questions on prana, cosmology, Om, and the inner self.",/library/books/prashna-upanishad
106,Shiva Purana,,scriptural,https://drive.google.com/file/d/19edtBRnMu8nNr4ffaxK7W868xC8bxHBf/view?usp=sharing,https://drive.google.com/file/d/19edtBRnMu8nNr4ffaxK7W868xC8bxHBf/preview,shiva-purana,/library/shiva-purana,,"Edition or translation of the Shiva Purana, myths, worship, cosmology, and theology centered on Shiva.",/library/books/shiva-purana
107,Skanda Purana,,scriptural,https://drive.google.com/file/d/1Gg2jPa3WQgFg9F_2JTNXMvBCSdyFeYoa/view?usp=sharing,https://drive.google.com/file/d/1Gg2jPa3WQgFg9F_2JTNXMvBCSdyFeYoa/preview,skanda-purana,/library/skanda-purana,,"Edition or translation of the Skanda Purana, a vast pilgrimage-oriented Purana organized around sacred geography and regional mahatmyas.",/library/books/skanda-purana
108,Taittiriya Upanishad,,scriptural,https://drive.google.com/file/d/1V2HS5_4HPz-v22u6ENuN9h4uqrsABDUb/view?usp=sharing,https://drive.google.com/file/d/1V2HS5_4HPz-v22u6ENuN9h4uqrsABDUb/preview,taittiriya-upanishad,/library/taittiriya-upanishad,,"English edition or translation of the Taittiriya Upanishad, highlighting the sheaths of the self, brahman as bliss, and the transmission of Vedic learning.",/library/books/taittiriya-upanishad
109,Vamana Purana,,scriptural,https://drive.google.com/file/d/1kDdyCqQukKnfbwQpoSNZBrd1dbpjUf0S/view?usp=sharing,https://drive.google.com/file/d/1kDdyCqQukKnfbwQpoSNZBrd1dbpjUf0S/preview,vamana-purana,/library/vamana-purana,,"Edition or translation of the Vamana Purana, mythic narrative, pilgrimage, and Vaishnava themes around the Vamana tradition.",/library/books/vamana-purana
110,Varaha Purana,,scriptural,https://drive.google.com/file/d/1TM-iGkOTNtq62LmsUuEFNno7TD-Z9iFp/view?usp=sharing,https://drive.google.com/file/d/1TM-iGkOTNtq62LmsUuEFNno7TD-Z9iFp/preview,varaha-purana,/library/varaha-purana,,"Edition or translation of the Varaha Purana, Vaishnava cosmology, ritual observance, pilgrimage, and the Varaha incarnation.",/library/books/varaha-purana
111,Vayu Purana,,scriptural,https://drive.google.com/file/d/1gPv9RvdnLy2a-wBKiXLkfSHnehtYEclz/view?usp=sharing,https://drive.google.com/file/d/1gPv9RvdnLy2a-wBKiXLkfSHnehtYEclz/preview,vayu-purana,/library/vayu-purana,,"Edition or translation of the Vayu Purana, cosmology, genealogies, dynastic memory, and ancient sacred lore.",/library/books/vayu-purana
112,Vishnu Purana,,scriptural,https://drive.google.com/file/d/1d9-mtgY3brugX-OnLh52faVSXP7ZHJPS/view?usp=sharing,https://drive.google.com/file/d/1d9-mtgY3brugX-OnLh52faVSXP7ZHJPS/preview,vishnu-purana,/library/vishnu-purana,,"Edition or translation of the Vishnu Purana, creation, dynasties, avatara doctrine, cosmology, and dharma in a foundational Vaishnava Purana.",/library/books/vishnu-purana
113,Light of the Vedas,David Frawley,svayambodha,https://drive.google.com/file/d/1vRMqUszKUxpo0nY4hAvOyAWTASKKm8OL/view?usp=sharing,https://drive.google.com/file/d/1vRMqUszKUxpo0nY4hAvOyAWTASKKm8OL/preview,light-of-the-vedas,/library/light-of-the-vedas,,"Newsletter-style reflections and essays on Vedic spirituality, leadership, and contemporary applications of Vedic thought.",/library/books/light-of-the-vedas
114,Argument and Design the Unity of the Mahabharata,"Vishwa Adluri, Joydeep Bagchee",svayambodha,https://drive.google.com/file/d/1Jxn5CfePIAOzfAz5SzwHu-f2yb6dIJb2/view?usp=sharing,https://drive.google.com/file/d/1Jxn5CfePIAOzfAz5SzwHu-f2yb6dIJb2/preview,argument-and-design-the-unity-of-the-mahabharata,/library/argument-and-design-the-unity-of-the-mahabharata,,Study arguing for the literary and philosophical unity of the Mahabharata against fragmenting critical models.,/library/books/argument-and-design-the-unity-of-the-mahabharata
115,Arthashastra,Kautilya,svayambodha,https://drive.google.com/file/d/1jp-zm0X01emg2MwEebSEM_mut_FHfXE8/view?usp=sharing,https://drive.google.com/file/d/1jp-zm0X01emg2MwEebSEM_mut_FHfXE8/preview,arthashastra,/library/arthashastra,"Kautilya’s Arthashastra serves as a comprehensive ancient Indian compendium on statecraft, outlining the systematic acquisition and maintenance of the earth. The text is meticulously structured into fifteen books that progress from the personal discipline of a king and the management of government departments to complex strategies for war, diplomacy, and law. Central to its philosophy is the idea that a ruler’s success depends on restraint of the senses and the diligent oversight of a vast espionage network to maintain internal and external security. Ultimately, the work functions as a practical science of polity, emphasizing that the prosperity of a nation is inextricably linked to the moral character and administrative efficiency of its sovereign.","Classical treatise on statecraft, administration, diplomacy, economy, espionage, and royal governance.",/library/books/arthashastra
116,Civil Disobedience in Indian Tradition,Dharampal,svayambodha,https://drive.google.com/file/d/15qmMYXdzQ4jIGWyZbMSR0VN7vOkbOPvo/view?usp=sharing,https://drive.google.com/file/d/15qmMYXdzQ4jIGWyZbMSR0VN7vOkbOPvo/preview,civil-disobedience-in-indian-tradition,/library/civil-disobedience-in-indian-tradition,,"Study of resistance, legitimacy, and non-cooperation within Indian political and ethical traditions.",/library/books/civil-disobedience-in-indian-tradition
117,"Essays on Tradition, Recovery and Freedom",Dharampal,svayambodha,https://drive.google.com/file/d/1iOelTnMYIULGX2ZeOEgMr89fs4K7mdo-/view?usp=sharing,https://drive.google.com/file/d/1iOelTnMYIULGX2ZeOEgMr89fs4K7mdo-/preview,essays-on-tradition-recovery-and-freedom,/library/essays-on-tradition-recovery-and-freedom,,"Essays on cultural continuity, intellectual decolonization, and the recovery of civilizational freedom.",/library/books/essays-on-tradition-recovery-and-freedom
118,Gandhis Theory of Society and Our Times,AK Saran,svayambodha,https://drive.google.com/file/d/1360vlgesvWkjoF_9bl8_8KxRGL50M2g6/view?usp=sharing,https://drive.google.com/file/d/1360vlgesvWkjoF_9bl8_8KxRGL50M2g6/preview,gandhis-theory-of-society-and-our-times,/library/gandhis-theory-of-society-and-our-times,,"Interpretive study of Gandhi’s social philosophy, moral politics, and continuing relevance.",/library/books/gandhis-theory-of-society-and-our-times
119,Hermeneutics and Narrative Architecture,Vishwa Adluri,svayambodha,https://drive.google.com/file/d/11LlMWF6h25_xRhxchxOdSpQPaaTY7mA2/view?usp=sharing,https://drive.google.com/file/d/11LlMWF6h25_xRhxchxOdSpQPaaTY7mA2/preview,hermeneutics-and-narrative-architecture,/library/hermeneutics-and-narrative-architecture,,Study of how interpretive method and narrative design work together in Sanskrit epic literature.,/library/books/hermeneutics-and-narrative-architecture
121,Indian Science and Technology in the 18th Century,Dharampal,svayambodha,https://drive.google.com/file/d/1Nwpm2exAPUtg8Eh8CLTtvSUy1M2ZFTOp/view?usp=sharing,https://drive.google.com/file/d/1Nwpm2exAPUtg8Eh8CLTtvSUy1M2ZFTOp/preview,indian-science-and-technology-in-the-18th-century,/library/indian-science-and-technology-in-the-18th-century,,Documentary study of scientific and technical practices in early modern India.,/library/books/indian-science-and-technology-in-the-18th-century
122,Katha Sarit Sagar,C.H. Tawney,svayambodha,https://drive.google.com/file/d/1YkyEURhpW134CrqY0uNjYGs4nJ5gulty/view?usp=sharing,https://drive.google.com/file/d/1YkyEURhpW134CrqY0uNjYGs4nJ5gulty/preview,katha-sarit-sagar,/library/katha-sarit-sagar,,"Large compendium of narrative literature preserving story cycles, moral reflection, and courtly imagination.",/library/books/katha-sarit-sagar
123,Panchayat Raj and India's Polity,Dharampal,svayambodha,https://drive.google.com/file/d/1JkDwTewuIgptNxQF_C66xiSI55g8WByA/view?usp=sharing,https://drive.google.com/file/d/1JkDwTewuIgptNxQF_C66xiSI55g8WByA/preview,panchayat-raj-and-indias-polity,/library/panchayat-raj-and-indias-polity,,Study of village governance and decentralized political structures in Indian constitutional and civilizational context.,/library/books/panchayat-raj-and-indias-polity
124,Prolegomena to any Future Mahabharata Studies,"Vishwa Adluri, Joydeep Bagchee",svayambodha,https://drive.google.com/file/d/1AOtRcJfOtYWUhSXvasSyc-Ge4KJYiqdm/view?usp=sharing,https://drive.google.com/file/d/1AOtRcJfOtYWUhSXvasSyc-Ge4KJYiqdm/preview,prolegomena-to-any-future-mahabharata-studies,/library/prolegomena-to-any-future-mahabharata-studies,,"Methodological essay rethinking how the Mahabharata should be studied, edited, and interpreted.",/library/books/prolegomena-to-any-future-mahabharata-studies
125,Rajatarangini,Ranjit Sitaram Pandit,svayambodha,https://drive.google.com/file/d/1XvjoK2xm12QQjyw45wQPC9Db4zMzCp-K/view?usp=sharing,https://drive.google.com/file/d/1XvjoK2xm12QQjyw45wQPC9Db4zMzCp-K/preview,rajatarangini,/library/rajatarangini,,"Chronicle of Kashmir that blends political history, dynastic memory, and literary historiography.",/library/books/rajatarangini
126,Rediscovering India,Dharampal,svayambodha,https://drive.google.com/file/d/18JNuoIMZYyjgB9KI0FqC-fm5_oZyhk_V/view?usp=sharing,https://drive.google.com/file/d/18JNuoIMZYyjgB9KI0FqC-fm5_oZyhk_V/preview,rediscovering-india,/library/rediscovering-india,,"Essays aimed at recovering Indian civilizational categories, intellectual memory, and cultural self-knowledge.",/library/books/rediscovering-india
127,Rigveda a Historical Analysis,Shrikant Talageri,svayambodha,https://drive.google.com/file/d/1Ma08Fx2vA6WUqEC_EsWv-G-Lqb34vKDQ/view?usp=sharing,https://drive.google.com/file/d/1Ma08Fx2vA6WUqEC_EsWv-G-Lqb34vKDQ/preview,rigveda-a-historical-analysis,/library/rigveda-a-historical-analysis,,"Historical reading of the Rigveda that uses textual evidence to discuss chronology, culture, and social setting.",/library/books/rigveda-a-historical-analysis
128,The Crisis of Hinduism,AK Saran,svayambodha,https://drive.google.com/file/d/1rPxlVH1bsAm_8PHITfGzIvt1dYjfps7s/view?usp=sharing,https://drive.google.com/file/d/1rPxlVH1bsAm_8PHITfGzIvt1dYjfps7s/preview,the-crisis-of-hinduism,/library/the-crisis-of-hinduism,,"Reflection on modern challenges facing Hindu civilizational confidence, continuity, and self-understanding.",/library/books/the-crisis-of-hinduism
129,The Perils of Textual Transmission,Vishwa Adluri,svayambodha,https://drive.google.com/file/d/1rFb1VCw0CWhfTcUSoU0u6vPGaW6wZer5/view?usp=sharing,https://drive.google.com/file/d/1rFb1VCw0CWhfTcUSoU0u6vPGaW6wZer5/preview,the-perils-of-textual-transmission,/library/the-perils-of-textual-transmission,,Scholarly work on Indian thought and civilization with relevance to the themes signaled by its title.,/library/books/the-perils-of-textual-transmission
130,The Redemption of the Brahman,"Vishwa Adluri, Joydeep Bagchee",svayambodha,https://drive.google.com/file/d/1CxGXWLe7GW2pntTDXFwYrR1SctwoIuBk/view?usp=sharing,https://drive.google.com/file/d/1CxGXWLe7GW2pntTDXFwYrR1SctwoIuBk/preview,the-redemption-of-the-brahman,/library/the-redemption-of-the-brahman,,Interpretive essay on the figure of the Brahman and debates about textual and cultural transformation.,/library/books/the-redemption-of-the-brahman
131,The Riks,Shri Paramasiva Iyer,svayambodha,https://drive.google.com/file/d/1XsUMV-pEdvMIAJp10w2kRfv4PRjQWTio/view?usp=sharing,https://drive.google.com/file/d/1XsUMV-pEdvMIAJp10w2kRfv4PRjQWTio/preview,the-riks,/library/the-riks,,"Selection and interpretation of Rigvedic hymns highlighting poetic vision, symbolism, and early Vedic spirituality.",/library/books/the-riks
132,The Secret of the Veda,Sri Aurobindo,svayambodha,https://drive.google.com/file/d/1j7F0YcMnyNulw4o4_5VBe2HJ7W75QhgY/view?usp=sharing,https://drive.google.com/file/d/1j7F0YcMnyNulw4o4_5VBe2HJ7W75QhgY/preview,the-secret-of-the-veda,/library/the-secret-of-the-veda,,Sri Aurobindo’s symbolic interpretation of the Vedic hymns as spiritual and psychological texts rather than merely ritual documents.,/library/books/the-secret-of-the-veda
133,Treatise on Rigveda,Vedayana,svayambodha,https://drive.google.com/file/d/1O1MsRI4EpywmIFpv-V43uDk3aEhEtSRl/view?usp=sharing,https://drive.google.com/file/d/1O1MsRI4EpywmIFpv-V43uDk3aEhEtSRl/preview,treatise-on-rigveda,/library/treatise-on-rigveda,,"Extended interpretive study of the Rigveda with attention to language, symbolism, and historical understanding.",/library/books/treatise-on-rigveda
134,Wisdom of the Ancient Seers,David Frawley,svayambodha,https://drive.google.com/file/d/1CjxAD0ZnerKxmVsvCTkg75MeeYTdwwbf/view?usp=sharing,https://drive.google.com/file/d/1CjxAD0ZnerKxmVsvCTkg75MeeYTdwwbf/preview,wisdom-of-the-ancient-seers,/library/wisdom-of-the-ancient-seers,,Introductory reflections on Vedic and Upanishadic insight framed for modern readers.,/library/books/wisdom-of-the-ancient-seers
135,Logic of Rig Vedic Geography,Shrikant Talageri,aryanissue,https://talageri.blogspot.com/2020/05/the-logic-of-rigvedic-geography_6.html,https://talageri.blogspot.com/2020/05/the-logic-of-rigvedic-geography_6.html,logic-of-rig-vedic-geography,https://talageri.blogspot.com/2020/05/the-logic-of-rigvedic-geography_6.html,,,
136,Ikshvakus in the Rig Veda,Shrikant Talageri,aryanissue,https://talageri.blogspot.com/2020/05/the-iksvakus-in-rigveda.html,https://talageri.blogspot.com/2020/05/the-iksvakus-in-rigveda.html,ikshvakus-in-the-rig-veda,https://talageri.blogspot.com/2020/05/the-iksvakus-in-rigveda.html,,,
137,Identity of the Enemies of Sudas,Shrikant Talageri,aryanissue,https://talageri.blogspot.com/2020/04/the-identity-of-enemies-of-sudas-in.html,https://talageri.blogspot.com/2020/04/the-identity-of-enemies-of-sudas-in.html,identity-of-the-enemies-of-sudas,https://talageri.blogspot.com/2020/04/the-identity-of-enemies-of-sudas-in.html,,,
138,Dravidian Connections to Rig Veda and Harappa,Shrikant Talageri,aryanissue,https://talageri.blogspot.com/2019/10/dravidian-connections-with-harappan.html,https://talageri.blogspot.com/2019/10/dravidian-connections-with-harappan.html,dravidian-connections-to-rig-veda-and-harappa,https://talageri.blogspot.com/2019/10/dravidian-connections-with-harappan.html,,,
139,Dravidian and Pan-Indian Nature of Hinduism,Shrikant Talageri,aryanissue,https://talageri.blogspot.com/2019/10/the-primarily-dravidian-and-pan-indian_30.html,https://talageri.blogspot.com/2019/10/the-primarily-dravidian-and-pan-indian_30.html,dravidian-and-pan-indian-nature-of-hinduism,https://talageri.blogspot.com/2019/10/the-primarily-dravidian-and-pan-indian_30.html,,,
140,Pūrva-pakṣa of Sheldon Pollock's use of Chronology,"Manogna Sastry, Megh Kalyanasundaram",aryanissue,https://www.academia.edu/45189821/P%C5%ABrva_pak%E1%B9%A3a_of_Sheldon_Pollocks_use_of_Chronology_2016_,https://www.academia.edu/45189821/P%C5%ABrva_pak%E1%B9%A3a_of_Sheldon_Pollocks_use_of_Chronology_2016_,purva-paksha-of-sheldon-pollocks-use-of-chronology,https://www.academia.edu/45189821/P%C5%ABrva_pak%E1%B9%A3a_of_Sheldon_Pollocks_use_of_Chronology_2016_,,,
141,Vanishing Rivers Yesterdays Sarasvati Todays Ganga,Michel Danino,aryanissue,https://www.academia.edu/30800576/Vanishing_Rivers_Yesterdays_Sarasvati_Todays_Ganges,https://www.academia.edu/30800576/Vanishing_Rivers_Yesterdays_Sarasvati_Todays_Ganges,vanishing-rivers-yesterdays-sarasvati-todays-ganga,https://www.academia.edu/30800576/Vanishing_Rivers_Yesterdays_Sarasvati_Todays_Ganges,,,
142,Sarasvatī in the Mahābhārata - A Study,Sastry and Kalyanasundaram,aryanissue,https://www.academia.edu/38369132/Sarasvat%C4%AB_in_the_Mah%C4%81bh%C4%81rata_A_Study_Sastry_and_Kalyanasundaram_2019_pdf,https://www.academia.edu/38369132/Sarasvat%C4%AB_in_the_Mah%C4%81bh%C4%81rata_A_Study_Sastry_and_Kalyanasundaram_2019_pdf,sarasvati-in-the-mahabharata,https://www.academia.edu/38369132/Sarasvat%C4%AB_in_the_Mah%C4%81bh%C4%81rata_A_Study_Sastry_and_Kalyanasundaram_2019_pdf,,,
143,The Sarasvati River Issues And Debates,Michel Danino,aryanissue,https://www.academia.edu/39719725/The_Sarasvati_River_Issues_and_Debates,https://www.academia.edu/39719725/The_Sarasvati_River_Issues_and_Debates,the-sarasvati-river-issues-and-debates,https://www.academia.edu/39719725/The_Sarasvati_River_Issues_and_Debates,,,
144,Sarasvati Palaeochannel Groundwater Remote Sensing,Kar and Shukla,aryanissue,https://www.researchgate.net/publication/336281430_Remote_sensing_of_groundwater_along_the_Saraswati_palaeochannels_in_western_part_of_Jaisalmer_district_Thar_Desert_MAEER's_MIT_Pune_Journal_Special_Issue_1999-2000_pp_28-36,https://www.researchgate.net/publication/336281430_Remote_sensing_of_groundwater_along_the_Saraswati_palaeochannels_in_western_part_of_Jaisalmer_district_Thar_Desert_MAEER's_MIT_Pune_Journal_Special_Issue_1999-2000_pp_28-36,sarasvati-palaeochannel-groundwater-remote-sensing,https://www.researchgate.net/publication/336281430_Remote_sensing_of_groundwater_along_the_Saraswati_palaeochannels_in_western_part_of_Jaisalmer_district_Thar_Desert_MAEER's_MIT_Pune_Journal_Special_Issue_1999-2000_pp_28-36,,,
145,On The Preliminary Periodization Of The Harappan Civilization,Igor A. Tonoyan-Belyayev,aryanissue,https://www.academia.edu/36995146/On_the_preliminary_periodization_of_the_Vedic_culture_a_draft_2018,https://www.academia.edu/36995146/On_the_preliminary_periodization_of_the_Vedic_culture_a_draft_2018,on-the-preliminary-periodization-of-the-harappan-civilization,https://www.academia.edu/36995146/On_the_preliminary_periodization_of_the_Vedic_culture_a_draft_2018,,,
146,Vedic Roots Of Early Tamil Culture,Michel Danino,aryanissue,https://www.academia.edu/1573411/Vedic_Roots_of_Early_Tamil_Culture,https://www.academia.edu/1573411/Vedic_Roots_of_Early_Tamil_Culture,vedic-roots-of-early-tamil-culture,https://www.academia.edu/1573411/Vedic_Roots_of_Early_Tamil_Culture,,,
147,The Indo Aryans Of Ancient South Asia,Michael Witzel,aryanissue,https://www.academia.edu/18428649/The_Indo_Aryans_of_Ancient_South_Asia_Language_Material_Culture_and_Ethnicity,https://www.academia.edu/18428649/The_Indo_Aryans_of_Ancient_South_Asia_Language_Material_Culture_and_Ethnicity,the-indo-aryans-of-ancient-south-asia,https://www.academia.edu/18428649/The_Indo_Aryans_of_Ancient_South_Asia_Language_Material_Culture_and_Ethnicity,,,
148,The Horse And The Aryan Debate,Michel Danino,aryanissue,https://www.academia.edu/23185706/The_Horse_and_the_Aryan_Debate,https://www.academia.edu/23185706/The_Horse_and_the_Aryan_Debate,the-horse-and-the-aryan-debate,https://www.academia.edu/23185706/The_Horse_and_the_Aryan_Debate,,,
149,The Coming of Aryans to Iran and India,Asko Parpola,aryanissue,https://journal.fi/store/article/view/49745,https://journal.fi/store/article/view/49745,the-coming-of-aryans-to-iran-and-india,https://journal.fi/store/article/view/49745,,,
150,Rig Vedic History,Michael Witzel,aryanissue,https://www.academia.edu/713990/Early_Indian_history_Linguistic_and_textual_parameters,https://www.academia.edu/713990/Early_Indian_history_Linguistic_and_textual_parameters,rig-vedic-history,https://www.academia.edu/713990/Early_Indian_history_Linguistic_and_textual_parameters,,,
151,Rama's Realm,Michael Witzel,aryanissue,https://www.academia.edu/19380740/Ramas_realm,https://www.academia.edu/19380740/Ramas_realm,ramas-realm,https://www.academia.edu/19380740/Ramas_realm,,,
152,On the Battle of Ten Kings,Ranier Stuhrmann,aryanissue,https://doi.org/10.11588/ejvs.2016.1.933,https://doi.org/10.11588/ejvs.2016.1.933,on-the-battle-of-ten-kings,https://doi.org/10.11588/ejvs.2016.1.933,,,
153,On Talageri,Michael Witzel,aryanissue,https://doi.org/10.11588/ejvs.2001.2.829,https://doi.org/10.11588/ejvs.2001.2.829,on-talageri,https://doi.org/10.11588/ejvs.2001.2.829,,,
154,Non Aryan Names In Rig Veda,Michael Witzel,aryanissue,https://doi.org/10.11588/xarep.00000112,https://doi.org/10.11588/xarep.00000112,non-aryan-names-in-rig-veda,https://doi.org/10.11588/xarep.00000112,,,
155,New Perspectives On Our Cultural Pasts,Michel Danino,aryanissue,https://www.academia.edu/28703992/New_Perspectives_on_Our_Cultural_Pasts,https://www.academia.edu/28703992/New_Perspectives_on_Our_Cultural_Pasts,new-perspectives-on-our-cultural-pasts,https://www.academia.edu/28703992/New_Perspectives_on_Our_Cultural_Pasts,,,
156,Vedic Genetics Cow Omni Form Decipherment,Chandra Prakash Dvivedi,aryanissue,https://www.academia.edu/42795350/Vedic_Genetics_Cow_Omni_form_Decipherment_of_Indus_Valley_Seals_Vedic_Genetics_Cow_Omni_form_Decipherment_of_Indus_Valley_Seals_Vedic_Culture_Seals_Indus_Valley_Vedic_Culture_Seals_The_Light_of_Life_DNA_Tva_%C3%88_the_shaper_of_all_creatures,https://www.academia.edu/42795350/Vedic_Genetics_Cow_Omni_form_Decipherment_of_Indus_Valley_Seals_Vedic_Genetics_Cow_Omni_form_Decipherment_of_Indus_Valley_Seals_Vedic_Culture_Seals_Indus_Valley_Vedic_Culture_Seals_The_Light_of_Life_DNA_Tva_%C3%88_the_shaper_of_all_creatures,vedic-genetics-cow-omni-form-decipherment,https://www.academia.edu/42795350/Vedic_Genetics_Cow_Omni_form_Decipherment_of_Indus_Valley_Seals_Vedic_Genetics_Cow_Omni_form_Decipherment_of_Indus_Valley_Seals_Vedic_Culture_Seals_Indus_Valley_Vedic_Culture_Seals_The_Light_of_Life_DNA_Tva_%C3%88_the_shaper_of_all_creatures,,,
157,The Prehistoric Peopling Of Southeast Asia,McColl et al.,aryanissue,https://www.researchgate.net/publication/326216679_The_prehistoric_peopling_of_Southeast_Asia,https://www.researchgate.net/publication/326216679_The_prehistoric_peopling_of_Southeast_Asia,the-prehistoric-peopling-of-southeast-asia,https://www.researchgate.net/publication/326216679_The_prehistoric_peopling_of_Southeast_Asia,,,
158,The Himalayas As A Prehistoric Corridor,George van Driem,aryanissue,https://www.academia.edu/21620946/The_Himalayas_as_a_prehistoric_corridor_for_the_peopling_of_East_and_Southeast_Asia,https://www.academia.edu/21620946/The_Himalayas_as_a_prehistoric_corridor_for_the_peopling_of_East_and_Southeast_Asia,the-himalayas-as-a-prehistoric-corridor,https://www.academia.edu/21620946/The_Himalayas_as_a_prehistoric_corridor_for_the_peopling_of_East_and_Southeast_Asia,,,
159,The Formation of Human Populations in South and Central Asia,Narasimhan et al.,aryanissue,https://doi.org/10.1126%2Fscience.aat7487,https://doi.org/10.1126%2Fscience.aat7487,the-formation-of-human-populations-in-south-and-central-asia,https://doi.org/10.1126%2Fscience.aat7487,,,
160,The Eastern Himalayan Corridor In Prehistory,George van Driem,aryanissue,https://www.academia.edu/32806632/The_Eastern_Himalayan_corridor_in_prehistory,https://www.academia.edu/32806632/The_Eastern_Himalayan_corridor_in_prehistory,the-eastern-himalayan-corridor-in-prehistory,https://www.academia.edu/32806632/The_Eastern_Himalayan_corridor_in_prehistory,,,
161,Reconstructing The Population History Of the Gond,Chaubey et al.,aryanissue,https://www.nature.com/articles/ejhg2016198,https://www.nature.com/articles/ejhg2016198,reconstructing-the-population-history-of-the-gond,https://www.nature.com/articles/ejhg2016198,,,
162,Prehistoric Skeletal Record of Man in South Asia,Kenneth AR Kennedy,aryanissue,https://www.jstor.org/stable/2155742,https://www.jstor.org/stable/2155742,prehistoric-skeletal-record-of-man-in-south-asia,https://www.jstor.org/stable/2155742,,,
163,Prehistoric Human Colonisation Of India,VN Misra,aryanissue,https://doi.org/10.1007/bf02704749,https://doi.org/10.1007/bf02704749,prehistoric-human-colonisation-of-india,https://doi.org/10.1007/bf02704749,,,
164,Origin Of Rice,Civan et al.,aryanissue,https://doi.org/10.1093/gbe/evz039,https://doi.org/10.1093/gbe/evz039,origin-of-rice,https://doi.org/10.1093/gbe/evz039,,,
165,On Peopling of India Ancient Genetics Perspectives,Thangaraj and Rai,aryanissue,https://www.researchgate.net/publication/334302195_On_Peopling_of_India_Ancient_DNA_perspectives_By_K_Thangaraj_and_Niraj_Rai,https://www.researchgate.net/publication/334302195_On_Peopling_of_India_Ancient_DNA_perspectives_By_K_Thangaraj_and_Niraj_Rai,on-peopling-of-india-ancient-genetics-perspectives,https://www.researchgate.net/publication/334302195_On_Peopling_of_India_Ancient_DNA_perspectives_By_K_Thangaraj_and_Niraj_Rai,,,
166,Linguistic Population Prehistory Of The Greater Himalaya Region,George van Driem,aryanissue,https://www.himalayanlanguages.org/files/driem/pdfs/2008BielmeierFS.pdf,https://www.himalayanlanguages.org/files/driem/pdfs/2008BielmeierFS.pdf,linguistic-population-prehistory-of-the-greater-himalaya-region,https://www.himalayanlanguages.org/files/driem/pdfs/2008BielmeierFS.pdf,,,
167,Haplogroup R1A,Maciamo,aryanissue,https://www.academia.edu/5966134/Origins_and_history_of_Haplogroup_R1a_Y_DNA_,https://www.academia.edu/5966134/Origins_and_history_of_Haplogroup_R1a_Y_DNA_,haplogroup-r1a,https://www.academia.edu/5966134/Origins_and_history_of_Haplogroup_R1a_Y_DNA_,,,
168,Glimpses Of The Ethnolinguistic Prehistory of Northeastern India,George van Driem,aryanissue,https://www.academia.edu/10168403/Glimpses_of_the_ethnolinguistic_prehistory_of_northeastern_India,https://www.academia.edu/10168403/Glimpses_of_the_ethnolinguistic_prehistory_of_northeastern_India,glimpses-of-the-ethnolinguistic-prehistory-of-northeastern-india,https://www.academia.edu/10168403/Glimpses_of_the_ethnolinguistic_prehistory_of_northeastern_India,,,
169,Genetics And The Aryan Issue,Michel Danino,aryanissue,https://www.academia.edu/23185582/Genetics_and_the_Aryan_Issue,https://www.academia.edu/23185582/Genetics_and_the_Aryan_Issue,genetics-and-the-aryan-issue,https://www.academia.edu/23185582/Genetics_and_the_Aryan_Issue,,,
170,"Genetics And AIT, Look Again",Koenraad Elst,aryanissue,https://pragyata.com/genetic-proof-for-the-ait-look-again/,https://pragyata.com/genetic-proof-for-the-ait-look-again/,genetics-and-ait-look-again,https://pragyata.com/genetic-proof-for-the-ait-look-again/,,,
171,Genetic And Linguistic Non Correspondence,Srivastava et al.,aryanissue,https://www.nature.com/articles/s41598-020-61941-z,https://www.nature.com/articles/s41598-020-61941-z,genetic-and-linguistic-non-correspondence,https://www.nature.com/articles/s41598-020-61941-z,,,
172,"Genes, Peoples and Languages",LL Cavalli-Sforza,aryanissue,https://doi.org/10.1073/pnas.94.15.7719,https://doi.org/10.1073/pnas.94.15.7719,genes-peoples-and-languages,https://doi.org/10.1073/pnas.94.15.7719,,,
173,Worked Bone Industry,Chattopadhyay and Bandopadhyay,aryanissue,https://www.academia.edu/39713619/A_Preliminary_Study_of_the_Worked_Bone_Industry_in_the_Middle_and_Lower_Ganga_Valleys_From_the_Mesolithic_to_the_Early_Historic_Periods,https://www.academia.edu/39713619/A_Preliminary_Study_of_the_Worked_Bone_Industry_in_the_Middle_and_Lower_Ganga_Valleys_From_the_Mesolithic_to_the_Early_Historic_Periods,worked-bone-industry,https://www.academia.edu/39713619/A_Preliminary_Study_of_the_Worked_Bone_Industry_in_the_Middle_and_Lower_Ganga_Valleys_From_the_Mesolithic_to_the_Early_Historic_Periods,,,
174,The Sanauli Chariot And Its Archaeological and Historical Context,Giacomo Benedetti,aryanissue,https://www.academia.edu/43127134/THE_SANAULI_CHARIOT_AND_ITS_ARCHAEOLOGICAL_AND_HISTORICAL_CONTEXT,https://www.academia.edu/43127134/THE_SANAULI_CHARIOT_AND_ITS_ARCHAEOLOGICAL_AND_HISTORICAL_CONTEXT,the-sanauli-chariot-and-its-archaeological-and-historical-context,https://www.academia.edu/43127134/THE_SANAULI_CHARIOT_AND_ITS_ARCHAEOLOGICAL_AND_HISTORICAL_CONTEXT,,,
175,The Harappan Heritage And The Aryan Problem,Michel Danino,aryanissue,https://www.academia.edu/1573406/The_Harappan_Heritage_and_the_Aryan_Problem,https://www.academia.edu/1573406/The_Harappan_Heritage_and_the_Aryan_Problem,the-harappan-heritage-and-the-aryan-problem,https://www.academia.edu/1573406/The_Harappan_Heritage_and_the_Aryan_Problem,,,
176,The Epistemological Event Horizon In Archaeology,George van Driem,aryanissue,https://www.academia.edu/32806838/The_epistemological_event_horizon_in_archaeology,https://www.academia.edu/32806838/The_epistemological_event_horizon_in_archaeology,the-epistemological-event-horizon-in-archaeology,https://www.academia.edu/32806838/The_epistemological_event_horizon_in_archaeology,,,
177,Sibri and the South Cemetery of Mehrgarh,Marielle Santoni,aryanissue,http://www.safarmer.com/Indo-Eurasian/Sibri.pdf,http://www.safarmer.com/Indo-Eurasian/Sibri.pdf,sibri-and-the-south-cemetery-of-mehrgarh,http://www.safarmer.com/Indo-Eurasian/Sibri.pdf,,,
178,Sanauli a Late Harappan Burial Site,Sharma et al.,aryanissue,https://www.researchgate.net/publication/339739681_Sanauli_A_Late_Harappan_Burial_Site,https://www.researchgate.net/publication/339739681_Sanauli_A_Late_Harappan_Burial_Site,sanauli-a-late-harappan-burial-site,https://www.researchgate.net/publication/339739681_Sanauli_A_Late_Harappan_Burial_Site,,,
179,Origin Of Early Harappan Cultures In The Sarasvati Valley,KN Dikshit,aryanissue,https://www.scribd.com/document/260613722/Origin-of-Early-Harappan-Cultures-in-the-Sarasvati-Valley-Recent-Archaeological-Evidence-and-Radiometric-Dates,https://www.scribd.com/document/260613722/Origin-of-Early-Harappan-Cultures-in-the-Sarasvati-Valley-Recent-Archaeological-Evidence-and-Radiometric-Dates,origin-of-early-harappan-cultures-in-the-sarasvati-valley,https://www.scribd.com/document/260613722/Origin-of-Early-Harappan-Cultures-in-the-Sarasvati-Valley-Recent-Archaeological-Evidence-and-Radiometric-Dates,,,
180,Indus Valley Electron Microscopy And Crystallography,Chandra Prakash Trivedi,aryanissue,https://www.academia.edu/14422781/Indus_Valley_Microscopy_and_Crystallography,https://www.academia.edu/14422781/Indus_Valley_Microscopy_and_Crystallography,indus-valley-electron-microscopy-and-crystallography,https://www.academia.edu/14422781/Indus_Valley_Microscopy_and_Crystallography,,,
181,Vishnu In Rigveda,Dmitri Semenov,aryanissue,https://www.academia.edu/33047934/Vishnu_in_Rigveda,https://www.academia.edu/33047934/Vishnu_in_Rigveda,vishnu-in-rigveda,https://www.academia.edu/33047934/Vishnu_in_Rigveda,,,
182,True Meaning Of Ashva,Aleksandr Semenenko,aryanissue,https://www.academia.edu/40693122/Semenenko_A_A_On_the_true_meaning_of_Ashva_in_Rigveda,https://www.academia.edu/40693122/Semenenko_A_A_On_the_true_meaning_of_Ashva_in_Rigveda,true-meaning-of-ashva,https://www.academia.edu/40693122/Semenenko_A_A_On_the_true_meaning_of_Ashva_in_Rigveda,,,
183,The Indo European Cloudland,Michel Danino,aryanissue,https://www.academia.edu/27920498/The_Indo_European_Cloudland,https://www.academia.edu/27920498/The_Indo_European_Cloudland,the-indo-european-cloudland,https://www.academia.edu/27920498/The_Indo_European_Cloudland,,,
184,The Debate Between Talageri and Hoch,Koenraad Elst,aryanissue,http://koenraadelst.blogspot.com/2014/03/shrikant-talageri-vs-hans-heinrich-hock.html,http://koenraadelst.blogspot.com/2014/03/shrikant-talageri-vs-hans-heinrich-hock.html,the-debate-between-talageri-and-hoch,http://koenraadelst.blogspot.com/2014/03/shrikant-talageri-vs-hans-heinrich-hock.html,,,
185,The A of ABC of Indian chronology: Dimensions of the Aryan problem revisited in 2017,Sastry and Kalyanasundaram,aryanissue,https://www.academia.edu/38556391/The_A_of_ABC_of_Indian_chronology_Dimensions_of_the_Aryan_problem_revisited_in_2017,https://www.academia.edu/38556391/The_A_of_ABC_of_Indian_chronology_Dimensions_of_the_Aryan_problem_revisited_in_2017,the-a-of-abc-of-indian-chronology-dimensions-of-the-aryan-problem-revisited-in-2017,https://www.academia.edu/38556391/The_A_of_ABC_of_Indian_chronology_Dimensions_of_the_Aryan_problem_revisited_in_2017,,,
186,Short Notes On Paninian Sanskrit Versus Mature Harappan,Igor A. Tonoyan-Belyayev,aryanissue,https://www.academia.edu/37699698/Short_notes_on_Paninian_Sanskrit_versus_expected_Mature_Harappan_language_2018,https://www.academia.edu/37699698/Short_notes_on_Paninian_Sanskrit_versus_expected_Mature_Harappan_language_2018,short-notes-on-paninian-sanskrit-versus-mature-harappan,https://www.academia.edu/37699698/Short_notes_on_Paninian_Sanskrit_versus_expected_Mature_Harappan_language_2018,,,
187,Rigvedic And Written Mature Harappan 2,Igor A. Tonoyan-Belyayev,aryanissue,https://www.academia.edu/36983855/Rigvedic_and_written_Mature_Harappan_PART_2_2018_,https://www.academia.edu/36983855/Rigvedic_and_written_Mature_Harappan_PART_2_2018_,rigvedic-and-written-mature-harappan-2,https://www.academia.edu/36983855/Rigvedic_and_written_Mature_Harappan_PART_2_2018_,,,
188,Rigvedic And Written Mature Harappan 1,Igor A. Tonoyan-Belyayev,aryanissue,https://www.academia.edu/36977387/Rigvedic_and_written_Mature_Harappan_PART_1_2018_,https://www.academia.edu/36977387/Rigvedic_and_written_Mature_Harappan_PART_1_2018_,rigvedic-and-written-mature-harappan-1,https://www.academia.edu/36977387/Rigvedic_and_written_Mature_Harappan_PART_1_2018_,,,
189,On the Meaning of Hymns to Maruts in the Rigveda,Dmitri Semenov,aryanissue,https://www.academia.edu/37972069/On_the_Meaning_of_hymns_to_Maruts_in_Rigveda,https://www.academia.edu/37972069/On_the_Meaning_of_hymns_to_Maruts_in_Rigveda,on-the-meaning-of-hymns-to-maruts-in-the-rigveda,https://www.academia.edu/37972069/On_the_Meaning_of_hymns_to_Maruts_in_Rigveda,,,
190,Munda Languages Are Father Tongues But Japanese and Korean Are Not,George van Driem,aryanissue,https://doi.org/10.1017/ehs.2020.14,https://doi.org/10.1017/ehs.2020.14,munda-languages-are-father-tongues-but-japanese-and-korean-are-not,https://doi.org/10.1017/ehs.2020.14,,,
191,Methodological Issues In The Indo European Debate,Michel Danino,aryanissue,https://asc.iitgn.ac.in/assets/publications/research_papers/Methodological_Issues_in_the_Indo-European_Debate_M_Danino_2019.pdf,https://asc.iitgn.ac.in/assets/publications/research_papers/Methodological_Issues_in_the_Indo-European_Debate_M_Danino_2019.pdf,methodological-issues-in-the-indo-european-debate,https://asc.iitgn.ac.in/assets/publications/research_papers/Methodological_Issues_in_the_Indo-European_Debate_M_Danino_2019.pdf,,,
192,Iranians Vs Vedic Aryans,Koenraad Elst,aryanissue,https://www.academia.edu/20041969/The_conflict_between_Vedic_Aryans_and_Iranians,https://www.academia.edu/20041969/The_conflict_between_Vedic_Aryans_and_Iranians,iranians-vs-vedic-aryans,https://www.academia.edu/20041969/The_conflict_between_Vedic_Aryans_and_Iranians,,,
193,Indo Uralic Indo Anatolian Indo Tocharian,Michael Peyrot,aryanissue,http://dx.doi.org/10.1163/9789004409354_014,http://dx.doi.org/10.1163/9789004409354_014,indo-uralic-indo-anatolian-indo-tocharian,http://dx.doi.org/10.1163/9789004409354_014,,,
194,Images Of Solar Bulls,Aleksandr Semenenko,aryanissue,https://www.academia.edu/43475166/Semenenko_A_A_Images_of_solar_bulls_in_Early_Harappa_Rigveda_and_Avesta_as_manifestations_of_one_and_the_same_ancient_Aryan_cult,https://www.academia.edu/43475166/Semenenko_A_A_Images_of_solar_bulls_in_Early_Harappa_Rigveda_and_Avesta_as_manifestations_of_one_and_the_same_ancient_Aryan_cult,images-of-solar-bulls,https://www.academia.edu/43475166/Semenenko_A_A_Images_of_solar_bulls_in_Early_Harappa_Rigveda_and_Avesta_as_manifestations_of_one_and_the_same_ancient_Aryan_cult,,,
195,Harappan Discontinuity 4500 Ybp,Pokharia et al.,aryanissue,https://doi.org/10.1371/journal.pone.0185684,https://doi.org/10.1371/journal.pone.0185684,harappan-discontinuity-4500-ybp,https://doi.org/10.1371/journal.pone.0185684,,,
196,In Search Of The Oldest Common Indo European Urheimat,Igor A. Tonoyan-Belyayev,aryanissue,https://www.academia.edu/44476370/In_search_of_the_oldest_common_Indo_European_Urheimat_preliminary_linguistic_evidence_from_Dravidian,https://www.academia.edu/44476370/In_search_of_the_oldest_common_Indo_European_Urheimat_preliminary_linguistic_evidence_from_Dravidian,in-search-of-the-oldest-common-indo-european-urheimat,https://www.academia.edu/44476370/In_search_of_the_oldest_common_Indo_European_Urheimat_preliminary_linguistic_evidence_from_Dravidian,,,
197,Antecedents Of Rig Vedic Religion,Michael Witzel,aryanissue,https://www.academia.edu/43671591/The_%E1%B9%9Agvedic_Religious_System_and_its_Central_Asian_and_Hindukush_Antecedents,https://www.academia.edu/43671591/The_%E1%B9%9Agvedic_Religious_System_and_its_Central_Asian_and_Hindukush_Antecedents,antecedents-of-rig-vedic-religion,https://www.academia.edu/43671591/The_%E1%B9%9Agvedic_Religious_System_and_its_Central_Asian_and_Hindukush_Antecedents,,,
198,Excavating Vedic Harappans,Koenraad Elst,aryanissue,https://indiafacts.org/excavations-show-the-cultural-continuity-of-the-vedic-harappans/,https://indiafacts.org/excavations-show-the-cultural-continuity-of-the-vedic-harappans/,excavating-vedic-harappans,https://indiafacts.org/excavations-show-the-cultural-continuity-of-the-vedic-harappans/,,,
199,Coexistence of Culture and Civilization ISC and OCP,Sontakke and Sontakke,aryanissue,https://www.academia.edu/31296251/Coexistence_of_Culture_and_Civilization_A_study_in_Terms_of_Indus_Valley_Civilization_and_Chalcolithic_Cultures_of_Ganga_Plain,https://www.academia.edu/31296251/Coexistence_of_Culture_and_Civilization_A_study_in_Terms_of_Indus_Valley_Civilization_and_Chalcolithic_Cultures_of_Ganga_Plain,coexistence-of-culture-and-civilization-isc-and-ocp,https://www.academia.edu/31296251/Coexistence_of_Culture_and_Civilization_A_study_in_Terms_of_Indus_Valley_Civilization_and_Chalcolithic_Cultures_of_Ganga_Plain,,,
200,Animal Subsistence In Ganga Valley,PP Joglekar,aryanissue,https://www.academia.edu/8246055/Animal_based_subsistence_in_the_Ganga_Valley,https://www.academia.edu/8246055/Animal_based_subsistence_in_the_Ganga_Valley,animal-subsistence-in-ganga-valley,https://www.academia.edu/8246055/Animal_based_subsistence_in_the_Ganga_Valley,,,
201,Eurasian Spreadzone And IE Dispersal,Johanna Nichols,aryanissue,https://www.academia.edu/18306905/The_Eurasian_spread_zone_and_the_Indo_European_dispersal,https://www.academia.edu/18306905/The_Eurasian_spread_zone_and_the_Indo_European_dispersal,eurasian-spreadzone-and-ie-dispersal,https://www.academia.edu/18306905/The_Eurasian_spread_zone_and_the_Indo_European_dispersal,,,
202,Ancient Cattle Genomics,Verdugo et al.,aryanissue,https://www.science.org/doi/10.1126/science.aav1002,https://www.science.org/doi/10.1126/science.aav1002,ancient-cattle-genomics,https://www.science.org/doi/10.1126/science.aav1002,,,
203,Epicenter of the Indo-European Linguistic Spread,Johanna Nichols,aryanissue,https://www.academia.edu/28869625/The_epicenter_of_the_Indo-European_linguistic_spread,https://www.academia.edu/28869625/The_epicenter_of_the_Indo-European_linguistic_spread,epicenter-of-the-indo-european-linguistic-spread,https://www.academia.edu/28869625/The_epicenter_of_the_Indo-European_linguistic_spread,,,
204,Chronology And Culture History In The Indus Valley,Mark Manuel,aryanissue,https://www.academia.edu/243477/Chronology_and_Culture_History_in_the_Indus_Valley,https://www.academia.edu/243477/Chronology_and_Culture_History_in_the_Indus_Valley,chronology-and-culture-history-in-the-indus-valley,https://www.academia.edu/243477/Chronology_and_Culture_History_in_the_Indus_Valley,,,
205,AIT And Linguistics,Koenraad Elst,aryanissue,https://pragyata.com/ait-and-the-science-of-linguistics/,https://pragyata.com/ait-and-the-science-of-linguistics/,ait-and-linguistics,https://pragyata.com/ait-and-the-science-of-linguistics/,,,
206,Discovering The Sarasvati River,Michel Danino,aryanissue,https://www.academia.edu/29284028/Discovering_the_Sarasvati_River_From_1855_to_2014,https://www.academia.edu/29284028/Discovering_the_Sarasvati_River_From_1855_to_2014,discovering-the-sarasvati-river,https://www.academia.edu/29284028/Discovering_the_Sarasvati_River_From_1855_to_2014,,,
207,Chera Chola Pandya Using Archaeological Evidence to Identify the Tamil Kingdoms of Early Historic South India,Shinu Abraham,aryanissue,https://www.researchgate.net/publication/46734907_Chera_Chola_Pandya_Using_Archaeological_Evidence_to_Identify_the_Tamil_Kingdoms_of_Early_Historic_South_India,https://www.researchgate.net/publication/46734907_Chera_Chola_Pandya_Using_Archaeological_Evidence_to_Identify_the_Tamil_Kingdoms_of_Early_Historic_South_India,chera-chola-pandya-using-archaeological-evidence-to-identify-the-tamil-kingdoms-of-early-historic-south-india,https://www.researchgate.net/publication/46734907_Chera_Chola_Pandya_Using_Archaeological_Evidence_to_Identify_the_Tamil_Kingdoms_of_Early_Historic_South_India,,,
208,Absence Of Sword From Rig Veda,Aleksandr Semenenko,aryanissue,https://www.academia.edu/38344745/Semenenko_Aleksandr_Andreyevich_The_absence_of_the_sword_from_Rigveda_and_Atharvaveda_and_the_problem_of_Indo_Aryans_origin,https://www.academia.edu/38344745/Semenenko_Aleksandr_Andreyevich_The_absence_of_the_sword_from_Rigveda_and_Atharvaveda_and_the_problem_of_Indo_Aryans_origin,absence-of-sword-from-rig-veda,https://www.academia.edu/38344745/Semenenko_Aleksandr_Andreyevich_The_absence_of_the_sword_from_Rigveda_and_Atharvaveda_and_the_problem_of_Indo_Aryans_origin,,,
209,Demilitarizing The Rigveda,Michel Danino,aryanissue,https://www.academia.edu/40104001/Demilitarizing_the_Rigveda_A_Scrutiny_of_Vedic_Horses_Chariots_and_Warfare,https://www.academia.edu/40104001/Demilitarizing_the_Rigveda_A_Scrutiny_of_Vedic_Horses_Chariots_and_Warfare,demilitarizing-the-rigveda,https://www.academia.edu/40104001/Demilitarizing_the_Rigveda_A_Scrutiny_of_Vedic_Horses_Chariots_and_Warfare,,,
210,Autochthonous Aryans,Michael Witzel,aryanissue,https://doi.org/10.11588/ejvs.2001.3.830,https://doi.org/10.11588/ejvs.2001.3.830,autochthonous-aryans,https://doi.org/10.11588/ejvs.2001.3.830,,,
211,A Timeline Of Ayodhya,Nicole Elfi and Michel Danino,aryanissue,https://www.academia.edu/43763287/A_Timeline_of_Ayodhya_Nicole_Elfi_and_Michel_Danino,https://www.academia.edu/43763287/A_Timeline_of_Ayodhya_Nicole_Elfi_and_Michel_Danino,a-timeline-of-ayodhya,https://www.academia.edu/43763287/A_Timeline_of_Ayodhya_Nicole_Elfi_and_Michel_Danino,,,
212,Decipherment Of Indus Valley Vedic Seals,Chandra Prakash Trivedi,aryanissue,https://www.academia.edu/12539595/Decipherment_of_Indus_Valley_seals_Indus_Valley_Human_Genetics,https://www.academia.edu/12539595/Decipherment_of_Indus_Valley_seals_Indus_Valley_Human_Genetics,decipherment-of-indus-valley-vedic-seals,https://www.academia.edu/12539595/Decipherment_of_Indus_Valley_seals_Indus_Valley_Human_Genetics,,,
213,Asura And Its Derivatives In Rigveda,Dmitri Semenov,aryanissue,https://www.academia.edu/31811479/Asura_and_its_derivatives_in_Rigveda,https://www.academia.edu/31811479/Asura_and_its_derivatives_in_Rigveda,asura-and-its-derivatives-in-rigveda,https://www.academia.edu/31811479/Asura_and_its_derivatives_in_Rigveda,,,
214,A Prehistoric Thoroughfare Between The Ganges and the Himalaya,George van Driem,aryanissue,https://www.academia.edu/10168597/A_prehistoric_thoroughfare_between_the_Ganges_and_the_Himalayas,https://www.academia.edu/10168597/A_prehistoric_thoroughfare_between_the_Ganges_and_the_Himalayas,a-prehistoric-thoroughfare-between-the-ganges-and-the-himalaya,https://www.academia.edu/10168597/A_prehistoric_thoroughfare_between_the_Ganges_and_the_Himalayas,,,
215,From Sarasvati To Ganga,Michel Danino,aryanissue,https://www.academia.edu/27879822/From_Sarasvati_to_Ganga,https://www.academia.edu/27879822/From_Sarasvati_to_Ganga,from-sarasvati-to-ganga,https://www.academia.edu/27879822/From_Sarasvati_to_Ganga,,,
216,Decipherment Of Indus Valley Seals,Srini Kalyanaraman,aryanissue,https://www.academia.edu/43472674/Decipherment_of_Indus_Valley_script_and_rebuses,https://www.academia.edu/43472674/Decipherment_of_Indus_Valley_script_and_rebuses,decipherment-of-indus-valley-seals,https://www.academia.edu/43472674/Decipherment_of_Indus_Valley_script_and_rebuses,,,
217,Astronomical Chronology Of Vedic Literature,Koenraad Elst,aryanissue,http://koenraadelst.blogspot.com/2019/05/astronomical-chronology-of-vedic.html,http://koenraadelst.blogspot.com/2019/05/astronomical-chronology-of-vedic.html,astronomical-chronology-of-vedic-literature,http://koenraadelst.blogspot.com/2019/05/astronomical-chronology-of-vedic.html,,,
218,A Note On PIE And Nuclear Nostratic,Igor A. Tonoyan-Belyayev,aryanissue,https://www.academia.edu/37026878/A_note_on_PIE_and_Nuclear_Nostratic_NN_preliminary_report,https://www.academia.edu/37026878/A_note_on_PIE_and_Nuclear_Nostratic_NN_preliminary_report,a-note-on-pie-and-nuclear-nostratic,https://www.academia.edu/37026878/A_note_on_PIE_and_Nuclear_Nostratic_NN_preliminary_report,,,
219,Five Waves Of Indo European Expansion,Igor A. Tonoyan-Belyayev,aryanissue,https://www.academia.edu/36998766/Five_waves_of_Indo_European_expansion_a_preliminary_model_2018_,https://www.academia.edu/36998766/Five_waves_of_Indo_European_expansion_a_preliminary_model_2018_,five-waves-of-indo-european-expansion,https://www.academia.edu/36998766/Five_waves_of_Indo_European_expansion_a_preliminary_model_2018_,,,
220,Converging Views On Asian Prehistory,George van Driem,aryanissue,https://www.researchgate.net/publication/316664725_Converging_views_on_Asian_prehistory_from_different_windows_on_the_past,https://www.researchgate.net/publication/316664725_Converging_views_on_Asian_prehistory_from_different_windows_on_the_past,converging-views-on-asian-prehistory,https://www.researchgate.net/publication/316664725_Converging_views_on_Asian_prehistory_from_different_windows_on_the_past,,,
221,Aryans And The Indus Civilization,Michel Danino,aryanissue,https://doi.org/10.1002/9781119055280.ch13,https://doi.org/10.1002/9781119055280.ch13,aryans-and-the-indus-civilization,https://doi.org/10.1002/9781119055280.ch13,,,
222,Females In Rig Veda,Michael Witzel,aryanissue,http://nrs.harvard.edu/urn-3:HUL.InstRepos:9886300,http://nrs.harvard.edu/urn-3:HUL.InstRepos:9886300,females-in-rig-veda,http://nrs.harvard.edu/urn-3:HUL.InstRepos:9886300,,,
223,Continuity Of European Languages,Anton Perdih,aryanissue,https://doi.org/10.11114/ijsss.v6i1.2809,https://doi.org/10.11114/ijsss.v6i1.2809,continuity-of-european-languages,https://doi.org/10.11114/ijsss.v6i1.2809,,,
224,Archaeological and Anthropological Studies on the Harappan Cemetery of Rakhigarhi,Shinde et a.,aryanissue,https://doi.org/10.1371/journal.pone.0192299,https://doi.org/10.1371/journal.pone.0192299,archaeological-and-anthropological-studies-on-the-harappan-cemetery-of-rakhigarhi,https://doi.org/10.1371/journal.pone.0192299,,,
225,A Dravido Harappan Connection The Issue,Michel Danino,aryanissue,https://www.academia.edu/23253141/A_Dravido_Harappan_Connection_The_Issue_of_Methodology,https://www.academia.edu/23253141/A_Dravido_Harappan_Connection_The_Issue_of_Methodology,a-dravido-harappan-connection-the-issue,https://www.academia.edu/23253141/A_Dravido_Harappan_Connection_The_Issue_of_Methodology,,,
226,Indian Historical Writing,Michael Witzel,aryanissue,https://www.academia.edu/43690308/On_Indian_historical_writing_The_case_of_the_Va%E1%B9%83%C5%9B%C4%81val%C4%ABs,https://www.academia.edu/43690308/On_Indian_historical_writing_The_case_of_the_Va%E1%B9%83%C5%9B%C4%81val%C4%ABs,indian-historical-writing,https://www.academia.edu/43690308/On_Indian_historical_writing_The_case_of_the_Va%E1%B9%83%C5%9B%C4%81val%C4%ABs,,,
227,Fabricating Evidence In Support Of The AIT,Michel Danino,aryanissue,https://www.academia.edu/39599444/Fabricating_Evidence_in_Support_of_the_Aryan_Invasion_Migration_Theory,https://www.academia.edu/39599444/Fabricating_Evidence_in_Support_of_the_Aryan_Invasion_Migration_Theory,fabricating-evidence-in-support-of-the-ait,https://www.academia.edu/39599444/Fabricating_Evidence_in_Support_of_the_Aryan_Invasion_Migration_Theory,,,
228,Complex Genetic Origin of Indian Populations and Its Implications,Tamang et al.,aryanissue,https://doi.org/10.1007/s12038-012-9256-9,https://doi.org/10.1007/s12038-012-9256-9,complex-genetic-origin-of-indian-populations-and-its-implications,https://doi.org/10.1007/s12038-012-9256-9,,,
229,Archaeobotany Of Ganga Plain 2500 BC,Pokharia et al.,aryanissue,https://doi.org/10.1016/j.quaint.2016.09.018,https://doi.org/10.1016/j.quaint.2016.09.018,archaeobotany-of-ganga-plain-2500-bc,https://doi.org/10.1016/j.quaint.2016.09.018,,,
230,Scratching my head! — Criticism of Narsimhan VM et al 2019,Ashish Kulkarni,aryanissue,https://a-genetics.blogspot.com/2021/11/Narasimhan-criticism-1.html,https://a-genetics.blogspot.com/2021/11/Narasimhan-criticism-1.html,scratching-my-head-criticism-of-narsimhan-vm-et-al-2019,https://a-genetics.blogspot.com/2021/11/Narasimhan-criticism-1.html,,,
231,Chronology Of Kings Puranic Kings and Rigvedic Rshis,Giacomo Benedetti,aryanissue,https://www.academia.edu/7683313/The_Chronology_of_Puranic_Kings_and_Rigvedic_Rishis_in_Comparison_with_the_Phases_of_the_Sindhu_Sarasvati_Civilization,https://www.academia.edu/7683313/The_Chronology_of_Puranic_Kings_and_Rigvedic_Rishis_in_Comparison_with_the_Phases_of_the_Sindhu_Sarasvati_Civilization,chronology-of-kings-puranic-kings-and-rigvedic-rshis,https://www.academia.edu/7683313/The_Chronology_of_Puranic_Kings_and_Rigvedic_Rishis_in_Comparison_with_the_Phases_of_the_Sindhu_Sarasvati_Civilization,,,
232,"Aryas, Dasas and Dasyus",Shrikant Talageri,aryanissue,https://talageri.blogspot.com/2020/04/aryas-dasas-and-dasyus-in-rigveda.html,https://talageri.blogspot.com/2020/04/aryas-dasas-and-dasyus-in-rigveda.html,aryas-dasas-and-dasyus,https://talageri.blogspot.com/2020/04/aryas-dasas-and-dasyus-in-rigveda.html,,,
233,Aryan Story vs True Aryan History,Shrikant Talageri,aryanissue,https://talageri.blogspot.com/2017/07/the-aryan-story-vs-true-aryan-history.html,https://talageri.blogspot.com/2017/07/the-aryan-story-vs-true-aryan-history.html,aryan-story-vs-true-aryan-history,https://talageri.blogspot.com/2017/07/the-aryan-story-vs-true-aryan-history.html,,,
234,Varsagira Battle,Shrikant Talageri,aryanissue,https://talageri.blogspot.com/2020/05/the-varsagira-battle-in-rigveda.html,https://talageri.blogspot.com/2020/05/the-varsagira-battle-in-rigveda.html,varsagira-battle,https://talageri.blogspot.com/2020/05/the-varsagira-battle-in-rigveda.html,,,
235,Rakhigarhi and After,Shrikant Talageri,aryanissue,https://talageri.blogspot.com/2019/09/rakhigarhi-and-after.html,https://talageri.blogspot.com/2019/09/rakhigarhi-and-after.html,rakhigarhi-and-after,https://talageri.blogspot.com/2019/09/rakhigarhi-and-after.html,,,
236,Out of India Case in Full,Shrikant Talageri,aryanissue,https://talageri.blogspot.com/2020/07/the-full-out-of-india-case-in-short.html,https://talageri.blogspot.com/2020/07/the-full-out-of-india-case-in-short.html,out-of-india-case-in-full,https://talageri.blogspot.com/2020/07/the-full-out-of-india-case-in-short.html,,,
237,The Indo European Language Family,Thomas Olander,aryanissue,https://doi.org/10.1017/9781108758666,https://doi.org/10.1017/9781108758666,the-indo-european-language-family,https://doi.org/10.1017/9781108758666,,,
238,Religious Sects of Hindus,HH Wilson,svayambodha,https://drive.google.com/file/d/1QqRY9nYnVE9c_siHj3Y_qZuKVddfeD9J/view?usp=sharing,https://drive.google.com/file/d/1QqRY9nYnVE9c_siHj3Y_qZuKVddfeD9J/preview,religious-sects-of-hindus,/library/religious-sects-of-hindus,,"Survey of major Hindu sects, their doctrines, institutions, and devotional lineages.",/library/books/religious-sects-of-hindus
239,All About Hinduism,Sri Swami Sivananda,svayambodha,https://drive.google.com/file/d/1qKkm07xGJ_izmDZOzISzPocsPJHhP7a0/view?usp=sharing,https://drive.google.com/file/d/1qKkm07xGJ_izmDZOzISzPocsPJHhP7a0/preview,all-about-hindus,/library/all-about-hindus,,"Popular overview of Hindu beliefs, practices, festivals, symbols, and philosophical foundations.",/library/books/all-about-hindus
240,Hinduism Ancient and Modern,Rai Bahadur Lala Baij Nath,svayambodha,https://drive.google.com/file/d/1VmvqEyd5KydeWwyxd4QDjJBOqczOHjpk/view?usp=sharing,https://drive.google.com/file/d/1VmvqEyd5KydeWwyxd4QDjJBOqczOHjpk/preview,all-about-hinduism,/library/all-about-hinduism,,Comparative overview of continuities and changes in Hindu tradition across historical periods.,/library/books/all-about-hinduism
241,Elementary Textbook of Hindu Religion and Ethics,,svayambodha,https://drive.google.com/file/d/1cE8krZ8WzqGCB5Iv2w60gavmb20I2VeG/view?usp=sharing,https://drive.google.com/file/d/1cE8krZ8WzqGCB5Iv2w60gavmb20I2VeG/preview,elementary-textbook-hindu-religion-ethics,/library/elementary-textbook-hindu-religion-ethics,,"Introductory textbook on Hindu beliefs, duties, virtues, and everyday ethical formation.",/library/books/elementary-textbook-hindu-religion-ethics
242,Advanced Textbook of Hindu Religion and Ethics,,svayambodha,https://drive.google.com/file/d/1HJ3e85QBYrehrinO9Y3nCfEQCm4cI_ny/view?usp=sharing,https://drive.google.com/file/d/1HJ3e85QBYrehrinO9Y3nCfEQCm4cI_ny/preview,advanced-textbook-hindu-religion-ethics,/library/advanced-textbook-hindu-religion-ethics,"This 1903 textbook from the Central Hindu College in Benares presents a comprehensive overview of Sanatana Dharma, framing it as an ancient yet flexible system of religion, science, and ethics. The text meticulously outlines the hierarchy of sacred literature, beginning with the Vedas (Shruti) and extending through the laws of the Smritis, the philosophical Six Darshanas, and the instructive narratives of the Puranas and Itihasas. Central to its teachings are the metaphysical concepts of Karma and the reincarnation of the Jivatma, which move toward the ultimate goal of achieving unity with the Supreme Self through knowledge and devotion. By explaining the Varnashrama system of social classes and life stages, the source seeks to provide a rational, orderly guide for Aryan living and moral conduct. Ultimately, the work serves as a spiritual and ethical roadmap designed to foster pure reason, compassion, and self-realisation in the modern student.","More advanced textbook on Hindu ethics, doctrine, discipline, and moral reasoning.",/library/books/advanced-textbook-hindu-religion-ethics