id,title,id-slug,author,description,reading-path,section,subsection,link,preree,slug,domain,core-of-sanatana-dharma,being-indian,what-will-destroy,hindu-institution-generate,will-save-sanatana-dharma,modernity-and-hindu-values,hindu-unity-and-diversity,new-indian-republic,hindu-renaissance,practice-but-not-proven,hindu-frameworks-of-education,hindu-models-of-temple-management,interchanging-dynamics-of-hindu-family,structure-of-hindu-charity,temples-of-madhya-pradesh,battle-for-dharma-north-east,impact-of-conversion-kekadia,year-in-hajong-village,artist-in-art,hindu-response-to-enlightenment,hindu-school-of-history
1,The Rig Veda,1-the-rig-veda,Ralph T. H. Griffith,Complete 1896 verse translation of the Rig Veda by Griffith - the most widely read free English version of Hinduism's oldest scripture.,,Shruti - The Foundational Revelation,The Vedas (Samhitas),https://sacred-texts.com/hin/rigveda/index.htm,the rig veda,the-rig-veda,sruti-and-veda,TRUE,,,TRUE,TRUE,,,,,TRUE,TRUE,,,,,,,,TRUE,TRUE,TRUE
2,The Riks,2-the-riks,Shri Paramasiva Iyer,"An emic reading of the Rigveda, its meaning, and how it is best understood as a collection of ""primeval gleams of light and fire.""",,Shruti - The Foundational Revelation,The Vedas (Samhitas),https://www.bodharesearch.in/library/books/the-riks,the riks,the-riks,sruti-and-veda,TRUE,,,TRUE,TRUE,,,,,TRUE,TRUE,,,,,,,,TRUE,TRUE,TRUE
3,The Rigveda: The Earliest Religious Poetry of India,3-the-rigveda-the-earliest-religious-poetry-of-india,Stephanie Jamison & Joel Brereton,Award-winning 2014 Oxford translation of the entire Rigveda - the new scholarly standard for accuracy in rendering Vedic Sanskrit poetry.,,Shruti - The Foundational Revelation,The Vedas (Samhitas),https://archive.org/search?query=%22The%20Rigveda%22%20Stephanie%20Jamison%20%26%20Joel%20Brereton,the rigveda: the earliest religious poetry of india,the-rigveda-the-earliest-religious-poetry-of-india,sruti-and-veda,TRUE,,,TRUE,TRUE,,,,,TRUE,TRUE,,,,,,,,TRUE,TRUE,TRUE
4,Hymns of the Rigveda,4-hymns-of-the-rigveda,H. H. Wilson,Wilson's classical English translation of the Rigveda based on Sayana's 14th-century Sanskrit commentary - historically influential edition.,,Shruti - The Foundational Revelation,The Vedas (Samhitas),https://archive.org/details/RigVeda-EnglishTranslation-H.h.Wilson,hymns of the rigveda,hymns-of-the-rigveda,sruti-and-veda,TRUE,,,TRUE,TRUE,,,,,TRUE,TRUE,,,,,,,,TRUE,TRUE,TRUE
5,The Rig Veda Samhita,5-the-rig-veda-samhita,"Sri Aurobindo (selections, with commentary)",Sri Aurobindo's translation of selected Rig Vedic hymns with esoteric and yogic commentary drawing out their inner spiritual meaning.,,Shruti - The Foundational Revelation,The Vedas (Samhitas),https://archive.org/search?query=%22The%20Rig%20Veda%20Samhita%22%20Sri%20Aurobindo,the rig veda samhita,the-rig-veda-samhita,sruti-and-veda,TRUE,,,TRUE,TRUE,,,,,TRUE,TRUE,,,,,,,,TRUE,TRUE,TRUE
6,The Secret of the Veda,6-the-secret-of-the-veda,Sri Aurobindo,"Aurobindo's foundational work decoding Vedic symbolism - argues the Rig Veda is a record of spiritual experience, not primitive nature worship.",6-evolutionary-spirit,Shruti - The Foundational Revelation,The Vedas (Samhitas),https://www.aurobindo.ru/workings/sa/15/0015_e.pdf,the secret of the veda,the-secret-of-the-veda,sruti-and-veda,TRUE,,,TRUE,TRUE,,,,,TRUE,TRUE,,,,,,,,TRUE,TRUE,TRUE
7,Hymns to the Mystic Fire,7-hymns-to-the-mystic-fire,Sri Aurobindo,"Aurobindo's translations and commentary on Agni hymns from the Rig Veda, revealing the mystic fire as a symbol of inner spiritual aspiration.",,Shruti - The Foundational Revelation,The Vedas (Samhitas),https://www.aurobindo.ru/workings/sa/16/0016_e.pdf,hymns to the mystic fire,hymns-to-the-mystic-fire,sruti-and-veda,TRUE,,,TRUE,TRUE,,,,,TRUE,TRUE,,,,,,,,TRUE,TRUE,TRUE
8,The Sama Veda,8-the-sama-veda,Ralph T. H. Griffith,"Griffith's complete English translation of the Sama Veda - the Veda of melody, foundation of Indian classical music and chant tradition.",,Shruti - The Foundational Revelation,The Vedas (Samhitas),https://sacred-texts.com/hin/sv.htm,the sama veda,the-sama-veda,sruti-and-veda,TRUE,,,TRUE,TRUE,,,,,TRUE,TRUE,,,,,,,,TRUE,TRUE,TRUE
9,Hymns of the Samaveda,9-hymns-of-the-samaveda,Devi Chand,"Devi Chand's Arya Samaj-inflected translation of the Sama Veda hymns, with Sanskrit text and devotional interpretation of each verse.",,Shruti - The Foundational Revelation,The Vedas (Samhitas),https://archive.org/search?query=%22Hymns%20of%20the%20Samaveda%22%20Devi%20Chand,hymns of the samaveda,hymns-of-the-samaveda,sruti-and-veda,TRUE,,,TRUE,TRUE,,,,,TRUE,TRUE,,,,,,,,TRUE,TRUE,TRUE
10,The Yajur Veda (White),10-the-yajur-veda-white,Ralph T. H. Griffith,Griffith's translation of the Vajasaneyi Samhita (White Yajur Veda) - sacrificial mantras central to Vedic ritual and yajna performance.,,Shruti - The Foundational Revelation,The Vedas (Samhitas),https://sacred-texts.com/hin/wyv/index.htm,the yajur veda (white),the-yajur-veda-white,sruti-and-veda,TRUE,,,TRUE,TRUE,,,,,TRUE,TRUE,,,,,,,,TRUE,TRUE,TRUE
11,The Shatapatha Brahmana,11-the-shatapatha-brahmana,Julius Eggeling (5 vols),Eggeling's monumental 5-volume Sacred Books of the East translation of the Shatapatha Brahmana - key text for Vedic ritual and cosmology.,,Shruti - The Foundational Revelation,The Vedas (Samhitas),https://sacred-texts.com/hin/sbe12/index.htm,the shatapatha brahmana,the-shatapatha-brahmana,sruti-and-veda,TRUE,,,TRUE,TRUE,,,,,TRUE,TRUE,,,,,,,,TRUE,TRUE,TRUE
12,The Krishna Yajurveda,12-the-krishna-yajurveda,Arthur Berriedale Keith (Taittiriya Samhita),Keith's translation of the Taittiriya Samhita (Krishna Yajurveda) - ritual mantras with embedded prose explanations of sacrificial procedure.,,Shruti - The Foundational Revelation,The Vedas (Samhitas),https://archive.org/search?query=%22The%20Krishna%20Yajurveda%22%20Arthur%20Berriedale%20Keith,the krishna yajurveda,the-krishna-yajurveda,sruti-and-veda,TRUE,,,TRUE,TRUE,,,,,TRUE,TRUE,,,,,,,,TRUE,TRUE,TRUE
13,The Atharva Veda,13-the-atharva-veda,Maurice Bloomfield,"Bloomfield's classic Sacred Books of the East translation of the Atharva Veda - hymns of healing, magic, household life, and folk ritual.",,Shruti - The Foundational Revelation,The Vedas (Samhitas),https://sacred-texts.com/hin/av.htm,the atharva veda,the-atharva-veda,sruti-and-veda,TRUE,,,TRUE,TRUE,,,,,TRUE,TRUE,,,,,,,,TRUE,TRUE,TRUE
14,Hymns of the Atharvaveda,14-hymns-of-the-atharvaveda,Ralph T. H. Griffith,"Griffith's complete verse translation of the Atharva Veda - accessible English access to Vedic mantras for healing, protection, and prosperity.",,Shruti - The Foundational Revelation,The Vedas (Samhitas),https://sacred-texts.com/hin/av/index.htm,hymns of the atharvaveda,hymns-of-the-atharvaveda,sruti-and-veda,TRUE,,,TRUE,TRUE,,,,,TRUE,TRUE,,,,,,,,TRUE,TRUE,TRUE
15,Atharvaveda,15-atharvaveda,William Dwight Whitney,Whitney's scholarly Harvard Oriental Series translation of the Atharva Veda with detailed philological notes and textual analysis.,,Shruti - The Foundational Revelation,The Vedas (Samhitas),https://archive.org/search?query=%22Atharvaveda%22%20William%20Dwight%20Whitney,atharvaveda,atharvaveda,sruti-and-veda,TRUE,,,TRUE,TRUE,,,,,TRUE,TRUE,,,,,,,,TRUE,TRUE,TRUE
16,Vedic Hymns,16-vedic-hymns,Max Müller,Max Müller's pioneering 19th-century translation of selected Vedic hymns - foundational text of Western Indology and comparative religion.,,Shruti - The Foundational Revelation,The Vedas (Samhitas),https://sacred-texts.com/hin/sbe32/index.htm,vedic hymns,vedic-hymns,sruti-and-veda,TRUE,,,TRUE,TRUE,TRUE,,,,TRUE,TRUE,,,,,,,,TRUE,TRUE,TRUE
17,The Hymns of the Rgveda in the Eighth Mandala,17-the-hymns-of-the-rgveda-in-the-eighth-mandala,H. D. Velankar,"Velankar's scholarly edition of Rig Veda Mandala 8 with Sanskrit text, English translation, and detailed notes on the Kanva hymns.",,Shruti - The Foundational Revelation,The Vedas (Samhitas),https://archive.org/search?query=%22The%20Hymns%20of%20the%20Rgveda%20in%20the%20Eighth%20Mandala%22%20H.%20D.%20Velankar,the hymns of the rgveda in the eighth mandala,the-hymns-of-the-rgveda-in-the-eighth-mandala,sruti-and-veda,TRUE,,,TRUE,TRUE,,,,,TRUE,TRUE,,,,,,,,TRUE,TRUE,TRUE
18,Vedic Mythology,18-vedic-mythology,Arthur Anthony Macdonell,"Macdonell's classic 1897 reference work systematically cataloguing Vedic gods, myths, and cosmology - still cited in Vedic scholarship.",,Shruti - The Foundational Revelation,The Vedas (Samhitas),https://archive.org/details/cu31924023199775,vedic mythology,vedic-mythology,sruti-and-veda,TRUE,,,TRUE,TRUE,,,,,TRUE,TRUE,,,,,,,,TRUE,TRUE,TRUE
19,Vedic Index of Names and Subjects,19-vedic-index-of-names-and-subjects,A. A. Macdonell & A. B. Keith,Two-volume 1912 reference cataloguing every name and concept in Vedic literature - indispensable index for serious Vedic studies.,,Shruti - The Foundational Revelation,The Vedas (Samhitas),https://archive.org/details/vedicindexofname02macd,vedic index of names and subjects,vedic-index-of-names-and-subjects,sruti-and-veda,TRUE,,,TRUE,TRUE,,,,,TRUE,TRUE,,,,,,,,TRUE,TRUE,TRUE
20,The Religion and Philosophy of the Veda and Upanishads,20-the-religion-and-philosophy-of-the-veda-and-upanishads,A. B. Keith,Keith's 1925 Harvard study of Vedic religion and Upanishadic philosophy - comprehensive academic survey of early Hindu thought.,,Shruti - The Foundational Revelation,The Vedas (Samhitas),https://archive.org/details/in.ernet.dli.2015.179091,the religion and philosophy of the veda and upanishads,the-religion-and-philosophy-of-the-veda-and-upanishads,sruti-and-veda,TRUE,,,TRUE,TRUE,,,,,TRUE,TRUE,,,,,,,,TRUE,TRUE,TRUE
21,The Aitareya Brahmana,21-the-aitareya-brahmana,Martin Haug,"Haug's translation of the Aitareya Brahmana - Rig Vedic ritual manual covering soma sacrifice, royal consecration, and priestly procedure.",,Shruti - The Foundational Revelation,Brahmanas and Aranyakas,https://sacred-texts.com/hin/sbe44/index.htm,the aitareya brahmana,the-aitareya-brahmana,sruti-and-veda,TRUE,,,TRUE,TRUE,,,,,TRUE,TRUE,,,,,,,,TRUE,TRUE,TRUE
22,The Kaushitaki Brahmana,22-the-kaushitaki-brahmana,E. R. Sreekrishna Sarma,Sreekrishna Sarma's translation of the Kaushitaki Brahmana - Rig Vedic ritual text with material on cosmology and the sacrificial fires.,,Shruti - The Foundational Revelation,Brahmanas and Aranyakas,https://archive.org/search?query=%22The%20Kaushitaki%20Brahmana%22%20E.%20R.%20Sreekrishna%20Sarma,the kaushitaki brahmana,the-kaushitaki-brahmana,sruti-and-veda,TRUE,,,TRUE,TRUE,,,,,TRUE,TRUE,,,,,,,,TRUE,TRUE,TRUE
23,The Tandya Mahabrahmana,23-the-tandya-mahabrahmana,W. Caland,Caland's translation of the Tandya Mahabrahmana (Panchavimsha Brahmana) - Sama Veda ritual text on soma sacrifice and chant procedure.,,Shruti - The Foundational Revelation,Brahmanas and Aranyakas,https://archive.org/search?query=%22The%20Tandya%20Mahabrahmana%22%20W.%20Caland,the tandya mahabrahmana,the-tandya-mahabrahmana,sruti-and-veda,TRUE,,,TRUE,TRUE,,,,,TRUE,TRUE,,,,,,,,TRUE,TRUE,TRUE
24,The Jaiminiya Brahmana,24-the-jaiminiya-brahmana,H. W. Bodewitz (selections),Bodewitz's annotated translations from the Jaiminiya Brahmana - preserves rare Vedic narratives and ritual lore from the Sama Veda school.,,Shruti - The Foundational Revelation,Brahmanas and Aranyakas,https://archive.org/search?query=%22The%20Jaiminiya%20Brahmana%22%20H.%20W.%20Bodewitz,the jaiminiya brahmana,the-jaiminiya-brahmana,sruti-and-veda,TRUE,,,TRUE,TRUE,,,,,TRUE,TRUE,,,,,,,,TRUE,TRUE,TRUE
25,The Aitareya Aranyaka,25-the-aitareya-aranyaka,Arthur Berriedale Keith,Keith's translation of the Aitareya Aranyaka - transitional Vedic text bridging ritual Brahmana and philosophical Upanishadic thought.,,Shruti - The Foundational Revelation,Brahmanas and Aranyakas,https://archive.org/search?query=%22The%20Aitareya%20Aranyaka%22%20Arthur%20Berriedale%20Keith,the aitareya aranyaka,the-aitareya-aranyaka,sruti-and-veda,TRUE,,,TRUE,TRUE,,,,,TRUE,TRUE,,,,,,,,TRUE,TRUE,TRUE
26,The Taittiriya Aranyaka,26-the-taittiriya-aranyaka,A. Mahadeva Sastri,Mahadeva Sastri's translation of the Taittiriya Aranyaka - forest-text containing the Mahanarayana Upanishad and key Vedic mantras.,,Shruti - The Foundational Revelation,Brahmanas and Aranyakas,https://archive.org/search?query=%22The%20Taittiriya%20Aranyaka%22%20A.%20Mahadeva%20Sastri,the taittiriya aranyaka,the-taittiriya-aranyaka,sruti-and-veda,TRUE,,,TRUE,TRUE,,,,,TRUE,TRUE,,,,,,,,TRUE,TRUE,TRUE
27,Brahmanas and Aranyakas,27-brahmanas-and-aranyakas,Sukumari Bhattacharji,Bhattacharji's accessible introduction to the Brahmanas and Aranyakas - bridges ritual Vedas and Upanishadic philosophy for general readers.,,Shruti - The Foundational Revelation,Brahmanas and Aranyakas,https://archive.org/search?query=%22Brahmanas%20and%20Aranyakas%22%20Sukumari%20Bhattacharji,brahmanas and aranyakas,brahmanas-and-aranyakas,sruti-and-veda,TRUE,,,TRUE,TRUE,,,,,TRUE,TRUE,,,,,,,,TRUE,TRUE,TRUE
28,The Principal Upanishads,28-the-principal-upanishads,S. Radhakrishnan,"Radhakrishnan's classic translation and commentary on the principal Upanishads - Sanskrit text, English, and philosophical interpretation.",,Shruti - The Foundational Revelation,Principal Upanishads,https://archive.org/search?query=%22The%20Principal%20Upanishads%22%20S.%20Radhakrishnan,the principal upanishads,the-principal-upanishads,sruti-and-veda,TRUE,,,TRUE,TRUE,,,,,TRUE,TRUE,,,,,,,,TRUE,TRUE,TRUE
29,The Thirteen Principal Upanishads,29-the-thirteen-principal-upanishads,Robert Ernest Hume,Hume's 1921 Oxford translation of the thirteen principal Upanishads - long the standard scholarly English edition for academic study.,,Shruti - The Foundational Revelation,Principal Upanishads,https://archive.org/details/thirteenprincipa028442mbp,the thirteen principal upanishads,the-thirteen-principal-upanishads,sruti-and-veda,TRUE,,,TRUE,TRUE,,,,,TRUE,TRUE,,,,,,,,TRUE,TRUE,TRUE
30,The Upanishads,30-the-upanishads,Eknath Easwaran,Easwaran's accessible Upanishads translation with commentary - popular introduction for general readers seeking the heart of Hindu philosophy.,"2-seeker-path,10-daily-dharma",Shruti - The Foundational Revelation,Principal Upanishads,https://archive.org/search?query=%22The%20Upanishads%22%20Eknath%20Easwaran,the upanishads,the-upanishads,sruti-and-veda,TRUE,,,TRUE,TRUE,,,,,TRUE,TRUE,,,,,,,,TRUE,TRUE,TRUE
31,The Upanishads,31-the-upanishads,Swami Nikhilananda (4 vols),Nikhilananda's four-volume Upanishad translation with Shankara's Advaita commentary - gold standard for traditional Vedantic interpretation.,3-intellectual-path,Shruti - The Foundational Revelation,Principal Upanishads,https://archive.org/search?query=%22The%20Upanishads%22%20Eknath%20Easwaran,the upanishads,the-upanishads,sruti-and-veda,TRUE,,,TRUE,TRUE,,,,,TRUE,TRUE,,,,,,,,TRUE,TRUE,TRUE
32,The Early Upanishads,32-the-early-upanishads,Patrick Olivelle,Olivelle's Oxford translation of the early Upanishads with critical apparatus - current academic standard for textual and historical study.,3-intellectual-path,Shruti - The Foundational Revelation,Principal Upanishads,https://archive.org/search?query=%22The%20Early%20Upanishads%22%20Patrick%20Olivelle,the early upanishads,the-early-upanishads,sruti-and-veda,TRUE,,,TRUE,TRUE,,,,,TRUE,TRUE,,,,,,,,TRUE,TRUE,TRUE
33,Eight Upanishads with the Commentary of Sankaracharya,33-eight-upanishads-with-the-commentary-of-sankaracharya,Swami Gambhirananda,Gambhirananda's translation of eight Upanishads with Shankara's Sanskrit commentary in English - essential for Advaita Vedanta study.,,Shruti - The Foundational Revelation,Principal Upanishads,https://archive.org/search?query=%22Eight%20Upanishads%20with%20the%20Commentary%20of%20Sankaracharya%22%20Swami%20Gambhirananda,eight upanishads with the commentary of sankaracharya,eight-upanishads-with-the-commentary-of-sankaracharya,sruti-and-veda,TRUE,,,TRUE,TRUE,,,,,TRUE,TRUE,,,,,,,,TRUE,TRUE,TRUE
34,The Brihadaranyaka Upanishad with Shankara's Commentary,34-the-brihadaranyaka-upanishad-with-shankaras-commentary,Swami Madhavananda,"Madhavananda's translation of the longest Upanishad with Shankara's full commentary - Brihadaranyaka teachings on Atman, Brahman, and karma.",,Shruti - The Foundational Revelation,Principal Upanishads,https://archive.org/search?query=%22The%20Brihadaranyaka%20Upanishad%20with%20Shankara%27s%20Commentary%22%20Swami%20Madhavananda,the brihadaranyaka upanishad with shankara's commentary,the-brihadaranyaka-upanishad-with-shankaras-commentary,sruti-and-veda,TRUE,,,TRUE,TRUE,,,,,TRUE,TRUE,,,,,,,,TRUE,TRUE,TRUE
35,The Chandogya Upanishad with Shankara's Commentary,35-the-chandogya-upanishad-with-shankaras-commentary,Swami Gambhirananda,Gambhirananda's translation of the Chandogya Upanishad with Shankara's commentary - contains the famous 'tat tvam asi' mahavakya.,,Shruti - The Foundational Revelation,Principal Upanishads,https://archive.org/search?query=%22The%20Chandogya%20Upanishad%20with%20Shankara%27s%20Commentary%22%20Swami%20Gambhirananda,the chandogya upanishad with shankara's commentary,the-chandogya-upanishad-with-shankaras-commentary,sruti-and-veda,TRUE,,,TRUE,TRUE,,,,,TRUE,TRUE,,,,,,,,TRUE,TRUE,TRUE
36,The Isa Upanishad,36-the-isa-upanishad,Sri Aurobindo,Sri Aurobindo's translation and inspired commentary on the Isha Upanishad - central text of integral non-dualism and divine indwelling.,,Shruti - The Foundational Revelation,Principal Upanishads,https://www.sriaurobindoashram.org/library/sri-aurobindo/,the isa upanishad,the-isa-upanishad,sruti-and-veda,TRUE,,,TRUE,TRUE,,,,,TRUE,TRUE,,,,,,,,TRUE,TRUE,TRUE
37,The Kena Upanishad,37-the-kena-upanishad,Sri Aurobindo,"Aurobindo's translation and commentary on the Kena Upanishad - meditation on the source of mind, speech, and senses behind all knowing.",,Shruti - The Foundational Revelation,Principal Upanishads,https://www.sriaurobindoashram.org/library/sri-aurobindo/,the kena upanishad,the-kena-upanishad,sruti-and-veda,TRUE,,,TRUE,TRUE,,,,,TRUE,TRUE,,,,,,,,TRUE,TRUE,TRUE
38,The Katha Upanishad,38-the-katha-upanishad,Swami Sarvananda,"Sarvananda's translation of the Katha Upanishad - Yama's teaching to Nachiketa on death, self-knowledge, and the path beyond samsara.",,Shruti - The Foundational Revelation,Principal Upanishads,https://archive.org/search?query=%22The%20Katha%20Upanishad%22%20Swami%20Sarvananda,the katha upanishad,the-katha-upanishad,sruti-and-veda,TRUE,,,TRUE,TRUE,,,,,TRUE,TRUE,,,,,,,,TRUE,TRUE,TRUE
39,The Mandukya Upanishad with Gaudapada's Karika,39-the-mandukya-upanishad-with-gaudapadas-karika,Swami Nikhilananda,Nikhilananda's translation of the Mandukya Upanishad with Gaudapada's Karika and Shankara's commentary - root text of Advaita Vedanta.,,Shruti - The Foundational Revelation,Principal Upanishads,https://archive.org/search?query=%22The%20Mandukya%20Upanishad%20with%20Gaudapada%27s%20Karika%22%20Swami%20Nikhilananda,the mandukya upanishad with gaudapada's karika,the-mandukya-upanishad-with-gaudapadas-karika,sruti-and-veda,TRUE,,,TRUE,TRUE,,,,,TRUE,TRUE,,,,,,,,TRUE,TRUE,TRUE
40,The Mundaka Upanishad,40-the-mundaka-upanishad,Swami Sarvananda,"Sarvananda's translation of the Mundaka Upanishad - distinguishes higher and lower knowledge, contains the famous 'two birds' verse.",,Shruti - The Foundational Revelation,Principal Upanishads,https://archive.org/search?query=%22The%20Mundaka%20Upanishad%22%20Swami%20Sarvananda,the mundaka upanishad,the-mundaka-upanishad,sruti-and-veda,TRUE,,,TRUE,TRUE,,,,,TRUE,TRUE,,,,,,,,TRUE,TRUE,TRUE
41,The Prashna Upanishad,41-the-prashna-upanishad,Swami Sharvananda,"Sarvananda's translation of the Prashna Upanishad - six questions on prana, sleep, meditation, and the ultimate reality of Brahman.",,Shruti - The Foundational Revelation,Principal Upanishads,https://archive.org/search?query=%22The%20Prashna%20Upanishad%22%20Swami%20Sharvananda,the prashna upanishad,the-prashna-upanishad,sruti-and-veda,TRUE,,,TRUE,TRUE,,,,,TRUE,TRUE,,,,,,,,TRUE,TRUE,TRUE
42,The Taittiriya Upanishad,42-the-taittiriya-upanishad,Swami Sharvananda,Sarvananda's translation of the Taittiriya Upanishad - teaches the five sheaths (koshas) and the bliss-nature (ananda) of Brahman.,,Shruti - The Foundational Revelation,Principal Upanishads,https://archive.org/search?query=%22The%20Taittiriya%20Upanishad%22%20Swami%20Sharvananda,the taittiriya upanishad,the-taittiriya-upanishad,sruti-and-veda,TRUE,,,TRUE,TRUE,,,,,TRUE,TRUE,,,,,,,,TRUE,TRUE,TRUE
43,The Aitareya Upanishad,43-the-aitareya-upanishad,Swami Sharvananda,Sarvananda's translation of the Aitareya Upanishad - short Rig Vedic text on cosmic creation and the threefold birth of the self.,,Shruti - The Foundational Revelation,Principal Upanishads,https://archive.org/search?query=%22The%20Aitareya%20Upanishad%22%20Swami%20Sharvananda,the aitareya upanishad,the-aitareya-upanishad,sruti-and-veda,TRUE,,,TRUE,TRUE,,,,,TRUE,TRUE,,,,,,,,TRUE,TRUE,TRUE
44,The Shvetashvatara Upanishad,44-the-shvetashvatara-upanishad,Swami Tyagisananda,Tyagisananda's translation of the Shvetashvatara Upanishad - devotional theistic Upanishad foundational to Shaiva and Yoga traditions.,,Shruti - The Foundational Revelation,Principal Upanishads,https://archive.org/search?query=%22The%20Shvetashvatara%20Upanishad%22%20Swami%20Tyagisananda,the shvetashvatara upanishad,the-shvetashvatara-upanishad,sruti-and-veda,TRUE,,,TRUE,TRUE,,,,,TRUE,TRUE,,,,,,,,TRUE,TRUE,TRUE
45,Thirty Minor Upanishads,45-thirty-minor-upanishads,K. Narayanasvami Aiyar,"Aiyar's translation of thirty minor Upanishads - Yoga, Sannyasa, Vaishnava, and Shaiva texts beyond the principal Upanishadic canon.",,Shruti - The Foundational Revelation,Minor and Sectarian Upanishads,https://archive.org/search?query=%22Thirty%20Minor%20Upanishads%22%20K.%20Narayanasvami%20Aiyar,thirty minor upanishads,thirty-minor-upanishads,sruti-and-veda,TRUE,,,TRUE,TRUE,,,,,TRUE,TRUE,,,,,,,,TRUE,TRUE,TRUE
46,The Yoga Upanishads,46-the-yoga-upanishads,T. R. Srinivasa Ayyangar,"Srinivasa Ayyangar's translation of the Yoga Upanishads - twenty texts on kundalini, nadis, chakras, and yogic meditation practice.",,Shruti - The Foundational Revelation,Minor and Sectarian Upanishads,https://archive.org/search?query=%22The%20Yoga%20Upanishads%22%20T.%20R.%20Srinivasa%20Ayyangar,the yoga upanishads,the-yoga-upanishads,sruti-and-veda,TRUE,,,TRUE,TRUE,,,,,TRUE,TRUE,,,,,,,,TRUE,TRUE,TRUE
47,The Saiva Upanishads,47-the-saiva-upanishads,T. R. Srinivasa Ayyangar,"Srinivasa Ayyangar's translation of the Saiva Upanishads - sectarian Upanishadic texts on Shiva worship, ash, rudraksha, and pancakshara.",,Shruti - The Foundational Revelation,Minor and Sectarian Upanishads,https://archive.org/search?query=%22The%20Saiva%20Upanishads%22%20T.%20R.%20Srinivasa%20Ayyangar,the saiva upanishads,the-saiva-upanishads,sruti-and-veda,TRUE,,,TRUE,TRUE,,,,,TRUE,TRUE,,,,,,,,TRUE,TRUE,TRUE
48,The Vaishnava Upanishads,48-the-vaishnava-upanishads,A. G. Krishna Warrier,"Krishna Warrier's translation of Vaishnava Upanishads - minor Upanishads on Vishnu, Narayana, Krishna, and Vaishnava theology.",,Shruti - The Foundational Revelation,Minor and Sectarian Upanishads,https://archive.org/search?query=%22The%20Vaishnava%20Upanishads%22%20A.%20G.%20Krishna%20Warrier,the vaishnava upanishads,the-vaishnava-upanishads,sruti-and-veda,TRUE,,,TRUE,TRUE,,,,,TRUE,TRUE,,,,,,,,TRUE,TRUE,TRUE
49,The Sakta Upanishads,49-the-sakta-upanishads,A. G. Krishna Warrier,"Krishna Warrier's translation of the Shakta Upanishads - eight texts on the Goddess, Sri Vidya, and the cosmic feminine principle.",,Shruti - The Foundational Revelation,Minor and Sectarian Upanishads,https://archive.org/search?query=%22The%20Sakta%20Upanishads%22%20A.%20G.%20Krishna%20Warrier,the sakta upanishads,the-sakta-upanishads,sruti-and-veda,TRUE,,,TRUE,TRUE,,,,,TRUE,TRUE,,,,,,,,TRUE,TRUE,TRUE
50,The Sannyasa Upanishads,50-the-sannyasa-upanishads,Patrick Olivelle,"Olivelle's scholarly translation of the Sannyasa Upanishads - texts defining renunciation, ascetic life, and the four ashramas.",,Shruti - The Foundational Revelation,Minor and Sectarian Upanishads,https://archive.org/search?query=%22The%20Sannyasa%20Upanishads%22%20Patrick%20Olivelle,the sannyasa upanishads,the-sannyasa-upanishads,sruti-and-veda,TRUE,,,TRUE,TRUE,,,,,TRUE,TRUE,,,,,,,,TRUE,TRUE,TRUE
51,The Mahabharata,51-the-mahabharata,"Bibek Debroy (10 vols, unabridged)",Debroy's complete unabridged 10-volume English translation of the Mahabharata - most readable modern rendering of the full critical edition.,5-expert-apex,The Itihasas - Mahabharata and Ramayana,Mahabharata,https://archive.org/search?query=%22The%20Mahabharata%22%20Bibek%20Debroy,the mahabharata,the-mahabharata,puranas-and-itihasa,TRUE,TRUE,,,TRUE,TRUE,TRUE,,,TRUE,TRUE,,TRUE,TRUE,,,,,TRUE,TRUE,TRUE
52,The Mahabharata,52-the-mahabharata,"J. A. B. van Buitenen (3 vols, partial)",Van Buitenen's celebrated University of Chicago translation of the Mahabharata's first three books - gold standard for literary precision.,,The Itihasas - Mahabharata and Ramayana,Mahabharata,https://archive.org/search?query=%22The%20Mahabharata%22%20Bibek%20Debroy,the mahabharata,the-mahabharata,puranas-and-itihasa,TRUE,TRUE,,,TRUE,,TRUE,,,TRUE,TRUE,,TRUE,TRUE,,,,,TRUE,TRUE,TRUE
53,The Mahabharata,53-the-mahabharata,Kisari Mohan Ganguli (12 vols),"Ganguli's complete 19th-century English translation - first full Mahabharata in English, freely available, foundational reference text.",,The Itihasas - Mahabharata and Ramayana,Mahabharata,https://archive.org/search?query=%22The%20Mahabharata%22%20Bibek%20Debroy,the mahabharata,the-mahabharata,puranas-and-itihasa,TRUE,TRUE,,,TRUE,,TRUE,,,TRUE,TRUE,,TRUE,TRUE,,,,,TRUE,TRUE,TRUE
54,The Mahabharata,54-the-mahabharata,C. Rajagopalachari (abridged),Rajagopalachari's beloved one-volume Mahabharata retelling - classic accessible introduction read by generations of Indian schoolchildren.,8-narrative-mirror,The Itihasas - Mahabharata and Ramayana,Mahabharata,https://archive.org/search?query=%22The%20Mahabharata%22%20Bibek%20Debroy,the mahabharata,the-mahabharata,puranas-and-itihasa,TRUE,TRUE,,,TRUE,,TRUE,,,TRUE,TRUE,,TRUE,TRUE,,,,,TRUE,TRUE,TRUE
55,The Mahabharata,55-the-mahabharata,Ramesh Menon (modern retelling),Ramesh Menon's elegant modern English retelling of the Mahabharata - narrative-driven version preserving the epic's spiritual depth.,,The Itihasas - Mahabharata and Ramayana,Mahabharata,https://archive.org/search?query=%22The%20Mahabharata%22%20Bibek%20Debroy,the mahabharata,the-mahabharata,puranas-and-itihasa,TRUE,TRUE,,,TRUE,TRUE,TRUE,,,TRUE,TRUE,,TRUE,TRUE,,,,,TRUE,TRUE,TRUE
56,The Mahabharata,56-the-mahabharata,P. Lal (transcreation),P. Lal's transcreation of the Mahabharata - book-by-book Sanskrit-faithful poetic rendering by the founder of Writers Workshop Calcutta.,,The Itihasas - Mahabharata and Ramayana,Mahabharata,https://archive.org/search?query=%22The%20Mahabharata%22%20Bibek%20Debroy,the mahabharata,the-mahabharata,puranas-and-itihasa,TRUE,TRUE,,,TRUE,,TRUE,,,TRUE,TRUE,,TRUE,TRUE,,,,,TRUE,TRUE,TRUE
57,Mahabharata Unravelled,57-mahabharata-unravelled,Ami Ganatra,"Debunks myths, quashes popular notions and offers insights into such aspects not commonly known or erroneously known, based solely on facts as narrated in Vyasa's Mahabharata from generally accepted authentic sources.",8-narrative-mirror,The Itihasas - Mahabharata and Ramayana,Mahabharata,In Copyright,mahabharata unravelled,mahabharata-unravelled,puranas-and-itihasa,TRUE,TRUE,,,TRUE,,TRUE,,,TRUE,TRUE,,TRUE,TRUE,,,,,TRUE,TRUE,TRUE
58,The Difficulty of Being Good,58-the-difficulty-of-being-good,Gurcharan Das,"Gurcharan Das's reflection on the Mahabharata's moral universe - uses the epic to explore ethics, ambition, and contemporary Indian life.",,The Itihasas - Mahabharata and Ramayana,Mahabharata,In Copyright,the difficulty of being good,the-difficulty-of-being-good,puranas-and-itihasa,TRUE,TRUE,,,TRUE,TRUE,TRUE,,,TRUE,TRUE,,TRUE,TRUE,,,,,TRUE,TRUE,TRUE
59,Yuganta: The End of an Epoch,59-yuganta-the-end-of-an-epoch,Iravati Karve,"Iravati Karve's classic Marathi-origin essays on Mahabharata characters - psychologically rich literary readings of Kunti, Karna, Bhishma.",,The Itihasas - Mahabharata and Ramayana,Mahabharata,https://archive.org/search?query=%22Yuganta%22%20Iravati%20Karve,yuganta: the end of an epoch,yuganta-the-end-of-an-epoch,puranas-and-itihasa,TRUE,TRUE,,,TRUE,,TRUE,,,TRUE,TRUE,,TRUE,TRUE,,,,,TRUE,TRUE,TRUE
60,On the Meaning of the Mahabharata,60-on-the-meaning-of-the-mahabharata,V. S. Sukthankar,V. S. Sukthankar's foundational lectures on Mahabharata interpretation by the editor of the Bhandarkar critical edition itself.,,The Itihasas - Mahabharata and Ramayana,Mahabharata,https://archive.org/search?query=%22On%20the%20Meaning%20of%20the%20Mahabharata%22%20V.%20S.%20Sukthankar,on the meaning of the mahabharata,on-the-meaning-of-the-mahabharata,puranas-and-itihasa,TRUE,TRUE,,,TRUE,,TRUE,,,TRUE,TRUE,,TRUE,TRUE,,,,,TRUE,TRUE,TRUE
61,The Mahabharata: An Inquiry in the Human Condition,61-the-mahabharata-an-inquiry-in-the-human-condition,Chaturvedi Badrinath,"Chaturvedi Badrinath's deep philosophical reading of the Mahabharata as a treatise on the human condition, dharma, and moral inquiry.",,The Itihasas - Mahabharata and Ramayana,Mahabharata,https://archive.org/search?query=%22The%20Mahabharata%22%20Chaturvedi%20Badrinath,the mahabharata: an inquiry in the human condition,the-mahabharata-an-inquiry-in-the-human-condition,puranas-and-itihasa,TRUE,TRUE,,,TRUE,,TRUE,,,TRUE,TRUE,,TRUE,TRUE,,,,,TRUE,TRUE,TRUE
62,Reading the Fifth Veda,62-reading-the-fifth-veda,Alf Hiltebeitel,Hiltebeitel's argument that the Mahabharata is a unified literary work - challenges the bardic-accretion theory of epic composition.,,The Itihasas - Mahabharata and Ramayana,Mahabharata,"http://naturalisms.org/phil-editions/religions/hinduism/Hiltebeitel%202010%20Reading%20the%20Fifth%20Veda,%20Studies%20on%20the%20Mahabharata.pdf",reading the fifth veda,reading-the-fifth-veda,puranas-and-itihasa,TRUE,TRUE,,,TRUE,,TRUE,,,TRUE,TRUE,,TRUE,TRUE,,,,,TRUE,TRUE,TRUE
63,The Ritual of Battle: Krishna in the Mahabharata,63-the-ritual-of-battle-krishna-in-the-mahabharata,Alf Hiltebeitel,"Hiltebeitel's classic study of Krishna's role in the Kurukshetra war - ritual, theology, and the meaning of dharmic violence.",,The Itihasas - Mahabharata and Ramayana,Mahabharata,https://archive.org/search?query=%22The%20Ritual%20of%20Battle%22%20Alf%20Hiltebeitel,the ritual of battle: krishna in the mahabharata,the-ritual-of-battle-krishna-in-the-mahabharata,puranas-and-itihasa,TRUE,TRUE,,,TRUE,,TRUE,,,TRUE,TRUE,,TRUE,TRUE,,,,,TRUE,TRUE,TRUE
64,Rethinking the Mahabharata,64-rethinking-the-mahabharata,Alf Hiltebeitel,"Hiltebeitel's later synthesis on Mahabharata authorship, structure, and meaning - argues for Brahmin literary composition c. 150 BCE.",,The Itihasas - Mahabharata and Ramayana,Mahabharata,https://archive.org/search?query=%22Rethinking%20the%20Mahabharata%22%20Alf%20Hiltebeitel,rethinking the mahabharata,rethinking-the-mahabharata,puranas-and-itihasa,TRUE,TRUE,,,TRUE,,TRUE,,,TRUE,TRUE,,TRUE,TRUE,,,,,TRUE,TRUE,TRUE
65,The Cult of Draupadi,65-the-cult-of-draupadi,Alf Hiltebeitel (2 vols),Hiltebeitel's two-volume ethnography of South Indian Draupadi cults - folk Mahabharata traditions and goddess worship in Tamil country.,,The Itihasas - Mahabharata and Ramayana,Mahabharata,https://archive.org/details/cultofdraupad0000hilt,the cult of draupadi,the-cult-of-draupadi,puranas-and-itihasa,TRUE,TRUE,,,TRUE,,TRUE,,,TRUE,TRUE,,TRUE,TRUE,,,,,TRUE,TRUE,TRUE
66,The Mahabharata: A Modern Rendering,66-the-mahabharata-a-modern-rendering,Ramesh Menon,Ramesh Menon's full modern retelling of the Mahabharata - accessible prose narrative complementary to his single-volume version.,1-narrative-gateway,The Itihasas - Mahabharata and Ramayana,Mahabharata,https://archive.org/search?query=%22The%20Mahabharata%22%20Ramesh%20Menon,the mahabharata: a modern rendering,the-mahabharata-a-modern-rendering,puranas-and-itihasa,TRUE,TRUE,,,TRUE,TRUE,TRUE,,,TRUE,TRUE,,TRUE,TRUE,,,,,TRUE,TRUE,TRUE
67,Mahabharata Now,67-mahabharata-now,Arindam Chakrabarti & Sibaji Bandyopadhyay,"Chakrabarti and Bandyopadhyay's edited volume of contemporary scholarly essays on the Mahabharata - philosophy, gender, ethics, narrative.",,The Itihasas - Mahabharata and Ramayana,Mahabharata,https://archive.org/search?query=%22Mahabharata%20Now%22%20Arindam%20Chakrabarti%20%26%20Sibaji%20Bandyopadhyay,mahabharata now,mahabharata-now,puranas-and-itihasa,TRUE,TRUE,,,TRUE,TRUE,TRUE,,,TRUE,TRUE,,TRUE,TRUE,,,,,TRUE,TRUE,TRUE
68,The Mahabharata: A Literary Study,68-the-mahabharata-a-literary-study,Krishna Chaitanya,"Krishna Chaitanya's literary-critical study of the Mahabharata as world literature - themes, structure, and aesthetic achievement.",,The Itihasas - Mahabharata and Ramayana,Mahabharata,https://archive.org/search?query=%22The%20Mahabharata%22%20Krishna%20Chaitanya,the mahabharata: a literary study,the-mahabharata-a-literary-study,puranas-and-itihasa,TRUE,TRUE,,,TRUE,,TRUE,,,TRUE,TRUE,,TRUE,TRUE,,,,,TRUE,TRUE,TRUE
69,The Mahabharata Patriline,69-the-mahabharata-patriline,Simon Brodbeck,"Brodbeck's scholarly study of Mahabharata genealogy and patriline - kinship, dynasty, and the politics of succession in the epic.",,The Itihasas - Mahabharata and Ramayana,Mahabharata,https://archive.org/search?query=%22The%20Mahabharata%20Patriline%22%20Simon%20Brodbeck,the mahabharata patriline,the-mahabharata-patriline,puranas-and-itihasa,TRUE,TRUE,,,TRUE,,TRUE,,,TRUE,TRUE,,TRUE,TRUE,,,,,TRUE,TRUE,TRUE
70,Krishna's Mahabharatas,70-krishnas-mahabharatas,Buddhadeva Bose,Buddhadeva Bose's elegant Bengali essays on Mahabharata characters in English translation - literary humanism applied to the epic.,,The Itihasas - Mahabharata and Ramayana,Mahabharata,https://archive.org/search?query=%22Krishna%27s%20Mahabharatas%22%20Buddhadeva%20Bose,krishna's mahabharatas,krishnas-mahabharatas,puranas-and-itihasa,TRUE,TRUE,,,TRUE,,TRUE,,,TRUE,TRUE,,TRUE,TRUE,,,,,TRUE,TRUE,TRUE
71,Bhagavad Gita As It Is,71-bhagavad-gita-as-it-is,A. C. Bhaktivedanta Swami Prabhupada,Prabhupada's word-for-word Sanskrit-English Bhagavad Gita with Gaudiya Vaishnava commentary - most widely distributed Gita worldwide.,,The Itihasas - Mahabharata and Ramayana,Bhagavad Gita,https://prabhupadabooks.com/bg,bhagavad gita as it is,bhagavad-gita-as-it-is,puranas-and-itihasa,TRUE,TRUE,,TRUE,TRUE,,TRUE,,,TRUE,TRUE,,TRUE,TRUE,,,,,TRUE,TRUE,TRUE
72,The Bhagavad Gita,72-the-bhagavad-gita,Eknath Easwaran,Easwaran's beloved accessible Gita translation with chapter introductions - popular gateway text for Western and general readers.,2-seeker-path,The Itihasas - Mahabharata and Ramayana,Bhagavad Gita,https://archive.org/search?query=%22The%20Bhagavad%20Gita%22%20Eknath%20Easwaran,the bhagavad gita,the-bhagavad-gita,puranas-and-itihasa,TRUE,TRUE,,TRUE,TRUE,TRUE,TRUE,,,TRUE,TRUE,,TRUE,TRUE,,,,,TRUE,TRUE,TRUE
73,The Bhagavad Gita According to Gandhi,73-the-bhagavad-gita-according-to-gandhi,M. K. Gandhi,"Gandhi's Gujarati Gita commentary in English - reads the Gita as a manual for ahimsa, anasakti (non-attachment), and selfless action.",,The Itihasas - Mahabharata and Ramayana,Bhagavad Gita,https://www.mkgandhi.org/ebks/bhagvadgita.pdf,the bhagavad gita according to gandhi,the-bhagavad-gita-according-to-gandhi,puranas-and-itihasa,TRUE,TRUE,,TRUE,TRUE,,TRUE,,,TRUE,TRUE,,TRUE,TRUE,,,,,TRUE,TRUE,TRUE
74,Essays on the Gita,74-essays-on-the-gita,Sri Aurobindo,"Sri Aurobindo's profound Gita commentary developing his integral yoga - synthesizes karma, jnana, and bhakti yogas into one path.",2-seeker-path,The Itihasas - Mahabharata and Ramayana,Bhagavad Gita,https://www.aurobindo.ru/workings/sa/19/0019_e.pdf,essays on the gita,essays-on-the-gita,puranas-and-itihasa,TRUE,TRUE,,TRUE,TRUE,,TRUE,,,TRUE,TRUE,,TRUE,TRUE,,,,,TRUE,TRUE,TRUE
75,Bhagavad Gita with the Commentary of Sankaracharya,75-bhagavad-gita-with-the-commentary-of-sankaracharya,Swami Gambhirananda,Gambhirananda's translation of the Gita with Shankara's complete Sanskrit commentary in English - definitive Advaita reading of the Gita.,,The Itihasas - Mahabharata and Ramayana,Bhagavad Gita,https://archive.org/search?query=%22Bhagavad%20Gita%20with%20the%20Commentary%20of%20Sankaracharya%22%20Swami%20Gambhirananda,bhagavad gita with the commentary of sankaracharya,bhagavad-gita-with-the-commentary-of-sankaracharya,puranas-and-itihasa,TRUE,TRUE,,TRUE,TRUE,,TRUE,,,TRUE,TRUE,,TRUE,TRUE,,,,,TRUE,TRUE,TRUE
76,Srimad Bhagavad Gita Bhasya of Sri Sankaracharya,76-srimad-bhagavad-gita-bhasya-of-sri-sankaracharya,A. G. Krishna Warrier,Krishna Warrier's alternate translation of Shankara's Gita Bhashya - important second rendering for serious Advaita Gita students.,,The Itihasas - Mahabharata and Ramayana,Bhagavad Gita,https://archive.org/search?query=%22Srimad%20Bhagavad%20Gita%20Bhasya%20of%20Sri%20Sankaracharya%22%20A.%20G.%20Krishna%20Warrier,srimad bhagavad gita bhasya of sri sankaracharya,srimad-bhagavad-gita-bhasya-of-sri-sankaracharya,puranas-and-itihasa,TRUE,TRUE,,TRUE,TRUE,,TRUE,,,TRUE,TRUE,,TRUE,TRUE,,,,,TRUE,TRUE,TRUE
77,Bhagavad Gita with the Commentary of Ramanuja,77-bhagavad-gita-with-the-commentary-of-ramanuja,Swami Adidevananda,Adidevananda's translation of Ramanuja's Gita commentary - definitive Vishishtadvaita reading emphasizing bhakti and surrender to Vishnu.,,The Itihasas - Mahabharata and Ramayana,Bhagavad Gita,https://archive.org/search?query=%22Bhagavad%20Gita%20with%20the%20Commentary%20of%20Ramanuja%22%20Swami%20Adidevananda,bhagavad gita with the commentary of ramanuja,bhagavad-gita-with-the-commentary-of-ramanuja,puranas-and-itihasa,TRUE,TRUE,,TRUE,TRUE,,TRUE,,,TRUE,TRUE,,TRUE,TRUE,,,,,TRUE,TRUE,TRUE
78,The Bhagavad Gita,78-the-bhagavad-gita,S. Radhakrishnan,Radhakrishnan's classic Gita translation with philosophical introduction and notes - bridge between traditional and modern interpretation.,,The Itihasas - Mahabharata and Ramayana,Bhagavad Gita,https://archive.org/search?query=%22The%20Bhagavad%20Gita%22%20Eknath%20Easwaran,the bhagavad gita,the-bhagavad-gita,puranas-and-itihasa,TRUE,TRUE,,TRUE,TRUE,TRUE,TRUE,,,TRUE,TRUE,,TRUE,TRUE,,,,,TRUE,TRUE,TRUE
79,The Bhagavad Gita,79-the-bhagavad-gita,Winthrop Sargeant,"Sargeant's interlinear Gita with Sanskrit, transliteration, word-by-word grammar, and translation - best for Sanskrit study of the Gita.",,The Itihasas - Mahabharata and Ramayana,Bhagavad Gita,https://archive.org/search?query=%22The%20Bhagavad%20Gita%22%20Eknath%20Easwaran,the bhagavad gita,the-bhagavad-gita,puranas-and-itihasa,TRUE,TRUE,,TRUE,TRUE,,TRUE,,,TRUE,TRUE,,TRUE,TRUE,,,,,TRUE,TRUE,TRUE
80,The Bhagavad Gita,80-the-bhagavad-gita,Graham Schweig,Schweig's poetic Gita translation emphasizing the text's lyrical and devotional dimensions - strong for literary and bhakti readings.,,The Itihasas - Mahabharata and Ramayana,Bhagavad Gita,https://archive.org/search?query=%22The%20Bhagavad%20Gita%22%20Eknath%20Easwaran,the bhagavad gita,the-bhagavad-gita,puranas-and-itihasa,TRUE,TRUE,,TRUE,TRUE,,TRUE,,,TRUE,TRUE,,TRUE,TRUE,,,,,TRUE,TRUE,TRUE
81,The Bhagavad Gita,81-the-bhagavad-gita,Laurie L. Patton,Patton's Penguin Classics Gita translation - readable scholarly version with introduction situating the text in epic and ritual context.,,The Itihasas - Mahabharata and Ramayana,Bhagavad Gita,https://archive.org/search?query=%22The%20Bhagavad%20Gita%22%20Eknath%20Easwaran,the bhagavad gita,the-bhagavad-gita,puranas-and-itihasa,TRUE,TRUE,,TRUE,TRUE,,TRUE,,,TRUE,TRUE,,TRUE,TRUE,,,,,TRUE,TRUE,TRUE
82,Jnaneshwari,82-jnaneshwari,Sant Jnaneshwar (V. G. Pradhan trans.),"Jnaneshwar's 13th-century Marathi commentary on the Gita - masterpiece of Maharashtrian bhakti, lyrical and philosophically rich.",,The Itihasas - Mahabharata and Ramayana,Bhagavad Gita,https://archive.org/search?query=%22Jnaneshwari%22%20Sant%20Jnaneshwar,jnaneshwari,jnaneshwari,puranas-and-itihasa,TRUE,TRUE,,TRUE,TRUE,,TRUE,,,TRUE,TRUE,,TRUE,TRUE,,,,,TRUE,TRUE,TRUE
83,Gita Rahasya,83-gita-rahasya,Bal Gangadhar Tilak,"Tilak's Marathi karmayoga commentary written from Mandalay prison - argues the Gita teaches active engagement, not renunciation.",,The Itihasas - Mahabharata and Ramayana,Bhagavad Gita,https://archive.org/details/srimadbhagavadgi028527mbp,gita rahasya,gita-rahasya,puranas-and-itihasa,TRUE,TRUE,,TRUE,TRUE,,TRUE,,,TRUE,TRUE,,TRUE,TRUE,,,,,TRUE,TRUE,TRUE
84,The Holy Geeta,84-the-holy-geeta,Swami Chinmayananda,Chinmayananda's verse-by-verse Gita commentary from his discourses - clear modern Advaita teaching for contemporary spiritual seekers.,,The Itihasas - Mahabharata and Ramayana,Bhagavad Gita,https://archive.org/search?query=%22The%20Holy%20Geeta%22%20Swami%20Chinmayananda,the holy geeta,the-holy-geeta,puranas-and-itihasa,TRUE,TRUE,,TRUE,TRUE,TRUE,TRUE,,,TRUE,TRUE,,TRUE,TRUE,,,,,TRUE,TRUE,TRUE
85,The Bhagavad Gita: A New Translation,85-the-bhagavad-gita-a-new-translation,Stephen Mitchell,Stephen Mitchell's free poetic Gita rendering - literary recreation prioritizing rhythm and feeling over scholarly Sanskrit fidelity.,,The Itihasas - Mahabharata and Ramayana,Bhagavad Gita,https://archive.org/search?query=%22The%20Bhagavad%20Gita%22%20Stephen%20Mitchell,the bhagavad gita: a new translation,the-bhagavad-gita-a-new-translation,puranas-and-itihasa,TRUE,TRUE,,TRUE,TRUE,,TRUE,,,TRUE,TRUE,,TRUE,TRUE,,,,,TRUE,TRUE,TRUE
86,Talks on the Gita,86-talks-on-the-gita,Vinoba Bhave,"Vinoba Bhave's prison Gita talks in Marathi - Gandhian successor reads the Gita as a guide to swaraj, sarvodaya, and selfless action.",,The Itihasas - Mahabharata and Ramayana,Bhagavad Gita,https://archive.org/search?query=%22Talks%20on%20the%20Gita%22%20Vinoba%20Bhave,talks on the gita,talks-on-the-gita,puranas-and-itihasa,TRUE,TRUE,,TRUE,TRUE,,TRUE,TRUE,,TRUE,TRUE,,TRUE,TRUE,,,,,TRUE,TRUE,TRUE
87,Discourses on the Gita,87-discourses-on-the-gita,Sri Ramana Maharshi,Ramana Maharshi's brief but profound Gita teachings - Advaita master emphasizes self-inquiry as the essence of all yogas.,,The Itihasas - Mahabharata and Ramayana,Bhagavad Gita,https://archive.org/search?query=%22Discourses%20on%20the%20Gita%22%20Sri%20Ramana%20Maharshi,discourses on the gita,discourses-on-the-gita,puranas-and-itihasa,TRUE,TRUE,,TRUE,TRUE,,TRUE,,,TRUE,TRUE,,TRUE,TRUE,,,,,TRUE,TRUE,TRUE
88,The Mahabharata's Bhagavad Gita,88-the-mahabharatas-bhagavad-gita,Rita Sherma & Arvind Sharma (eds.),Sherma and Sharma's edited scholarly volume on Gita interpretation - multiple academic perspectives on the text's reception and meaning.,,The Itihasas - Mahabharata and Ramayana,Bhagavad Gita,https://archive.org/search?query=%22The%20Mahabharata%27s%20Bhagavad%20Gita%22%20Rita%20Sherma%20%26%20Arvind%20Sharma,the mahabharata's bhagavad gita,the-mahabharatas-bhagavad-gita,puranas-and-itihasa,TRUE,TRUE,,TRUE,TRUE,,TRUE,,,TRUE,TRUE,,TRUE,TRUE,,,,,TRUE,TRUE,TRUE
89,The Valmiki Ramayana,89-the-valmiki-ramayana,Bibek Debroy (3 vols),Debroy's complete unabridged English translation of Valmiki's Ramayana - most readable modern rendering of the full critical edition.,,The Itihasas - Mahabharata and Ramayana,Ramayana,https://archive.org/search?query=%22The%20Valmiki%20Ramayana%22%20Bibek%20Debroy,the valmiki ramayana,the-valmiki-ramayana,puranas-and-itihasa,TRUE,TRUE,,,TRUE,TRUE,TRUE,,,TRUE,TRUE,,TRUE,TRUE,,,,,TRUE,TRUE,TRUE
90,The Ramayana of Valmiki,90-the-ramayana-of-valmiki,"Robert P. Goldman et al. (Princeton, 7 vols)",Princeton's seven-volume scholarly Ramayana translation - gold standard academic edition with critical apparatus and detailed notes.,5-expert-apex,The Itihasas - Mahabharata and Ramayana,Ramayana,https://archive.org/search?query=%22The%20Ramayana%20of%20Valmiki%22%20Robert%20P.%20Goldman%20.,the ramayana of valmiki,the-ramayana-of-valmiki,puranas-and-itihasa,TRUE,TRUE,,,TRUE,,TRUE,,,TRUE,TRUE,,TRUE,TRUE,,,,,TRUE,TRUE,TRUE
91,The Ramayana,91-the-ramayana,C. Rajagopalachari,Rajagopalachari's beloved single-volume Ramayana retelling - classic accessible introduction familiar to generations of Indian readers.,"1-narrative-gateway,8-narrative-mirror",The Itihasas - Mahabharata and Ramayana,Ramayana,https://archive.org/search?query=%22The%20Ramayana%22%20C.%20Rajagopalachari,the ramayana,the-ramayana,puranas-and-itihasa,TRUE,TRUE,,,TRUE,,TRUE,,,TRUE,TRUE,,TRUE,TRUE,,,,,TRUE,TRUE,TRUE
92,The Ramayana,92-the-ramayana,Ramesh Menon,Ramesh Menon's flowing modern English Ramayana retelling - preserves epic grandeur with readable narrative prose.,,The Itihasas - Mahabharata and Ramayana,Ramayana,https://archive.org/search?query=%22The%20Ramayana%22%20C.%20Rajagopalachari,the ramayana,the-ramayana,puranas-and-itihasa,TRUE,TRUE,,,TRUE,TRUE,TRUE,,,TRUE,TRUE,,TRUE,TRUE,,,,,TRUE,TRUE,TRUE
93,The Ramayana,93-the-ramayana,R. K. Narayan,"R. K. Narayan's compact literary Ramayana retelling based on Kamban's Tamil version - accessible, witty, and warmly humanistic.",,The Itihasas - Mahabharata and Ramayana,Ramayana,https://archive.org/search?query=%22The%20Ramayana%22%20C.%20Rajagopalachari,the ramayana,the-ramayana,puranas-and-itihasa,TRUE,TRUE,,,TRUE,,TRUE,,,TRUE,TRUE,,TRUE,TRUE,,,,,TRUE,TRUE,TRUE
94,Ramayana Unravelled,94-ramayana-unravelled,Ami Ganatra,Ramayana Unravelled attempts to draw out insights from the epic as narrated to Rishi Valmiki to answer these and other such questions.,,The Itihasas - Mahabharata and Ramayana,Ramayana,In Copyright,ramayana unravelled,ramayana-unravelled,puranas-and-itihasa,TRUE,TRUE,,,TRUE,,TRUE,,,TRUE,TRUE,,TRUE,TRUE,,,,,TRUE,TRUE,TRUE
95,The Adhyatma Ramayana,95-the-adhyatma-ramayana,Swami Tapasyananda,"Tapasyananda's translation of the Adhyatma Ramayana - Advaita Vedantic Ramayana embedded in the Brahmanda Purana, basis of Tulsidas.",,The Itihasas - Mahabharata and Ramayana,Ramayana,https://archive.org/search?query=%22The%20Adhyatma%20Ramayana%22%20Swami%20Tapasyananda,the adhyatma ramayana,the-adhyatma-ramayana,puranas-and-itihasa,TRUE,TRUE,,,TRUE,,TRUE,,,TRUE,TRUE,,TRUE,TRUE,,,,,TRUE,TRUE,TRUE
96,Ramcharitmanas of Tulsidas,96-ramcharitmanas-of-tulsidas,F. S. Growse,Growse's Victorian translation of Tulsidas's Ramcharitmanas - first complete English version of the Awadhi devotional Ramayana.,,The Itihasas - Mahabharata and Ramayana,Ramayana,https://archive.org/details/RamayanofTulsidasGrowse,ramcharitmanas of tulsidas,ramcharitmanas-of-tulsidas,puranas-and-itihasa,TRUE,TRUE,,,TRUE,,TRUE,,,TRUE,TRUE,,TRUE,TRUE,,,,,TRUE,TRUE,TRUE
97,Ramcharitmanas,97-ramcharitmanas,R. C. Prasad,R. C. Prasad's modern English Ramcharitmanas translation - readable verse rendering of Tulsidas's bhakti masterpiece in Awadhi.,,The Itihasas - Mahabharata and Ramayana,Ramayana,https://archive.org/search?query=%22Ramcharitmanas%22%20R.%20C.%20Prasad,ramcharitmanas,ramcharitmanas,puranas-and-itihasa,TRUE,TRUE,,,TRUE,TRUE,TRUE,,,TRUE,TRUE,,TRUE,TRUE,,,,,TRUE,TRUE,TRUE
98,Kamba Ramayanam,98-kamba-ramayanam,P. S. Sundaram,Sundaram's English translation of Kamban's 12th-century Tamil Ramayana - major southern recension with distinct literary character.,,The Itihasas - Mahabharata and Ramayana,Ramayana,https://archive.org/search?query=%22Kamba%20Ramayanam%22%20P.%20S.%20Sundaram,kamba ramayanam,kamba-ramayanam,puranas-and-itihasa,TRUE,TRUE,,,TRUE,,TRUE,,,TRUE,TRUE,,TRUE,TRUE,,,,,TRUE,TRUE,TRUE
99,Iramavataram,99-iramavataram,A. K. Ramanujan (selections),Ramanujan's influential essays on Ramayana variants and Kamban's Iramavataram - classic decolonial reading of epic plurality.,,The Itihasas - Mahabharata and Ramayana,Ramayana,https://archive.org/search?query=%22Iramavataram%22%20A.%20K.%20Ramanujan,iramavataram,iramavataram,puranas-and-itihasa,TRUE,TRUE,,,TRUE,,TRUE,,,TRUE,TRUE,,TRUE,TRUE,,,,,TRUE,TRUE,TRUE
100,Yoga Vasistha,100-yoga-vasistha,Swami Venkatesananda,Venkatesananda's accessible translation of the Yoga Vasishtha - vast Advaita Ramayana frame teaching liberation through stories.,,The Itihasas - Mahabharata and Ramayana,Ramayana,https://sacred-texts.com/hin/yvfz/index.htm,yoga vasistha,yoga-vasistha,puranas-and-itihasa,TRUE,TRUE,,,TRUE,,TRUE,,,TRUE,TRUE,,TRUE,TRUE,,,,,TRUE,TRUE,TRUE
101,The Concise Yoga Vasistha,101-the-concise-yoga-vasistha,Swami Venkatesananda,Venkatesananda's shorter Yoga Vasishtha - condensed Advaita teaching dialogue between Vasishtha and Rama on the nature of mind.,,The Itihasas - Mahabharata and Ramayana,Ramayana,https://archive.org/search?query=%22The%20Concise%20Yoga%20Vasistha%22%20Swami%20Venkatesananda,the concise yoga vasistha,the-concise-yoga-vasistha,puranas-and-itihasa,TRUE,TRUE,,,TRUE,,TRUE,,,TRUE,TRUE,,TRUE,TRUE,,,,,TRUE,TRUE,TRUE
102,Many Ramayanas,102-many-ramayanas,Paula Richman (ed.),Paula Richman's landmark edited volume on Ramayana plurality - essays showing the epic exists in hundreds of regional retellings.,,The Itihasas - Mahabharata and Ramayana,Ramayana,https://archive.org/search?query=%22Many%20Ramayanas%22%20Paula%20Richman,many ramayanas,many-ramayanas,puranas-and-itihasa,TRUE,TRUE,,,TRUE,,TRUE,,,TRUE,TRUE,,TRUE,TRUE,,,,,TRUE,TRUE,TRUE
103,Questioning Ramayanas,103-questioning-ramayanas,Paula Richman (ed.),"Richman's follow-up volume continuing the Ramayana-tradition project - focused on dissident, women's, and Dalit retellings.",,The Itihasas - Mahabharata and Ramayana,Ramayana,https://archive.org/search?query=%22Questioning%20Ramayanas%22%20Paula%20Richman,questioning ramayanas,questioning-ramayanas,puranas-and-itihasa,TRUE,TRUE,,,TRUE,,TRUE,,,TRUE,TRUE,,TRUE,TRUE,,,,,TRUE,TRUE,TRUE
104,The Ramayana Revisited,104-the-ramayana-revisited,Mandakranta Bose (ed.),"Mandakranta Bose's edited volume revisiting Ramayana scholarship - essays on text, performance, gender, and regional traditions.",,The Itihasas - Mahabharata and Ramayana,Ramayana,https://archive.org/search?query=%22The%20Ramayana%20Revisited%22%20Mandakranta%20Bose,the ramayana revisited,the-ramayana-revisited,puranas-and-itihasa,TRUE,TRUE,,,TRUE,,TRUE,,,TRUE,TRUE,,TRUE,TRUE,,,,,TRUE,TRUE,TRUE
105,The Ramayana in Indian Thought and Literature,105-the-ramayana-in-indian-thought-and-literature,V. Raghavan,"V. Raghavan's classical study of Ramayana influence across Indian literature - Sanskrit, Prakrit, and regional language reception.",,The Itihasas - Mahabharata and Ramayana,Ramayana,https://archive.org/search?query=%22The%20Ramayana%20in%20Indian%20Thought%20and%20Literature%22%20V.%20Raghavan,the ramayana in indian thought and literature,the-ramayana-in-indian-thought-and-literature,puranas-and-itihasa,TRUE,TRUE,,,TRUE,,TRUE,,,TRUE,TRUE,,TRUE,TRUE,,,,,TRUE,TRUE,TRUE
106,The Ramayana Tradition in Asia,106-the-ramayana-tradition-in-asia,V. Raghavan (ed.),"Raghavan's edited volume mapping Ramayana traditions across Asia - Indonesia, Thailand, Cambodia, Tibet, Japan, and beyond.",,The Itihasas - Mahabharata and Ramayana,Ramayana,https://archive.org/search?query=%22The%20Ramayana%20Tradition%20in%20Asia%22%20V.%20Raghavan,the ramayana tradition in asia,the-ramayana-tradition-in-asia,puranas-and-itihasa,TRUE,TRUE,,,TRUE,,TRUE,,,TRUE,TRUE,,TRUE,TRUE,,,,,TRUE,TRUE,TRUE
107,The Mystery of Sita,107-the-mystery-of-sita,Sampadananda Mishra,Sampadananda Mishra's Aurobindonian meditation on Sita as the Shakti aspect of Ramayana - devotional and philosophical reading.,,The Itihasas - Mahabharata and Ramayana,Ramayana,In Copyright,the mystery of sita,the-mystery-of-sita,puranas-and-itihasa,TRUE,TRUE,,,TRUE,,TRUE,,,TRUE,TRUE,,TRUE,TRUE,,,,,TRUE,TRUE,TRUE
108,Sita's Sister,108-sitas-sister,Kavita Kane,Kavita Kane's novel from Urmila's perspective - feminist retelling of the Ramayana centered on Lakshmana's overlooked wife.,1-narrative-gateway,The Itihasas - Mahabharata and Ramayana,Ramayana,https://archive.org/search?query=%22Sita%27s%20Sister%22%20Kavita%20Kane,sita's sister,sitas-sister,puranas-and-itihasa,TRUE,TRUE,,,TRUE,,TRUE,,,TRUE,TRUE,,TRUE,TRUE,,,,,TRUE,TRUE,TRUE
109,Asura: Tale of the Vanquished,109-asura-tale-of-the-vanquished,Anand Neelakantan,Anand Neelakantan's bestselling Ravana-perspective Ramayana - antagonist-as-protagonist retelling exploring Asura civilizational claims.,1-narrative-gateway,The Itihasas - Mahabharata and Ramayana,Ramayana,In Copyright,asura: tale of the vanquished,asura-tale-of-the-vanquished,puranas-and-itihasa,TRUE,TRUE,,,TRUE,,TRUE,,,TRUE,TRUE,,TRUE,TRUE,,,,,TRUE,TRUE,TRUE
110,Ramayana: The Game of Life,110-ramayana-the-game-of-life,Shubha Vilas,Shubha Vilas's modern devotional Ramayana retelling - contemporary life-lessons drawn from each episode of Rama's journey.,,The Itihasas - Mahabharata and Ramayana,Ramayana,https://archive.org/search?query=%22Ramayana%22%20Shubha%20Vilas,ramayana: the game of life,ramayana-the-game-of-life,puranas-and-itihasa,TRUE,TRUE,,,TRUE,TRUE,TRUE,,,TRUE,TRUE,,TRUE,TRUE,,,,,TRUE,TRUE,TRUE
111,The Bhagavata Purana,111-the-bhagavata-purana,Edwin Bryant (selections),Edwin Bryant's scholarly Bhagavata Purana selections with translation and notes - accessible academic gateway to the Krishna Purana.,,The Puranas,,https://archive.org/search?query=%22The%20Bhagavata%20Purana%22%20Edwin%20Bryant,the bhagavata purana,the-bhagavata-purana,puranas-and-itihasa,TRUE,TRUE,,,TRUE,,TRUE,,,TRUE,,TRUE,TRUE,TRUE,TRUE,,,,TRUE,TRUE,TRUE
112,Srimad Bhagavatam,112-srimad-bhagavatam,A. C. Bhaktivedanta Swami Prabhupada,Prabhupada's complete Sanskrit-English Bhagavata Purana with Gaudiya Vaishnava commentary - multi-volume Krishna devotional standard.,,The Puranas,,https://prabhupadabooks.com/sb,srimad bhagavatam,srimad-bhagavatam,puranas-and-itihasa,TRUE,TRUE,,,TRUE,,TRUE,,,TRUE,,TRUE,TRUE,TRUE,TRUE,,,,TRUE,TRUE,TRUE
113,Srimad Bhagavata Mahapurana,113-srimad-bhagavata-mahapurana,C. L. Goswami (2 vols),Goswami's Gita Press complete Bhagavatam translation - traditional Vaishnava English rendering with Sanskrit text and devotional notes.,,The Puranas,,https://archive.org/details/SrimadBhagavatMahapuranWithEnglishTranslationGitaPress,srimad bhagavata mahapurana,srimad-bhagavata-mahapurana,puranas-and-itihasa,TRUE,TRUE,,,TRUE,,TRUE,,,TRUE,,TRUE,TRUE,TRUE,TRUE,,,,TRUE,TRUE,TRUE
114,The Bhagavata Purana,114-the-bhagavata-purana,Ramesh Menon,Ramesh Menon's flowing single-volume Bhagavata Purana retelling - accessible Krishna lila narrative for general readers.,,The Puranas,,https://archive.org/search?query=%22The%20Bhagavata%20Purana%22%20Edwin%20Bryant,the bhagavata purana,the-bhagavata-purana,puranas-and-itihasa,TRUE,TRUE,,,TRUE,,TRUE,,,TRUE,,TRUE,TRUE,TRUE,TRUE,,,,TRUE,TRUE,TRUE
115,Krishna: The Beautiful Legend of God (Bhagavata Book X),115-krishna-the-beautiful-legend-of-god-bhagavata-book-x,Edwin Bryant,Bryant's scholarly translation of Bhagavata Book 10 (Krishna's life) - extensively annotated definitive academic version of the Krishna story.,,The Puranas,,https://archive.org/search?query=%22Krishna%22%20Edwin%20Bryant,krishna: the beautiful legend of god (bhagavata book x),krishna-the-beautiful-legend-of-god-bhagavata-book-x,puranas-and-itihasa,TRUE,TRUE,,,TRUE,,TRUE,,,TRUE,,TRUE,TRUE,TRUE,TRUE,,,,TRUE,TRUE,TRUE
116,The Vishnu Purana,116-the-vishnu-purana,H. H. Wilson,"Wilson's classical 1840 Vishnu Purana translation - first complete English Purana, foundational text of 19th-century Indology.",,The Puranas,,https://archive.org/details/VishnuPuranaWilsonEnglish,the vishnu purana,the-vishnu-purana,puranas-and-itihasa,TRUE,TRUE,,,TRUE,,TRUE,,,TRUE,,TRUE,TRUE,TRUE,TRUE,,,,TRUE,TRUE,TRUE
117,The Shiva Purana,117-the-shiva-purana,"J. L. Shastri (Motilal, 4 vols)","Motilal Banarsidass's complete four-volume Shiva Purana translation - major Shaiva Purana on Shiva myths, lingas, and twelve Jyotirlingas.",,The Puranas,,https://archive.org/details/LingaPuranaEnglishMotilalBanarsidass,the shiva purana,the-shiva-purana,puranas-and-itihasa,TRUE,TRUE,,,TRUE,,TRUE,,,TRUE,,TRUE,TRUE,TRUE,TRUE,,,,TRUE,TRUE,TRUE
118,The Linga Purana,118-the-linga-purana,J. L. Shastri (2 vols),"Shastri's two-volume Linga Purana translation - Shaiva Purana centered on linga worship, cosmology, and Shiva's manifestations.",,The Puranas,,https://archive.org/search?query=%22The%20Linga%20Purana%22%20J.%20L.%20Shastri,the linga purana,the-linga-purana,puranas-and-itihasa,TRUE,TRUE,,,TRUE,,TRUE,,,TRUE,,TRUE,TRUE,TRUE,TRUE,,,,TRUE,TRUE,TRUE
119,The Skanda Purana,119-the-skanda-purana,G. V. Tagare (multi-vol),"Tagare's monumental multi-volume Skanda Purana translation - largest of the Mahapuranas, vast tirtha-mahatmya and pilgrimage geography.",,The Puranas,,https://archive.org/details/SkandaPuranaPart01EnglishMotilal,the skanda purana,the-skanda-purana,puranas-and-itihasa,TRUE,TRUE,,,TRUE,,TRUE,,,TRUE,,TRUE,TRUE,TRUE,TRUE,,,,TRUE,TRUE,TRUE
120,The Markandeya Purana,120-the-markandeya-purana,F. Eden Pargiter,"Pargiter's classical Markandeya Purana translation - contains the Devi Mahatmya, central Shakta scripture on Durga's slaying of Mahishasura.",,The Puranas,,https://archive.org/details/MarkandeyaPuranaEnglishTranslationPargiter,the markandeya purana,the-markandeya-purana,puranas-and-itihasa,TRUE,TRUE,,,TRUE,,TRUE,,,TRUE,,TRUE,TRUE,TRUE,TRUE,,,,TRUE,TRUE,TRUE
121,The Devi Bhagavata Purana,121-the-devi-bhagavata-purana,Swami Vijnanananda,Vijnanananda's complete Devi Bhagavata Purana translation - major Shakta Purana paralleling and rivaling the Vaishnava Bhagavatam.,,The Puranas,,https://archive.org/details/DeviBhagavataPurana_201605,the devi bhagavata purana,the-devi-bhagavata-purana,puranas-and-itihasa,TRUE,TRUE,,,TRUE,,TRUE,,,TRUE,,TRUE,TRUE,TRUE,TRUE,,,,TRUE,TRUE,TRUE
122,The Devi Mahatmya,122-the-devi-mahatmya,Swami Jagadiswarananda,"Jagadiswarananda's translation of the Devi Mahatmya - 700-verse Shakta core scripture, recited daily during Navaratri worship.",,The Puranas,,https://archive.org/details/devimahatmya00jaga,the devi mahatmya,the-devi-mahatmya,puranas-and-itihasa,TRUE,TRUE,,,TRUE,,TRUE,,,TRUE,,TRUE,TRUE,TRUE,TRUE,,,,TRUE,TRUE,TRUE
123,Encountering the Goddess: A Translation of the Devi-Mahatmya,123-encountering-the-goddess-a-translation-of-the-devi-mahatmya,Thomas Coburn,Coburn's scholarly translation and study of the Devi Mahatmya - academic landmark on the textual roots of goddess worship in India.,,The Puranas,,https://archive.org/details/encounteringgodd0000cobu,encountering the goddess: a translation of the devi-mahatmya,encountering-the-goddess-a-translation-of-the-devi-mahatmya,puranas-and-itihasa,TRUE,TRUE,,,TRUE,,TRUE,,,TRUE,,TRUE,TRUE,TRUE,TRUE,,,,TRUE,TRUE,TRUE
124,The Garuda Purana,124-the-garuda-purana,Ernest Wood & S. V. Subrahmanyam,"Wood and Subrahmanyam's 1911 Garuda Purana translation - Vaishnava text on death rites, afterlife, karma, and pretakalpa funeral procedures.",,The Puranas,,https://sacred-texts.com/hin/gpu/index.htm,the garuda purana,the-garuda-purana,puranas-and-itihasa,TRUE,TRUE,,,TRUE,,TRUE,,,TRUE,,TRUE,TRUE,TRUE,TRUE,,,,TRUE,TRUE,TRUE
125,The Agni Purana,125-the-agni-purana,N. Gangadharan,"Gangadharan's Agni Purana translation - encyclopedic Purana covering ritual, iconography, statecraft, medicine, grammar, and poetics.",,The Puranas,,https://archive.org/search?query=%22The%20Agni%20Purana%22%20N.%20Gangadharan,the agni purana,the-agni-purana,puranas-and-itihasa,TRUE,TRUE,,,TRUE,,TRUE,,,TRUE,,TRUE,TRUE,TRUE,TRUE,,,,TRUE,TRUE,TRUE
126,The Vamana Purana,126-the-vamana-purana,Anand Swarup Gupta,Anand Swarup Gupta's scholarly Vamana Purana translation - Vaishnava Purana centered on Vishnu's dwarf incarnation defeating Mahabali.,,The Puranas,,https://archive.org/search?query=%22The%20Vamana%20Purana%22%20Anand%20Swarup%20Gupta,the vamana purana,the-vamana-purana,puranas-and-itihasa,TRUE,TRUE,,,TRUE,,TRUE,,,TRUE,,TRUE,TRUE,TRUE,TRUE,,,,TRUE,TRUE,TRUE
127,The Brahma Purana,127-the-brahma-purana,G. P. Bhatt (Motilal),"Bhatt's Motilal Banarsidass Brahma Purana translation - covers cosmology, Krishna lila, and Konark/Odisha tirthas in detail.",,The Puranas,,https://archive.org/details/Brahma.Purana.Vol.1.J.L.ShastriG.P.BhattMotilal.Banarsidass1985,the brahma purana,the-brahma-purana,puranas-and-itihasa,TRUE,TRUE,,,TRUE,,TRUE,,,TRUE,,TRUE,TRUE,TRUE,TRUE,,,,TRUE,TRUE,TRUE
128,The Brahmavaivarta Purana,128-the-brahmavaivarta-purana,Rajendra Nath Sen,Sen's complete Brahmavaivarta Purana translation - late Vaishnava Purana with extensive Krishna-Radha lila and Goloka theology.,,The Puranas,,https://archive.org/search?query=%22The%20Brahmavaivarta%20Purana%22%20Rajendra%20Nath%20Sen,the brahmavaivarta purana,the-brahmavaivarta-purana,puranas-and-itihasa,TRUE,TRUE,,,TRUE,,TRUE,,,TRUE,,TRUE,TRUE,TRUE,TRUE,,,,TRUE,TRUE,TRUE
129,The Brahmanda Purana,129-the-brahmanda-purana,G. V. Tagare,Tagare's Brahmanda Purana translation - major Purana containing the Lalita Sahasranama and Lalitopakhyana (Shakta core text).,,The Puranas,,https://archive.org/search?query=%22The%20Brahmanda%20Purana%22%20G.%20V.%20Tagare,the brahmanda purana,the-brahmanda-purana,puranas-and-itihasa,TRUE,TRUE,,,TRUE,,TRUE,,,TRUE,,TRUE,TRUE,TRUE,TRUE,,,,TRUE,TRUE,TRUE
130,The Padma Purana,130-the-padma-purana,N. A. Deshpande,"Deshpande's complete Padma Purana translation - vast Vaishnava Purana with extensive sections on tirthas, vrata, and Krishna lore.",,The Puranas,,https://archive.org/details/PadmaPuranaPart01EnglishMotilalBanarsidassDeshpande1988_201906,the padma purana,the-padma-purana,puranas-and-itihasa,TRUE,TRUE,,,TRUE,,TRUE,,,TRUE,,TRUE,TRUE,TRUE,TRUE,,,,TRUE,TRUE,TRUE
131,The Matsya Purana,131-the-matsya-purana,A Taluqdar of Oudh,"Taluqdar of Oudh's Matsya Purana translation - oldest extant Mahapurana, contains royal genealogies and Vastu Shastra material.",,The Puranas,,https://archive.org/search?query=%22The%20Matsya%20Purana%22%20A%20Taluqdar%20of%20Oudh,the matsya purana,the-matsya-purana,puranas-and-itihasa,TRUE,TRUE,,,TRUE,,TRUE,,,TRUE,,TRUE,TRUE,TRUE,TRUE,,,,TRUE,TRUE,TRUE
132,The Kurma Purana,132-the-kurma-purana,G. V. Tagare,"Tagare's Kurma Purana translation - Shaiva-Shakta Purana with Ishvara Gita, philosophical sections, and tortoise-incarnation cosmology.",,The Puranas,,https://archive.org/search?query=%22The%20Kurma%20Purana%22%20G.%20V.%20Tagare,the kurma purana,the-kurma-purana,puranas-and-itihasa,TRUE,TRUE,,,TRUE,,TRUE,,,TRUE,,TRUE,TRUE,TRUE,TRUE,,,,TRUE,TRUE,TRUE
133,The Varaha Purana,133-the-varaha-purana,Venkitasubramonia Iyer,"Iyer's Varaha Purana translation - Vaishnava Purana centered on Vishnu's boar incarnation, Mathura mahatmya, and Bhumi-devi theology.",,The Puranas,,https://archive.org/search?query=%22The%20Varaha%20Purana%22%20Venkitasubramonia%20Iyer,the varaha purana,the-varaha-purana,puranas-and-itihasa,TRUE,TRUE,,,TRUE,,TRUE,,,TRUE,,TRUE,TRUE,TRUE,TRUE,,,,TRUE,TRUE,TRUE
134,The Narada Purana,134-the-narada-purana,G. V. Tagare,"Tagare's Narada Purana translation - encyclopedic Vaishnava Purana on dharma, vrata, music, and detailed Mahapurana summaries.",,The Puranas,,https://archive.org/search?query=%22The%20Narada%20Purana%22%20G.%20V.%20Tagare,the narada purana,the-narada-purana,puranas-and-itihasa,TRUE,TRUE,,,TRUE,,TRUE,,,TRUE,,TRUE,TRUE,TRUE,TRUE,,,,TRUE,TRUE,TRUE
135,The Bhavishya Purana,135-the-bhavishya-purana,Motilal Banarsidass edition,"Motilal Banarsidass Bhavishya Purana edition - controversial Purana of prophecies, includes interpolated material and modern additions.",,The Puranas,,https://archive.org/search?query=%22The%20Bhavishya%20Purana%22%20Motilal%20Banarsidass%20edition,the bhavishya purana,the-bhavishya-purana,puranas-and-itihasa,TRUE,TRUE,,,TRUE,TRUE,TRUE,,,TRUE,,TRUE,TRUE,TRUE,TRUE,,,,TRUE,TRUE,TRUE
136,Kalki Purana,136-kalki-purana,B. K. Chaturvedi,"Chaturvedi's Kalki Purana translation - sectarian Vaishnava Purana on Kalki avatara, end of Kali Yuga, and the coming Satya Yuga.",,The Puranas,,https://archive.org/search?query=%22Kalki%20Purana%22%20B.%20K.%20Chaturvedi,kalki purana,kalki-purana,puranas-and-itihasa,TRUE,TRUE,,,TRUE,,TRUE,,,TRUE,,TRUE,TRUE,TRUE,TRUE,,,,TRUE,TRUE,TRUE
137,The Ancient Indian Cosmogony,137-the-ancient-indian-cosmogony,Sukumari Bhattacharji,Sukumari Bhattacharji's classic study of Hindu cosmogonic myths from Vedic to Puranic literature - comparative mythology landmark.,,The Puranas,,https://archive.org/search?query=%22The%20Ancient%20Indian%20Cosmogony%22%20Sukumari%20Bhattacharji,the ancient indian cosmogony,the-ancient-indian-cosmogony,puranas-and-itihasa,TRUE,TRUE,,,TRUE,,TRUE,,,TRUE,,TRUE,TRUE,TRUE,TRUE,,,,TRUE,TRUE,TRUE
138,Puranic Encyclopaedia,138-puranic-encyclopaedia,Vettam Mani,"Vettam Mani's massive single-volume reference encyclopedia of Puranic names, places, stories, and lineages - indispensable lookup.",,The Puranas,,https://archive.org/details/puranicencyclopa00maniuoft,puranic encyclopaedia,puranic-encyclopaedia,puranas-and-itihasa,TRUE,TRUE,,,TRUE,,TRUE,,,TRUE,,TRUE,TRUE,TRUE,TRUE,,,,TRUE,TRUE,TRUE
139,Studies in the Puranic Records on Hindu Rites and Customs,139-studies-in-the-puranic-records-on-hindu-rites-and-customs,R. C. Hazra,Hazra's pioneering scholarly study of Puranic ritual and customary material - foundational work on Puranic textual history.,5-expert-apex,The Puranas,,https://archive.org/details/in.gov.ignca.6748,studies in the puranic records on hindu rites and customs,studies-in-the-puranic-records-on-hindu-rites-and-customs,puranas-and-itihasa,TRUE,TRUE,,,TRUE,,TRUE,,,TRUE,,TRUE,TRUE,TRUE,TRUE,,,,TRUE,TRUE,TRUE
140,Studies in the Upapuranas,140-studies-in-the-upapuranas,R. C. Hazra (2 vols),Hazra's two-volume study of the Upapuranas (minor Puranas) - extensive scholarship mapping the lesser-known Puranic literature.,,The Puranas,,https://archive.org/search?query=%22Studies%20in%20the%20Upapuranas%22%20R.%20C.%20Hazra,studies in the upapuranas,studies-in-the-upapuranas,puranas-and-itihasa,TRUE,TRUE,,,TRUE,,TRUE,,,TRUE,,TRUE,TRUE,TRUE,TRUE,,,,TRUE,TRUE,TRUE
141,The Puranas: A Study in Indian Religious Tradition,141-the-puranas-a-study-in-indian-religious-tradition,V. R. Ramachandra Dikshitar,"Dikshitar's classic study of the Puranas as religious tradition - historical, ritual, and theological survey of the Puranic corpus.",,The Puranas,,https://archive.org/search?query=%22The%20Puranas%22%20V.%20R.%20Ramachandra%20Dikshitar,the puranas: a study in indian religious tradition,the-puranas-a-study-in-indian-religious-tradition,puranas-and-itihasa,TRUE,TRUE,,,TRUE,,TRUE,,,TRUE,,TRUE,TRUE,TRUE,TRUE,,,,TRUE,TRUE,TRUE
142,Classical Hindu Mythology,142-classical-hindu-mythology,Cornelia Dimmitt & J. A. B. van Buitenen,Dimmitt and van Buitenen's accessible single-volume thematic anthology of Puranic mythology - best entry point for English readers.,,The Puranas,,https://archive.org/details/classicalhindumy0000unse,classical hindu mythology,classical-hindu-mythology,puranas-and-itihasa,TRUE,TRUE,,,TRUE,,TRUE,,,TRUE,,TRUE,TRUE,TRUE,TRUE,,,,TRUE,TRUE,TRUE
143,Geography of the Puranas,143-geography-of-the-puranas,MA Ali,An explainer of ancient world geography as the Puranic Indians knew it.,,The Puranas,,https://www.bodharesearch.in/library/books/geography-of-the-puranas,geography of the puranas,geography-of-the-puranas,puranas-and-itihasa,TRUE,TRUE,,,TRUE,,TRUE,,,TRUE,,TRUE,TRUE,TRUE,TRUE,,,,TRUE,TRUE,TRUE
144,Hindu World,144-hindu-world,Benjamin Walker (2 vols),Benjamin Walker's two-volume encyclopedic survey of Hindu civilization - wide-ranging single-author reference covering all aspects.,,The Puranas,,https://archive.org/details/hinduworldencycl0000walk,hindu world,hindu-world,puranas-and-itihasa,TRUE,TRUE,,,TRUE,,TRUE,,,TRUE,,TRUE,TRUE,TRUE,TRUE,,,,TRUE,TRUE,TRUE
145,The Indian Theogony,145-the-indian-theogony,Sukumari Bhattacharji,Bhattacharji's pioneering Indian-authored study of Hindu deities from Vedic to Puranic periods - Indian voice in comparative mythology.,,The Puranas,,https://archive.org/search?query=%22The%20Indian%20Theogony%22%20Sukumari%20Bhattacharji,the indian theogony,the-indian-theogony,puranas-and-itihasa,TRUE,TRUE,,,TRUE,,TRUE,,,TRUE,,TRUE,TRUE,TRUE,TRUE,,,,TRUE,TRUE,TRUE
146,The Nyaya Sutras of Gautama,146-the-nyaya-sutras-of-gautama,Mahamahopadhyaya Satisa Chandra Vidyabhusana,"Vidyabhusana's complete English translation of Gautama's Nyaya Sutras - foundational text of Indian logic, epistemology, and debate.",,The Six Darshanas,Nyaya,https://archive.org/search?query=%22The%20Nyaya%20Sutras%20of%20Gautama%22%20Mahamahopadhyaya%20Satisa%20Chandra%20Vidyabhusana,the nyaya sutras of gautama,the-nyaya-sutras-of-gautama,darshanas-and-philosophy,TRUE,,,,TRUE,TRUE,,,,TRUE,TRUE,,,,,,,,TRUE,TRUE,TRUE
147,Nyaya-Bhashya of Vatsyayana,147-nyaya-bhashya-of-vatsyayana,Ganganatha Jha,"Jha's scholarly translation of Vatsyayana's Nyaya Bhashya - earliest extant commentary on the Nyaya Sutras, defines the system.",,The Six Darshanas,Nyaya,https://archive.org/search?query=%22Nyaya-Bhashya%20of%20Vatsyayana%22%20Ganganatha%20Jha,nyaya-bhashya of vatsyayana,nyaya-bhashya-of-vatsyayana,darshanas-and-philosophy,TRUE,,,,TRUE,TRUE,,,,TRUE,TRUE,,,,,,,,TRUE,TRUE,TRUE
148,A History of Indian Logic,148-a-history-of-indian-logic,S. C. Vidyabhusana,Vidyabhusana's foundational 1921 history of Indian logic from Vedic times to Navya Nyaya - still cited Indian authority on the field.,,The Six Darshanas,Nyaya,https://archive.org/details/historyofindianl00vidyuoft,a history of indian logic,a-history-of-indian-logic,darshanas-and-philosophy,TRUE,,,,TRUE,TRUE,,,,TRUE,TRUE,,,,,,,,TRUE,TRUE,TRUE
149,Indian Logic and Atomism,149-indian-logic-and-atomism,Arthur Berriedale Keith,Keith's classical study of Nyaya-Vaisheshika logic and atomism - concise scholarly introduction to the realist Hindu darshana.,,The Six Darshanas,Nyaya,https://archive.org/details/dli.csl.8096,indian logic and atomism,indian-logic-and-atomism,darshanas-and-philosophy,TRUE,,,,TRUE,TRUE,,,,TRUE,TRUE,,,,,,,,TRUE,TRUE,TRUE
150,"Logic, Language and Reality","150-logic,-language-and-reality",Bimal Krishna Matilal,Matilal's landmark study applying analytic philosophy to Indian logical traditions - essential modern Nyaya scholarship in English.,,The Six Darshanas,Nyaya,https://archive.org/details/logiclanguagerea0000mati,"logic, language and reality","logic,-language-and-reality",darshanas-and-philosophy,TRUE,,,,TRUE,TRUE,,,,TRUE,TRUE,,,,,,,,TRUE,TRUE,TRUE
151,Perception: An Essay on Classical Indian Theories of Knowledge,151-perception-an-essay-on-classical-indian-theories-of-knowledge,Bimal Krishna Matilal,"Matilal's classic study of perceptual epistemology in Nyaya, Buddhist, and Mimamsa thought - foundational Indian theories of knowledge.",,The Six Darshanas,Nyaya,https://archive.org/details/perceptionanessayonclassicalindiantheoriesofknowledgebimalkrishnamatilal_202003_79_h/page/79/mode/2up,perception: an essay on classical indian theories of knowledge,perception-an-essay-on-classical-indian-theories-of-knowledge,darshanas-and-philosophy,TRUE,,,,TRUE,TRUE,,,,TRUE,TRUE,,,,,,,,TRUE,TRUE,TRUE
152,The Character of Logic in India,152-the-character-of-logic-in-india,Bimal Krishna Matilal,Matilal's introduction to Indian logical reasoning structures - distinctive logical character of Nyaya-Buddhist debate traditions.,,The Six Darshanas,Nyaya,https://archive.org/details/characteroflogic0000mati,the character of logic in india,the-character-of-logic-in-india,darshanas-and-philosophy,TRUE,,,,TRUE,TRUE,,,,TRUE,TRUE,,,,,,,,TRUE,TRUE,TRUE
153,"Epistemology, Logic, and Grammar in Indian Philosophical Analysis","153-epistemology,-logic,-and-grammar-in-indian-philosophical-analysis",Bimal Krishna Matilal,"Matilal's collected papers on Indian epistemology, logic, and grammatical analysis - definitive late-career synthesis of his work.",,The Six Darshanas,Nyaya,https://dn710709.ca.archive.org/0/items/epistemologylogicandgrammarinindianphilosophicalanalysisbmmatilal_202003_942_P/Epistemology-Logic-And-Grammar-in-Indian-Philosophical-Analysis%20B%20M%20Matilal.pdf,"epistemology, logic, and grammar in indian philosophical analysis","epistemology,-logic,-and-grammar-in-indian-philosophical-analysis",darshanas-and-philosophy,TRUE,,,,TRUE,TRUE,,,,TRUE,TRUE,,,,,,,,TRUE,TRUE,TRUE
154,Gangesha's Theory of Indeterminate Perception,154-gangeshas-theory-of-indeterminate-perception,Stephen Phillips,"Phillips's translation and study of Gangesha's Tattvachintamani - entry into Navya Nyaya, the sophisticated medieval logic of Mithila.",,The Six Darshanas,Nyaya,In Copyright,gangesha's theory of indeterminate perception,gangeshas-theory-of-indeterminate-perception,darshanas-and-philosophy,TRUE,,,,TRUE,TRUE,,,,TRUE,TRUE,,,,,,,,TRUE,TRUE,TRUE
155,Classical Indian Metaphysics,155-classical-indian-metaphysics,Stephen Phillips,"Phillips's broad introduction to classical Indian metaphysics - covers Nyaya, Vaisheshika, and engagement with rival darshanas.",,The Six Darshanas,Nyaya,https://archive.org/details/classicalindianm00phil,classical indian metaphysics,classical-indian-metaphysics,darshanas-and-philosophy,TRUE,,,,TRUE,TRUE,,,,TRUE,TRUE,,,,,,,,TRUE,TRUE,TRUE
156,Epistemology of Perception,156-epistemology-of-perception,J. N. Mohanty,J. N. Mohanty's phenomenological study of Indian theories of perceptual knowledge - bridges Husserlian and Nyaya epistemologies.,,The Six Darshanas,Nyaya,In Copyright,epistemology of perception,epistemology-of-perception,darshanas-and-philosophy,TRUE,,,,TRUE,TRUE,,,,TRUE,TRUE,,,,,,,,TRUE,TRUE,TRUE
157,Indian Philosophy: A Counter-Perspective,157-indian-philosophy-a-counter-perspective,Daya Krishna,Daya Krishna's iconoclastic critique of received views on Indian philosophy - challenges colonial-era frameworks of darshana studies.,,The Six Darshanas,Nyaya,In Copyright,indian philosophy: a counter-perspective,indian-philosophy-a-counter-perspective,darshanas-and-philosophy,TRUE,,TRUE,,TRUE,TRUE,,,,TRUE,TRUE,,,,,,,,TRUE,TRUE,TRUE
158,The Vaisheshika Sutras of Kanada,158-the-vaisheshika-sutras-of-kanada,Nandalal Sinha,Sinha's classical English translation of Kanada's Vaisheshika Sutras - foundational text of Indian atomism and ontological categories.,,The Six Darshanas,Vaisheshika,https://archive.org/search?query=%22The%20Vaisheshika%20Sutras%20of%20Kanada%22%20Nandalal%20Sinha,the vaisheshika sutras of kanada,the-vaisheshika-sutras-of-kanada,darshanas-and-philosophy,TRUE,,,,TRUE,TRUE,,,,TRUE,TRUE,,,,,,,,TRUE,TRUE,TRUE
159,Padarthadharmasangraha of Prashastapada,159-padarthadharmasangraha-of-prashastapada,Ganganatha Jha,Jha's translation of Prashastapada's Padarthadharmasangraha - definitive early Vaisheshika commentary systematizing the categories.,,The Six Darshanas,Vaisheshika,https://archive.org/search?query=%22Padarthadharmasangraha%20of%20Prashastapada%22%20Ganganatha%20Jha,padarthadharmasangraha of prashastapada,padarthadharmasangraha-of-prashastapada,darshanas-and-philosophy,TRUE,,,,TRUE,TRUE,,,,TRUE,TRUE,,,,,,,,TRUE,TRUE,TRUE
160,Indian Atomism,160-indian-atomism,Anantalal Thakur,Thakur's scholarly study of Indian atomism in Nyaya-Vaisheshika - historical and philosophical analysis of the atomic theory.,,The Six Darshanas,Vaisheshika,In Copyright,indian atomism,indian-atomism,darshanas-and-philosophy,TRUE,,,,TRUE,TRUE,,,,TRUE,TRUE,,,,,,,,TRUE,TRUE,TRUE
161,Theories of the Self,161-theories-of-the-self,Joel Whitney,Joel Whitney's comparative study of Indian theories of self - Vaisheshika alongside other darshanas on atman and substance.,,The Six Darshanas,Vaisheshika,https://archive.org/search?query=%22Theories%20of%20the%20Self%22%20Joel%20Whitney,theories of the self,theories-of-the-self,darshanas-and-philosophy,TRUE,,,,TRUE,TRUE,,,,TRUE,TRUE,,,,,,,,TRUE,TRUE,TRUE
162,The Samkhya Karika of Ishvarakrishna,162-the-samkhya-karika-of-ishvarakrishna,Gerald Larson,Larson's standard English translation of Ishvarakrishna's Samkhya Karika with extensive philosophical commentary and historical notes.,,The Six Darshanas,Samkhya,https://archive.org/search?query=%22The%20Samkhya%20Karika%20of%20Ishvarakrishna%22%20Gerald%20Larson,the samkhya karika of ishvarakrishna,the-samkhya-karika-of-ishvarakrishna,darshanas-and-philosophy,TRUE,,,,TRUE,TRUE,,,,TRUE,TRUE,,,,,,,,TRUE,TRUE,TRUE
163,Classical Samkhya,163-classical-samkhya,Gerald Larson,"Larson's comprehensive academic study of Samkhya origins, development, and doctrines - the standard scholarly work in English.",,The Six Darshanas,Samkhya,In Copyright,classical samkhya,classical-samkhya,darshanas-and-philosophy,TRUE,,,,TRUE,TRUE,,,,TRUE,TRUE,,,,,,,,TRUE,TRUE,TRUE
164,The Samkhya System,164-the-samkhya-system,A. B. Keith,Keith's classical 1918 study of Samkhya philosophy - concise older introduction to the dualist purusha-prakriti darshana.,,The Six Darshanas,Samkhya,https://archive.org/search?query=%22The%20Samkhya%20System%22%20A.%20B.%20Keith,the samkhya system,the-samkhya-system,darshanas-and-philosophy,TRUE,,,,TRUE,TRUE,,,,TRUE,TRUE,,,,,,,,TRUE,TRUE,TRUE
165,Samkhya: A Dualist Tradition in Indian Philosophy,165-samkhya-a-dualist-tradition-in-indian-philosophy,Gerald Larson & Ram Shankar Bhattacharya,"Larson and Bhattacharya's encyclopedia volume on Samkhya - definitive reference on texts, thinkers, and doctrines of the system.",,The Six Darshanas,Samkhya,In Copyright,samkhya: a dualist tradition in indian philosophy,samkhya-a-dualist-tradition-in-indian-philosophy,darshanas-and-philosophy,TRUE,,,,TRUE,TRUE,,,,TRUE,TRUE,,,,,,,,TRUE,TRUE,TRUE
166,Yuktidipika,166-yuktidipika,Albrecht Wezler & Shujun Motegi (eds.),"Wezler and Motegi's edition of the Yuktidipika - most important early Samkhya commentary, indispensable for advanced study.",,The Six Darshanas,Samkhya,In Copyright,yuktidipika,yuktidipika,darshanas-and-philosophy,TRUE,,,,TRUE,TRUE,,,,TRUE,TRUE,,,,,,,,TRUE,TRUE,TRUE
167,Tattva-Samasa,167-tattva-samasa,V. P. Varma,Varma's translation of the Tattva Samasa - short condensed Samkhya text useful as an introduction to the twenty-five tattvas.,,The Six Darshanas,Samkhya,In Copyright,tattva-samasa,tattva-samasa,darshanas-and-philosophy,TRUE,,,,TRUE,TRUE,,,,TRUE,TRUE,,,,,,,,TRUE,TRUE,TRUE
168,The Samkhya Philosophy,168-the-samkhya-philosophy,Nandalal Sinha,Sinha's Sacred Books of the Hindus translation of Samkhya texts - older but useful older edition of Samkhya source material.,,The Six Darshanas,Samkhya,https://archive.org/search?query=%22The%20Samkhya%20Philosophy%22%20Nandalal%20Sinha,the samkhya philosophy,the-samkhya-philosophy,darshanas-and-philosophy,TRUE,,,,TRUE,TRUE,,,,TRUE,TRUE,,,,,,,,TRUE,TRUE,TRUE
169,The Yoga Sutras of Patanjali,169-the-yoga-sutras-of-patanjali,Edwin Bryant,Bryant's massive scholarly Yoga Sutras translation with traditional commentaries synthesized - currently the best English Yoga Sutra edition.,,The Six Darshanas,Yoga,https://archive.org/search?query=%22The%20Yoga%20Sutras%20of%20Patanjali%22%20Edwin%20Bryant,the yoga sutras of patanjali,the-yoga-sutras-of-patanjali,darshanas-and-philosophy,TRUE,,,,TRUE,TRUE,,,,TRUE,TRUE,,,,,,,,TRUE,TRUE,TRUE
170,Yoga Sutras of Patanjali,170-yoga-sutras-of-patanjali,Swami Satchidananda,Satchidananda's accessible Yoga Sutras translation with practical commentary - popular gateway version for yoga students worldwide.,,The Six Darshanas,Yoga,https://archive.org/search?query=%22Yoga%20Sutras%20of%20Patanjali%22%20Swami%20Satchidananda,yoga sutras of patanjali,yoga-sutras-of-patanjali,darshanas-and-philosophy,TRUE,,,,TRUE,TRUE,,,,TRUE,TRUE,,,,,,,,TRUE,TRUE,TRUE
171,The Yoga Sutras of Patanjali,171-the-yoga-sutras-of-patanjali,Swami Vivekananda,Vivekananda's Raja Yoga and Yoga Sutras commentary - historic 1896 introduction that shaped global understanding of yoga philosophy.,,The Six Darshanas,Yoga,https://archive.org/search?query=%22The%20Yoga%20Sutras%20of%20Patanjali%22%20Edwin%20Bryant,the yoga sutras of patanjali,the-yoga-sutras-of-patanjali,darshanas-and-philosophy,TRUE,,,,TRUE,TRUE,,,,TRUE,TRUE,,,,,,,,TRUE,TRUE,TRUE
172,Light on the Yoga Sutras of Patanjali,172-light-on-the-yoga-sutras-of-patanjali,B. K. S. Iyengar,B. K. S. Iyengar's verse-by-verse Yoga Sutras commentary - the great asana master's mature philosophical exposition of Patanjali.,,The Six Darshanas,Yoga,https://archive.org/search?query=%22Light%20on%20the%20Yoga%20Sutras%20of%20Patanjali%22%20B.%20K.%20S.%20Iyengar,light on the yoga sutras of patanjali,light-on-the-yoga-sutras-of-patanjali,darshanas-and-philosophy,TRUE,,,,TRUE,TRUE,,,,TRUE,TRUE,,,,,,,,TRUE,TRUE,TRUE
173,Patanjali's Yoga Sutras with the Commentary of Vyasa,173-patanjalis-yoga-sutras-with-the-commentary-of-vyasa,Bangali Baba,Bangali Baba's compact translation of the Yoga Sutras with Vyasa's classical bhashya - useful for traditional Yoga study.,,The Six Darshanas,Yoga,https://archive.org/search?query=%22Patanjali%27s%20Yoga%20Sutras%20with%20the%20Commentary%20of%20Vyasa%22%20Bangali%20Baba,patanjali's yoga sutras with the commentary of vyasa,patanjalis-yoga-sutras-with-the-commentary-of-vyasa,darshanas-and-philosophy,TRUE,,,,TRUE,TRUE,,,,TRUE,TRUE,,,,,,,,TRUE,TRUE,TRUE
174,The Yoga System of Patanjali,174-the-yoga-system-of-patanjali,James Haughton Woods,Woods's Harvard Oriental Series scholarly translation of Yoga Sutras with Vyasa and Vachaspati - academic standard for decades.,,The Six Darshanas,Yoga,https://archive.org/details/yogasystemofpata00wooduoft,the yoga system of patanjali,the-yoga-system-of-patanjali,darshanas-and-philosophy,TRUE,,,,TRUE,TRUE,,,,TRUE,TRUE,,,,,,,,TRUE,TRUE,TRUE
175,Yoga: Immortality and Freedom,175-yoga-immortality-and-freedom,Mircea Eliade,Eliade's classical phenomenology of yoga as the search for spiritual freedom - foundational Western academic work on yoga.,,The Six Darshanas,Yoga,In Copyright,yoga: immortality and freedom,yoga-immortality-and-freedom,darshanas-and-philosophy,TRUE,,,,TRUE,TRUE,,,,TRUE,TRUE,,,,,,,,TRUE,TRUE,TRUE
176,The Yoga Tradition,176-the-yoga-tradition,Georg Feuerstein,"Feuerstein's encyclopedic survey of yoga history, schools, and practices - comprehensive reference for the entire yoga tradition.",,The Six Darshanas,Yoga,In Copyright,the yoga tradition,the-yoga-tradition,darshanas-and-philosophy,TRUE,,,,TRUE,TRUE,,,,TRUE,TRUE,,,,,,,,TRUE,TRUE,TRUE
177,The Alchemical Body,177-the-alchemical-body,David Gordon White,"David Gordon White's scholarly study of medieval Hatha Yoga and Siddha alchemy - kundalini, rasa, and tantric body practices.",13-esoteric-way,The Six Darshanas,Yoga,In Copyright,the alchemical body,the-alchemical-body,darshanas-and-philosophy,TRUE,,,,TRUE,TRUE,,,,TRUE,TRUE,,,,,,,,TRUE,TRUE,TRUE
178,Sinister Yogis,178-sinister-yogis,David Gordon White,"White's revisionist study of medieval yogis as feared sorcerers, not benign teachers - challenges modern sanitized yoga history.",,The Six Darshanas,Yoga,In Copyright,sinister yogis,sinister-yogis,darshanas-and-philosophy,TRUE,,,,TRUE,TRUE,,,,TRUE,TRUE,,,,,,,,TRUE,TRUE,TRUE
179,The Yoga Sutra of Patanjali: A Biography,179-the-yoga-sutra-of-patanjali-a-biography,David Gordon White,White's biographical study of the Yoga Sutras' reception history - argues Patanjali was marginal until colonial-era revival.,,The Six Darshanas,Yoga,https://archive.org/search?query=%22The%20Yoga%20Sutra%20of%20Patanjali%22%20David%20Gordon%20White,the yoga sutra of patanjali: a biography,the-yoga-sutra-of-patanjali-a-biography,darshanas-and-philosophy,TRUE,,TRUE,,TRUE,TRUE,,,,TRUE,TRUE,,,,,,,,TRUE,TRUE,TRUE
180,Roots of Yoga,180-roots-of-yoga,James Mallinson & Mark Singleton,Mallinson and Singleton's Penguin sourcebook of yoga texts from across traditions - definitive scholarly survey of yoga primary literature.,,The Six Darshanas,Yoga,In Copyright,roots of yoga,roots-of-yoga,darshanas-and-philosophy,TRUE,,,,TRUE,TRUE,,,,TRUE,TRUE,,,,,,,,TRUE,TRUE,TRUE
181,The Hatha Yoga Pradipika,181-the-hatha-yoga-pradipika,Swami Muktibodhananda,Muktibodhananda's translation and commentary on the Hatha Yoga Pradipika - Bihar School standard edition of the foundational Hatha text.,13-esoteric-way,The Six Darshanas,Yoga,https://archive.org/details/HathaYogaPradipikaSwamiMuktibodhananda,the hatha yoga pradipika,the-hatha-yoga-pradipika,darshanas-and-philosophy,TRUE,,,,TRUE,TRUE,,,,TRUE,TRUE,,,,,,,,TRUE,TRUE,TRUE
182,The Gheranda Samhita,182-the-gheranda-samhita,Swami Niranjanananda Saraswati,"Niranjanananda's translation of the Gheranda Samhita - second major Hatha Yoga text covering shatkarma, asana, mudra, and pranayama.",,The Six Darshanas,Yoga,https://archive.org/details/GherandaSamhitaSwamiNiranjanananda,the gheranda samhita,the-gheranda-samhita,darshanas-and-philosophy,TRUE,,,,TRUE,TRUE,,,,TRUE,TRUE,,,,,,,,TRUE,TRUE,TRUE
183,The Shiva Samhita,183-the-shiva-samhita,James Mallinson,Mallinson's scholarly translation of the Shiva Samhita - third classical Hatha Yoga text with strong tantric framing.,,The Six Darshanas,Yoga,https://archive.org/search?query=%22The%20Shiva%20Samhita%22%20James%20Mallinson,the shiva samhita,the-shiva-samhita,darshanas-and-philosophy,TRUE,,,,TRUE,TRUE,,,,TRUE,TRUE,,,,,,,,TRUE,TRUE,TRUE
184,Yoga in Practice,184-yoga-in-practice,David Gordon White (ed.),White's edited Princeton anthology of yoga texts in practice - diverse historical sources showing yoga's actual lived diversity.,,The Six Darshanas,Yoga,In Copyright,yoga in practice,yoga-in-practice,darshanas-and-philosophy,TRUE,,,,TRUE,TRUE,,,,TRUE,TRUE,,,,,,,,TRUE,TRUE,TRUE
185,Light on Yoga,185-light-on-yoga,B. K. S. Iyengar,B. K. S. Iyengar's foundational asana manual with 600 photographs - most influential modern yoga instruction book worldwide.,,The Six Darshanas,Yoga,In Copyright,light on yoga,light-on-yoga,darshanas-and-philosophy,TRUE,,,,TRUE,TRUE,,,,TRUE,TRUE,,,,,,,,TRUE,TRUE,TRUE
186,Light on Pranayama,186-light-on-pranayama,B. K. S. Iyengar,Iyengar's authoritative pranayama manual - detailed instruction on breath techniques from the master of modern postural yoga.,,The Six Darshanas,Yoga,In Copyright,light on pranayama,light-on-pranayama,darshanas-and-philosophy,TRUE,,,,TRUE,TRUE,,,,TRUE,TRUE,,,,,,,,TRUE,TRUE,TRUE
187,The Heart of Yoga,187-the-heart-of-yoga,T. K. V. Desikachar,"Desikachar's introduction to Krishnamacharya's yoga lineage - emphasizes vinyasa krama, individual adaptation, and integrated practice.",,The Six Darshanas,Yoga,In Copyright,the heart of yoga,the-heart-of-yoga,darshanas-and-philosophy,TRUE,,,,TRUE,TRUE,,,,TRUE,TRUE,,TRUE,,,,,,TRUE,TRUE,TRUE
188,Asana Pranayama Mudra Bandha,188-asana-pranayama-mudra-bandha,Swami Satyananda Saraswati,"Satyananda's comprehensive Bihar School yoga manual - systematic instruction in asana, pranayama, mudra, and bandha for serious students.",,The Six Darshanas,Yoga,https://archive.org/search?query=%22Asana%20Pranayama%20Mudra%20Bandha%22%20Swami%20Satyananda%20Saraswati,asana pranayama mudra bandha,asana-pranayama-mudra-bandha,darshanas-and-philosophy,TRUE,,,,TRUE,TRUE,,,,TRUE,TRUE,,,,,,,,TRUE,TRUE,TRUE
189,Four Chapters on Freedom,189-four-chapters-on-freedom,Swami Satyananda Saraswati,Satyananda's translation and commentary on the Yoga Sutras - Bihar School Yoga's accessible take on Patanjali's classical text.,,The Six Darshanas,Yoga,https://archive.org/search?query=%22Four%20Chapters%20on%20Freedom%22%20Swami%20Satyananda%20Saraswati,four chapters on freedom,four-chapters-on-freedom,darshanas-and-philosophy,TRUE,,,,TRUE,TRUE,,,,TRUE,TRUE,,,,,,,,TRUE,TRUE,TRUE
190,The Tree of Yoga,190-the-tree-of-yoga,B. K. S. Iyengar,Iyengar's mature philosophical reflection on yoga as integral life practice - late-career wisdom from the great asana teacher.,,The Six Darshanas,Yoga,In Copyright,the tree of yoga,the-tree-of-yoga,darshanas-and-philosophy,TRUE,,,,TRUE,TRUE,,,,TRUE,TRUE,,,,,,,,TRUE,TRUE,TRUE
191,The Mimamsa Sutras of Jaimini,191-the-mimamsa-sutras-of-jaimini,Mohan Lal Sandal,Sandal's English translation of Jaimini's Mimamsa Sutras - foundational text of Vedic ritual hermeneutics and exegesis.,,The Six Darshanas,Mimamsa,https://archive.org/search?query=%22The%20Mimamsa%20Sutras%20of%20Jaimini%22%20Mohan%20Lal%20Sandal,the mimamsa sutras of jaimini,the-mimamsa-sutras-of-jaimini,darshanas-and-philosophy,TRUE,,,,TRUE,TRUE,,,,TRUE,TRUE,,,,,,,,TRUE,TRUE,TRUE
192,Sabara-Bhashya,192-sabara-bhashya,Ganganatha Jha (3 vols),"Jha's monumental three-volume translation of Sabara's Mimamsa Bhashya - earliest extant Mimamsa commentary, system-defining work.",,The Six Darshanas,Mimamsa,https://archive.org/details/in.ernet.dli.2015.51067,sabara-bhashya,sabara-bhashya,darshanas-and-philosophy,TRUE,,,,TRUE,TRUE,,,,TRUE,TRUE,,,,,,,,TRUE,TRUE,TRUE
193,The Prabhakara School of Purva Mimamsa,193-the-prabhakara-school-of-purva-mimamsa,Ganganatha Jha,Jha's scholarly study of Prabhakara's school of Mimamsa - alternative tradition to Kumarila within Purva Mimamsa philosophy.,,The Six Darshanas,Mimamsa,https://archive.org/search?query=%22The%20Prabhakara%20School%20of%20Purva%20Mimamsa%22%20Ganganatha%20Jha,the prabhakara school of purva mimamsa,the-prabhakara-school-of-purva-mimamsa,darshanas-and-philosophy,TRUE,,,,TRUE,TRUE,,,,TRUE,TRUE,,,,,,,,TRUE,TRUE,TRUE
194,Purva-Mimamsa in its Sources,194-purva-mimamsa-in-its-sources,Ganganatha Jha,Jha's wide-ranging study of Purva Mimamsa from primary sources - comprehensive academic introduction to the ritualist darshana.,,The Six Darshanas,Mimamsa,https://archive.org/search?query=%22Purva-Mimamsa%20in%20its%20Sources%22%20Ganganatha%20Jha,purva-mimamsa in its sources,purva-mimamsa-in-its-sources,darshanas-and-philosophy,TRUE,,,,TRUE,TRUE,,,,TRUE,TRUE,,,,,,,,TRUE,TRUE,TRUE
195,The Slokavarttika of Kumarila Bhatta,195-the-slokavarttika-of-kumarila-bhatta,Ganganatha Jha,"Jha's translation of Kumarila Bhatta's Slokavarttika - most important Mimamsa text on language, meaning, and Vedic authority.",,The Six Darshanas,Mimamsa,https://archive.org/search?query=%22The%20Slokavarttika%20of%20Kumarila%20Bhatta%22%20Ganganatha%20Jha,the slokavarttika of kumarila bhatta,the-slokavarttika-of-kumarila-bhatta,darshanas-and-philosophy,TRUE,,,,TRUE,TRUE,,,,TRUE,TRUE,,,,,,,,TRUE,TRUE,TRUE
196,Manameyodaya,196-manameyodaya,C. Kunhan Raja & S. S. Suryanarayana Sastri,Kunhan Raja and Suryanarayana Sastri's translation of the Manameyodaya - useful Mimamsa primer on epistemology and metaphysics.,,The Six Darshanas,Mimamsa,https://archive.org/search?query=%22Manameyodaya%22%20C.%20Kunhan%20Raja%20%26%20S.%20S.%20Suryanarayana%20Sastri,manameyodaya,manameyodaya,darshanas-and-philosophy,TRUE,,,,TRUE,TRUE,,,,TRUE,TRUE,,,,,,,,TRUE,TRUE,TRUE
197,The Mimamsa Theory of Self-Recognition,197-the-mimamsa-theory-of-self-recognition,D. M. Datta,D. M. Datta's scholarly study of self-recognition in Mimamsa epistemology - focused academic monograph for advanced students.,,The Six Darshanas,Mimamsa,In Copyright,the mimamsa theory of self-recognition,the-mimamsa-theory-of-self-recognition,darshanas-and-philosophy,TRUE,,,,TRUE,TRUE,,,,TRUE,TRUE,,,,,,,,TRUE,TRUE,TRUE
198,Materials for the Study of the Apastamba Sutras,198-materials-for-the-study-of-the-apastamba-sutras,Daniel H. H. Ingalls (background),Ingalls's foundational study of Apastamba sutras and dharma - useful background for Mimamsa engagement with Vedic ritual texts.,,The Six Darshanas,Mimamsa,https://archive.org/search?query=%22Materials%20for%20the%20Study%20of%20the%20Apastamba%20Sutras%22%20Daniel%20H.%20H.%20Ingalls,materials for the study of the apastamba sutras,materials-for-the-study-of-the-apastamba-sutras,darshanas-and-philosophy,TRUE,,,,TRUE,TRUE,,,,TRUE,TRUE,,,,,,,,TRUE,TRUE,TRUE
199,The Brahma Sutras,199-the-brahma-sutras,Swami Sivananda,Sivananda's accessible Brahma Sutras translation with commentary - practical Advaita introduction to Badarayana's foundational text.,,The Six Darshanas,Vedanta - Foundational,https://archive.org/search?query=%22The%20Brahma%20Sutras%22%20Swami%20Sivananda,the brahma sutras,the-brahma-sutras,darshanas-and-philosophy,TRUE,,,,TRUE,TRUE,,,,TRUE,TRUE,,,,,,,,TRUE,TRUE,TRUE
200,Brahma Sutra Bhashya of Shankara,200-brahma-sutra-bhashya-of-shankara,Swami Gambhirananda,Gambhirananda's complete English translation of Shankara's Brahma Sutra Bhashya - definitive Advaita Vedanta scholastic text.,,The Six Darshanas,Vedanta - Foundational,https://archive.org/search?query=%22Brahma%20Sutra%20Bhashya%20of%20Shankara%22%20Swami%20Gambhirananda,brahma sutra bhashya of shankara,brahma-sutra-bhashya-of-shankara,darshanas-and-philosophy,TRUE,,,,TRUE,TRUE,,,,TRUE,TRUE,,,,,,,,TRUE,TRUE,TRUE
201,The Vedanta Sutras with the Commentary of Sankaracharya,201-the-vedanta-sutras-with-the-commentary-of-sankaracharya,George Thibaut (3 vols),Thibaut's classical 19th-century three-volume translation of Brahma Sutras with Shankara - historic Sacred Books of the East edition.,,The Six Darshanas,Vedanta - Foundational,https://sacred-texts.com/hin/sbe34/index.htm,the vedanta sutras with the commentary of sankaracharya,the-vedanta-sutras-with-the-commentary-of-sankaracharya,darshanas-and-philosophy,TRUE,,,,TRUE,TRUE,,,,TRUE,TRUE,,,,,,,,TRUE,TRUE,TRUE
202,The Vedanta Sutras with the Commentary of Ramanuja,202-the-vedanta-sutras-with-the-commentary-of-ramanuja,George Thibaut,Thibaut's translation of Brahma Sutras with Ramanuja's Sri Bhashya - definitive Vishishtadvaita scholastic counterpart to Shankara.,,The Six Darshanas,Vedanta - Foundational,https://sacred-texts.com/hin/sbe48/index.htm,the vedanta sutras with the commentary of ramanuja,the-vedanta-sutras-with-the-commentary-of-ramanuja,darshanas-and-philosophy,TRUE,,,,TRUE,TRUE,,,,TRUE,TRUE,,,,,,,,TRUE,TRUE,TRUE
203,The Brahma Sutras of Madhva,203-the-brahma-sutras-of-madhva,S. Subba Rau,Subba Rau's translation of the Brahma Sutras with Madhva's commentary - Dvaita Vedanta's distinctive reading of Badarayana.,,The Six Darshanas,Vedanta - Foundational,https://archive.org/search?query=%22The%20Brahma%20Sutras%20of%20Madhva%22%20S.%20Subba%20Rau,the brahma sutras of madhva,the-brahma-sutras-of-madhva,darshanas-and-philosophy,TRUE,,,,TRUE,TRUE,,,,TRUE,TRUE,,,,,,,,TRUE,TRUE,TRUE
204,Vedanta Paribhasha of Dharmaraja Adhvarindra,204-vedanta-paribhasha-of-dharmaraja-adhvarindra,Swami Madhavananda,Madhavananda's translation of Vedanta Paribhasha - standard primer on Advaita Vedanta epistemology and pramana theory.,,The Six Darshanas,Vedanta - Foundational,https://archive.org/search?query=%22Vedanta%20Paribhasha%20of%20Dharmaraja%20Adhvarindra%22%20Swami%20Madhavananda,vedanta paribhasha of dharmaraja adhvarindra,vedanta-paribhasha-of-dharmaraja-adhvarindra,darshanas-and-philosophy,TRUE,,,,TRUE,TRUE,,,,TRUE,TRUE,,,,,,,,TRUE,TRUE,TRUE
205,The Vivekachudamani of Shankaracharya,205-the-vivekachudamani-of-shankaracharya,Swami Madhavananda,"Madhavananda's standard translation of Shankara's Vivekachudamani - classic Advaita primer on discrimination, detachment, and self-knowledge.",,Vedanta - The Sub-schools,Advaita,https://archive.org/search?query=%22The%20Vivekachudamani%20of%20Shankaracharya%22%20Swami%20Madhavananda,the vivekachudamani of shankaracharya,the-vivekachudamani-of-shankaracharya,darshanas-and-philosophy,TRUE,,,,TRUE,TRUE,TRUE,,,TRUE,TRUE,,,,,,,,TRUE,TRUE,TRUE
206,Atma Bodha,206-atma-bodha,Swami Nikhilananda,"Nikhilananda's translation of Shankara's Atma Bodha - short verse text on Self-knowledge, ideal beginner's introduction to Advaita.",,Vedanta - The Sub-schools,Advaita,https://archive.org/search?query=%22Atma%20Bodha%22%20Swami%20Nikhilananda,atma bodha,atma-bodha,darshanas-and-philosophy,TRUE,,,,TRUE,TRUE,TRUE,,,TRUE,TRUE,,,,,,,,TRUE,TRUE,TRUE
207,Tattva Bodha,207-tattva-bodha,Swami Tattvavidananda Saraswati,Tattvavidananda Saraswati's translation of Tattva Bodha - foundational Advaita primer used in traditional Vedanta teaching.,,Vedanta - The Sub-schools,Advaita,https://archive.org/search?query=%22Tattva%20Bodha%22%20Swami%20Tattvavidananda%20Saraswati,tattva bodha,tattva-bodha,darshanas-and-philosophy,TRUE,,,,TRUE,TRUE,TRUE,,,TRUE,TRUE,,,,,,,,TRUE,TRUE,TRUE
208,Drig Drishya Viveka,208-drig-drishya-viveka,Swami Nikhilananda,"Nikhilananda's translation of Drig Drishya Viveka - concise Advaita text discriminating seer from seen, attributed to Shankara.",,Vedanta - The Sub-schools,Advaita,https://archive.org/search?query=%22Drig%20Drishya%20Viveka%22%20Swami%20Nikhilananda,drig drishya viveka,drig-drishya-viveka,darshanas-and-philosophy,TRUE,,,,TRUE,TRUE,TRUE,,,TRUE,TRUE,,,,,,,,TRUE,TRUE,TRUE
209,Aparokshanubhuti,209-aparokshanubhuti,Swami Vimuktananda,Vimuktananda's translation of Shankara's Aparokshanubhuti - verse text on direct realization of Brahman through self-inquiry.,,Vedanta - The Sub-schools,Advaita,https://archive.org/search?query=%22Aparokshanubhuti%22%20Swami%20Vimuktananda,aparokshanubhuti,aparokshanubhuti,darshanas-and-philosophy,TRUE,,,,TRUE,TRUE,TRUE,,,TRUE,TRUE,,,,,,,,TRUE,TRUE,TRUE
210,Upadesha Sahasri,210-upadesha-sahasri,Swami Jagadananda,Jagadananda's translation of Shankara's Upadesha Sahasri - Shankara's only original prose-and-verse work systematizing Advaita teaching.,,Vedanta - The Sub-schools,Advaita,https://archive.org/search?query=%22Upadesha%20Sahasri%22%20Swami%20Jagadananda,upadesha sahasri,upadesha-sahasri,darshanas-and-philosophy,TRUE,,,,TRUE,TRUE,TRUE,,,TRUE,TRUE,,,,,,,,TRUE,TRUE,TRUE
211,The Method of the Vedanta,211-the-method-of-the-vedanta,Swami Satchidanandendra,Satchidanandendra's controversial study of authentic Advaita method - argues post-Shankara tradition departed from Shankara himself.,,Vedanta - The Sub-schools,Advaita,In Copyright,the method of the vedanta,the-method-of-the-vedanta,darshanas-and-philosophy,TRUE,,,,TRUE,TRUE,TRUE,,,TRUE,TRUE,,,,,,,,TRUE,TRUE,TRUE
212,Brahma-Sutras: A Critical Exposition,212-brahma-sutras-a-critical-exposition,V. H. Date,V. H. Date's scholarly critical exposition of the Brahma Sutras - clear modern academic treatment of Vedantic foundational text.,,Vedanta - The Sub-schools,Advaita,https://archive.org/search?query=%22Brahma-Sutras%22%20V.%20H.%20Date,brahma-sutras: a critical exposition,brahma-sutras-a-critical-exposition,darshanas-and-philosophy,TRUE,,,,TRUE,TRUE,TRUE,,,TRUE,TRUE,,,,,,,,TRUE,TRUE,TRUE
213,The Philosophy of Advaita,213-the-philosophy-of-advaita,T. M. P. Mahadevan,T. M. P. Mahadevan's classical Indian-authored survey of Advaita philosophy - clear historical and doctrinal introduction.,,Vedanta - The Sub-schools,Advaita,In Copyright,the philosophy of advaita,the-philosophy-of-advaita,darshanas-and-philosophy,TRUE,,,,TRUE,TRUE,TRUE,,,TRUE,TRUE,,,,,,,,TRUE,TRUE,TRUE
214,Outlines of Indian Philosophy,214-outlines-of-indian-philosophy,M. Hiriyanna,Hiriyanna's classic concise survey of Indian philosophy - most readable single-volume Indian-authored introduction to all darshanas.,,Vedanta - The Sub-schools,Advaita,https://archive.org/details/outlinesofindian00hiri,outlines of indian philosophy,outlines-of-indian-philosophy,darshanas-and-philosophy,TRUE,,,,TRUE,TRUE,TRUE,,,TRUE,TRUE,,,,,,,,TRUE,TRUE,TRUE
215,The Essentials of Indian Philosophy,215-the-essentials-of-indian-philosophy,M. Hiriyanna,Hiriyanna's slimmer companion volume distilling essential Indian philosophical teaching - ideal first book for general readers.,3-intellectual-path,Vedanta - The Sub-schools,Advaita,https://archive.org/details/EssentialsOfIndianPhilosophy,the essentials of indian philosophy,the-essentials-of-indian-philosophy,darshanas-and-philosophy,TRUE,,,,TRUE,TRUE,TRUE,,,TRUE,TRUE,,,,,,,,TRUE,TRUE,TRUE
216,Studies in Vedanta,216-studies-in-vedanta,M. Hiriyanna,Hiriyanna's collected scholarly essays on Vedanta - focused academic studies by a leading early-20th century Indian philosopher.,,Vedanta - The Sub-schools,Advaita,https://archive.org/details/StudiesInVedantaByMHiriyanna,studies in vedanta,studies-in-vedanta,darshanas-and-philosophy,TRUE,,,,TRUE,TRUE,TRUE,,,TRUE,TRUE,,,,,,,,TRUE,TRUE,TRUE
217,Methods of Knowledge According to Advaita Vedanta,217-methods-of-knowledge-according-to-advaita-vedanta,Swami Satprakashananda,Satprakashananda's clear systematic exposition of Advaita Vedanta epistemology - pramana theory in the Shankaran tradition.,,Vedanta - The Sub-schools,Advaita,https://archive.org/search?query=%22Methods%20of%20Knowledge%20According%20to%20Advaita%20Vedanta%22%20Swami%20Satprakashananda,methods of knowledge according to advaita vedanta,methods-of-knowledge-according-to-advaita-vedanta,darshanas-and-philosophy,TRUE,,,,TRUE,TRUE,TRUE,,,TRUE,TRUE,,,,,,,,TRUE,TRUE,TRUE
218,Sankara and Indian Philosophy,218-sankara-and-indian-philosophy,Natalia Isayeva,Natalia Isayeva's accessible academic study of Shankara - Russian-tradition philosophical reading of the Advaita master.,,Vedanta - The Sub-schools,Advaita,In Copyright,sankara and indian philosophy,sankara-and-indian-philosophy,darshanas-and-philosophy,TRUE,,,,TRUE,TRUE,TRUE,,,TRUE,TRUE,,,,,,,,TRUE,TRUE,TRUE
219,Sankara's Crest-Jewel of Discrimination,219-sankaras-crest-jewel-of-discrimination,Swami Prabhavananda & Christopher Isherwood,Prabhavananda and Isherwood's literary Vivekachudamani translation - readable Advaita classic for general spiritual readers.,,Vedanta - The Sub-schools,Advaita,https://archive.org/search?query=%22Sankara%27s%20Crest-Jewel%20of%20Discrimination%22%20Swami%20Prabhavananda%20%26%20Christopher%20Isherwood,sankara's crest-jewel of discrimination,sankaras-crest-jewel-of-discrimination,darshanas-and-philosophy,TRUE,,,,TRUE,TRUE,TRUE,,,TRUE,TRUE,,,,,,,,TRUE,TRUE,TRUE
220,The Naiskarmya Siddhi of Suresvara,220-the-naiskarmya-siddhi-of-suresvara,A. J. Alston,Alston's translation of Sureshvara's Naishkarmya Siddhi - major post-Shankara Advaita text on action and knowledge as paths.,,Vedanta - The Sub-schools,Advaita,In Copyright,the naiskarmya siddhi of suresvara,the-naiskarmya-siddhi-of-suresvara,darshanas-and-philosophy,TRUE,,,,TRUE,TRUE,TRUE,,,TRUE,TRUE,,,,,,,,TRUE,TRUE,TRUE
221,The Heart of Sri Sankara,221-the-heart-of-sri-sankara,A. J. Alston,Alston's compact synthesis of Shankara's core Advaita teaching - accessible distillation of Shankara's essential philosophical position.,,Vedanta - The Sub-schools,Advaita,In Copyright,the heart of sri sankara,the-heart-of-sri-sankara,darshanas-and-philosophy,TRUE,,,,TRUE,TRUE,TRUE,,,TRUE,TRUE,,,,,,,,TRUE,TRUE,TRUE
222,Samkara on the Absolute,222-samkara-on-the-absolute,A. J. Alston (6-vol Sankara source-book),"Alston's monumental six-volume Shankara source-book - systematic compilation of Shankara's teaching by topic, indispensable reference.",,Vedanta - The Sub-schools,Advaita,https://archive.org/search?query=%22Samkara%20on%20the%20Absolute%22%20A.%20J.%20Alston,samkara on the absolute,samkara-on-the-absolute,darshanas-and-philosophy,TRUE,,,,TRUE,TRUE,TRUE,,,TRUE,TRUE,,,,,,,,TRUE,TRUE,TRUE
223,Mandukya Upanishad with Gaudapada's Karika and Sankara's Commentary,223-mandukya-upanishad-with-gaudapadas-karika-and-sankaras-commentary,Swami Nikhilananda,Nikhilananda's translation of the Mandukya with Gaudapada's Karika and Shankara - earliest systematic Advaita text.,,Vedanta - The Sub-schools,Advaita,https://archive.org/search?query=%22Mandukya%20Upanishad%20with%20Gaudapada%27s%20Karika%20and%20Sankara%27s%20Commentary%22%20Swami%20Nikhilananda,mandukya upanishad with gaudapada's karika and sankara's commentary,mandukya-upanishad-with-gaudapadas-karika-and-sankaras-commentary,darshanas-and-philosophy,TRUE,,,,TRUE,TRUE,TRUE,,,TRUE,TRUE,,,,,,,,TRUE,TRUE,TRUE
224,Gaudapada,224-gaudapada,T. M. P. Mahadevan,T. M. P. Mahadevan's scholarly study of Gaudapada - pre-Shankara Advaita and the Buddhist-Hindu philosophical interface.,,Vedanta - The Sub-schools,Advaita,In Copyright,gaudapada,gaudapada,darshanas-and-philosophy,TRUE,,,,TRUE,TRUE,TRUE,,,TRUE,TRUE,,,,,,,,TRUE,TRUE,TRUE
225,The Philosophy of the Mandukya Karika,225-the-philosophy-of-the-mandukya-karika,V. R. R. Dikshitar,Dikshitar's philosophical study of Gaudapada's Mandukya Karika - focused academic work on the proto-Advaita master.,,Vedanta - The Sub-schools,Advaita,https://archive.org/search?query=%22The%20Philosophy%20of%20the%20Mandukya%20Karika%22%20V.%20R.%20R.%20Dikshitar,the philosophy of the mandukya karika,the-philosophy-of-the-mandukya-karika,darshanas-and-philosophy,TRUE,,,,TRUE,TRUE,TRUE,,,TRUE,TRUE,,,,,,,,TRUE,TRUE,TRUE
226,Panchadashi,226-panchadashi,Swami Swahananda,Swahananda's translation of the Panchadashi by Vidyaranya - major late Advaita text systematizing Shankara's teaching.,,Vedanta - The Sub-schools,Advaita,https://archive.org/search?query=%22Panchadashi%22%20Swami%20Swahananda,panchadashi,panchadashi,darshanas-and-philosophy,TRUE,,,,TRUE,TRUE,TRUE,,,TRUE,TRUE,,,,,,,,TRUE,TRUE,TRUE
227,Yoga Vasistha Maharamayana,227-yoga-vasistha-maharamayana,Vihari Lal Mitra,Vihari Lal Mitra's complete 19th-century Yoga Vasishtha translation - vast Advaita epic with hundreds of teaching narratives.,,Vedanta - The Sub-schools,Advaita,https://archive.org/search?query=%22Yoga%20Vasistha%20Maharamayana%22%20Vihari%20Lal%20Mitra,yoga vasistha maharamayana,yoga-vasistha-maharamayana,darshanas-and-philosophy,TRUE,,,,TRUE,TRUE,TRUE,,,TRUE,TRUE,,,,,,,,TRUE,TRUE,TRUE
228,The Crest-Jewel of Wisdom,228-the-crest-jewel-of-wisdom,Charles Johnston,"Charles Johnston's poetic Crest-Jewel of Wisdom - older Theosophical Vivekachudamani translation, literary rendering of Shankara.",,Vedanta - The Sub-schools,Advaita,https://archive.org/details/crestjewelofwisd00sank,the crest-jewel of wisdom,the-crest-jewel-of-wisdom,darshanas-and-philosophy,TRUE,,,,TRUE,TRUE,TRUE,,,TRUE,TRUE,,,,,,,,TRUE,TRUE,TRUE
229,Sri Sankara's Teachings in His Own Words,229-sri-sankaras-teachings-in-his-own-words,Swami Atmananda,Atmananda's compact Sri Sankara's teaching anthology - Shankara's words organized by topic for direct study.,,Vedanta - The Sub-schools,Advaita,https://archive.org/search?query=%22Sri%20Sankara%27s%20Teachings%20in%20His%20Own%20Words%22%20Swami%20Atmananda,sri sankara's teachings in his own words,sri-sankaras-teachings-in-his-own-words,darshanas-and-philosophy,TRUE,,,TRUE,TRUE,TRUE,TRUE,,,TRUE,TRUE,,,,,,,,TRUE,TRUE,TRUE
230,The Path to the Goal,230-the-path-to-the-goal,Swami Bhajanananda,Bhajanananda's path-oriented Advaita synthesis - Ramakrishna Mission introduction to the Vedantic spiritual journey.,,Vedanta - The Sub-schools,Advaita,https://archive.org/search?query=%22The%20Path%20to%20the%20Goal%22%20Swami%20Bhajanananda,the path to the goal,the-path-to-the-goal,darshanas-and-philosophy,TRUE,,,,TRUE,TRUE,TRUE,,,TRUE,TRUE,,,,,,,,TRUE,TRUE,TRUE
231,Sri Bhasya of Ramanuja,231-sri-bhasya-of-ramanuja,M. Rangacharya & M. B. Varadaraja Aiyangar,Rangacharya and Varadaraja Aiyangar's translation of Ramanuja's Sri Bhashya - Vishishtadvaita's foundational Brahma Sutra commentary.,,Vedanta - The Sub-schools,Vishishtadvaita,https://archive.org/search?query=%22Sri%20Bhasya%20of%20Ramanuja%22%20M.%20Rangacharya%20%26%20M.%20B.%20Varadaraja%20Aiyangar,sri bhasya of ramanuja,sri-bhasya-of-ramanuja,darshanas-and-philosophy,TRUE,,,,TRUE,TRUE,TRUE,,,TRUE,TRUE,,,,,,,,TRUE,TRUE,TRUE
232,Vedartha Sangraha of Sri Ramanuja,232-vedartha-sangraha-of-sri-ramanuja,S. S. Raghavachar,Raghavachar's translation of Ramanuja's Vedartha Sangraha - concise statement of Vishishtadvaita theology by Ramanuja himself.,,Vedanta - The Sub-schools,Vishishtadvaita,https://archive.org/search?query=%22Vedartha%20Sangraha%20of%20Sri%20Ramanuja%22%20S.%20S.%20Raghavachar,vedartha sangraha of sri ramanuja,vedartha-sangraha-of-sri-ramanuja,darshanas-and-philosophy,TRUE,,,,TRUE,TRUE,TRUE,,,TRUE,TRUE,,,,,,,,TRUE,TRUE,TRUE
233,Gita Bhashya of Ramanuja,233-gita-bhashya-of-ramanuja,Swami Adidevananda,Adidevananda's translation of Ramanuja's Gita Bhashya - definitive Vishishtadvaita reading of the Gita as bhakti-emphasis text.,,Vedanta - The Sub-schools,Vishishtadvaita,https://archive.org/search?query=%22Gita%20Bhashya%20of%20Ramanuja%22%20Swami%20Adidevananda,gita bhashya of ramanuja,gita-bhashya-of-ramanuja,darshanas-and-philosophy,TRUE,,,,TRUE,TRUE,TRUE,,,TRUE,TRUE,,,,,,,,TRUE,TRUE,TRUE
234,Vedanta Deshika's Yatindra-Mata-Dipika,234-vedanta-deshikas-yatindra-mata-dipika,Swami Adidevananda,Adidevananda's translation of Vedanta Deshika's Yatindra Mata Dipika - accessible Vishishtadvaita primer for serious students.,,Vedanta - The Sub-schools,Vishishtadvaita,https://archive.org/search?query=%22Vedanta%20Deshika%27s%20Yatindra-Mata-Dipika%22%20Swami%20Adidevananda,vedanta deshika's yatindra-mata-dipika,vedanta-deshikas-yatindra-mata-dipika,darshanas-and-philosophy,TRUE,,,,TRUE,TRUE,TRUE,,,TRUE,TRUE,,,,,,,,TRUE,TRUE,TRUE
235,The Philosophy of Visistadvaita,235-the-philosophy-of-visistadvaita,P. N. Srinivasachari,Srinivasachari's classical Indian-authored exposition of Vishishtadvaita - comprehensive philosophical introduction to Ramanuja's system.,,Vedanta - The Sub-schools,Vishishtadvaita,https://archive.org/search?query=%22The%20Philosophy%20of%20Visistadvaita%22%20P.%20N.%20Srinivasachari,the philosophy of visistadvaita,the-philosophy-of-visistadvaita,darshanas-and-philosophy,TRUE,,,,TRUE,TRUE,TRUE,,,TRUE,TRUE,,,,,,,,TRUE,TRUE,TRUE
236,Ramanuja and the Sri Vaishnava Tradition,236-ramanuja-and-the-sri-vaishnava-tradition,John Carman,John Carman's foundational academic study of Ramanuja and Sri Vaishnavism - definitive Western scholarship on the tradition.,,Vedanta - The Sub-schools,Vishishtadvaita,In Copyright,ramanuja and the sri vaishnava tradition,ramanuja-and-the-sri-vaishnava-tradition,darshanas-and-philosophy,TRUE,,,,TRUE,TRUE,TRUE,,,TRUE,TRUE,,,,,,,,TRUE,TRUE,TRUE
237,"Ramanuja: His Life, Religion and Philosophy","237-ramanuja-his-life,-religion-and-philosophy",Swami Tapasyananda,Tapasyananda's accessible biography and doctrinal introduction to Ramanuja - Ramakrishna Mission gateway text.,,Vedanta - The Sub-schools,Vishishtadvaita,https://archive.org/search?query=%22Ramanuja%22%20Swami%20Tapasyananda,"ramanuja: his life, religion and philosophy","ramanuja-his-life,-religion-and-philosophy",darshanas-and-philosophy,TRUE,,,,TRUE,TRUE,TRUE,,,TRUE,TRUE,,,,,,,,TRUE,TRUE,TRUE
238,The Theology of Ramanuja,238-the-theology-of-ramanuja,John Braisted Carman,"Carman's deep scholarly study of Ramanuja's theology - bhakti, prapatti, and the Lord's accessibility in Vishishtadvaita.",,Vedanta - The Sub-schools,Vishishtadvaita,In Copyright,the theology of ramanuja,the-theology-of-ramanuja,darshanas-and-philosophy,TRUE,,,,TRUE,TRUE,TRUE,,,TRUE,TRUE,,,,,,,,TRUE,TRUE,TRUE
239,Ramanuja on the Yoga,239-ramanuja-on-the-yoga,Robert Lester,Robert Lester's scholarly study of yoga in Ramanuja's thought - Vishishtadvaita reception of yoga discipline and practice.,,Vedanta - The Sub-schools,Vishishtadvaita,In Copyright,ramanuja on the yoga,ramanuja-on-the-yoga,darshanas-and-philosophy,TRUE,,,,TRUE,TRUE,TRUE,,,TRUE,TRUE,,,,,,,,TRUE,TRUE,TRUE
240,The Embodiment of Bhakti,240-the-embodiment-of-bhakti,Vasudha Narayanan,Vasudha Narayanan's study of Sri Vaishnava bhakti and the Tamil Divya Prabandham tradition - embodied devotion and ritual.,,Vedanta - The Sub-schools,Vishishtadvaita,https://archive.org/search?query=%22The%20Embodiment%20of%20Bhakti%22%20Vasudha%20Narayanan,the embodiment of bhakti,the-embodiment-of-bhakti,darshanas-and-philosophy,TRUE,,,,TRUE,TRUE,TRUE,,,TRUE,TRUE,,,,,,,,TRUE,TRUE,TRUE
241,The Way and the Goal,241-the-way-and-the-goal,Vasudha Narayanan,"Narayanan's companion study of Sri Vaishnava theology of liberation - surrender, grace, and the path to Vaikuntha.",,Vedanta - The Sub-schools,Vishishtadvaita,https://archive.org/search?query=%22The%20Way%20and%20the%20Goal%22%20Vasudha%20Narayanan,the way and the goal,the-way-and-the-goal,darshanas-and-philosophy,TRUE,,,,TRUE,TRUE,TRUE,,,TRUE,TRUE,,,,,,,,TRUE,TRUE,TRUE
242,The Brahma Sutras with Madhva's Commentary,242-the-brahma-sutras-with-madhvas-commentary,S. Subba Rau,Subba Rau's translation of Brahma Sutras with Madhva's commentary - Dvaita Vedanta's distinctive dualist reading of Vedanta.,,Vedanta - The Sub-schools,Dvaita,https://archive.org/search?query=%22The%20Brahma%20Sutras%20with%20Madhva%27s%20Commentary%22%20S.%20Subba%20Rau,the brahma sutras with madhva's commentary,the-brahma-sutras-with-madhvas-commentary,darshanas-and-philosophy,TRUE,,,,TRUE,TRUE,TRUE,,,TRUE,TRUE,,,,,,,,TRUE,TRUE,TRUE
243,Madhva's Teachings in His Own Words,243-madhvas-teachings-in-his-own-words,Bannanje Govindacharya,Bannanje Govindacharya's compilation of Madhva's teachings - direct exposition of Dvaita doctrine from primary Madhva sources.,,Vedanta - The Sub-schools,Dvaita,In Copyright,madhva's teachings in his own words,madhvas-teachings-in-his-own-words,darshanas-and-philosophy,TRUE,,,,TRUE,TRUE,TRUE,,,TRUE,TRUE,,,,,,,,TRUE,TRUE,TRUE
244,The Philosophy of Sri Madhvacharya,244-the-philosophy-of-sri-madhvacharya,B. N. K. Sharma,B. N. K. Sharma's classic philosophical exposition of Dvaita Vedanta - most comprehensive Indian-authored study of Madhva's system.,,Vedanta - The Sub-schools,Dvaita,In Copyright,the philosophy of sri madhvacharya,the-philosophy-of-sri-madhvacharya,darshanas-and-philosophy,TRUE,,,,TRUE,TRUE,TRUE,,,TRUE,TRUE,,,,,,,,TRUE,TRUE,TRUE
245,A History of the Dvaita School of Vedanta,245-a-history-of-the-dvaita-school-of-vedanta,B. N. K. Sharma,Sharma's monumental scholarly history of the Dvaita school - definitive academic work on Madhva and his followers.,,Vedanta - The Sub-schools,Dvaita,In Copyright,a history of the dvaita school of vedanta,a-history-of-the-dvaita-school-of-vedanta,darshanas-and-philosophy,TRUE,,,,TRUE,TRUE,TRUE,,,TRUE,TRUE,,,,,,,,TRUE,TRUE,TRUE
246,Madhva's Anuvyakhyana,246-madhvas-anuvyakhyana,B. N. K. Sharma,Sharma's translation of Madhva's Anuvyakhyana - Madhva's auto-commentary on his own Brahma Sutra interpretation.,,Vedanta - The Sub-schools,Dvaita,In Copyright,madhva's anuvyakhyana,madhvas-anuvyakhyana,darshanas-and-philosophy,TRUE,,,,TRUE,TRUE,TRUE,,,TRUE,TRUE,,,,,,,,TRUE,TRUE,TRUE
247,Tattvodyota of Madhva,247-tattvodyota-of-madhva,B. N. K. Sharma,"Sharma's translation of Madhva's Tattvodyota - focused Dvaita text on the eternal distinction between Brahman, jivas, and matter.",,Vedanta - The Sub-schools,Dvaita,In Copyright,tattvodyota of madhva,tattvodyota-of-madhva,darshanas-and-philosophy,TRUE,,,,TRUE,TRUE,TRUE,,,TRUE,TRUE,,,,,,,,TRUE,TRUE,TRUE
248,Dvaita Vedanta,248-dvaita-vedanta,Deepak Sarma,Deepak Sarma's accessible modern academic introduction to Dvaita Vedanta - useful entry for Western philosophy readers.,,Vedanta - The Sub-schools,Dvaita,In Copyright,dvaita vedanta,dvaita-vedanta,darshanas-and-philosophy,TRUE,,,,TRUE,TRUE,TRUE,,,TRUE,TRUE,,,,,,,,TRUE,TRUE,TRUE
249,An Introduction to Madhva Vedanta,249-an-introduction-to-madhva-vedanta,Deepak Sarma,Sarma's companion introduction to Madhva Vedanta - clear systematic presentation of the dualist Vedantic position.,,Vedanta - The Sub-schools,Dvaita,In Copyright,an introduction to madhva vedanta,an-introduction-to-madhva-vedanta,darshanas-and-philosophy,TRUE,,,,TRUE,TRUE,TRUE,,,TRUE,TRUE,,,,,,,,TRUE,TRUE,TRUE
250,The Bhagavata-Sandarbhas of Jiva Gosvami,250-the-bhagavata-sandarbhas-of-jiva-gosvami,Satyanarayana Dasa,Satyanarayana Dasa's translation of Jiva Goswami's Bhagavata Sandarbhas - foundational Gaudiya Vaishnava theology in six treatises.,,Vedanta - The Sub-schools,Other Vedantic Schools,https://archive.org/search?query=%22The%20Bhagavata-Sandarbhas%20of%20Jiva%20Gosvami%22%20Satyanarayana%20Dasa,the bhagavata-sandarbhas of jiva gosvami,the-bhagavata-sandarbhas-of-jiva-gosvami,darshanas-and-philosophy,TRUE,,,,TRUE,TRUE,TRUE,,,TRUE,TRUE,,,,,,,,TRUE,TRUE,TRUE
251,The Six Goswamis of Vrindavana,251-the-six-goswamis-of-vrindavana,Satyaraja Dasa (Steven Rosen),Steven Rosen's accessible introduction to the six Gosvamis of Vrindavan - Chaitanya's chief disciples and Gaudiya theology builders.,,Vedanta - The Sub-schools,Other Vedantic Schools,In Copyright,the six goswamis of vrindavana,the-six-goswamis-of-vrindavana,darshanas-and-philosophy,TRUE,,,,TRUE,TRUE,TRUE,,,TRUE,TRUE,,,,,,,,TRUE,TRUE,TRUE
252,Sri Caitanya-Caritamrta,252-sri-caitanya-caritamrta,Krishnadasa Kaviraja (Bhaktivedanta Swami trans.),Prabhupada's complete Bengali-to-English translation of Krishnadas Kaviraj's Caitanya Caritamrta - definitive Chaitanya hagiography.,,Vedanta - The Sub-schools,Other Vedantic Schools,https://prabhupadabooks.com/cc,sri caitanya-caritamrta,sri-caitanya-caritamrta,darshanas-and-philosophy,TRUE,,,,TRUE,TRUE,TRUE,,,TRUE,TRUE,,,,,,,,TRUE,TRUE,TRUE
253,Bhagavata-Tattva-Viveka,253-bhagavata-tattva-viveka,Visvanatha Cakravarti,Visvanatha Cakravarti's classical Gaudiya treatise on Bhagavata theology - advanced Vaishnava scholastic text on Krishna lila.,,Vedanta - The Sub-schools,Other Vedantic Schools,https://archive.org/search?query=%22Bhagavata-Tattva-Viveka%22%20Visvanatha%20Cakravarti,bhagavata-tattva-viveka,bhagavata-tattva-viveka,darshanas-and-philosophy,TRUE,,,,TRUE,TRUE,TRUE,,,TRUE,TRUE,,,,,,,,TRUE,TRUE,TRUE
254,The Bhakti Sutras of Narada,254-the-bhakti-sutras-of-narada,Swami Tyagisananda,Tyagisananda's translation of Narada's Bhakti Sutras - short foundational text on the path of devotional love to God.,,Vedanta - The Sub-schools,Other Vedantic Schools,https://archive.org/search?query=%22The%20Bhakti%20Sutras%20of%20Narada%22%20Swami%20Tyagisananda,the bhakti sutras of narada,the-bhakti-sutras-of-narada,darshanas-and-philosophy,TRUE,,,,TRUE,TRUE,TRUE,,,TRUE,TRUE,,,,,,,,TRUE,TRUE,TRUE
255,The Bhakti Sutras of Shandilya,255-the-bhakti-sutras-of-shandilya,E. B. Cowell,Cowell's translation of Shandilya's Bhakti Sutras - alternative early bhakti sutra text complementing the Narada sutras.,,Vedanta - The Sub-schools,Other Vedantic Schools,https://archive.org/search?query=%22The%20Bhakti%20Sutras%20of%20Shandilya%22%20E.%20B.%20Cowell,the bhakti sutras of shandilya,the-bhakti-sutras-of-shandilya,darshanas-and-philosophy,TRUE,,,,TRUE,TRUE,TRUE,,,TRUE,TRUE,,,,,,,,TRUE,TRUE,TRUE
256,Vallabha's Anubhashya,256-vallabhas-anubhashya,Mridula I. Marfatia,Marfatia's translation of Vallabhacharya's Anubhashya on Brahma Sutras - Shuddhadvaita Vedanta's foundational scholastic work.,,Vedanta - The Sub-schools,Other Vedantic Schools,In Copyright,vallabha's anubhashya,vallabhas-anubhashya,darshanas-and-philosophy,TRUE,,,,TRUE,TRUE,TRUE,,,TRUE,TRUE,,,,,,,,TRUE,TRUE,TRUE
257,Suddhadvaita,257-suddhadvaita,Mridula I. Marfatia,"Marfatia's study of Vallabha's Shuddhadvaita system - pure non-dualism with Krishna as Purushottama, distinct from Shankara.",,Vedanta - The Sub-schools,Other Vedantic Schools,In Copyright,suddhadvaita,suddhadvaita,darshanas-and-philosophy,TRUE,,,,TRUE,TRUE,TRUE,,,TRUE,TRUE,,,,,,,,TRUE,TRUE,TRUE
258,Nimbarka and His Philosophy,258-nimbarka-and-his-philosophy,Roma Bose,Roma Bose's classical academic study of Nimbarka - exposition of Dvaitadvaita Vedanta and the Nimbarka sampradaya theology.,,Vedanta - The Sub-schools,Other Vedantic Schools,In Copyright,nimbarka and his philosophy,nimbarka-and-his-philosophy,darshanas-and-philosophy,TRUE,,,,TRUE,TRUE,TRUE,,,TRUE,TRUE,,,,,,,,TRUE,TRUE,TRUE
259,Vedanta of Nimbarka,259-vedanta-of-nimbarka,Manik Lal Sandal,Sandal's translation of Nimbarka's Vedanta texts - primary sources for the simultaneous-difference-and-non-difference Vedantic school.,,Vedanta - The Sub-schools,Other Vedantic Schools,https://archive.org/search?query=%22Vedanta%20of%20Nimbarka%22%20Manik%20Lal%20Sandal,vedanta of nimbarka,vedanta-of-nimbarka,darshanas-and-philosophy,TRUE,,,,TRUE,TRUE,TRUE,,,TRUE,TRUE,,,,,,,,TRUE,TRUE,TRUE
260,Achintya Bhedabheda,260-achintya-bhedabheda,O. B. L. Kapoor,Kapoor's study of Achintya Bhedabheda - Chaitanya's Gaudiya doctrine of inconceivable difference-and-non-difference between God and soul.,,Vedanta - The Sub-schools,Other Vedantic Schools,In Copyright,achintya bhedabheda,achintya-bhedabheda,darshanas-and-philosophy,TRUE,,,,TRUE,TRUE,TRUE,,,TRUE,TRUE,,,,,,,,TRUE,TRUE,TRUE
261,The Dhammapada,261-the-dhammapada,Eknath Easwaran,"Easwaran's accessible verse Dhammapada translation - popular gateway to Buddhist ethics, mindfulness, and the path of awakening.",14-shramana-interface,Buddhist Philosophy in India,,https://archive.org/search?query=%22The%20Dhammapada%22%20Eknath%20Easwaran,the dhammapada,the-dhammapada,darshanas-and-philosophy,,TRUE,,,,,TRUE,,,,,,,,,TRUE,,,,TRUE,TRUE
262,In the Buddha's Words,262-in-the-buddhas-words,Bhikkhu Bodhi,Bhikkhu Bodhi's thematic Pali Canon anthology - definitive English introduction to the Buddha's discourses for serious readers.,,Buddhist Philosophy in India,,In Copyright,in the buddha's words,in-the-buddhas-words,darshanas-and-philosophy,,TRUE,,,,,TRUE,,,,,,,,,TRUE,,,,TRUE,TRUE
263,The Long Discourses of the Buddha,263-the-long-discourses-of-the-buddha,Maurice Walshe,"Maurice Walshe's complete Digha Nikaya translation - the Buddha's long discourses, Wisdom Publications standard edition.",,Buddhist Philosophy in India,,In Copyright,the long discourses of the buddha,the-long-discourses-of-the-buddha,darshanas-and-philosophy,,TRUE,,,,,TRUE,,,,,,,,,TRUE,,,,TRUE,TRUE
264,The Middle Length Discourses of the Buddha,264-the-middle-length-discourses-of-the-buddha,Bhikkhu Bodhi & Bhikkhu Nanamoli,"Bodhi and Nanamoli's complete Majjhima Nikaya translation - the Buddha's middle-length discourses, essential Pali Canon volume.",,Buddhist Philosophy in India,,In Copyright,the middle length discourses of the buddha,the-middle-length-discourses-of-the-buddha,darshanas-and-philosophy,,TRUE,,,,,TRUE,,,,,,,,,TRUE,,,,TRUE,TRUE
265,The Connected Discourses of the Buddha,265-the-connected-discourses-of-the-buddha,Bhikkhu Bodhi,"Bodhi's complete Samyutta Nikaya translation - connected discourses of the Buddha, vast canonical collection in standard English.",,Buddhist Philosophy in India,,In Copyright,the connected discourses of the buddha,the-connected-discourses-of-the-buddha,darshanas-and-philosophy,,TRUE,,,,,TRUE,,,,,,,,,TRUE,,,,TRUE,TRUE
266,Buddhist Texts Through the Ages,266-buddhist-texts-through-the-ages,Edward Conze,"Conze's classical anthology of Buddhist texts spanning Theravada, Mahayana, and Vajrayana - foundational reader in the field.",,Buddhist Philosophy in India,,https://archive.org/details/buddhisttextsthr00conz,buddhist texts through the ages,buddhist-texts-through-the-ages,darshanas-and-philosophy,,TRUE,,,,,TRUE,,,,,,,,,TRUE,,,,TRUE,TRUE
267,The Word of the Buddha,267-the-word-of-the-buddha,Nyanatiloka,Nyanatiloka's compact systematic anthology of the Buddha's teaching arranged by the Four Noble Truths - classic Theravada primer.,,Buddhist Philosophy in India,,In Copyright,the word of the buddha,the-word-of-the-buddha,darshanas-and-philosophy,,TRUE,,,,,TRUE,,,,,,,,,TRUE,,,,TRUE,TRUE
268,Mulamadhyamakakarika of Nagarjuna,268-mulamadhyamakakarika-of-nagarjuna,Jay Garfield (The Fundamental Wisdom of the Middle Way),Garfield's contemporary translation and commentary on Nagarjuna's Mulamadhyamakakarika - landmark accessible Madhyamaka philosophy.,14-shramana-interface,Buddhist Philosophy in India,,https://archive.org/search?query=%22Mulamadhyamakakarika%20of%20Nagarjuna%22%20Jay%20Garfield,mulamadhyamakakarika of nagarjuna,mulamadhyamakakarika-of-nagarjuna,darshanas-and-philosophy,,TRUE,,,,TRUE,TRUE,,,,,,,,,TRUE,,,,TRUE,TRUE
269,The Philosophy of the Middle Way,269-the-philosophy-of-the-middle-way,David Kalupahana,Kalupahana's reading of Madhyamaka in early Buddhist context - argues Nagarjuna restates the Buddha rather than departing from him.,,Buddhist Philosophy in India,,In Copyright,the philosophy of the middle way,the-philosophy-of-the-middle-way,darshanas-and-philosophy,,TRUE,,,,,TRUE,,,,,,,,,TRUE,,,,TRUE,TRUE
270,Nagarjuna: The Philosophy of the Middle Way,270-nagarjuna-the-philosophy-of-the-middle-way,David Kalupahana,Kalupahana's full study of Nagarjuna's philosophy - scholarly exposition of the Madhyamaka founder in historical context.,,Buddhist Philosophy in India,,In Copyright,nagarjuna: the philosophy of the middle way,nagarjuna-the-philosophy-of-the-middle-way,darshanas-and-philosophy,,TRUE,,,,,TRUE,,,,,,,,,TRUE,,,,TRUE,TRUE
271,Empty Words: Buddhist Philosophy and Cross-Cultural Interpretation,271-empty-words-buddhist-philosophy-and-cross-cultural-interpretation,Jay Garfield,Garfield's collected essays applying analytic philosophy to Buddhist thought - bridges classical Madhyamaka and Western philosophy.,,Buddhist Philosophy in India,,In Copyright,empty words: buddhist philosophy and cross-cultural interpretation,empty-words-buddhist-philosophy-and-cross-cultural-interpretation,darshanas-and-philosophy,,TRUE,,,,TRUE,TRUE,,,,,,,,,TRUE,,,,TRUE,TRUE
272,Vasubandhu's Vijnaptimatratasiddhi,272-vasubandhus-vijnaptimatratasiddhi,Stefan Anacker,Anacker's translation of seven works by Vasubandhu - central Yogachara texts including the Trimsika and Vimsika idealist treatises.,,Buddhist Philosophy in India,,In Copyright,vasubandhu's vijnaptimatratasiddhi,vasubandhus-vijnaptimatratasiddhi,darshanas-and-philosophy,,TRUE,,,,,TRUE,,,,,,,,,TRUE,,,,TRUE,TRUE
273,Yogacara Buddhism,273-yogacara-buddhism,Dan Lusthaus,Lusthaus's massive scholarly study of Yogachara Buddhism - definitive Western academic work on Indian-Chinese consciousness-only philosophy.,,Buddhist Philosophy in India,,In Copyright,yogacara buddhism,yogacara-buddhism,darshanas-and-philosophy,,TRUE,,,,TRUE,TRUE,,,TRUE,,,,,,TRUE,,,,TRUE,TRUE
274,Buddhist Logic,274-buddhist-logic,F. Th. Stcherbatsky (2 vols),Stcherbatsky's classical 1930s two-volume study of Buddhist logic - foundational Russian-tradition scholarship still cited today.,,Buddhist Philosophy in India,,https://archive.org/details/buddhistlogic02stchuoft,buddhist logic,buddhist-logic,darshanas-and-philosophy,,TRUE,,,,,TRUE,,,,,,,,,TRUE,,,,TRUE,TRUE
275,The Central Conception of Buddhism,275-the-central-conception-of-buddhism,F. Th. Stcherbatsky,Stcherbatsky's earlier influential study of central Buddhist concepts - historic landmark in Western Buddhist philosophical scholarship.,,Buddhist Philosophy in India,,https://archive.org/details/centralconceptio0000stch,the central conception of buddhism,the-central-conception-of-buddhism,darshanas-and-philosophy,,TRUE,,,,TRUE,TRUE,,,,,,,,,TRUE,,,,TRUE,TRUE
276,The Conception of Buddhist Nirvana,276-the-conception-of-buddhist-nirvana,F. Th. Stcherbatsky,Stcherbatsky's classic study of Buddhist nirvana - older Russian-tradition philosophical analysis of the soteriological goal.,,Buddhist Philosophy in India,,https://archive.org/details/in.ernet.dli.2015.55648,the conception of buddhist nirvana,the-conception-of-buddhist-nirvana,darshanas-and-philosophy,,TRUE,,,,,TRUE,,,,,,,,,TRUE,,,,TRUE,TRUE
277,A History of Indian Buddhism,277-a-history-of-indian-buddhism,Étienne Lamotte,Lamotte's monumental French-tradition history of Indian Buddhism - definitive scholarly account of Buddhism in its Indian homeland.,,Buddhist Philosophy in India,,https://archive.org/search?query=%22A%20History%20of%20Indian%20Buddhism%22%20%C3%89tienne%20Lamotte,a history of indian buddhism,a-history-of-indian-buddhism,darshanas-and-philosophy,,TRUE,,,,,TRUE,,,,,,,,,TRUE,,,,TRUE,TRUE
278,Indian Buddhism,278-indian-buddhism,A. K. Warder,A. K. Warder's comprehensive single-volume history of Indian Buddhism - accessible standard academic reference work.,,Buddhist Philosophy in India,,In Copyright,indian buddhism,indian-buddhism,darshanas-and-philosophy,,TRUE,,,,,TRUE,,,,,,,,,TRUE,,,,TRUE,TRUE
279,Indian Esoteric Buddhism,279-indian-esoteric-buddhism,Ronald Davidson,Ronald Davidson's study of medieval Indian tantric Buddhism - sociopolitical context of the Vajrayana's emergence and development.,,Buddhist Philosophy in India,,In Copyright,indian esoteric buddhism,indian-esoteric-buddhism,darshanas-and-philosophy,,TRUE,,,,,TRUE,,,,,,,,,TRUE,,,,TRUE,TRUE
280,The Awakening of Faith,280-the-awakening-of-faith,Ashvaghosha (Yoshito Hakeda trans.),Hakeda's translation of Ashvaghosha's Awakening of Faith - central Mahayana text on tathagatagarbha and Buddha-nature doctrine.,,Buddhist Philosophy in India,,https://archive.org/search?query=%22The%20Awakening%20of%20Faith%22%20Ashvaghosha,the awakening of faith,the-awakening-of-faith,darshanas-and-philosophy,,TRUE,,,,,TRUE,,,,,,,,,TRUE,,,,TRUE,TRUE
281,Tattvartha Sutra,281-tattvartha-sutra,Umasvati (Nathmal Tatia trans.),"Tatia's accessible Tattvartha Sutra translation - Umasvati's foundational text of Jain philosophy, accepted by both Digambara and Svetambara.",14-shramana-interface,Jain Philosophy,,https://archive.org/search?query=%22Tattvartha%20Sutra%22%20Umasvati,tattvartha sutra,tattvartha-sutra,darshanas-and-philosophy,,TRUE,,,,,TRUE,,,,,,,TRUE,,,,,,TRUE,TRUE
282,The Acaranga Sutra,282-the-acaranga-sutra,Hermann Jacobi,Jacobi's classical Sacred Books of the East translation of the Acaranga Sutra - earliest Jain text on monastic conduct.,,Jain Philosophy,,https://sacred-texts.com/jai/sbe22/index.htm,the acaranga sutra,the-acaranga-sutra,darshanas-and-philosophy,,TRUE,,,,,TRUE,,,,,,,TRUE,,,,,,TRUE,TRUE
283,The Sutrakritanga,283-the-sutrakritanga,Hermann Jacobi,Jacobi's translation of the Sutrakritanga - Jain canonical text refuting rival philosophies and establishing Jain doctrine.,,Jain Philosophy,,https://sacred-texts.com/jai/sbe45/index.htm,the sutrakritanga,the-sutrakritanga,darshanas-and-philosophy,,TRUE,,,,,TRUE,,,,,,,TRUE,,,,,,TRUE,TRUE
284,The Uttaradhyayana Sutra,284-the-uttaradhyayana-sutra,Hermann Jacobi,Jacobi's translation of the Uttaradhyayana Sutra - major Svetambara canonical text of monastic discipline and Jain narrative.,,Jain Philosophy,,https://sacred-texts.com/jai/sbe45/index.htm,the uttaradhyayana sutra,the-uttaradhyayana-sutra,darshanas-and-philosophy,,TRUE,,,,,TRUE,,,,,,,TRUE,,,,,,TRUE,TRUE
285,Outlines of Jainism,285-outlines-of-jainism,J. L. Jaini,J. L. Jaini's classical 1916 outline of Jainism - accessible Indian-authored introduction to Jain philosophy and practice.,,Jain Philosophy,,https://archive.org/details/in.ernet.dli.2015.92167,outlines of jainism,outlines-of-jainism,darshanas-and-philosophy,,TRUE,,,,,TRUE,,,,,,,TRUE,,,,,,TRUE,TRUE
286,The Jaina Path of Purification,286-the-jaina-path-of-purification,Padmanabh Jaini,Padmanabh Jaini's authoritative scholarly study of the Jain path of purification - definitive academic introduction to Jainism.,14-shramana-interface,Jain Philosophy,,In Copyright,the jaina path of purification,the-jaina-path-of-purification,darshanas-and-philosophy,,TRUE,,,,,TRUE,,,,,,,TRUE,,,,,,TRUE,TRUE
287,Gender and Salvation: Jaina Debates on the Spiritual Liberation of Women,287-gender-and-salvation-jaina-debates-on-the-spiritual-liberation-of-women,Padmanabh Jaini,"Jaini's focused study of Jain debates over women's spiritual liberation - gender, embodiment, and salvation in Jain philosophy.",,Jain Philosophy,,In Copyright,gender and salvation: jaina debates on the spiritual liberation of women,gender-and-salvation-jaina-debates-on-the-spiritual-liberation-of-women,darshanas-and-philosophy,,TRUE,,,,,TRUE,,,,,,,TRUE,,,,,,TRUE,TRUE
288,Jaina Sutras,288-jaina-sutras,Hermann Jacobi,Jacobi's collected SBE Jain Sutra translations - historic Western access to core Svetambara canonical literature.,,Jain Philosophy,,https://sacred-texts.com/jai/index.htm,jaina sutras,jaina-sutras,darshanas-and-philosophy,,TRUE,,,,TRUE,TRUE,,,,,,,TRUE,,,,,,TRUE,TRUE
289,The Heart of Jainism,289-the-heart-of-jainism,Sinclair Stevenson,Sinclair Stevenson's older Western study of Jainism - useful early academic introduction now superseded but historically significant.,,Jain Philosophy,,https://archive.org/details/cu31924023167178,the heart of jainism,the-heart-of-jainism,darshanas-and-philosophy,,TRUE,,,,TRUE,TRUE,,,,,,,TRUE,,,,,,TRUE,TRUE
290,Studies in Jaina Philosophy,290-studies-in-jaina-philosophy,Nathmal Tatia,Nathmal Tatia's classical scholarly study of Jain philosophy - Indian-authored academic work on Jain epistemology and metaphysics.,,Jain Philosophy,,In Copyright,studies in jaina philosophy,studies-in-jaina-philosophy,darshanas-and-philosophy,,TRUE,,,,,TRUE,,,,,,,TRUE,,,,,,TRUE,TRUE
291,Jainism,291-jainism,Helmuth von Glasenapp,Glasenapp's classical German-tradition study of Jainism in English - comprehensive academic survey of the tradition.,,Jain Philosophy,,In Copyright,jainism,jainism,darshanas-and-philosophy,,TRUE,,,,,TRUE,,,,,,,TRUE,,,,,,TRUE,TRUE
292,Jaina Theory of Reality and Knowledge,292-jaina-theory-of-reality-and-knowledge,Y. J. Padmarajiah,"Padmarajiah's scholarly Indian-authored study of Jain epistemology - pramana, naya, and syadvada in Jain philosophical analysis.",,Jain Philosophy,,In Copyright,jaina theory of reality and knowledge,jaina-theory-of-reality-and-knowledge,darshanas-and-philosophy,,TRUE,,,,,TRUE,,,,,,,TRUE,,,,,,TRUE,TRUE
293,Principles of Tantra,293-principles-of-tantra,Arthur Avalon (John Woodroffe),John Woodroffe's foundational 1916 Western study of Tantra - older but historically central work on Shakta and Hindu tantric philosophy.,,Tantra and Agama,,https://archive.org/details/principlesoftant030431mbp,principles of tantra,principles-of-tantra,festivals-and-living-tradition,TRUE,,,TRUE,TRUE,TRUE,,,,TRUE,TRUE,TRUE,,,TRUE,,,,TRUE,TRUE,TRUE
294,The Serpent Power,294-the-serpent-power,Arthur Avalon,Woodroffe's classic Sat-Chakra-Nirupana translation and commentary - foundational Western text on kundalini yoga and chakra theory.,13-esoteric-way,Tantra and Agama,,https://sacred-texts.com/tantra/sas/index.htm,the serpent power,the-serpent-power,festivals-and-living-tradition,TRUE,,,TRUE,TRUE,TRUE,,,,TRUE,TRUE,TRUE,,,TRUE,,,,TRUE,TRUE,
295,Shakti and Shakta,295-shakti-and-shakta,Arthur Avalon,Woodroffe's classic study of Shakta theology - Goddess worship and Shakti philosophy from a sympathetic Western insider scholar.,,Tantra and Agama,,https://archive.org/details/shaktiandshakta00aval,shakti and shakta,shakti-and-shakta,festivals-and-living-tradition,TRUE,,,TRUE,TRUE,TRUE,,,,TRUE,TRUE,TRUE,,,TRUE,,,,TRUE,TRUE,
296,The Garland of Letters,296-the-garland-of-letters,Arthur Avalon,"Woodroffe's study of mantric phonology and the divine alphabet - Shakta theory of sound, mantra, and matrika as cosmic principles.",,Tantra and Agama,,https://archive.org/details/garlandofletters00aval,the garland of letters,the-garland-of-letters,festivals-and-living-tradition,TRUE,,,TRUE,TRUE,,,,,TRUE,TRUE,TRUE,,,TRUE,,,,TRUE,TRUE,
297,Introduction to Tantra Sastra,297-introduction-to-tantra-sastra,Arthur Avalon,"Woodroffe's introductory primer on Tantra Shastra - accessible older overview of tantric ritual, theology, and metaphysics.",,Tantra and Agama,,https://archive.org/search?query=%22Introduction%20to%20Tantra%20Sastra%22%20Arthur%20Avalon,introduction to tantra sastra,introduction-to-tantra-sastra,festivals-and-living-tradition,TRUE,,,TRUE,TRUE,,,,,TRUE,TRUE,TRUE,,,TRUE,,,,TRUE,TRUE,
298,Hymns to the Goddess,298-hymns-to-the-goddess,Arthur Avalon,Woodroffe's translation and study of Hindu Goddess hymns - Shakta devotional poetry and theology of the divine feminine.,,Tantra and Agama,,https://archive.org/search?query=%22Hymns%20to%20the%20Goddess%22%20Arthur%20Avalon,hymns to the goddess,hymns-to-the-goddess,festivals-and-living-tradition,TRUE,,,TRUE,TRUE,,,,,TRUE,TRUE,TRUE,,,TRUE,,,,TRUE,TRUE,
299,Tantra in Practice,299-tantra-in-practice,David Gordon White (ed.),David Gordon White's edited Princeton anthology of tantric texts - diverse historical sources spanning Hindu and Buddhist tantric traditions.,,Tantra and Agama,,https://archive.org/search?query=%22Tantra%20in%20Practice%22%20David%20Gordon%20White,tantra in practice,tantra-in-practice,festivals-and-living-tradition,TRUE,,,TRUE,TRUE,,,,,TRUE,TRUE,TRUE,,,TRUE,,,,TRUE,TRUE,TRUE
300,Kiss of the Yogini,300-kiss-of-the-yogini,David Gordon White,"White's controversial scholarly study of medieval tantric ritual - argues sexual rites were central, not metaphorical, in early Tantra.",13-esoteric-way,Tantra and Agama,,In Copyright,kiss of the yogini,kiss-of-the-yogini,festivals-and-living-tradition,TRUE,,,TRUE,TRUE,,,,,TRUE,TRUE,TRUE,,,TRUE,,,,TRUE,TRUE,
301,The Tantric Body,301-the-tantric-body,Gavin Flood,"Gavin Flood's accessible academic study of the tantric body - embodiment, ritual, and self-cultivation in Saiva tantric traditions.",,Tantra and Agama,,In Copyright,the tantric body,the-tantric-body,festivals-and-living-tradition,TRUE,,,TRUE,TRUE,,,,,TRUE,TRUE,TRUE,,,TRUE,,,,TRUE,TRUE,
302,The Roots of Tantra,302-the-roots-of-tantra,Katherine Anne Harper & Robert L. Brown (eds.),Harper and Brown's edited scholarly volume tracing tantric origins - archaeological and textual evidence on early tantric history.,,Tantra and Agama,,https://archive.org/search?query=%22The%20Roots%20of%20Tantra%22%20Katherine%20Anne%20Harper%20%26%20Robert%20L.%20Brown,the roots of tantra,the-roots-of-tantra,festivals-and-living-tradition,TRUE,,,TRUE,TRUE,,,,,TRUE,TRUE,TRUE,,,TRUE,,,,TRUE,TRUE,
303,The Mahanirvana Tantra,303-the-mahanirvana-tantra,Arthur Avalon,"Woodroffe's translation of the Mahanirvana Tantra - major Shakta tantra, popular early-modern text on Goddess worship and ritual.",,Tantra and Agama,,https://sacred-texts.com/tantra/maha/index.htm,the mahanirvana tantra,the-mahanirvana-tantra,festivals-and-living-tradition,TRUE,,,TRUE,TRUE,TRUE,,,,TRUE,TRUE,TRUE,,,TRUE,,,,TRUE,TRUE,
304,The Saundarya Lahari of Sankaracharya,304-the-saundarya-lahari-of-sankaracharya,W. Norman Brown,Norman Brown's scholarly translation of Saundarya Lahari attributed to Shankara - major Sri Vidya devotional poem to Lalita Tripurasundari.,,Tantra and Agama,,https://archive.org/details/saundaryalaharif00saka,the saundarya lahari of sankaracharya,the-saundarya-lahari-of-sankaracharya,festivals-and-living-tradition,TRUE,,,TRUE,TRUE,,,,,TRUE,TRUE,TRUE,,,TRUE,,,,TRUE,TRUE,
305,Sri Vidya: The Tantra of Tripurasundari,305-sri-vidya-the-tantra-of-tripurasundari,Douglas Renfrew Brooks,"Douglas Brooks's foundational academic study of Sri Vidya - Tripurasundari's Shakta tantra in South India, accessible introduction.",,Tantra and Agama,,https://archive.org/search?query=%22Sri%20Vidya%22%20Douglas%20Renfrew%20Brooks,sri vidya: the tantra of tripurasundari,sri-vidya-the-tantra-of-tripurasundari,festivals-and-living-tradition,TRUE,,,TRUE,TRUE,,,,,TRUE,TRUE,TRUE,,,TRUE,,,,TRUE,TRUE,
306,The Secret of the Three Cities,306-the-secret-of-the-three-cities,Douglas Brooks,Brooks's deeper study of Sri Vidya tantric symbolism - the three cities (tripura) as cosmological and metaphysical principle.,,Tantra and Agama,,In Copyright,the secret of the three cities,the-secret-of-the-three-cities,festivals-and-living-tradition,TRUE,,,TRUE,TRUE,,,,,TRUE,TRUE,TRUE,,,TRUE,TRUE,,,TRUE,TRUE,
307,Auspicious Wisdom: The Texts and Traditions of Srividya Sakta Tantrism,307-auspicious-wisdom-the-texts-and-traditions-of-srividya-sakta-tantrism,Douglas Brooks,Brooks's scholarly study of Srividya Sakta texts and traditions - comprehensive academic work on the auspicious wisdom tradition.,,Tantra and Agama,,In Copyright,auspicious wisdom: the texts and traditions of srividya sakta tantrism,auspicious-wisdom-the-texts-and-traditions-of-srividya-sakta-tantrism,festivals-and-living-tradition,TRUE,,,TRUE,TRUE,,,,,TRUE,TRUE,TRUE,,,TRUE,,,,TRUE,TRUE,
308,Devi: The Great Goddess,308-devi-the-great-goddess,Vidya Dehejia (ed.),"Vidya Dehejia's edited volume on Devi traditions - Goddess worship across Indian art, ritual, and regional traditions.",,Tantra and Agama,,In Copyright,devi: the great goddess,devi-the-great-goddess,festivals-and-living-tradition,TRUE,,,TRUE,TRUE,,,,,TRUE,TRUE,TRUE,,,TRUE,,,,TRUE,TRUE,
309,The Tantric View of Life,309-the-tantric-view-of-life,Herbert V. Guenther,Herbert Guenther's existentialist-influenced study of tantric philosophy - bridges tantric thought and Western continental philosophy.,,Tantra and Agama,,In Copyright,the tantric view of life,the-tantric-view-of-life,festivals-and-living-tradition,TRUE,,,TRUE,TRUE,TRUE,,,,TRUE,TRUE,TRUE,,,TRUE,,,,TRUE,TRUE,
310,The Doctrine of Vibration,310-the-doctrine-of-vibration,Mark S. G. Dyczkowski,Mark Dyczkowski's foundational scholarly study of Spanda - the Kashmir Shaiva doctrine of cosmic vibration and divine consciousness.,,Tantra and Agama,,In Copyright,the doctrine of vibration,the-doctrine-of-vibration,festivals-and-living-tradition,TRUE,,,TRUE,TRUE,,,,,TRUE,TRUE,TRUE,,,TRUE,,,,TRUE,TRUE,
311,The Stanzas on Vibration,311-the-stanzas-on-vibration,Mark S. G. Dyczkowski,Dyczkowski's translation and commentary on the Spanda Karikas - central text of the Kashmir Shaiva Spanda school.,,Tantra and Agama,,In Copyright,the stanzas on vibration,the-stanzas-on-vibration,festivals-and-living-tradition,TRUE,,,TRUE,TRUE,,,,,TRUE,TRUE,TRUE,,,TRUE,,,,TRUE,TRUE,
312,The Aphorisms of Siva,312-the-aphorisms-of-siva,Mark S. G. Dyczkowski,Dyczkowski's translation and commentary on the Shiva Sutras - foundational scripture of the Kashmir Shaiva Trika tradition.,,Tantra and Agama,,In Copyright,the aphorisms of siva,the-aphorisms-of-siva,festivals-and-living-tradition,TRUE,,,TRUE,TRUE,,,,,TRUE,TRUE,TRUE,,,TRUE,,,,TRUE,TRUE,
313,The Canon of the Saivagama,313-the-canon-of-the-saivagama,Mark S. G. Dyczkowski,Dyczkowski's scholarly study of the Shaivagama canon - historical and textual mapping of Shaiva tantric literature.,,Tantra and Agama,,https://archive.org/search?query=%22The%20Canon%20of%20the%20Saivagama%22%20Mark%20S.%20G.%20Dyczkowski,the canon of the saivagama,the-canon-of-the-saivagama,festivals-and-living-tradition,TRUE,,,TRUE,TRUE,,,,,TRUE,TRUE,TRUE,,,TRUE,,,,TRUE,TRUE,
314,Kashmir Saivism: The Secret Supreme,314-kashmir-saivism-the-secret-supreme,Swami Lakshmanjoo,Swami Lakshmanjoo's transmitted teachings on Kashmir Shaivism - last-master oral tradition preserved by his American students.,,Tantra and Agama,,In Copyright,kashmir saivism: the secret supreme,kashmir-saivism-the-secret-supreme,festivals-and-living-tradition,TRUE,,,TRUE,TRUE,,,,,TRUE,TRUE,TRUE,,,TRUE,,,,TRUE,TRUE,
315,Shiva Sutras: The Supreme Awakening,315-shiva-sutras-the-supreme-awakening,Swami Lakshmanjoo,Lakshmanjoo's transmitted commentary on the Shiva Sutras - Kashmir Shaiva Trika's foundational text from the lineage holder.,,Tantra and Agama,,https://archive.org/search?query=%22Shiva%20Sutras%22%20Swami%20Lakshmanjoo,shiva sutras: the supreme awakening,shiva-sutras-the-supreme-awakening,festivals-and-living-tradition,TRUE,,,TRUE,TRUE,,,,,TRUE,TRUE,TRUE,TRUE,,TRUE,,,,TRUE,TRUE,
316,Vijnana Bhairava,316-vijnana-bhairava,Swami Lakshmanjoo,Lakshmanjoo's commentary on the Vijnana Bhairava - 112 contemplative practices from the Trika master's oral tradition.,,Tantra and Agama,,https://archive.org/search?query=%22Vijnana%20Bhairava%22%20Swami%20Lakshmanjoo,vijnana bhairava,vijnana-bhairava,festivals-and-living-tradition,TRUE,,,TRUE,TRUE,,,,,TRUE,TRUE,TRUE,,,TRUE,,,,TRUE,TRUE,
317,The Doctrine of Recognition (Pratyabhijnahridayam),317-the-doctrine-of-recognition-pratyabhijnahridayam,Jaideva Singh,Jaideva Singh's translation and study of the Pratyabhijnahridayam - Kshemaraja's Kashmir Shaiva primer on recognition philosophy.,,Tantra and Agama,,In Copyright,the doctrine of recognition (pratyabhijnahridayam),the-doctrine-of-recognition-pratyabhijnahridayam,festivals-and-living-tradition,TRUE,,,TRUE,TRUE,,,,,TRUE,TRUE,TRUE,,,TRUE,,,,TRUE,TRUE,
318,Spanda-Karikas,318-spanda-karikas,Jaideva Singh,Singh's translation and commentary on the Spanda Karikas - Kashmir Shaiva text on divine vibration as cosmic-personal principle.,,Tantra and Agama,,In Copyright,spanda-karikas,spanda-karikas,festivals-and-living-tradition,TRUE,,,TRUE,TRUE,,,,,TRUE,TRUE,TRUE,,,TRUE,,,,TRUE,TRUE,
319,Siva Sutras,319-siva-sutras,Jaideva Singh,Singh's translation and commentary on the Shiva Sutras - Kashmir Shaiva foundational scripture with Kshemaraja's Vimarshini.,,Tantra and Agama,,https://archive.org/search?query=%22Siva%20Sutras%22%20Jaideva%20Singh,siva sutras,siva-sutras,festivals-and-living-tradition,TRUE,,,TRUE,TRUE,,,,,TRUE,TRUE,TRUE,,,TRUE,,,,TRUE,TRUE,
320,Vijnanabhairava,320-vijnanabhairava,Jaideva Singh,Singh's translation of the Vijnana Bhairava Tantra - 112 dharanas (contemplative techniques) from Kashmir Shaivism.,,Tantra and Agama,,In Copyright,vijnanabhairava,vijnanabhairava,festivals-and-living-tradition,TRUE,,,TRUE,TRUE,,,,,TRUE,TRUE,TRUE,,,TRUE,,,,TRUE,TRUE,
321,Para-Trishika-Vivarana,321-para-trishika-vivarana,Jaideva Singh,Singh's translation of Abhinavagupta's Para-Trishika-Vivarana - advanced Kashmir Shaiva text on the supreme triadic Goddess.,,Tantra and Agama,,In Copyright,para-trishika-vivarana,para-trishika-vivarana,festivals-and-living-tradition,TRUE,,,TRUE,TRUE,,,,,TRUE,TRUE,TRUE,,,TRUE,,,,TRUE,TRUE,
322,The Pratyabhijna Philosophy,322-the-pratyabhijna-philosophy,Gopinath Kaviraj,Gopinath Kaviraj's scholarly study of Pratyabhijna philosophy - Indian-authored academic work on Kashmir Shaiva recognition school.,,Tantra and Agama,,In Copyright,the pratyabhijna philosophy,the-pratyabhijna-philosophy,festivals-and-living-tradition,TRUE,,,TRUE,TRUE,,,,,TRUE,TRUE,TRUE,,,TRUE,,,,TRUE,TRUE,
323,Tantraloka of Abhinavagupta,323-tantraloka-of-abhinavagupta,Various translators (Mark Dyczkowski multi-vol project),Mark Dyczkowski's ongoing multi-volume Tantraloka translation project - Abhinavagupta's monumental Kashmir Shaiva encyclopedia.,,Tantra and Agama,,https://archive.org/search?query=%22Tantraloka%20of%20Abhinavagupta%22%20Various%20translators,tantraloka of abhinavagupta,tantraloka-of-abhinavagupta,festivals-and-living-tradition,TRUE,,,TRUE,TRUE,,,,,TRUE,TRUE,TRUE,,,TRUE,,,,TRUE,TRUE,
324,Abhinavagupta: An Historical and Philosophical Study,324-abhinavagupta-an-historical-and-philosophical-study,K. C. Pandey,K. C. Pandey's classical Indian-authored study of Abhinavagupta - comprehensive historical and philosophical work on the Trika master.,,Tantra and Agama,,In Copyright,abhinavagupta: an historical and philosophical study,abhinavagupta-an-historical-and-philosophical-study,festivals-and-living-tradition,TRUE,,,TRUE,TRUE,,,,,TRUE,TRUE,TRUE,,,TRUE,,,,TRUE,TRUE,
325,The Triadic Heart of Siva,325-the-triadic-heart-of-siva,Paul Eduardo Muller-Ortega,Muller-Ortega's scholarly study of the Heart (hridaya) doctrine in Abhinavagupta - Trika non-dualism's central theological symbol.,,Tantra and Agama,,https://archive.org/search?query=%22The%20Triadic%20Heart%20of%20Siva%22%20Paul%20Eduardo%20Muller-Ortega,the triadic heart of siva,the-triadic-heart-of-siva,festivals-and-living-tradition,TRUE,,,TRUE,TRUE,,,,,TRUE,TRUE,TRUE,,,TRUE,,,,TRUE,TRUE,
326,Doctrine of Recognition (Isvarapratyabhijnakarika),326-doctrine-of-recognition-isvarapratyabhijnakarika,Raffaele Torella,Torella's scholarly translation of Utpaladeva's Isvarapratyabhijnakarika - Pratyabhijna foundational text on divine recognition.,,Tantra and Agama,,In Copyright,doctrine of recognition (isvarapratyabhijnakarika),doctrine-of-recognition-isvarapratyabhijnakarika,festivals-and-living-tradition,TRUE,,,TRUE,TRUE,,,,,TRUE,TRUE,TRUE,,,TRUE,,,,TRUE,TRUE,
327,The Krama Tantricism of Kashmir,327-the-krama-tantricism-of-kashmir,Navjivan Rastogi,Rastogi's scholarly study of the Krama school of Kashmir Shaivism - esoteric Goddess-centered tantric tradition of medieval Kashmir.,,Tantra and Agama,,In Copyright,the krama tantricism of kashmir,the-krama-tantricism-of-kashmir,festivals-and-living-tradition,TRUE,,,TRUE,TRUE,,,,,TRUE,TRUE,TRUE,,,TRUE,,,,TRUE,TRUE,
328,Introduction to the Tantraloka,328-introduction-to-the-tantraloka,Navjivan Rastogi,Rastogi's introduction to Abhinavagupta's Tantraloka - useful scholarly companion guide to the vast Kashmir Shaiva treatise.,,Tantra and Agama,,https://archive.org/search?query=%22Introduction%20to%20the%20Tantraloka%22%20Navjivan%20Rastogi,introduction to the tantraloka,introduction-to-the-tantraloka,festivals-and-living-tradition,TRUE,,,TRUE,TRUE,,,,,TRUE,TRUE,TRUE,,,TRUE,,,,TRUE,TRUE,
329,Hindu Tantric and Sakta Literature,329-hindu-tantric-and-sakta-literature,Teun Goudriaan & Sanjukta Gupta,Goudriaan and Gupta's reference volume on Hindu tantric and Shakta literature - bibliographic survey of the textual corpus.,,Tantra and Agama,,In Copyright,hindu tantric and sakta literature,hindu-tantric-and-sakta-literature,festivals-and-living-tradition,TRUE,,,TRUE,TRUE,,,,,TRUE,TRUE,TRUE,,,TRUE,,,,TRUE,TRUE,
330,Hindu Tantrism,330-hindu-tantrism,"Sanjukta Gupta, Dirk Jan Hoens, Teun Goudriaan","Gupta, Hoens, and Goudriaan's foundational scholarly survey of Hindu Tantrism - concise academic introduction to Tantra studies.",,Tantra and Agama,,In Copyright,hindu tantrism,hindu-tantrism,festivals-and-living-tradition,TRUE,,,TRUE,TRUE,,,,,TRUE,TRUE,TRUE,,,TRUE,,,,TRUE,TRUE,
331,The Yoginihrdaya,331-the-yoginihrdaya,Andre Padoux,Padoux's scholarly translation and study of the Yoginihridaya - central Sri Vidya tantric text on the Goddess and the Sri Yantra.,,Tantra and Agama,,In Copyright,the yoginihrdaya,the-yoginihrdaya,festivals-and-living-tradition,TRUE,,,TRUE,TRUE,,,,,TRUE,TRUE,TRUE,,,TRUE,,,,TRUE,TRUE,
332,Vac: The Concept of the Word in Selected Hindu Tantras,332-vac-the-concept-of-the-word-in-selected-hindu-tantras,Andre Padoux,"Padoux's foundational scholarly study of vac (speech/word) in Hindu tantra - sound, mantra, and creation in Trika theology.",,Tantra and Agama,,https://archive.org/search?query=%22Vac%22%20Andre%20Padoux,vac: the concept of the word in selected hindu tantras,vac-the-concept-of-the-word-in-selected-hindu-tantras,festivals-and-living-tradition,TRUE,,,TRUE,TRUE,,,,,TRUE,TRUE,TRUE,,,TRUE,,,,TRUE,TRUE,
333,The Hindu Tantric World,333-the-hindu-tantric-world,Andre Padoux,Padoux's accessible academic introduction to the Hindu tantric world - clear overview from the leading French Tantra scholar.,,Tantra and Agama,,In Copyright,the hindu tantric world,the-hindu-tantric-world,festivals-and-living-tradition,TRUE,,,TRUE,TRUE,,,,,TRUE,TRUE,TRUE,,,TRUE,,,,TRUE,TRUE,
334,Tantra: The Path of Ecstasy,334-tantra-the-path-of-ecstasy,Georg Feuerstein,Feuerstein's accessible scholarly survey of Tantra across Hindu and Buddhist traditions - useful introduction for general readers.,,Tantra and Agama,,https://archive.org/search?query=%22Tantra%22%20Georg%20Feuerstein,tantra: the path of ecstasy,tantra-the-path-of-ecstasy,festivals-and-living-tradition,TRUE,,,TRUE,TRUE,,,,,TRUE,TRUE,TRUE,,,TRUE,,,,TRUE,TRUE,
335,The Sakta Pithas,335-the-sakta-pithas,D. C. Sircar,D. C. Sircar's classic Indian-authored study of the Shakta pithas - geographic and mythic mapping of the Goddess sites of India.,,Tantra and Agama,,In Copyright,the sakta pithas,the-sakta-pithas,festivals-and-living-tradition,TRUE,,,TRUE,TRUE,,,,,TRUE,TRUE,TRUE,,,TRUE,,,,TRUE,TRUE,
336,The Saiva Siddhanta,336-the-saiva-siddhanta,Mariasusai Dhavamony,Mariasusai Dhavamony's scholarly study of Saiva Siddhanta - Tamil South Indian Shaiva theology and ritual practice.,,Tantra and Agama,,https://archive.org/search?query=%22The%20Saiva%20Siddhanta%22%20Mariasusai%20Dhavamony,the saiva siddhanta,the-saiva-siddhanta,festivals-and-living-tradition,TRUE,,,TRUE,TRUE,,,,,TRUE,TRUE,TRUE,,,TRUE,,,,TRUE,TRUE,
337,Saiva Siddhanta,337-saiva-siddhanta,V. A. Devasenapathi,V. A. Devasenapathi's Indian-authored exposition of Saiva Siddhanta - accessible introduction to the dualist Shaiva theology of Tamil country.,,Tantra and Agama,,https://archive.org/search?query=%22Saiva%20Siddhanta%22%20V.%20A.%20Devasenapathi,saiva siddhanta,saiva-siddhanta,festivals-and-living-tradition,TRUE,,,TRUE,TRUE,,,,,TRUE,TRUE,TRUE,,,TRUE,,,,TRUE,TRUE,
338,Periya Puranam,338-periya-puranam,G. Vanmikanathan,"Vanmikanathan's translation of Sekkizhar's Periya Puranam - Tamil hagiography of the 63 Nayanar Shaiva saints, foundational Tamil bhakti text.",,Tantra and Agama,,https://archive.org/details/Periyapuranam_Vanmikanathan,periya puranam,periya-puranam,festivals-and-living-tradition,TRUE,,,TRUE,TRUE,,,,,TRUE,TRUE,TRUE,,,TRUE,,,,TRUE,TRUE,
339,Tirumantiram of Tirumular,339-tirumantiram-of-tirumular,B. Natarajan (3 vols),"Natarajan's three-volume translation of Tirumular's Tirumantiram - Tamil Shaiva-Siddha yogic-tantric scripture, part of Tirumurai canon.",,Tantra and Agama,,https://archive.org/details/Tirumular_Tirumandiram_Vol1,tirumantiram of tirumular,tirumantiram-of-tirumular,festivals-and-living-tradition,TRUE,,,TRUE,TRUE,,,,,TRUE,TRUE,TRUE,,,TRUE,,,,TRUE,TRUE,
340,The Hymns of Manikkavachakar,340-the-hymns-of-manikkavachakar,G. U. Pope (Tiruvachakam),G. U. Pope's classical 1900 translation of Manikkavachakar's Tiruvachakam - supreme Tamil Shaiva bhakti poetry of divine longing.,,Tantra and Agama,,https://sacred-texts.com/hin/tiru/index.htm,the hymns of manikkavachakar,the-hymns-of-manikkavachakar,festivals-and-living-tradition,TRUE,,,TRUE,TRUE,,,,,TRUE,TRUE,TRUE,,,TRUE,,,,TRUE,TRUE,
341,The Ashtadhyayi of Panini,341-the-ashtadhyayi-of-panini,Sumitra Mangesh Katre,"Katre's standard English translation of Panini's Ashtadhyayi - the foundational 4th-century BCE Sanskrit grammar in 3,959 sutras.","5-expert-apex,15-grammar-of-reality","Sanskrit Grammar, Linguistics, and Philosophy of Language",,https://archive.org/search?query=%22The%20Ashtadhyayi%20of%20Panini%22%20Sumitra%20Mangesh%20Katre,the ashtadhyayi of panini,the-ashtadhyayi-of-panini,language-and-sanskrit,,TRUE,,,,,,,,,TRUE,,,,,,,,TRUE,TRUE,
342,Panini: A Survey of Research,342-panini-a-survey-of-research,George Cardona,George Cardona's comprehensive scholarly survey of Panini research - definitive academic guide to modern Paninian grammatical studies.,,"Sanskrit Grammar, Linguistics, and Philosophy of Language",,https://archive.org/search?query=%22Panini%22%20George%20Cardona,panini: a survey of research,panini-a-survey-of-research,language-and-sanskrit,,TRUE,,,,TRUE,,,,,TRUE,,,,,,,,TRUE,TRUE,
343,Panini: His Work and Its Traditions,343-panini-his-work-and-its-traditions,George Cardona,Cardona's deep study of Panini's grammar and its commentarial tradition - essential reference for serious Sanskrit grammar students.,,"Sanskrit Grammar, Linguistics, and Philosophy of Language",,https://archive.org/search?query=%22Panini%22%20George%20Cardona,panini: his work and its traditions,panini-his-work-and-its-traditions,language-and-sanskrit,,TRUE,,,,,,,,,TRUE,,,,,,,,TRUE,TRUE,
344,The Mahabhasya of Patanjali,344-the-mahabhasya-of-patanjali,S. D. Joshi & J. A. F. Roodbergen (multi-vol),Joshi and Roodbergen's multi-volume scholarly translation of Patanjali's Mahabhashya - Panini's most important grammatical commentary.,,"Sanskrit Grammar, Linguistics, and Philosophy of Language",,https://archive.org/search?query=%22The%20Mahabhasya%20of%20Patanjali%22%20S.%20D.%20Joshi%20%26%20J.%20A.%20F.%20Roodbergen,the mahabhasya of patanjali,the-mahabhasya-of-patanjali,language-and-sanskrit,,TRUE,,,,,,,,,TRUE,,,,,,,,TRUE,TRUE,
345,Vakyapadiya of Bhartrhari,345-vakyapadiya-of-bhartrhari,K. A. Subramania Iyer,"Subramania Iyer's translation of Bhartrhari's Vakyapadiya - landmark Indian philosophy of language, sphota, and word-as-Brahman.",15-grammar-of-reality,"Sanskrit Grammar, Linguistics, and Philosophy of Language",,https://archive.org/search?query=%22Vakyapadiya%20of%20Bhartrhari%22%20K.%20A.%20Subramania%20Iyer,vakyapadiya of bhartrhari,vakyapadiya-of-bhartrhari,language-and-sanskrit,TRUE,TRUE,,,,,,,,,TRUE,,,,,,,,TRUE,TRUE,
346,The Philosophy of the Grammarians,346-the-philosophy-of-the-grammarians,Harold Coward & K. Kunjunni Raja,Coward and Kunjunni Raja's scholarly study of the Indian grammatical philosophers - sphota theory and philosophy of language.,,"Sanskrit Grammar, Linguistics, and Philosophy of Language",,In Copyright,the philosophy of the grammarians,the-philosophy-of-the-grammarians,language-and-sanskrit,,TRUE,,,,,,,,,TRUE,,,,,,,,TRUE,TRUE,
347,The Sphota Theory of Language,347-the-sphota-theory-of-language,Harold Coward,Harold Coward's focused academic study of the sphota theory - Bhartrhari's doctrine of word-meaning as indivisible cognitive unity.,,"Sanskrit Grammar, Linguistics, and Philosophy of Language",,In Copyright,the sphota theory of language,the-sphota-theory-of-language,language-and-sanskrit,,TRUE,,,,,,,,,TRUE,,,,,,,,TRUE,TRUE,
348,Bhartrhari: The Philosopher of Word,348-bhartrhari-the-philosopher-of-word,Tandra Patnaik,Tandra Patnaik's accessible scholarly introduction to Bhartrhari - concise Indian-authored work on the philosopher of language.,,"Sanskrit Grammar, Linguistics, and Philosophy of Language",,In Copyright,bhartrhari: the philosopher of word,bhartrhari-the-philosopher-of-word,language-and-sanskrit,,TRUE,,,,,,,,,TRUE,,,,,,,,TRUE,TRUE,
349,Word and Sentence: Two Perspectives,349-word-and-sentence-two-perspectives,Saroja Bhate & Johannes Bronkhorst (eds.),"Bhate and Bronkhorst's edited scholarly volume on Sanskrit theories of word and sentence meaning - Mimamsa, Nyaya, and Vyakarana.",,"Sanskrit Grammar, Linguistics, and Philosophy of Language",,In Copyright,word and sentence: two perspectives,word-and-sentence-two-perspectives,language-and-sanskrit,,TRUE,,,,,,,,,TRUE,,,,,,,,TRUE,TRUE,
350,India's Philosophy of Meaning,350-indias-philosophy-of-meaning,Pratap Bandyopadhyay,"Pratap Bandyopadhyay's scholarly study of Indian semantic theory - Mimamsa, Vyakarana, and Nyaya on linguistic meaning.",,"Sanskrit Grammar, Linguistics, and Philosophy of Language",,In Copyright,india's philosophy of meaning,indias-philosophy-of-meaning,language-and-sanskrit,,TRUE,,,,,,,,,TRUE,,,,,,,,TRUE,TRUE,
351,Sanskrit Studies of M. B. Emeneau,351-sanskrit-studies-of-m-b-emeneau,M. B. Emeneau,Emeneau's collected linguistic studies of Indian languages - Dravidian linguistics and South Asian areal features by a master scholar.,,"Sanskrit Grammar, Linguistics, and Philosophy of Language",,In Copyright,sanskrit studies of m. b. emeneau,sanskrit-studies-of-m-b-emeneau,language-and-sanskrit,,TRUE,,,,,,,,,TRUE,,,,,,,,TRUE,TRUE,
352,Studies in the History of Sanskrit Poetics,352-studies-in-the-history-of-sanskrit-poetics,S. K. De,S. K. De's classical scholarly history of Sanskrit poetics - comprehensive academic survey of alankara and rasa theory.,,"Sanskrit Grammar, Linguistics, and Philosophy of Language",,https://archive.org/details/in.ernet.dli.2015.97993,studies in the history of sanskrit poetics,studies-in-the-history-of-sanskrit-poetics,language-and-sanskrit,,TRUE,,,,,,,,,TRUE,,,,,,,,TRUE,TRUE,
353,The Word and the World,353-the-word-and-the-world,Bimal Krishna Matilal,"Matilal's accessible philosophical study of Indian semantics - word, sentence, and meaning across the major darshanas.",15-grammar-of-reality,"Sanskrit Grammar, Linguistics, and Philosophy of Language",,In Copyright,the word and the world,the-word-and-the-world,language-and-sanskrit,,TRUE,,,,,,,,,TRUE,,,,,,,,TRUE,TRUE,
354,Sentence and Sentence-Meaning in the Bhatta-Mimamsa,354-sentence-and-sentence-meaning-in-the-bhatta-mimamsa,V. N. Jha,V. N. Jha's scholarly study of sentence meaning in Bhatta Mimamsa - abhihitanvaya theory in Kumarila's Mimamsa school.,,"Sanskrit Grammar, Linguistics, and Philosophy of Language",,In Copyright,sentence and sentence-meaning in the bhatta-mimamsa,sentence-and-sentence-meaning-in-the-bhatta-mimamsa,language-and-sanskrit,,TRUE,,,,,,,,,TRUE,,,,,,,,TRUE,TRUE,
355,Aspects of Indian Logic and Atomism,355-aspects-of-indian-logic-and-atomism,Karl Potter,"Karl Potter's collected essays on Indian logic, atomism, and metaphysics - clear philosophical engagement with Nyaya-Vaisheshika.",,"Sanskrit Grammar, Linguistics, and Philosophy of Language",,In Copyright,aspects of indian logic and atomism,aspects-of-indian-logic-and-atomism,language-and-sanskrit,,TRUE,,,,,,,,,TRUE,,,,,,,,TRUE,TRUE,
356,The Manusmriti,356-the-manusmriti,Patrick Olivelle (Manu's Code of Law),"Olivelle's authoritative Manusmriti translation - Manu's Code of Law, current academic standard for the foundational Hindu legal text.",,Smritis and Dharmashastra,,https://archive.org/search?query=%22The%20Manusmriti%22%20Patrick%20Olivelle,the manusmriti,the-manusmriti,dharmashastras-and-polity,TRUE,TRUE,,TRUE,TRUE,,,,TRUE,TRUE,TRUE,TRUE,TRUE,TRUE,,,,,,,TRUE
357,Chatuh Shloki Manusmriti: An English Commentary,357-chatuh-shloki-manusmriti-an-english-commentary,Nithin Sridhar,A better understanding through a philosophical analysis of the first four verses of Manusmriti,,Smritis and Dharmashastra,,,chatuh shloki manusmriti: an english commentary,chatuh-shloki-manusmriti-an-english-commentary,dharmashastras-and-polity,TRUE,TRUE,,TRUE,TRUE,,,,TRUE,TRUE,TRUE,TRUE,TRUE,TRUE,,,,,,,TRUE
358,Yajnavalkya: A Treatise on Dharma,358-yajnavalkya-a-treatise-on-dharma,Patrick Olivelle,"Olivelle's translation of the Yajnavalkya Smriti - second major Hindu legal text after Manu, foundation of medieval Hindu jurisprudence.",,Smritis and Dharmashastra,,https://archive.org/search?query=%22Yajnavalkya%22%20Patrick%20Olivelle,yajnavalkya: a treatise on dharma,yajnavalkya-a-treatise-on-dharma,dharmashastras-and-polity,TRUE,TRUE,,TRUE,TRUE,,,,TRUE,TRUE,TRUE,TRUE,TRUE,TRUE,,,,,,,TRUE
359,Dharmasutras: The Law Codes of Ancient India,359-dharmasutras-the-law-codes-of-ancient-india,Patrick Olivelle,"Olivelle's Oxford translation of the four Dharmasutras - earliest extant Hindu law codes by Apastamba, Gautama, Baudhayana, Vasishtha.",,Smritis and Dharmashastra,,https://archive.org/search?query=%22Dharmasutras%22%20Patrick%20Olivelle,dharmasutras: the law codes of ancient india,dharmasutras-the-law-codes-of-ancient-india,dharmashastras-and-polity,TRUE,TRUE,,TRUE,TRUE,,,,TRUE,TRUE,TRUE,TRUE,TRUE,TRUE,,,,,,,TRUE
360,The History of Dharmashastra,360-the-history-of-dharmashastra,P. V. Kane (5 vols),"P. V. Kane's monumental five-volume History of Dharmashastra - unmatched encyclopedic scholarship on Hindu law, ritual, and custom.",,Smritis and Dharmashastra,,https://archive.org/details/HistoryOfDharmasastraVol1ByPVKane,the history of dharmashastra,the-history-of-dharmashastra,dharmashastras-and-polity,TRUE,TRUE,,TRUE,TRUE,,,,TRUE,TRUE,TRUE,TRUE,TRUE,TRUE,,,,,,,TRUE
361,Hindu Law and Custom,361-hindu-law-and-custom,Julius Jolly,Julius Jolly's older 1928 study of Hindu law and custom - useful early Indological reference now superseded but still cited.,,Smritis and Dharmashastra,,https://archive.org/search?query=%22Hindu%20Law%20and%20Custom%22%20Julius%20Jolly,hindu law and custom,hindu-law-and-custom,dharmashastras-and-polity,TRUE,TRUE,,TRUE,TRUE,,,,TRUE,TRUE,TRUE,TRUE,TRUE,TRUE,,,,,,,TRUE
362,Studies in Dharmashastra,362-studies-in-dharmashastra,Robert Lingat (The Classical Law of India),Robert Lingat's classical scholarly study of Hindu law - French-tradition academic landmark on dharmashastra and customary jurisprudence.,,Smritis and Dharmashastra,,https://archive.org/search?query=%22Studies%20in%20Dharmashastra%22%20Robert%20Lingat,studies in dharmashastra,studies-in-dharmashastra,dharmashastras-and-polity,TRUE,TRUE,,TRUE,TRUE,,,,TRUE,TRUE,TRUE,TRUE,TRUE,TRUE,,,,,,,TRUE
363,Hindu Jurisprudence,363-hindu-jurisprudence,N. R. Raghavachariar,Raghavachariar's classical Indian textbook of Hindu jurisprudence - practitioner's guide to traditional Hindu law for legal professionals.,,Smritis and Dharmashastra,,In Copyright,hindu jurisprudence,hindu-jurisprudence,dharmashastras-and-polity,TRUE,TRUE,,TRUE,TRUE,,,,TRUE,TRUE,TRUE,TRUE,TRUE,TRUE,,,,,,,TRUE
364,Dharma in Hindu Ethics,364-dharma-in-hindu-ethics,Surama Dasgupta,Surama Dasgupta's scholarly study of dharma in Hindu ethics - philosophical analysis of moral theory in dharmashastra and shastra.,,Smritis and Dharmashastra,,https://archive.org/search?query=%22Dharma%20in%20Hindu%20Ethics%22%20Surama%20Dasgupta,dharma in hindu ethics,dharma-in-hindu-ethics,dharmashastras-and-polity,TRUE,TRUE,,TRUE,TRUE,,,,TRUE,TRUE,TRUE,TRUE,TRUE,TRUE,,,,,,,TRUE
365,Concepts of Dharma,365-concepts-of-dharma,V. S. Sukthankar (in critical essays),V. S. Sukthankar's collected critical essays on Mahabharata and dharma - Bhandarkar editor's classical philosophical reflections.,,Smritis and Dharmashastra,,https://archive.org/search?query=%22Concepts%20of%20Dharma%22%20V.%20S.%20Sukthankar,concepts of dharma,concepts-of-dharma,dharmashastras-and-polity,TRUE,TRUE,,TRUE,TRUE,,,,TRUE,TRUE,TRUE,TRUE,TRUE,TRUE,,,,,,,TRUE
366,Dharma: Hindu Approach to a Purposeful Life,366-dharma-hindu-approach-to-a-purposeful-life,Pankaj Jain,Pankaj Jain's accessible introduction to dharma in contemporary Hindu life - readable modern primer on the central Hindu concept.,,Smritis and Dharmashastra,,In Copyright,dharma: hindu approach to a purposeful life,dharma-hindu-approach-to-a-purposeful-life,dharmashastras-and-polity,TRUE,TRUE,,TRUE,TRUE,TRUE,,,TRUE,TRUE,TRUE,TRUE,TRUE,TRUE,,,,,,,TRUE
367,"Dharma: Studies in its Semantic, Cultural and Religious History","367-dharma-studies-in-its-semantic,-cultural-and-religious-history",Patrick Olivelle (ed.),Olivelle's edited scholarly volume on dharma's semantic and cultural history - academic essays mapping the term's complex evolution.,,Smritis and Dharmashastra,,In Copyright,"dharma: studies in its semantic, cultural and religious history","dharma-studies-in-its-semantic,-cultural-and-religious-history",dharmashastras-and-polity,TRUE,TRUE,,TRUE,TRUE,,,,TRUE,TRUE,TRUE,TRUE,TRUE,TRUE,,,,,,,TRUE
368,The Hindu Tradition of Dharma,368-the-hindu-tradition-of-dharma,Sushil Kumar Maitra,Sushil Kumar Maitra's scholarly study of the Hindu dharma tradition - Indian-authored philosophical exposition of ethical theory.,,Smritis and Dharmashastra,,In Copyright,the hindu tradition of dharma,the-hindu-tradition-of-dharma,dharmashastras-and-polity,TRUE,TRUE,,TRUE,TRUE,,,,TRUE,TRUE,TRUE,TRUE,TRUE,TRUE,,,,,,,TRUE
369,Naradasmriti,369-naradasmriti,Richard Lariviere,Lariviere's scholarly translation of the Naradasmriti - important medieval dharmashastra focused on civil and procedural law.,,Smritis and Dharmashastra,,https://archive.org/search?query=%22Naradasmriti%22%20Richard%20Lariviere,naradasmriti,naradasmriti,dharmashastras-and-polity,TRUE,TRUE,,TRUE,TRUE,,,TRUE,TRUE,TRUE,TRUE,TRUE,TRUE,TRUE,,,,,,,TRUE
370,Brihaspati Smriti,370-brihaspati-smriti,Julius Jolly,Jolly's classical translation of the Brihaspati Smriti - fragmentary medieval dharmashastra preserved in commentarial citations.,,Smritis and Dharmashastra,,https://archive.org/search?query=%22Brihaspati%20Smriti%22%20Julius%20Jolly,brihaspati smriti,brihaspati-smriti,dharmashastras-and-polity,TRUE,TRUE,TRUE,TRUE,TRUE,,,,TRUE,TRUE,TRUE,TRUE,TRUE,TRUE,,,,,,,TRUE
371,Vishnusmriti,371-vishnusmriti,Patrick Olivelle,Olivelle's scholarly translation of the Vishnusmriti - late dharmashastra blending legal material with Vaishnava devotional content.,,Smritis and Dharmashastra,,https://archive.org/search?query=%22Vishnusmriti%22%20Patrick%20Olivelle,vishnusmriti,vishnusmriti,dharmashastras-and-polity,TRUE,TRUE,,TRUE,TRUE,,,,TRUE,TRUE,TRUE,TRUE,TRUE,TRUE,,,,,,,TRUE
372,Parashara Dharma Samhita,372-parashara-dharma-samhita,Krishnamacharya translation,"Krishnamacharya's translation of the Parashara Dharma Samhita - dharmashastra prescribed for the Kali Yuga, popular reference text.",,Smritis and Dharmashastra,,https://archive.org/search?query=%22Parashara%20Dharma%20Samhita%22%20Krishnamacharya%20translation,parashara dharma samhita,parashara-dharma-samhita,dharmashastras-and-polity,TRUE,TRUE,,TRUE,TRUE,,,,TRUE,TRUE,TRUE,TRUE,TRUE,TRUE,,,,,,,TRUE
373,Dharma and the Hindu Householder,373-dharma-and-the-hindu-householder,V. M. Apte,Apte's classical Indian-authored study of the Hindu householder's dharma - grihastha duties in dharmashastra tradition.,,Smritis and Dharmashastra,,In Copyright,dharma and the hindu householder,dharma-and-the-hindu-householder,dharmashastras-and-polity,TRUE,TRUE,,TRUE,TRUE,,,,TRUE,TRUE,TRUE,TRUE,TRUE,TRUE,,,,,,,TRUE
374,Hitopadesha,374-hitopadesha,Narayana (A. N. D. Haksar trans.),A. N. D. Haksar's accessible Penguin translation of the Hitopadesha - Narayana's classic moral fables drawn from the Panchatantra.,,Itihasa-Purana Adjacent Texts and Subhashita Literature,,https://sacred-texts.com/hin/hh/index.htm,hitopadesha,hitopadesha,puranas-and-itihasa,TRUE,TRUE,,,,,,,,,,,TRUE,TRUE,,,,,TRUE,,
375,Panchatantra,375-panchatantra,Vishnu Sharma (Patrick Olivelle trans.),Olivelle's scholarly Panchatantra translation - Vishnu Sharma's foundational ancient Indian fable collection on practical wisdom.,,Itihasa-Purana Adjacent Texts and Subhashita Literature,,https://archive.org/details/Panchatantra-Olivelle,panchatantra,panchatantra,puranas-and-itihasa,TRUE,TRUE,,,,,,,,,,,TRUE,TRUE,,,,,TRUE,,
376,The Panchatantra,376-the-panchatantra,Arthur W. Ryder,Arthur Ryder's classic 1925 Panchatantra translation - older popular literary version still widely read today.,,Itihasa-Purana Adjacent Texts and Subhashita Literature,,https://archive.org/details/panchatantra00arthuoft,the panchatantra,the-panchatantra,puranas-and-itihasa,TRUE,TRUE,,,,,,,,,,,TRUE,TRUE,,,,,TRUE,,
377,Kathasaritsagara of Somadeva,377-kathasaritsagara-of-somadeva,"C. H. Tawney (10 vols, Ocean of the Streams of Story)","Tawney's monumental ten-volume Kathasaritsagara translation - Somadeva's vast Sanskrit story collection, Ocean of the Streams of Story.",,Itihasa-Purana Adjacent Texts and Subhashita Literature,,https://sacred-texts.com/hin/kt/index.htm,kathasaritsagara of somadeva,kathasaritsagara-of-somadeva,puranas-and-itihasa,TRUE,TRUE,,,,,,,,,,,TRUE,TRUE,,,,,TRUE,,
378,Brihatkatha-Manjari of Kshemendra,378-brihatkatha-manjari-of-kshemendra,Sheldon Pollock (selections),Pollock's selections from Kshemendra's Brihatkatha-Manjari - abridged Kashmiri version of the lost Brihatkatha tradition.,,Itihasa-Purana Adjacent Texts and Subhashita Literature,,In Copyright,brihatkatha-manjari of kshemendra,brihatkatha-manjari-of-kshemendra,puranas-and-itihasa,TRUE,TRUE,,,,,,,,,,,TRUE,TRUE,,,,,TRUE,,
379,Brihatkathaslokasamgraha of Budhasvamin,379-brihatkathaslokasamgraha-of-budhasvamin,James Mallinson,Mallinson's translation of Budhasvamin's Brihatkathaslokasamgraha - important Nepali abridgement of the lost Brihatkatha.,,Itihasa-Purana Adjacent Texts and Subhashita Literature,,In Copyright,brihatkathaslokasamgraha of budhasvamin,brihatkathaslokasamgraha-of-budhasvamin,puranas-and-itihasa,TRUE,TRUE,,,,,,,,,,,TRUE,TRUE,,,,,TRUE,,
380,The Vetalapanchavinshati,380-the-vetalapanchavinshati,Arthur Ryder (Twenty-Two Goblins),Arthur Ryder's classic Vetalapanchavinshati translation - twenty-five tales of the corpse-spirit and King Vikramaditya.,5-expert-apex,Itihasa-Purana Adjacent Texts and Subhashita Literature,,https://archive.org/search?query=%22The%20Vetalapanchavinshati%22%20Arthur%20Ryder,the vetalapanchavinshati,the-vetalapanchavinshati,puranas-and-itihasa,TRUE,TRUE,,,,,,,,,,,TRUE,TRUE,,,,,TRUE,,
381,Dasakumaracharita of Dandin,381-dasakumaracharita-of-dandin,Isabelle Onians (What Ten Young Men Did),Onians's Clay Sanskrit Library translation of Dandin's Dasakumaracharita - classical Sanskrit prose romance of ten princes' adventures.,,Itihasa-Purana Adjacent Texts and Subhashita Literature,,https://archive.org/search?query=%22Dasakumaracharita%20of%20Dandin%22%20Isabelle%20Onians,dasakumaracharita of dandin,dasakumaracharita-of-dandin,puranas-and-itihasa,TRUE,TRUE,,,,,,,,,,,TRUE,TRUE,,,,,TRUE,,
382,Nitisara of Kamandaka,382-nitisara-of-kamandaka,M. N. Dutt,M. N. Dutt's translation of Kamandaka's Nitisara - important post-Kautilyan treatise on statecraft and political ethics.,,Itihasa-Purana Adjacent Texts and Subhashita Literature,,https://archive.org/search?query=%22Nitisara%20of%20Kamandaka%22%20M.%20N.%20Dutt,nitisara of kamandaka,nitisara-of-kamandaka,puranas-and-itihasa,TRUE,TRUE,,,,,,,,,,,TRUE,TRUE,,,,,TRUE,,
383,Subhashitavali,383-subhashitavali,Indra Nath Choudhuri (selections),Indra Nath Choudhuri's curated selections from the Subhashitavali - anthology of classical Sanskrit aphoristic verse.,,Itihasa-Purana Adjacent Texts and Subhashita Literature,,https://archive.org/search?query=%22Subhashitavali%22%20Indra%20Nath%20Choudhuri,subhashitavali,subhashitavali,puranas-and-itihasa,TRUE,TRUE,,,,,,,,,,,TRUE,TRUE,,,,,TRUE,,
384,The Subhasitaratnakosha,384-the-subhasitaratnakosha,D. D. Kosambi & V. V. Gokhale,Kosambi and Gokhale's scholarly edition of the Subhasitaratnakosha - Vidyakara's 11th-century Sanskrit poetic anthology.,4-aesthete-path,Itihasa-Purana Adjacent Texts and Subhashita Literature,,https://archive.org/search?query=%22The%20Subhasitaratnakosha%22%20D.%20D.%20Kosambi%20%26%20V.%20V.%20Gokhale,the subhasitaratnakosha,the-subhasitaratnakosha,puranas-and-itihasa,TRUE,TRUE,,,,,,,,,,,TRUE,TRUE,,,,,TRUE,,
385,Sanskrit Subhashitas,385-sanskrit-subhashitas,A. N. D. Haksar,"A. N. D. Haksar's accessible translation of classical Sanskrit subhashitas - wit, wisdom, and reflection in single Sanskrit verses.",4-aesthete-path,Itihasa-Purana Adjacent Texts and Subhashita Literature,,https://archive.org/search?query=%22Sanskrit%20Subhashitas%22%20A.%20N.%20D.%20Haksar,sanskrit subhashitas,sanskrit-subhashitas,puranas-and-itihasa,TRUE,TRUE,,,,,,,,,,,TRUE,TRUE,,,,,TRUE,,
386,The Bhagavad-Gita and the Indian Ethical Tradition,386-the-bhagavad-gita-and-the-indian-ethical-tradition,Surendra Verma,Surendra Verma's scholarly study of the Gita's place in Indian ethical thought - classical philosophical contextual reading.,"3-intellectual-path,4-aesthete-path",Itihasa-Purana Adjacent Texts and Subhashita Literature,,https://archive.org/search?query=%22The%20Bhagavad-Gita%20and%20the%20Indian%20Ethical%20Tradition%22%20Surendra%20Verma,the bhagavad-gita and the indian ethical tradition,the-bhagavad-gita-and-the-indian-ethical-tradition,puranas-and-itihasa,TRUE,TRUE,,,,,,,,,,,TRUE,TRUE,,,,,TRUE,,
387,The Recognition of Sakuntala,387-the-recognition-of-sakuntala,Kalidasa (Somadeva Vasudeva trans.),"Somadeva Vasudeva's Clay Sanskrit Library translation of Kalidasa's Sakuntala - celebrated classical drama of love, loss, and recognition.",4-aesthete-path,Sanskrit Kavya and Drama,,https://archive.org/search?query=%22The%20Recognition%20of%20Sakuntala%22%20Kalidasa,the recognition of sakuntala,the-recognition-of-sakuntala,arts-and-aesthetics,,TRUE,,,,,,,,,,,,,,,,,TRUE,,
388,Sakuntala,388-sakuntala,Kalidasa (Arthur W. Ryder),Arthur Ryder's classic 1912 Shakuntala translation - older accessible literary version of Kalidasa's most famous play.,,Sanskrit Kavya and Drama,,https://archive.org/details/shakuntala028436mbp,sakuntala,sakuntala,arts-and-aesthetics,,TRUE,,,,,,,,,,,,,,,,,TRUE,,
389,The Loom of Time,389-the-loom-of-time,"Kalidasa (Chandra Rajan, Penguin)","Chandra Rajan's Penguin Kalidasa anthology - translations of Meghaduta, Ritusamhara, and other Kalidasa works in modern English.",,Sanskrit Kavya and Drama,,https://archive.org/search?query=%22The%20Loom%20of%20Time%22%20Kalidasa,the loom of time,the-loom-of-time,arts-and-aesthetics,,TRUE,,,,TRUE,,,,,,,,,,,,,TRUE,,
390,Meghaduta,390-meghaduta,Kalidasa (M. R. Kale),"M. R. Kale's standard Sanskrit-English Meghaduta edition - Kalidasa's lyrical cloud-messenger poem, classic of Sanskrit kavya.",,Sanskrit Kavya and Drama,,https://archive.org/details/cu31924023201886,meghaduta,meghaduta,arts-and-aesthetics,,TRUE,,,,,,,,,,,,,,,,,TRUE,,
391,Kumarasambhava,391-kumarasambhava,Kalidasa (Hank Heifetz),"Hank Heifetz's poetic translation of Kalidasa's Kumarasambhava - birth of Skanda, divine love poem of Shiva and Parvati.",,Sanskrit Kavya and Drama,,https://archive.org/search?query=%22Kumarasambhava%22%20Kalidasa,kumarasambhava,kumarasambhava,arts-and-aesthetics,,TRUE,,,,,,,,,,,,,,,,,TRUE,,
392,Raghuvamsha,392-raghuvamsha,Kalidasa (Robert Antoine),Robert Antoine's translation of Kalidasa's Raghuvamsa - dynasty epic of the Solar lineage culminating in Rama and Lava-Kusha.,,Sanskrit Kavya and Drama,,https://archive.org/search?query=%22Raghuvamsha%22%20Kalidasa,raghuvamsha,raghuvamsha,arts-and-aesthetics,,TRUE,,,,,,,,,,,TRUE,,,,,,TRUE,,
393,Vikramorvashiya,393-vikramorvashiya,Kalidasa (Velcheru Narayana Rao),Velcheru Narayana Rao's translation of Kalidasa's Vikramorvashiya - drama of King Pururavas's love for the celestial nymph Urvashi.,,Sanskrit Kavya and Drama,,https://archive.org/search?query=%22Vikramorvashiya%22%20Kalidasa,vikramorvashiya,vikramorvashiya,arts-and-aesthetics,,TRUE,,,,,,,,,,,,,,,,,TRUE,,
394,Malavikagnimitra,394-malavikagnimitra,Kalidasa,Kalidasa's Malavikagnimitra - early historical drama on King Agnimitra's romance with Princess Malavika at the Vidisha court.,,Sanskrit Kavya and Drama,,https://archive.org/search?query=%22Malavikagnimitra%22%20Kalidasa,malavikagnimitra,malavikagnimitra,arts-and-aesthetics,,TRUE,,,,,,,,,,,,,TRUE,,,,TRUE,,
395,The Mricchakatika of Sudraka,395-the-mricchakatika-of-sudraka,Diwakar Acharya (The Little Clay Cart),Acharya's Clay Sanskrit Library translation of Sudraka's Mricchakatika - classical drama of love and politics in ancient Ujjain.,,Sanskrit Kavya and Drama,,https://archive.org/details/littleclaycart00ryde,the mricchakatika of sudraka,the-mricchakatika-of-sudraka,arts-and-aesthetics,,TRUE,,,,,,,,,,,,,TRUE,,,,TRUE,,
396,Mudrarakshasa of Vishakhadatta,396-mudrarakshasa-of-vishakhadatta,M. R. Kale,M. R. Kale's standard edition of Vishakhadatta's Mudrarakshasa - political drama of Chanakya outwitting the Nanda minister Rakshasa.,,Sanskrit Kavya and Drama,,https://archive.org/search?query=%22Mudrarakshasa%20of%20Vishakhadatta%22%20M.%20R.%20Kale,mudrarakshasa of vishakhadatta,mudrarakshasa-of-vishakhadatta,arts-and-aesthetics,,TRUE,,,,,,,,,,,,,,,,,TRUE,,
397,Plays of Bhasa,397-plays-of-bhasa,A. C. Woolner & Lakshman Sarup,Woolner and Sarup's translation of the plays of Bhasa - pre-Kalidasa Sanskrit dramatist whose works dramatize the Mahabharata.,,Sanskrit Kavya and Drama,,https://archive.org/details/in.ernet.dli.2015.501061,plays of bhasa,plays-of-bhasa,arts-and-aesthetics,,TRUE,,,,,,,,,,,,,,,,,TRUE,,
398,The Plays of Bhavabhuti,398-the-plays-of-bhavabhuti,M. Coulson,Coulson's translation of the plays of Bhavabhuti - major post-Kalidasa Sanskrit dramatist of the 8th century.,,Sanskrit Kavya and Drama,,In Copyright,the plays of bhavabhuti,the-plays-of-bhavabhuti,arts-and-aesthetics,,TRUE,,,,,,,,,,,,,,,,,TRUE,,
399,Uttararamacharita of Bhavabhuti,399-uttararamacharita-of-bhavabhuti,Sheldon Pollock (Rama's Last Act),"Pollock's translation of Bhavabhuti's Uttararamacharita - Rama's Last Act, profound dramatization of post-coronation Sita exile.",,Sanskrit Kavya and Drama,,https://archive.org/search?query=%22Uttararamacharita%20of%20Bhavabhuti%22%20Sheldon%20Pollock,uttararamacharita of bhavabhuti,uttararamacharita-of-bhavabhuti,arts-and-aesthetics,,TRUE,,,,,,,,,,,,,,,,,TRUE,,
400,The Naishadha-Charita of Sriharsha,400-the-naishadha-charita-of-sriharsha,K. K. Handiqui,K. K. Handiqui's classical 1934 Naishadha-Charita translation - Sriharsha's intricate court epic on Nala and Damayanti.,,Sanskrit Kavya and Drama,,https://archive.org/details/in.ernet.dli.2015.282080,the naishadha-charita of sriharsha,the-naishadha-charita-of-sriharsha,arts-and-aesthetics,,TRUE,,,,,,,,,,,,,,,,,TRUE,,
401,Kiratarjuniya of Bharavi,401-kiratarjuniya-of-bharavi,Indira Peterson (Arjuna and the Hunter),Indira Peterson's translation of Bharavi's Kiratarjuniya - classical Sanskrit court epic on Arjuna's encounter with Shiva as hunter.,,Sanskrit Kavya and Drama,,https://archive.org/search?query=%22Kiratarjuniya%20of%20Bharavi%22%20Indira%20Peterson,kiratarjuniya of bharavi,kiratarjuniya-of-bharavi,arts-and-aesthetics,,TRUE,,,,,,,,,,,,,,,,,TRUE,,
402,Shishupalavadha of Magha,402-shishupalavadha-of-magha,Paul Dundas,Paul Dundas's translation of Magha's Shishupalavadha - classical Sanskrit court epic on Krishna's slaying of Shishupala.,,Sanskrit Kavya and Drama,,https://archive.org/search?query=%22Shishupalavadha%20of%20Magha%22%20Paul%20Dundas,shishupalavadha of magha,shishupalavadha-of-magha,arts-and-aesthetics,,TRUE,,,,,,,,,,,,,,,,,TRUE,,
403,Buddhacarita of Ashvaghosha,403-buddhacarita-of-ashvaghosha,E. H. Johnston (Acts of the Buddha),"E. H. Johnston's classical 1936 Buddhacarita translation - Ashvaghosha's life of the Buddha, earliest extant Sanskrit kavya.",,Sanskrit Kavya and Drama,,https://archive.org/details/in.ernet.dli.2015.176311,buddhacarita of ashvaghosha,buddhacarita-of-ashvaghosha,arts-and-aesthetics,,TRUE,,,,,,,,,,,,,,,,,TRUE,,
404,Saundarananda of Ashvaghosha,404-saundarananda-of-ashvaghosha,Linda Covill (Handsome Nanda),Linda Covill's translation of Ashvaghosha's Saundarananda - Buddhist Sanskrit court epic on Nanda's renunciation and awakening.,,Sanskrit Kavya and Drama,,https://archive.org/search?query=%22Saundarananda%20of%20Ashvaghosha%22%20Linda%20Covill,saundarananda of ashvaghosha,saundarananda-of-ashvaghosha,arts-and-aesthetics,,TRUE,,,,,,,,,,,,,,,,,TRUE,,
405,Gita Govinda of Jayadeva,405-gita-govinda-of-jayadeva,Barbara Stoler Miller (Love Song of the Dark Lord),Barbara Stoler Miller's beautiful translation of Jayadeva's Gita Govinda - 12th-century Sanskrit erotic devotional poem on Krishna and Radha.,,Sanskrit Kavya and Drama,,https://archive.org/search?query=%22Gita%20Govinda%20of%20Jayadeva%22%20Barbara%20Stoler%20Miller,gita govinda of jayadeva,gita-govinda-of-jayadeva,arts-and-aesthetics,,TRUE,,,,,,,,,,,,,,,,,TRUE,,
406,Amarushataka,406-amarushataka,Greg Bailey (selections),Greg Bailey's translations from Amaru's Amarushataka - classical Sanskrit anthology of erotic and romantic single-verse poems.,,Sanskrit Kavya and Drama,,https://archive.org/search?query=%22Amarushataka%22%20Greg%20Bailey,amarushataka,amarushataka,arts-and-aesthetics,,TRUE,,,,,,,,,,,,,,,,,TRUE,,
407,Bhartrihari: Poems,407-bhartrihari-poems,Barbara Stoler Miller,"Barbara Stoler Miller's elegant translation of Bhartrihari's three Shatakas - classical aphoristic Sanskrit verse on love, ethics, dispassion.",,Sanskrit Kavya and Drama,,https://archive.org/search?query=%22Bhartrihari%22%20Barbara%20Stoler%20Miller,bhartrihari: poems,bhartrihari-poems,arts-and-aesthetics,,TRUE,,,,,,,,,,,,,,,,,TRUE,,
408,The Hermit and the Love-Thief,408-the-hermit-and-the-love-thief,Barbara Stoler Miller,Miller's anthology of Bilhana's Caurapancasika and Bhartrihari - classical Sanskrit poetry of the secret lover and the renunciate.,,Sanskrit Kavya and Drama,,In Copyright,the hermit and the love-thief,the-hermit-and-the-love-thief,arts-and-aesthetics,,TRUE,,,,,,,,,,,,,,,,,TRUE,,
409,Anyokti of Sanskrit Literature,409-anyokti-of-sanskrit-literature,Daniel H. H. Ingalls (translations),"Ingalls's translations of anyokti - Sanskrit indirect-speech poetry where one thing addressed reveals another, classic kavya genre.",,Sanskrit Kavya and Drama,,In Copyright,anyokti of sanskrit literature,anyokti-of-sanskrit-literature,arts-and-aesthetics,,TRUE,,,,,,,,,,,,,,,,,TRUE,,
410,Sanskrit Poetry from Vidyakara's Treasury,410-sanskrit-poetry-from-vidyakaras-treasury,Daniel H. H. Ingalls,"Daniel Ingalls's masterful Sanskrit Poetry from Vidyakara's Treasury - selections from the medieval anthology, gold-standard literary translation.",,Sanskrit Kavya and Drama,,In Copyright,sanskrit poetry from vidyakara's treasury,sanskrit-poetry-from-vidyakaras-treasury,arts-and-aesthetics,,TRUE,,,,,,,,,,,,,,,,,TRUE,,
411,Sanskrit Drama,411-sanskrit-drama,A. B. Keith,"Keith's classical 1924 study of Sanskrit drama - comprehensive academic history covering origins, theory, and major dramatists.",,Sanskrit Kavya and Drama,,https://archive.org/details/sanskritdrama029273mbp,sanskrit drama,sanskrit-drama,arts-and-aesthetics,,TRUE,,,,,,,,,,,,,,,,,TRUE,,
412,The History of Sanskrit Literature,412-the-history-of-sanskrit-literature,A. B. Keith,"Keith's classical 1928 history of Sanskrit literature - comprehensive Indological survey, foundational older reference work.",,Sanskrit Kavya and Drama,,https://archive.org/details/historyofsanskri00keit,the history of sanskrit literature,the-history-of-sanskrit-literature,arts-and-aesthetics,,TRUE,,,,,,,,,,,,,,,,,TRUE,,
413,"The Sanskrit Drama in Its Origin, Development, Theory and Practice","413-the-sanskrit-drama-in-its-origin,-development,-theory-and-practice",A. B. Keith,"Keith's deeper study of Sanskrit drama's origins, theory, and practice - academic complement to his general Sanskrit literature history.",,Sanskrit Kavya and Drama,,https://archive.org/search?query=%22The%20Sanskrit%20Drama%20in%20Its%20Origin%2C%20Development%2C%20Theory%20and%20Practice%22%20A.%20B.%20Keith,"the sanskrit drama in its origin, development, theory and practice","the-sanskrit-drama-in-its-origin,-development,-theory-and-practice",arts-and-aesthetics,,TRUE,,,,,,,,,,,,,,,,,TRUE,,
414,Sanskrit Literature,414-sanskrit-literature,"Maurice Winternitz (3 vols, History of Indian Literature)",Winternitz's three-volume History of Indian Literature - German-tradition encyclopedic scholarship on Indian literary traditions.,,Sanskrit Kavya and Drama,,https://archive.org/search?query=%22Sanskrit%20Literature%22%20Maurice%20Winternitz,sanskrit literature,sanskrit-literature,arts-and-aesthetics,,TRUE,,,,,,,,,,,,,,,,,TRUE,,
415,The Language of the Gods in the World of Men,415-the-language-of-the-gods-in-the-world-of-men,Sheldon Pollock,Sheldon Pollock's landmark study of Sanskrit cosmopolis - argues for Sanskrit as transregional language of high culture across Asia.,15-grammar-of-reality,Sanskrit Kavya and Drama,,In Copyright,the language of the gods in the world of men,the-language-of-the-gods-in-the-world-of-men,arts-and-aesthetics,,TRUE,,,,,,,,,,,,,,,,,TRUE,,
416,Literary Cultures in History,416-literary-cultures-in-history,Sheldon Pollock (ed.),Pollock's edited scholarly volume on Indian literary cultures in history - multiple regions and traditions in comparative perspective.,,Sanskrit Kavya and Drama,,In Copyright,literary cultures in history,literary-cultures-in-history,arts-and-aesthetics,,TRUE,,,,,,,,,,,,,,,,,TRUE,,
417,The Birth of Bhasha,417-the-birth-of-bhasha,Sheldon Pollock,Pollock's study of bhasha (vernacular) literary cultures - emergence of regional Indian literatures from Sanskrit cosmopolitan order.,,Sanskrit Kavya and Drama,,In Copyright,the birth of bhasha,the-birth-of-bhasha,arts-and-aesthetics,,TRUE,,,,,,,,,,,,,,,,,TRUE,,
418,A Rasa Reader,418-a-rasa-reader,Sheldon Pollock,Pollock's anthology of classical Indian aesthetic theory - Sanskrit rasa theory texts in scholarly translation.,,Sanskrit Kavya and Drama,,In Copyright,a rasa reader,a-rasa-reader,arts-and-aesthetics,,TRUE,,,,,,,,,,,,,,,,,TRUE,,
419,The Natyashastra of Bharata,419-the-natyashastra-of-bharata,Manomohan Ghosh (2 vols),"Manomohan Ghosh's two-volume English translation of Bharata's Natyashastra - foundational Sanskrit treatise on theatre, dance, and aesthetics.",4-aesthete-path,Sanskrit Kavya and Drama,,https://archive.org/details/NatyaShastraEnglishTranslationManmohanGhosh,the natyashastra of bharata,the-natyashastra-of-bharata,arts-and-aesthetics,,TRUE,,,,,,,,,,,,,,,,,TRUE,,
420,The Dhvanyaloka of Anandavardhana with the Locana of Abhinavagupta,420-the-dhvanyaloka-of-anandavardhana-with-the-locana-of-abhinavagupta,"Daniel Ingalls, Jeffrey Masson, M. V. Patwardhan","Ingalls, Masson, and Patwardhan's translation of Anandavardhana's Dhvanyaloka with Abhinavagupta's commentary - foundational Sanskrit poetics.",,Sanskrit Kavya and Drama,,https://archive.org/search?query=%22The%20Dhvanyaloka%20of%20Anandavardhana%20with%20the%20Locana%20of%20Abhinavagupta%22%20Daniel%20Ingalls,the dhvanyaloka of anandavardhana with the locana of abhinavagupta,the-dhvanyaloka-of-anandavardhana-with-the-locana-of-abhinavagupta,arts-and-aesthetics,,TRUE,,,,,,,,,,,,,,,,,TRUE,,
421,Aesthetic Rapture: The Rasadhyaya of the Natyashastra,421-aesthetic-rapture-the-rasadhyaya-of-the-natyashastra,J. L. Masson & M. V. Patwardhan,Masson and Patwardhan's scholarly study of the Rasa-Adhyaya of the Natyashastra - focused academic work on classical Indian aesthetic theory.,,Sanskrit Kavya and Drama,,https://archive.org/search?query=%22Aesthetic%20Rapture%22%20J.%20L.%20Masson%20%26%20M.%20V.%20Patwardhan,aesthetic rapture: the rasadhyaya of the natyashastra,aesthetic-rapture-the-rasadhyaya-of-the-natyashastra,arts-and-aesthetics,,TRUE,,,,,,,,,,,,,,,,,TRUE,,
422,Santarasa and Abhinavagupta's Philosophy of Aesthetics,422-santarasa-and-abhinavaguptas-philosophy-of-aesthetics,J. L. Masson & M. V. Patwardhan,Masson and Patwardhan's study of shanta rasa - Abhinavagupta's controversial addition of the peaceful flavor to Bharata's eight rasas.,,Sanskrit Kavya and Drama,,In Copyright,santarasa and abhinavagupta's philosophy of aesthetics,santarasa-and-abhinavaguptas-philosophy-of-aesthetics,arts-and-aesthetics,,TRUE,,,,,,,,,,,,,,,,,TRUE,,
423,The Philosophy of Word and Meaning,423-the-philosophy-of-word-and-meaning,Gaurinath Sastri,Gaurinath Sastri's classical Indian-authored study of Sanskrit philosophy of language - sphota and meaning in Vyakarana tradition.,,Sanskrit Kavya and Drama,,In Copyright,the philosophy of word and meaning,the-philosophy-of-word-and-meaning,arts-and-aesthetics,,TRUE,,,,,,,,,,,,,,,,,TRUE,,
424,Indian Theories of Meaning,424-indian-theories-of-meaning,K. Kunjunni Raja,"Kunjunni Raja's scholarly study of Indian theories of meaning - comprehensive academic survey of Mimamsa, Nyaya, and Vyakarana semantics.",,Sanskrit Kavya and Drama,,In Copyright,indian theories of meaning,indian-theories-of-meaning,arts-and-aesthetics,,TRUE,,,,,,,,,,,,,,,,,TRUE,,
425,Indian Poetics,425-indian-poetics,Edwin Gerow,"Edwin Gerow's accessible scholarly introduction to Indian poetic theory - alankara, rasa, and the sastra of Sanskrit poetry.",,Sanskrit Kavya and Drama,,In Copyright,indian poetics,indian-poetics,arts-and-aesthetics,,TRUE,,,,,,,,,,,,,,,,,TRUE,,
426,Indian Aesthetics,426-indian-aesthetics,V. Raghavan,"V. Raghavan's classical Indian-authored study of Indian aesthetics - collected essays on rasa, dhvani, and Sanskrit literary theory.",,Sanskrit Kavya and Drama,,https://archive.org/search?query=%22Indian%20Aesthetics%22%20V.%20Raghavan,indian aesthetics,indian-aesthetics,arts-and-aesthetics,,TRUE,,,,,,,,,,,,,,,,,TRUE,,
427,Sanskrit Poetics as a Study of Aesthetic,427-sanskrit-poetics-as-a-study-of-aesthetic,S. K. De,S. K. De's classical scholarly study of Sanskrit poetics as aesthetics - philosophical reading of alankara-shastra tradition.,,Sanskrit Kavya and Drama,,In Copyright,sanskrit poetics as a study of aesthetic,sanskrit-poetics-as-a-study-of-aesthetic,arts-and-aesthetics,,TRUE,,,,,,,,,,,,,,,,,TRUE,,
428,History of Sanskrit Poetics,428-history-of-sanskrit-poetics,P. V. Kane,P. V. Kane's classical scholarly history of Sanskrit poetics - comprehensive Indian-authored academic survey of alankara theory.,,Sanskrit Kavya and Drama,,https://archive.org/details/in.ernet.dli.2015.157923,history of sanskrit poetics,history-of-sanskrit-poetics,arts-and-aesthetics,,TRUE,,,,,,,,,,,,,,,,,TRUE,,
429,The Number of Rasas,429-the-number-of-rasas,V. Raghavan,"V. Raghavan's focused study of the rasa enumeration debate - how many rasas, and the philosophical stakes of the question.",,Sanskrit Kavya and Drama,,https://archive.org/search?query=%22The%20Number%20of%20Rasas%22%20V.%20Raghavan,the number of rasas,the-number-of-rasas,arts-and-aesthetics,,TRUE,,,,,,,,,,,,,,,,,TRUE,,
430,The Concept of the Beautiful,430-the-concept-of-the-beautiful,V. Raghavan,Raghavan's reflections on the concept of beauty in Indian aesthetic philosophy - saundarya and rasa across Sanskrit tradition.,,Sanskrit Kavya and Drama,,https://archive.org/search?query=%22The%20Concept%20of%20the%20Beautiful%22%20V.%20Raghavan,the concept of the beautiful,the-concept-of-the-beautiful,arts-and-aesthetics,,TRUE,,,,,,,,,,,,,,,,,TRUE,,
431,The Interior Landscape,431-the-interior-landscape,A. K. Ramanujan (Kuruntokai),"A. K. Ramanujan's classic translation of Sangam Kuruntokai poems - interior love-poetry of classical Tamil tradition, foundational kavya.",,Tamil Sangam and Bhakti,,https://archive.org/details/InteriorLandscape,the interior landscape,the-interior-landscape,festivals-and-living-tradition,TRUE,TRUE,,,TRUE,,TRUE,,,TRUE,,TRUE,,,,,,,TRUE,,TRUE
432,Poems of Love and War,432-poems-of-love-and-war,A. K. Ramanujan,Ramanujan's beautiful anthology of Sangam love and war poetry - gold-standard literary translation of classical Tamil verse.,,Tamil Sangam and Bhakti,,https://archive.org/details/PoemsOfLoveAndWar,poems of love and war,poems-of-love-and-war,festivals-and-living-tradition,TRUE,TRUE,,,TRUE,,TRUE,,,TRUE,,TRUE,,,,,,,TRUE,,TRUE
433,The Smile of Murugan,433-the-smile-of-murugan,Kamil Zvelebil,Kamil Zvelebil's foundational Western academic study of Tamil literature - historical and literary survey by leading Tamil scholar.,,Tamil Sangam and Bhakti,,In Copyright,the smile of murugan,the-smile-of-murugan,festivals-and-living-tradition,TRUE,TRUE,,,TRUE,TRUE,TRUE,,,TRUE,,TRUE,,,,,,,TRUE,,TRUE
434,Tamil Literature,434-tamil-literature,Kamil Zvelebil,Zvelebil's broader scholarly survey of Tamil literary history - accessible academic introduction to the Tamil literary tradition.,,Tamil Sangam and Bhakti,,In Copyright,tamil literature,tamil-literature,festivals-and-living-tradition,TRUE,TRUE,,,TRUE,,TRUE,,,TRUE,,TRUE,,,,,,,TRUE,,TRUE
435,The Tirukkural of Tiruvalluvar,435-the-tirukkural-of-tiruvalluvar,P. S. Sundaram,"P. S. Sundaram's accessible English translation of Tiruvalluvar's Tirukkural - classical Tamil ethical aphorisms in 1,330 couplets.",,Tamil Sangam and Bhakti,,https://archive.org/search?query=%22The%20Tirukkural%20of%20Tiruvalluvar%22%20P.%20S.%20Sundaram,the tirukkural of tiruvalluvar,the-tirukkural-of-tiruvalluvar,festivals-and-living-tradition,TRUE,TRUE,,,TRUE,,TRUE,,,TRUE,,TRUE,,,,,,,TRUE,,TRUE
436,Tirukkural,436-tirukkural,G. U. Pope,G. U. Pope's classical 1886 Tirukkural translation - historic Victorian-era English version still widely cited and read.,,Tamil Sangam and Bhakti,,https://sacred-texts.com/hin/kur/index.htm,tirukkural,tirukkural,festivals-and-living-tradition,TRUE,TRUE,,,TRUE,,TRUE,,,TRUE,,TRUE,,,,,,,TRUE,,TRUE
437,The Eight Anthologies,437-the-eight-anthologies,A. V. Subramanian,A. V. Subramanian's translation of the Ettuthokai - eight Sangam Tamil poetic anthologies of love and war.,,Tamil Sangam and Bhakti,,In Copyright,the eight anthologies,the-eight-anthologies,festivals-and-living-tradition,TRUE,TRUE,,,TRUE,,TRUE,,,TRUE,,TRUE,,,,,,,TRUE,,TRUE
438,Tolkappiyam,438-tolkappiyam,P. S. Subrahmanya Sastri,P. S. Subrahmanya Sastri's classical English translation of the Tolkappiyam - earliest extant Tamil grammatical and literary treatise.,,Tamil Sangam and Bhakti,,https://archive.org/details/in.ernet.dli.2015.376095,tolkappiyam,tolkappiyam,festivals-and-living-tradition,TRUE,TRUE,,,TRUE,,TRUE,,,TRUE,,TRUE,,,,,,,TRUE,,TRUE
439,Cilappatikaram of Ilango Adigal,439-cilappatikaram-of-ilango-adigal,R. Parthasarathy,R. Parthasarathy's elegant translation of Ilango Adigal's Cilappatikaram - Tamil epic of Kannagi's revenge and apotheosis.,,Tamil Sangam and Bhakti,,https://archive.org/search?query=%22Cilappatikaram%20of%20Ilango%20Adigal%22%20R.%20Parthasarathy,cilappatikaram of ilango adigal,cilappatikaram-of-ilango-adigal,festivals-and-living-tradition,TRUE,TRUE,,,TRUE,,TRUE,,,TRUE,,TRUE,,,,,,,TRUE,,TRUE
440,Manimekalai,440-manimekalai,Alain Daniélou,Alain Daniélou's translation of Manimekalai - Tamil Buddhist epic following the daughter of Madhavi from the Cilappatikaram.,,Tamil Sangam and Bhakti,,https://archive.org/search?query=%22Manimekalai%22%20Alain%20Dani%C3%A9lou,manimekalai,manimekalai,festivals-and-living-tradition,TRUE,TRUE,,,TRUE,,TRUE,,,TRUE,,TRUE,,,,,,,TRUE,,TRUE
441,Hymns for the Drowning (Nammalvar),441-hymns-for-the-drowning-nammalvar,A. K. Ramanujan,"Ramanujan's beautiful translation of Nammalvar's Tiruvaymoli - supreme Tamil Vaishnava bhakti poetry, Sri Vaishnava core scripture.",,Tamil Sangam and Bhakti,,https://archive.org/search?query=%22Hymns%20for%20the%20Drowning%22%20A.%20K.%20Ramanujan,hymns for the drowning (nammalvar),hymns-for-the-drowning-nammalvar,festivals-and-living-tradition,TRUE,TRUE,,,TRUE,,TRUE,,,TRUE,,TRUE,,,,,,,TRUE,,TRUE
442,The Sacred Songs of the Lady (Andal),442-the-sacred-songs-of-the-lady-andal,Vidya Dehejia,Vidya Dehejia's scholarly translation and study of Andal - Tamil woman saint and her ecstatic Vaishnava devotional poetry.,,Tamil Sangam and Bhakti,,In Copyright,the sacred songs of the lady (andal),the-sacred-songs-of-the-lady-andal,festivals-and-living-tradition,TRUE,TRUE,,,TRUE,,TRUE,,,TRUE,,TRUE,,,,,,,TRUE,,TRUE
443,Antal and Her Path of Love,443-antal-and-her-path-of-love,Vidya Dehejia,"Dehejia's complementary study of Andal's bhakti path - life, poetry, and theological significance of the Tamil Alvar saint.",,Tamil Sangam and Bhakti,,In Copyright,antal and her path of love,antal-and-her-path-of-love,festivals-and-living-tradition,TRUE,TRUE,,,TRUE,,TRUE,,,TRUE,,TRUE,,,,,,,TRUE,,TRUE
444,The Divya Prabandham,444-the-divya-prabandham,Srirama Bharati (selections),"Srirama Bharati's selections from the Divya Prabandham - Sri Vaishnava canon of 4,000 Tamil verses by the twelve Alvar saints.",,Tamil Sangam and Bhakti,,https://archive.org/search?query=%22The%20Divya%20Prabandham%22%20Srirama%20Bharati,the divya prabandham,the-divya-prabandham,festivals-and-living-tradition,TRUE,TRUE,,,TRUE,,TRUE,,,TRUE,,TRUE,,,,,,,TRUE,,TRUE
445,Tiruvaymoli of Nammalvar,445-tiruvaymoli-of-nammalvar,John Carman & Vasudha Narayanan,"Carman and Narayanan's scholarly study of Nammalvar's Tiruvaymoli - text, theology, and Sri Vaishnava ritual reception.",,Tamil Sangam and Bhakti,,https://archive.org/search?query=%22Tiruvaymoli%20of%20Nammalvar%22%20John%20Carman%20%26%20Vasudha%20Narayanan,tiruvaymoli of nammalvar,tiruvaymoli-of-nammalvar,festivals-and-living-tradition,TRUE,TRUE,,,TRUE,,TRUE,,,TRUE,,TRUE,,,,,,,TRUE,,TRUE
446,Tiruppavai of Andal,446-tiruppavai-of-andal,D. Ramaswamy Ayyangar,"Ramaswamy Ayyangar's translation of Andal's Tiruppavai - thirty-stanza Margazhi devotional poem, Tamil Vaishnava ritual core.",,Tamil Sangam and Bhakti,,https://archive.org/search?query=%22Tiruppavai%20of%20Andal%22%20D.%20Ramaswamy%20Ayyangar,tiruppavai of andal,tiruppavai-of-andal,festivals-and-living-tradition,TRUE,TRUE,,,TRUE,,TRUE,,,TRUE,,TRUE,,,,,,,TRUE,,TRUE
447,Tiruvachakam,447-tiruvachakam,G. U. Pope,G. U. Pope's classical Tiruvachakam translation - Manikkavachakar's supreme Tamil Shaiva bhakti poem of divine longing.,,Tamil Sangam and Bhakti,,https://sacred-texts.com/hin/tiru/index.htm,tiruvachakam,tiruvachakam,festivals-and-living-tradition,TRUE,TRUE,,,TRUE,,TRUE,,,TRUE,,TRUE,,,,,,,TRUE,,TRUE
448,Songs of the Saints of India,448-songs-of-the-saints-of-india,John Stratton Hawley & Mark Juergensmeyer,"Hawley and Juergensmeyer's accessible scholarly anthology of Indian saint-poets - Surdas, Mirabai, Kabir, and Tamil voices.",,Tamil Sangam and Bhakti,,In Copyright,songs of the saints of india,songs-of-the-saints-of-india,festivals-and-living-tradition,TRUE,TRUE,,,TRUE,,TRUE,,,TRUE,,TRUE,,,,,,,TRUE,,TRUE
449,The Lord of the Meeting Rivers (Basavanna),449-the-lord-of-the-meeting-rivers-basavanna,A. K. Ramanujan (Speaking of Siva),Ramanujan's classic Speaking of Siva - translations of Virashaiva vacanas by Basavanna and the Lingayat saints of Karnataka.,,Tamil Sangam and Bhakti,,https://archive.org/details/SpeakingOfSivaAKRamanujan,the lord of the meeting rivers (basavanna),the-lord-of-the-meeting-rivers-basavanna,festivals-and-living-tradition,TRUE,TRUE,,,TRUE,,TRUE,,,TRUE,,TRUE,,,,,,,TRUE,,TRUE
450,Speaking of Siva,450-speaking-of-siva,A. K. Ramanujan,"Ramanujan's Speaking of Siva - landmark translation of Kannada Virashaiva poetry, transformed Western reception of bhakti.",11-path-of-devotion,Tamil Sangam and Bhakti,,https://archive.org/details/SpeakingOfSivaAKRamanujan,speaking of siva,speaking-of-siva,festivals-and-living-tradition,TRUE,TRUE,,,TRUE,TRUE,TRUE,,,TRUE,,TRUE,,,,,,,TRUE,,TRUE
451,The Vacanas of Mahadeviyakka,451-the-vacanas-of-mahadeviyakka,A. K. Ramanujan,Ramanujan's selections from Mahadeviyakka - 12th-century Virashaiva woman saint's ecstatic Kannada bhakti verses.,,Tamil Sangam and Bhakti,,https://archive.org/search?query=%22The%20Vacanas%20of%20Mahadeviyakka%22%20A.%20K.%20Ramanujan,the vacanas of mahadeviyakka,the-vacanas-of-mahadeviyakka,festivals-and-living-tradition,TRUE,TRUE,,,TRUE,,TRUE,,,TRUE,,TRUE,,,,,,,TRUE,,TRUE
452,Allama Prabhu and the Lingayat Tradition,452-allama-prabhu-and-the-lingayat-tradition,Linda Hess (selections),Linda Hess's selections from Allama Prabhu - Virashaiva master's enigmatic Kannada vacanas on non-dualism and devotion.,,Tamil Sangam and Bhakti,,In Copyright,allama prabhu and the lingayat tradition,allama-prabhu-and-the-lingayat-tradition,festivals-and-living-tradition,TRUE,TRUE,,,TRUE,,TRUE,,,TRUE,,TRUE,,,,,,,TRUE,,TRUE
453,"Lord as Lover, Lord as Master","453-lord-as-lover,-lord-as-master",Vasudha Narayanan,Vasudha Narayanan's scholarly study of Sri Vaishnava bhakti theology - Lord as both intimate lover and supreme master.,,Tamil Sangam and Bhakti,,https://archive.org/search?query=%22Lord%20as%20Lover%2C%20Lord%20as%20Master%22%20Vasudha%20Narayanan,"lord as lover, lord as master","lord-as-lover,-lord-as-master",festivals-and-living-tradition,TRUE,TRUE,,,TRUE,,TRUE,,,TRUE,,TRUE,,,,,,,TRUE,,TRUE
454,Singing the Body of God,454-singing-the-body-of-god,Steven P. Hopkins (Vedantadesika),Steven Hopkins's scholarly study of Vedanta Deshika's Sanskrit-Tamil-Manipravala devotional poetry - Sri Vaishnava acharya as poet.,,Tamil Sangam and Bhakti,,In Copyright,singing the body of god,singing-the-body-of-god,festivals-and-living-tradition,TRUE,TRUE,,,TRUE,,TRUE,,,TRUE,,TRUE,,,,,,,TRUE,,TRUE
455,An Ornament for Jewels,455-an-ornament-for-jewels,Steven P. Hopkins,Hopkins's companion study of Vedanta Deshika's literary corpus - comprehensive academic work on the Sri Vaishnava poet-philosopher.,,Tamil Sangam and Bhakti,,In Copyright,an ornament for jewels,an-ornament-for-jewels,festivals-and-living-tradition,TRUE,TRUE,,,TRUE,,TRUE,,,TRUE,,TRUE,,,,,,,TRUE,,TRUE
456,Hymns of the Tamil Saiva Saints,456-hymns-of-the-tamil-saiva-saints,F. Kingsbury & G. E. Phillips,Kingsbury and Phillips's classical 1921 translations of Tamil Shaiva saint poetry - older but useful selection of Nayanar verses.,,Tamil Sangam and Bhakti,,In Copyright,hymns of the tamil saiva saints,hymns-of-the-tamil-saiva-saints,festivals-and-living-tradition,TRUE,TRUE,,,TRUE,,TRUE,,,TRUE,,TRUE,,,,,,,TRUE,,TRUE
457,The Tevaram,457-the-tevaram,V. M. Subramanya Aiyar (selections),"Subramanya Aiyar's translation of selections from the Tevaram - Shaiva Tamil hymns by Sambandar, Appar, and Sundarar.",,Tamil Sangam and Bhakti,,https://archive.org/search?query=%22The%20Tevaram%22%20V.%20M.%20Subramanya%20Aiyar,the tevaram,the-tevaram,festivals-and-living-tradition,TRUE,TRUE,,,TRUE,,TRUE,,,TRUE,,TRUE,,,,,,,TRUE,,TRUE
458,Poems to Siva,458-poems-to-siva,Indira Peterson,Indira Peterson's scholarly translation of Tamil Shaiva bhakti poetry - Nayanar saints and their devotional theology of Shiva.,,Tamil Sangam and Bhakti,,In Copyright,poems to siva,poems-to-siva,festivals-and-living-tradition,TRUE,TRUE,,,TRUE,,TRUE,,,TRUE,,TRUE,,,,,,,TRUE,,TRUE
459,Tamil Temple Myths,459-tamil-temple-myths,David Dean Shulman,Shulman's scholarly study of Tamil temple sthala-puranas - myths of South Indian sacred sites and their literary tradition.,,Tamil Sangam and Bhakti,,In Copyright,tamil temple myths,tamil-temple-myths,festivals-and-living-tradition,TRUE,TRUE,,TRUE,TRUE,,TRUE,,,TRUE,,TRUE,,,,,,,TRUE,,TRUE
460,The Hungry God,460-the-hungry-god,David Dean Shulman,Shulman's study of the hungry god motif in Tamil literature - Shaiva mythology and the divine in classical Tamil poetics.,,Tamil Sangam and Bhakti,,In Copyright,the hungry god,the-hungry-god,festivals-and-living-tradition,TRUE,TRUE,,,TRUE,,TRUE,,,TRUE,,TRUE,,,,,,,TRUE,,TRUE
461,The King and the Clown in South Indian Myth and Poetry,461-the-king-and-the-clown-in-south-indian-myth-and-poetry,David Dean Shulman,Shulman's study of king and clown figures in South Indian poetry - political and aesthetic dimensions of Tamil literature.,,Tamil Sangam and Bhakti,,In Copyright,the king and the clown in south indian myth and poetry,the-king-and-the-clown-in-south-indian-myth-and-poetry,festivals-and-living-tradition,TRUE,TRUE,,,TRUE,,TRUE,,TRUE,TRUE,,TRUE,,,,,,,TRUE,,TRUE
462,More than Real: A History of the Imagination in South India,462-more-than-real-a-history-of-the-imagination-in-south-india,David Dean Shulman,Shulman's scholarly study of the imagination in South Indian literary culture - Sanskrit-Tamil aesthetics across centuries.,,Tamil Sangam and Bhakti,,In Copyright,more than real: a history of the imagination in south india,more-than-real-a-history-of-the-imagination-in-south-india,festivals-and-living-tradition,TRUE,TRUE,,,TRUE,,TRUE,,,TRUE,,TRUE,,,,,,,TRUE,,TRUE
463,The Bijak of Kabir,463-the-bijak-of-kabir,Linda Hess & Shukdev Singh,"Hess and Singh's classic translation of Kabir's Bijak - the Eastern recension of Kabir, Sant tradition's foundational bhakti voice.",11-path-of-devotion,Northern India Bhakti,,https://archive.org/search?query=%22The%20Bijak%20of%20Kabir%22%20Linda%20Hess%20%26%20Shukdev%20Singh,the bijak of kabir,the-bijak-of-kabir,festivals-and-living-tradition,TRUE,TRUE,,,TRUE,,TRUE,,,TRUE,,,,,,,,,TRUE,,TRUE
464,Kabir: The Weaver's Songs,464-kabir-the-weavers-songs,Vinay Dharwadker,Vinay Dharwadker's scholarly modern Kabir translation - accessible Penguin selection of the medieval Sant poet's mystical verses.,,Northern India Bhakti,,https://archive.org/search?query=%22Kabir%22%20Vinay%20Dharwadker,kabir: the weaver's songs,kabir-the-weavers-songs,festivals-and-living-tradition,TRUE,TRUE,,,TRUE,TRUE,TRUE,,,TRUE,,,,,,,,,TRUE,,TRUE
465,Songs of Kabir,465-songs-of-kabir,Rabindranath Tagore,"Tagore's lyrical 1915 Songs of Kabir translation - Nobel laureate's literary rendering, historic introduction of Kabir to the West.",,Northern India Bhakti,,https://sacred-texts.com/hin/sok/index.htm,songs of kabir,songs-of-kabir,festivals-and-living-tradition,TRUE,TRUE,,,TRUE,,TRUE,,,TRUE,,,,,,,,,TRUE,,TRUE
466,Kabir Granthavali,466-kabir-granthavali,Charlotte Vaudeville (selections),Charlotte Vaudeville's selections from the Kabir Granthavali - French-tradition scholarship on the Western (Rajasthani) Kabir corpus.,,Northern India Bhakti,,https://archive.org/search?query=%22Kabir%20Granthavali%22%20Charlotte%20Vaudeville,kabir granthavali,kabir-granthavali,festivals-and-living-tradition,TRUE,TRUE,,,TRUE,TRUE,TRUE,,,TRUE,,,,,,,,,TRUE,,TRUE
467,A Weaver Named Kabir,467-a-weaver-named-kabir,Charlotte Vaudeville,Vaudeville's scholarly biographical study of Kabir - definitive academic work on the medieval Sant master and his Banaras context.,,Northern India Bhakti,,https://archive.org/search?query=%22A%20Weaver%20Named%20Kabir%22%20Charlotte%20Vaudeville,a weaver named kabir,a-weaver-named-kabir,festivals-and-living-tradition,TRUE,TRUE,,,TRUE,,TRUE,,,TRUE,,,,,,,,,TRUE,,TRUE
468,Bodies of Song,468-bodies-of-song,Linda Hess,"Linda Hess's scholarly study of Kabir's living oral tradition - performance, embodiment, and reception of his songs in modern India.",,Northern India Bhakti,,In Copyright,bodies of song,bodies-of-song,festivals-and-living-tradition,TRUE,TRUE,,,TRUE,TRUE,TRUE,,,TRUE,,,,,,,,,TRUE,,TRUE
469,"Three Bhakti Voices: Mirabai, Surdas, Kabir","469-three-bhakti-voices-mirabai,-surdas,-kabir",John Stratton Hawley,"Hawley's scholarly study of Surdas, Mirabai, and Kabir - three voices of bhakti compared in their North Indian poetic context.",11-path-of-devotion,Northern India Bhakti,,https://archive.org/search?query=%22Three%20Bhakti%20Voices%22%20John%20Stratton%20Hawley,"three bhakti voices: mirabai, surdas, kabir","three-bhakti-voices-mirabai,-surdas,-kabir",festivals-and-living-tradition,TRUE,TRUE,,,TRUE,,TRUE,,,TRUE,,,,,,,,,TRUE,,TRUE
470,Surdas: Sur's Ocean,470-surdas-surs-ocean,John Stratton Hawley & Kenneth Bryant,"Hawley and Bryant's monumental Sur's Ocean translation - selections from Surdas's vast Krishna-bhakti pad corpus, the Sursagar.",,Northern India Bhakti,,https://archive.org/search?query=%22Surdas%22%20John%20Stratton%20Hawley%20%26%20Kenneth%20Bryant,surdas: sur's ocean,surdas-surs-ocean,festivals-and-living-tradition,TRUE,TRUE,,,TRUE,,TRUE,,,TRUE,,,,,,,,,TRUE,,TRUE
471,"Krishna, the Butter Thief","471-krishna,-the-butter-thief",John Stratton Hawley,Hawley's scholarly study of Krishna as butter thief in Surdas - playful Krishna-bhakti theology of the Pushtimarg tradition.,,Northern India Bhakti,,In Copyright,"krishna, the butter thief","krishna,-the-butter-thief",festivals-and-living-tradition,TRUE,TRUE,,,TRUE,,TRUE,,,TRUE,,,,,,,,,TRUE,,TRUE
472,At Play with Krishna,472-at-play-with-krishna,John Stratton Hawley,"Hawley's scholarly study of Krishna lila in bhakti tradition - playful divine, Vrindavan, and devotional aesthetic in North India.",,Northern India Bhakti,,In Copyright,at play with krishna,at-play-with-krishna,festivals-and-living-tradition,TRUE,TRUE,,,TRUE,,TRUE,,,TRUE,,,,,,,,,TRUE,,TRUE
473,The Memory of Love (Surdas),473-the-memory-of-love-surdas,John Stratton Hawley,Hawley's scholarly study of memory and devotion in Surdas - bhakti subjectivity and the Krishna-poet's interior landscape.,,Northern India Bhakti,,https://archive.org/search?query=%22The%20Memory%20of%20Love%22%20John%20Stratton%20Hawley,the memory of love (surdas),the-memory-of-love-surdas,festivals-and-living-tradition,TRUE,TRUE,,,TRUE,,TRUE,,,TRUE,,,,,,,,,TRUE,,TRUE
474,A Storm of Songs,474-a-storm-of-songs,John Stratton Hawley,Hawley's recent scholarly history of bhakti as movement - challenges the standard pan-Indian narrative of bhakti's spread.,,Northern India Bhakti,,In Copyright,a storm of songs,a-storm-of-songs,festivals-and-living-tradition,TRUE,TRUE,,,TRUE,,TRUE,,,TRUE,,,,,,,,,TRUE,,TRUE
475,The Bhakti Movement: Renaissance or Revivalism?,475-the-bhakti-movement-renaissance-or-revivalism,John Stratton Hawley,Hawley's collected essays on bhakti as religious phenomenon - interrogates renaissance vs revival framings of the bhakti movement.,,Northern India Bhakti,,In Copyright,the bhakti movement: renaissance or revivalism?,the-bhakti-movement-renaissance-or-revivalism,festivals-and-living-tradition,TRUE,TRUE,,,TRUE,,TRUE,,TRUE,TRUE,,,,,,,,,TRUE,,TRUE
476,Mirabai: Ecstatic Poems,476-mirabai-ecstatic-poems,Andrew Schelling,Andrew Schelling's poetic Mirabai translations - accessible literary version of the Rajasthani princess-saint's Krishna-bhakti.,,Northern India Bhakti,,https://archive.org/search?query=%22Mirabai%22%20Andrew%20Schelling,mirabai: ecstatic poems,mirabai-ecstatic-poems,festivals-and-living-tradition,TRUE,TRUE,,,TRUE,,TRUE,,,TRUE,,,,,,,,,TRUE,,TRUE
477,For Love of the Dark One: Songs of Mirabai,477-for-love-of-the-dark-one-songs-of-mirabai,Andrew Schelling,Schelling's expanded Mirabai translations - fuller poetic anthology of the medieval Rajasthani saint's ecstatic devotional verse.,11-path-of-devotion,Northern India Bhakti,,https://archive.org/search?query=%22For%20Love%20of%20the%20Dark%20One%22%20Andrew%20Schelling,for love of the dark one: songs of mirabai,for-love-of-the-dark-one-songs-of-mirabai,festivals-and-living-tradition,TRUE,TRUE,,,TRUE,,TRUE,,,TRUE,,,,,,,,,TRUE,,TRUE
478,Songs of Mirabai,478-songs-of-mirabai,Robert Bly & Jane Hirshfield,Robert Bly and Jane Hirshfield's literary Mirabai translations - well-known popular Western rendering of her bhakti songs.,,Northern India Bhakti,,https://archive.org/search?query=%22Songs%20of%20Mirabai%22%20Robert%20Bly%20%26%20Jane%20Hirshfield,songs of mirabai,songs-of-mirabai,festivals-and-living-tradition,TRUE,TRUE,,,TRUE,TRUE,TRUE,,,TRUE,,,,,,,,,TRUE,,TRUE
479,Tulsidas: Ramcharitmanas,479-tulsidas-ramcharitmanas,Philip Lutgendorf,Philip Lutgendorf's scholarly study of Tulsidas's Ramcharitmanas - definitive academic work on the Awadhi Rama-bhakti epic.,,Northern India Bhakti,,https://archive.org/search?query=%22Tulsidas%22%20Philip%20Lutgendorf,tulsidas: ramcharitmanas,tulsidas-ramcharitmanas,festivals-and-living-tradition,TRUE,TRUE,,,TRUE,,TRUE,,,TRUE,,,,,,,,,TRUE,,TRUE
480,The Life of a Text: Performing the Ramcaritmanas of Tulsidas,480-the-life-of-a-text-performing-the-ramcaritmanas-of-tulsidas,Philip Lutgendorf,"Lutgendorf's classic study of Ramcharitmanas in living performance - Ram katha, Ramlila, and the text's reception in North India.",,Northern India Bhakti,,In Copyright,the life of a text: performing the ramcaritmanas of tulsidas,the-life-of-a-text-performing-the-ramcaritmanas-of-tulsidas,festivals-and-living-tradition,TRUE,TRUE,,,TRUE,,TRUE,,,TRUE,,,,,,,,,TRUE,,TRUE
481,Tulsidas's Hanuman Chalisa,481-tulsidass-hanuman-chalisa,Philip Lutgendorf,"Lutgendorf's accessible scholarly study of the Hanuman Chalisa - forty-verse devotional hymn's text, history, and popular reception.",,Northern India Bhakti,,In Copyright,tulsidas's hanuman chalisa,tulsidass-hanuman-chalisa,festivals-and-living-tradition,TRUE,TRUE,,,TRUE,,TRUE,,,TRUE,,,,,,,,,TRUE,,TRUE
482,Hanuman's Tale,482-hanumans-tale,Philip Lutgendorf,"Lutgendorf's broader scholarly study of Hanuman in Indian culture - mythology, devotion, iconography, and contemporary worship.",,Northern India Bhakti,,In Copyright,hanuman's tale,hanumans-tale,festivals-and-living-tradition,TRUE,TRUE,,,TRUE,TRUE,TRUE,,,TRUE,,,,,,,,,TRUE,,TRUE
483,Bhajan: The Songs of Praise,483-bhajan-the-songs-of-praise,Sumati Mutatkar,Sumati Mutatkar's scholarly study of the bhajan tradition - devotional song forms in classical and folk Indian music.,,Northern India Bhakti,,In Copyright,bhajan: the songs of praise,bhajan-the-songs-of-praise,festivals-and-living-tradition,TRUE,TRUE,,,TRUE,,TRUE,,,TRUE,,,,,,,,,TRUE,,TRUE
484,The Lord's Song: Songs of Tukaram,484-the-lords-song-songs-of-tukaram,Dilip Chitre (Says Tuka),"Dilip Chitre's beautiful Says Tuka translations - selections from Tukaram, the great 17th-century Marathi Varkari bhakti poet.",,Northern India Bhakti,,In Copyright,the lord's song: songs of tukaram,the-lords-song-songs-of-tukaram,festivals-and-living-tradition,TRUE,TRUE,,,TRUE,,TRUE,,,TRUE,,,,,,,,,TRUE,,TRUE
485,The Sant Tradition,485-the-sant-tradition,Charlotte Vaudeville,"Vaudeville's scholarly study of the Sant tradition - the trans-sectarian North Indian devotional movement of Kabir, Nanak, Dadu.",,Northern India Bhakti,,https://archive.org/search?query=%22The%20Sant%20Tradition%22%20Charlotte%20Vaudeville,the sant tradition,the-sant-tradition,festivals-and-living-tradition,TRUE,TRUE,,,TRUE,,TRUE,,,TRUE,,,,,,,,,TRUE,,TRUE
486,Songs of the Saints of Maharashtra,486-songs-of-the-saints-of-maharashtra,Justin Abbott & N. R. Godbole,"Justin Abbott and Godbole's classical translations of Maharashtrian Varkari saints - Eknath, Tukaram, Namdev, and Jnaneshwar.",,Northern India Bhakti,,https://archive.org/search?query=%22Songs%20of%20the%20Saints%20of%20Maharashtra%22%20Justin%20Abbott%20%26%20N.%20R.%20Godbole,songs of the saints of maharashtra,songs-of-the-saints-of-maharashtra,festivals-and-living-tradition,TRUE,TRUE,,,TRUE,,TRUE,,,TRUE,,,,,,,,,TRUE,,TRUE
487,Bhakti Poetry of Medieval India,487-bhakti-poetry-of-medieval-india,Neeti M. Sadarangani,Sadarangani's scholarly survey of medieval Indian bhakti poetry - accessible academic introduction across regional traditions.,,Northern India Bhakti,,In Copyright,bhakti poetry of medieval india,bhakti-poetry-of-medieval-india,festivals-and-living-tradition,TRUE,TRUE,,,TRUE,,TRUE,,,TRUE,,,,,,,,,TRUE,,TRUE
488,Pathway to God in Hindi,488-pathway-to-god-in-hindi,Justin E. Abbott (Eknath),Justin Abbott's translation of Eknath's Hindi-Marathi devotional verse - Maharashtrian Varkari saint's path to God.,,Northern India Bhakti,,https://archive.org/search?query=%22Pathway%20to%20God%20in%20Hindi%22%20Justin%20E.%20Abbott,pathway to god in hindi,pathway-to-god-in-hindi,festivals-and-living-tradition,TRUE,TRUE,,,TRUE,,TRUE,,,TRUE,,,,,,,,,TRUE,,TRUE
489,Eknathi Bhagavata,489-eknathi-bhagavata,Justin E. Abbott,Abbott's translation of Eknath's Eknathi Bhagavata - major Marathi commentary-paraphrase on the Bhagavata Purana's eleventh book.,,Northern India Bhakti,,https://archive.org/search?query=%22Eknathi%20Bhagavata%22%20Justin%20E.%20Abbott,eknathi bhagavata,eknathi-bhagavata,festivals-and-living-tradition,TRUE,TRUE,,,TRUE,,TRUE,,,TRUE,,,,,,,,,TRUE,,TRUE
490,Sant Namdev,490-sant-namdev,Sant Namdev (Justin Abbott trans.),"Abbott's translations of Sant Namdev - 13th-century Marathi Varkari bhakti poet, also venerated in the Sikh Adi Granth.",,Northern India Bhakti,,https://archive.org/search?query=%22Sant%20Namdev%22%20Sant%20Namdev,sant namdev,sant-namdev,festivals-and-living-tradition,TRUE,TRUE,,,TRUE,,TRUE,,,TRUE,,,,,,,,,TRUE,,TRUE
491,The Bhakti Sect of Vallabhacharya,491-the-bhakti-sect-of-vallabhacharya,Richard Barz,Richard Barz's scholarly study of the Vallabhacharya Pushtimarg sect - Krishna-bhakti tradition with a Shuddhadvaita theological foundation.,,Northern India Bhakti,,In Copyright,the bhakti sect of vallabhacharya,the-bhakti-sect-of-vallabhacharya,festivals-and-living-tradition,TRUE,TRUE,,,TRUE,,TRUE,,,TRUE,,,,,,,,,TRUE,,TRUE
492,The Devotional Poems of Mirabai,492-the-devotional-poems-of-mirabai,A. J. Alston,A. J. Alston's translations of Mirabai's bhakti poems - selections by the leading Shankara translator turned bhakti scholar.,,Northern India Bhakti,,https://archive.org/search?query=%22The%20Devotional%20Poems%20of%20Mirabai%22%20A.%20J.%20Alston,the devotional poems of mirabai,the-devotional-poems-of-mirabai,festivals-and-living-tradition,TRUE,TRUE,,,TRUE,,TRUE,,,TRUE,,,,,,,,,TRUE,,TRUE
493,Sufism and Bhakti,493-sufism-and-bhakti,Yoginder Sikand (compilation),Yoginder Sikand's compilation of comparative Sufi-bhakti scholarship - Hindu-Muslim devotional confluence in medieval India.,,Northern India Bhakti,,In Copyright,sufism and bhakti,sufism-and-bhakti,festivals-and-living-tradition,TRUE,TRUE,TRUE,,TRUE,,TRUE,,,TRUE,,,,,,,,,TRUE,,TRUE
494,Bhakti and Power,494-bhakti-and-power,"David L. Haberman, Jack Hawley (eds.)",Haberman and Hawley's edited scholarly volume on bhakti and political power - devotion's relationship to courts and social structures.,,Northern India Bhakti,,In Copyright,bhakti and power,bhakti-and-power,festivals-and-living-tradition,TRUE,TRUE,,,TRUE,,TRUE,,,TRUE,,,,,,,,,TRUE,,TRUE
495,Bhakti Religion in North India,495-bhakti-religion-in-north-india,David Lorenzen (ed.),"David Lorenzen's edited scholarly volume on North Indian bhakti - academic essays on Sant, Krishna, and Rama devotional movements.",,Northern India Bhakti,,In Copyright,bhakti religion in north india,bhakti-religion-in-north-india,festivals-and-living-tradition,TRUE,TRUE,,,TRUE,,TRUE,,,TRUE,,,,,,,,,TRUE,,TRUE
496,Sri Caitanya-Caritamrta of Krishnadasa Kaviraja,496-sri-caitanya-caritamrta-of-krishnadasa-kaviraja,Edward C. Dimock & Tony K. Stewart,Dimock and Stewart's complete scholarly translation of Krishnadasa Kaviraja's Caitanya Caritamrta - definitive academic Chaitanya hagiography.,,Bengal Vaishnavism and Caitanya Tradition,,In Copyright,sri caitanya-caritamrta of krishnadasa kaviraja,sri-caitanya-caritamrta-of-krishnadasa-kaviraja,festivals-and-living-tradition,TRUE,TRUE,,,TRUE,,TRUE,,,TRUE,,,,,,TRUE,,,TRUE,,TRUE
497,The Caitanya Vaisnava Vedanta of Jiva Gosvami,497-the-caitanya-vaisnava-vedanta-of-jiva-gosvami,Ravi M. Gupta,Ravi Gupta's scholarly study of Jiva Goswami's Vedanta - Gaudiya Vaishnava philosophical theology in academic frame.,,Bengal Vaishnavism and Caitanya Tradition,,In Copyright,the caitanya vaisnava vedanta of jiva gosvami,the-caitanya-vaisnava-vedanta-of-jiva-gosvami,festivals-and-living-tradition,TRUE,TRUE,,,TRUE,,TRUE,,,TRUE,,,,,,TRUE,,,TRUE,,TRUE
498,Acting as a Way of Salvation,498-acting-as-a-way-of-salvation,David L. Haberman,David Haberman's scholarly study of raganuga bhakti - Gaudiya Vaishnava practice of identifying with Vrindavan's eternal companions.,,Bengal Vaishnavism and Caitanya Tradition,,In Copyright,acting as a way of salvation,acting-as-a-way-of-salvation,festivals-and-living-tradition,TRUE,TRUE,,,TRUE,,TRUE,,,TRUE,,,,,,TRUE,,,TRUE,,TRUE
499,Journey through the Twelve Forests,499-journey-through-the-twelve-forests,David L. Haberman,Haberman's scholarly study of the Braj parikrama - pilgrimage through the twelve forests of Krishna's Vrindavan landscape.,,Bengal Vaishnavism and Caitanya Tradition,,In Copyright,journey through the twelve forests,journey-through-the-twelve-forests,festivals-and-living-tradition,TRUE,TRUE,,,TRUE,,TRUE,,,TRUE,,,,,,TRUE,,,TRUE,,TRUE
500,River of Love in an Age of Pollution,500-river-of-love-in-an-age-of-pollution,David L. Haberman,"Haberman's study of Yamuna river devotion and ecology - Gaudiya Vaishnavism, sacred geography, and contemporary environmental crisis.",,Bengal Vaishnavism and Caitanya Tradition,,In Copyright,river of love in an age of pollution,river-of-love-in-an-age-of-pollution,festivals-and-living-tradition,TRUE,TRUE,,,TRUE,TRUE,TRUE,,,TRUE,,,,,,TRUE,,,TRUE,,TRUE
501,The Place of the Hidden Moon,501-the-place-of-the-hidden-moon,Edward C. Dimock,Edward Dimock's classical scholarly study of Sahajiya Vaishnavism - Bengali tantric-bhakti tradition on the path of natural love.,,Bengal Vaishnavism and Caitanya Tradition,,In Copyright,the place of the hidden moon,the-place-of-the-hidden-moon,festivals-and-living-tradition,TRUE,TRUE,,,TRUE,,TRUE,,,TRUE,,,,,,TRUE,,,TRUE,,TRUE
502,The Sound of Two Hands Clapping,502-the-sound-of-two-hands-clapping,Anne Klein (Vajrayana adjacent),Anne Klein's scholarly study of Tibetan dialectical Buddhism - useful Vajrayana background reading for tantric studies.,,Bengal Vaishnavism and Caitanya Tradition,,In Copyright,the sound of two hands clapping,the-sound-of-two-hands-clapping,festivals-and-living-tradition,TRUE,TRUE,,,TRUE,,TRUE,,,TRUE,,,,,,TRUE,,,TRUE,,TRUE
503,The Final Word: The Caitanya Caritamrta and the Grammar of Religious Tradition,503-the-final-word-the-caitanya-caritamrta-and-the-grammar-of-religious-tradition,Tony K. Stewart,"Tony Stewart's scholarly study of the Caitanya Caritamrta - text, tradition, and the grammar of Gaudiya religious authority.",,Bengal Vaishnavism and Caitanya Tradition,,In Copyright,the final word: the caitanya caritamrta and the grammar of religious tradition,the-final-word-the-caitanya-caritamrta-and-the-grammar-of-religious-tradition,festivals-and-living-tradition,TRUE,TRUE,,,TRUE,,TRUE,,,TRUE,,,,,,TRUE,,,TRUE,,TRUE
504,The Final Order: The Bhaktirasamrtasindhu,504-the-final-order-the-bhaktirasamrtasindhu,David L. Haberman,David Haberman's scholarly study of Rupa Gosvami's Bhaktirasamrtasindhu - Gaudiya theology of bhakti rasa as aesthetic experience.,,Bengal Vaishnavism and Caitanya Tradition,,In Copyright,the final order: the bhaktirasamrtasindhu,the-final-order-the-bhaktirasamrtasindhu,festivals-and-living-tradition,TRUE,TRUE,,,TRUE,,TRUE,,,TRUE,,,,,,TRUE,,,TRUE,,TRUE
505,Bhaktirasamrtasindhu of Rupa Gosvami,505-bhaktirasamrtasindhu-of-rupa-gosvami,David Haberman,Haberman's full scholarly translation of Rupa Goswami's Bhaktirasamrtasindhu - foundational Gaudiya Vaishnava aesthetic-theological treatise.,,Bengal Vaishnavism and Caitanya Tradition,,In Copyright,bhaktirasamrtasindhu of rupa gosvami,bhaktirasamrtasindhu-of-rupa-gosvami,festivals-and-living-tradition,TRUE,TRUE,,,TRUE,,TRUE,,,TRUE,,,,,,TRUE,,,TRUE,,TRUE
506,Sri Krsna-Caitanya,506-sri-krsna-caitanya,Susmita Pande,"Susmita Pande's scholarly study of Sri Krishna Chaitanya - Bengali Vaishnava saint's life, theology, and historical reception.",,Bengal Vaishnavism and Caitanya Tradition,,In Copyright,sri krsna-caitanya,sri-krsna-caitanya,festivals-and-living-tradition,TRUE,TRUE,,,TRUE,,TRUE,,,TRUE,,,,,,TRUE,,,TRUE,,TRUE
507,Lord Chaitanya and the Hare Krishna Movement,507-lord-chaitanya-and-the-hare-krishna-movement,Steven J. Rosen,Steven Rosen's accessible introduction to Chaitanya and the Hare Krishna movement - ISKCON insider scholarly perspective.,,Bengal Vaishnavism and Caitanya Tradition,,In Copyright,lord chaitanya and the hare krishna movement,lord-chaitanya-and-the-hare-krishna-movement,festivals-and-living-tradition,TRUE,TRUE,,,TRUE,,TRUE,,,TRUE,,,,,,TRUE,,,TRUE,,TRUE
508,Chaitanya: His Life and Teachings,508-chaitanya-his-life-and-teachings,Sisir Kumar Ghose,Sisir Kumar Ghose's scholarly biographical study of Chaitanya - Bengali academic perspective on the medieval Vaishnava saint.,,Bengal Vaishnavism and Caitanya Tradition,,In Copyright,chaitanya: his life and teachings,chaitanya-his-life-and-teachings,festivals-and-living-tradition,TRUE,TRUE,,,TRUE,,TRUE,,,TRUE,,,,,,TRUE,,,TRUE,,TRUE
509,The Devotional Poetry of Vidyapati,509-the-devotional-poetry-of-vidyapati,Deben Bhattacharya,"Deben Bhattacharya's translations of Vidyapati - 14th-century Maithili poet of Krishna-Radha bhakti, Bengali devotional ancestor.",,Bengal Vaishnavism and Caitanya Tradition,,https://archive.org/search?query=%22The%20Devotional%20Poetry%20of%20Vidyapati%22%20Deben%20Bhattacharya,the devotional poetry of vidyapati,the-devotional-poetry-of-vidyapati,festivals-and-living-tradition,TRUE,TRUE,,,TRUE,,TRUE,,,TRUE,,,,,,TRUE,,,TRUE,,TRUE
510,Songs of Vidyapati,510-songs-of-vidyapati,Subhadra Jha,Subhadra Jha's scholarly translations of Vidyapati's songs - Maithili Vaishnava bhakti poetry that influenced Chaitanya tradition.,,Bengal Vaishnavism and Caitanya Tradition,,https://archive.org/search?query=%22Songs%20of%20Vidyapati%22%20Subhadra%20Jha,songs of vidyapati,songs-of-vidyapati,festivals-and-living-tradition,TRUE,TRUE,,,TRUE,,TRUE,,,TRUE,,,,,,TRUE,,,TRUE,,TRUE
511,The Devi Mahatmya,511-the-devi-mahatmya,Devadatta Kali (In Praise of the Goddess),Devadatta Kali's accessible Devi Mahatmya translation - clear modern English version of the central Shakta scripture with commentary.,12-divine-feminine,Shakta and Goddess Traditions,,https://archive.org/details/devimahatmya00jaga,the devi mahatmya,the-devi-mahatmya,festivals-and-living-tradition,TRUE,TRUE,,,TRUE,TRUE,TRUE,,,TRUE,,,,,,TRUE,,TRUE,TRUE,,
512,The Triumph of the Goddess,512-the-triumph-of-the-goddess,C. Mackenzie Brown,C. Mackenzie Brown's scholarly study of Goddess theology - the Devi Bhagavata's theological elevation of Devi over Vishnu and Shiva.,,Shakta and Goddess Traditions,,In Copyright,the triumph of the goddess,the-triumph-of-the-goddess,festivals-and-living-tradition,TRUE,TRUE,,,TRUE,,TRUE,,,TRUE,,,,,,TRUE,,TRUE,TRUE,,
513,The Devi Gita,513-the-devi-gita,C. Mackenzie Brown (Song of the Goddess),"Brown's translation of the Devi Gita - Goddess's Bhagavad Gita, Shakta theological climax of the Devi Bhagavata Purana.",,Shakta and Goddess Traditions,,https://archive.org/search?query=%22The%20Devi%20Gita%22%20C.%20Mackenzie%20Brown,the devi gita,the-devi-gita,festivals-and-living-tradition,TRUE,TRUE,,,TRUE,,TRUE,,,TRUE,,,,,,TRUE,,TRUE,TRUE,,
514,"Rama, Krishna, Shiva: A Comparative Mythology","514-rama,-krishna,-shiva-a-comparative-mythology",C. Mackenzie Brown,"Brown's comparative mythological study of Rama, Krishna, and Shiva - relational dynamics among the major Hindu deities.",,Shakta and Goddess Traditions,,In Copyright,"rama, krishna, shiva: a comparative mythology","rama,-krishna,-shiva-a-comparative-mythology",festivals-and-living-tradition,TRUE,TRUE,,,TRUE,,TRUE,,,TRUE,,,,,,TRUE,,TRUE,TRUE,,
515,Goddesses Who Rule,515-goddesses-who-rule,Elisabeth Benard & Beverly Moon (eds.),Benard and Moon's edited volume on ruling goddesses - comparative study of female deities exercising sovereign power across cultures.,,Shakta and Goddess Traditions,,In Copyright,goddesses who rule,goddesses-who-rule,festivals-and-living-tradition,TRUE,TRUE,,,TRUE,,TRUE,,,TRUE,,,,,,TRUE,,TRUE,TRUE,,
516,The Divine Consort,516-the-divine-consort,John Stratton Hawley & Donna Wulff (eds.),"Hawley and Wulff's edited scholarly volume on the divine consort - radha, sita, and the goddess as partner across Hindu traditions.",,Shakta and Goddess Traditions,,In Copyright,the divine consort,the-divine-consort,festivals-and-living-tradition,TRUE,TRUE,,,TRUE,,TRUE,,,TRUE,,,,,,TRUE,,TRUE,TRUE,,
517,Devi: Goddesses of India,517-devi-goddesses-of-india,John Stratton Hawley & Donna Wulff (eds.),Hawley and Wulff's expanded volume on Indian goddess traditions - major academic essays on Devi worship and theology.,,Shakta and Goddess Traditions,,In Copyright,devi: goddesses of india,devi-goddesses-of-india,festivals-and-living-tradition,TRUE,TRUE,,,TRUE,,TRUE,,,TRUE,,,,,,TRUE,,TRUE,TRUE,,
518,The Daughters of Kali,518-the-daughters-of-kali,Rachel Fell McDermott,"McDermott's scholarly study of Bengali Shakta poetry - Ramprasad, Kamalakanta, and the daughters of Kali tradition.",,Shakta and Goddess Traditions,,In Copyright,the daughters of kali,the-daughters-of-kali,festivals-and-living-tradition,TRUE,TRUE,,,TRUE,,TRUE,,,TRUE,,,,,,TRUE,,TRUE,TRUE,,
519,"Mother of My Heart, Daughter of My Dreams","519-mother-of-my-heart,-daughter-of-my-dreams",Rachel Fell McDermott,McDermott's collection of translations of Bengali Shakta devotional poetry - Mother Kali's bhakti tradition in modern English.,,Shakta and Goddess Traditions,,In Copyright,"mother of my heart, daughter of my dreams","mother-of-my-heart,-daughter-of-my-dreams",festivals-and-living-tradition,TRUE,TRUE,,,TRUE,TRUE,TRUE,,,TRUE,,,,,,TRUE,,TRUE,TRUE,,
520,Singing to the Goddess,520-singing-to-the-goddess,Rachel Fell McDermott,McDermott's accessible scholarly study of Bengali Goddess devotion - Kali bhakti from Ramprasad to contemporary Kolkata.,12-divine-feminine,Shakta and Goddess Traditions,,In Copyright,singing to the goddess,singing-to-the-goddess,festivals-and-living-tradition,TRUE,TRUE,,,TRUE,TRUE,TRUE,,,TRUE,,,,,,TRUE,,TRUE,TRUE,,
521,Encountering Kali,521-encountering-kali,Rachel Fell McDermott & Jeffrey Kripal (eds.),"McDermott and Kripal's edited scholarly volume on Kali - diverse academic essays on Goddess theology, history, and reception.",,Shakta and Goddess Traditions,,In Copyright,encountering kali,encountering-kali,festivals-and-living-tradition,TRUE,TRUE,,,TRUE,,TRUE,,,TRUE,,,,,,TRUE,,TRUE,TRUE,,
522,Kali: The Black Goddess of Dakshineswar,522-kali-the-black-goddess-of-dakshineswar,Elizabeth Usha Harding,Elizabeth Harding's accessible study of Kali at Dakshineswar - Ramakrishna's Goddess and Bengali Shakta worship at her temple.,,Shakta and Goddess Traditions,,In Copyright,kali: the black goddess of dakshineswar,kali-the-black-goddess-of-dakshineswar,festivals-and-living-tradition,TRUE,TRUE,,TRUE,TRUE,,TRUE,,,TRUE,,,,,,TRUE,,TRUE,TRUE,,
523,Kali's Child,523-kalis-child,Jeffrey Kripal (controversial; included for engagement),Jeffrey Kripal's controversial psychoanalytic study of Ramakrishna - heavily contested by traditional and academic Hindu scholars.,,Shakta and Goddess Traditions,,In Copyright,kali's child,kalis-child,festivals-and-living-tradition,TRUE,TRUE,,,TRUE,,TRUE,,,TRUE,,,,,,TRUE,,TRUE,TRUE,,
524,The Sword and the Flute,524-the-sword-and-the-flute,David Kinsley,David Kinsley's classical scholarly study of Kali and Krishna - comparative theology of dark Goddess and dark God.,,Shakta and Goddess Traditions,,In Copyright,the sword and the flute,the-sword-and-the-flute,festivals-and-living-tradition,TRUE,TRUE,,,TRUE,,TRUE,,,TRUE,,,,,,TRUE,,TRUE,TRUE,,
525,Hindu Goddesses,525-hindu-goddesses,David Kinsley,Kinsley's accessible academic survey of Hindu goddesses - standard introductory text on the major female deities of Hinduism.,12-divine-feminine,Shakta and Goddess Traditions,,In Copyright,hindu goddesses,hindu-goddesses,festivals-and-living-tradition,TRUE,TRUE,,,TRUE,,TRUE,,,TRUE,,,,,,TRUE,,TRUE,TRUE,,
526,Tantric Visions of the Divine Feminine,526-tantric-visions-of-the-divine-feminine,David Kinsley,Kinsley's scholarly study of tantric goddess theology - esoteric Shakta vision of the divine feminine in tantric ritual.,,Shakta and Goddess Traditions,,In Copyright,tantric visions of the divine feminine,tantric-visions-of-the-divine-feminine,festivals-and-living-tradition,TRUE,TRUE,,,TRUE,,TRUE,,,TRUE,,,,,,TRUE,,TRUE,TRUE,,
527,The Ten Mahavidyas,527-the-ten-mahavidyas,David Kinsley,Kinsley's accessible scholarly study of the Ten Mahavidyas - wisdom-goddesses of tantric Shaktism and their iconographic theology.,12-divine-feminine,Shakta and Goddess Traditions,,In Copyright,the ten mahavidyas,the-ten-mahavidyas,festivals-and-living-tradition,TRUE,TRUE,,,TRUE,,TRUE,,,TRUE,,,,,,TRUE,,TRUE,TRUE,,
528,Goddesses and Women in the Indic Religious Tradition,528-goddesses-and-women-in-the-indic-religious-tradition,Arvind Sharma (ed.),"Arvind Sharma's edited scholarly volume on women in Hindu tradition - academic essays on goddesses, women saints, and gender.",,Shakta and Goddess Traditions,,In Copyright,goddesses and women in the indic religious tradition,goddesses-and-women-in-the-indic-religious-tradition,festivals-and-living-tradition,TRUE,TRUE,,,TRUE,,TRUE,,,TRUE,,,,,,TRUE,,TRUE,TRUE,,
529,The Goddess and the Devotee,529-the-goddess-and-the-devotee,June McDaniel,June McDaniel's scholarly study of Bengali goddess devotion - accessible academic treatment of Shakta bhakti and ritual practice.,,Shakta and Goddess Traditions,,In Copyright,the goddess and the devotee,the-goddess-and-the-devotee,festivals-and-living-tradition,TRUE,TRUE,,,TRUE,,TRUE,,,TRUE,,,,,,TRUE,,TRUE,TRUE,,
530,"Offering Flowers, Feeding Skulls","530-offering-flowers,-feeding-skulls",June McDaniel,"McDaniel's scholarly study of Bengali folk Shakta worship - village traditions, possession, and offering in popular goddess religion.",,Shakta and Goddess Traditions,,In Copyright,"offering flowers, feeding skulls","offering-flowers,-feeding-skulls",festivals-and-living-tradition,TRUE,TRUE,,,TRUE,,TRUE,,,TRUE,,,,,,TRUE,,TRUE,TRUE,,
531,The Madness of the Saints,531-the-madness-of-the-saints,June McDaniel,"McDaniel's classical scholarly study of Bengali ecstatic religion - divine madness, possession, and Shakta-Vaishnava bhakti.",,Shakta and Goddess Traditions,,In Copyright,the madness of the saints,the-madness-of-the-saints,festivals-and-living-tradition,TRUE,TRUE,,,TRUE,,TRUE,,,TRUE,,,,,,TRUE,,TRUE,TRUE,,
532,The Lalita Sahasranama,532-the-lalita-sahasranama,R. Ananthakrishna Sastri,"Anantakrishna Sastri's translation of the Lalita Sahasranama - thousand names of the Goddess, central Sri Vidya devotional text.",,Shakta and Goddess Traditions,,https://archive.org/search?query=%22The%20Lalita%20Sahasranama%22%20R.%20Ananthakrishna%20Sastri,the lalita sahasranama,the-lalita-sahasranama,festivals-and-living-tradition,TRUE,TRUE,,,TRUE,,TRUE,,,TRUE,,,,,,TRUE,,TRUE,TRUE,,
533,Saundarya Lahari,533-saundarya-lahari,Pandit S. Subrahmanya Sastri,Subrahmanya Sastri's translation and Sanskrit edition of Saundarya Lahari - Shankara's celebrated hymn to Lalita Tripurasundari.,,Shakta and Goddess Traditions,,https://archive.org/search?query=%22Saundarya%20Lahari%22%20Pandit%20S.%20Subrahmanya%20Sastri,saundarya lahari,saundarya-lahari,festivals-and-living-tradition,TRUE,TRUE,,,TRUE,,TRUE,,,TRUE,,,,,,TRUE,,TRUE,TRUE,,
534,Soundarya Lahari,534-soundarya-lahari,Swami Tapasyananda,Tapasyananda's accessible Saundarya Lahari translation - Ramakrishna Mission edition of the great Goddess hymn attributed to Shankara.,,Shakta and Goddess Traditions,,https://archive.org/search?query=%22Soundarya%20Lahari%22%20Swami%20Tapasyananda,soundarya lahari,soundarya-lahari,festivals-and-living-tradition,TRUE,TRUE,,,TRUE,,TRUE,,,TRUE,,,,,,TRUE,,TRUE,TRUE,,
535,Lalita Trishati,535-lalita-trishati,N. Krishnaswami Iyer,"N. Krishnaswami Iyer's translation of the Lalita Trishati - three hundred names of Lalita, companion Sri Vidya hymn to the Sahasranama.",,Shakta and Goddess Traditions,,https://archive.org/search?query=%22Lalita%20Trishati%22%20N.%20Krishnaswami%20Iyer,lalita trishati,lalita-trishati,festivals-and-living-tradition,TRUE,TRUE,,,TRUE,,TRUE,,,TRUE,,,,,,TRUE,,TRUE,TRUE,,
536,The Mantra Mahodadhi of Mahidhara,536-the-mantra-mahodadhi-of-mahidhara,Ram Kumar Rai,Ram Kumar Rai's translation of the Mantra Mahodadhi - Mahidhara's encyclopedic compilation of tantric mantras and ritual procedures.,,Shakta and Goddess Traditions,,In Copyright,the mantra mahodadhi of mahidhara,the-mantra-mahodadhi-of-mahidhara,festivals-and-living-tradition,TRUE,TRUE,,,TRUE,,TRUE,,,TRUE,,,,,,TRUE,,TRUE,TRUE,,
537,Sakti and Sakta,537-sakti-and-sakta,John Woodroffe (separate from earlier listing - full vol.),Woodroffe's full Sakti and Sakta - older but foundational Western academic study of Goddess theology in Hindu Tantra.,,Shakta and Goddess Traditions,,https://archive.org/search?query=%22Sakti%20and%20Sakta%22%20John%20Woodroffe,sakti and sakta,sakti-and-sakta,festivals-and-living-tradition,TRUE,TRUE,,,TRUE,TRUE,TRUE,,,TRUE,,,,,,TRUE,,TRUE,TRUE,,
538,Tirumantiram of Tirumular,538-tirumantiram-of-tirumular,B. Natarajan,Natarajan's three-volume Tirumantiram translation - Tirumular's foundational Tamil Shaiva-Siddha yogic-tantric scripture in Tirumurai.,,Saiva Traditions,,https://archive.org/details/Tirumular_Tirumandiram_Vol1,tirumantiram of tirumular,tirumantiram-of-tirumular,festivals-and-living-tradition,TRUE,TRUE,,,TRUE,,TRUE,,,TRUE,,TRUE,,,TRUE,,,,TRUE,,
539,The Periya Puranam,539-the-periya-puranam,G. Vanmikanathan,"Vanmikanathan's translation of Sekkizhar's Periya Puranam - hagiography of 63 Nayanar Tamil Shaiva saints, foundational bhakti text.",,Saiva Traditions,,https://archive.org/details/Periyapuranam_Vanmikanathan,the periya puranam,the-periya-puranam,festivals-and-living-tradition,TRUE,TRUE,,,TRUE,,TRUE,,,TRUE,,TRUE,,,TRUE,,,,TRUE,,
540,Manikkavachakar's Tiruvachakam,540-manikkavachakars-tiruvachakam,G. U. Pope,G. U. Pope's classical Tiruvachakam translation - Manikkavachakar's supreme Tamil Shaiva bhakti hymn-poem of divine longing.,,Saiva Traditions,,https://sacred-texts.com/hin/tiru/index.htm,manikkavachakar's tiruvachakam,manikkavachakars-tiruvachakam,festivals-and-living-tradition,TRUE,TRUE,,,TRUE,,TRUE,,,TRUE,,TRUE,,,TRUE,,,,TRUE,,
541,The Saiva Siddhanta,541-the-saiva-siddhanta,Mariasusai Dhavamony (full),Mariasusai Dhavamony's full scholarly study of Tamil Saiva Siddhanta - comprehensive academic introduction to South Indian Shaivism.,,Saiva Traditions,,https://archive.org/search?query=%22The%20Saiva%20Siddhanta%22%20Mariasusai%20Dhavamony,the saiva siddhanta,the-saiva-siddhanta,festivals-and-living-tradition,TRUE,TRUE,,,TRUE,,TRUE,,,TRUE,,TRUE,,,TRUE,,,,TRUE,,
542,Pasupata Sutras with Kaundinya's Commentary,542-pasupata-sutras-with-kaundinyas-commentary,Haripada Chakraborti,Haripada Chakraborti's translation of Pasupata Sutras with Kaundinya - earliest texts of the Pashupata Shaiva ascetic tradition.,,Saiva Traditions,,https://archive.org/search?query=%22Pasupata%20Sutras%20with%20Kaundinya%27s%20Commentary%22%20Haripada%20Chakraborti,pasupata sutras with kaundinya's commentary,pasupata-sutras-with-kaundinyas-commentary,festivals-and-living-tradition,TRUE,TRUE,,,TRUE,,TRUE,,,TRUE,,TRUE,,,TRUE,,,,TRUE,,
543,The Pasupatas,543-the-pasupatas,Daniel Ingalls (essay collection inclusion),Daniel Ingalls's classical scholarly essay on the Pashupatas - early ascetic Shaiva tradition's distinctive religious sensibility.,,Saiva Traditions,,In Copyright,the pasupatas,the-pasupatas,festivals-and-living-tradition,TRUE,TRUE,,,TRUE,,TRUE,,,TRUE,,TRUE,,,TRUE,,,,TRUE,,
544,Pasupata Saivism,544-pasupata-saivism,Minoru Hara,Minoru Hara's scholarly study of Pashupata Shaivism - definitive Japanese-tradition academic work on early Shaiva asceticism.,,Saiva Traditions,,In Copyright,pasupata saivism,pasupata-saivism,festivals-and-living-tradition,TRUE,TRUE,,,TRUE,,TRUE,,,TRUE,,TRUE,,,TRUE,,,,TRUE,,
545,Saivism in the Diaspora,545-saivism-in-the-diaspora,Ron Geaves,Ron Geaves's scholarly study of Saivism in the global diaspora - Tamil Shaiva communities outside India in contemporary settings.,,Saiva Traditions,,In Copyright,saivism in the diaspora,saivism-in-the-diaspora,festivals-and-living-tradition,TRUE,TRUE,,,TRUE,TRUE,TRUE,,,TRUE,,TRUE,,,TRUE,,,,TRUE,,
546,The Religion of Manikkavacakar,546-the-religion-of-manikkavacakar,Glenn Yocum,Glenn Yocum's scholarly study of Manikkavachakar's religious world - Tamil Shaivism through the lens of its supreme bhakti poet.,,Saiva Traditions,,In Copyright,the religion of manikkavacakar,the-religion-of-manikkavacakar,festivals-and-living-tradition,TRUE,TRUE,,,TRUE,,TRUE,,,TRUE,,TRUE,,,TRUE,,,,TRUE,,
547,Hymn-Songs of Manikkavacakar,547-hymn-songs-of-manikkavacakar,Glenn Yocum,Yocum's translations and study of Manikkavachakar's hymn-songs - Tiruvachakam's bhakti theology in scholarly English presentation.,,Saiva Traditions,,In Copyright,hymn-songs of manikkavacakar,hymn-songs-of-manikkavacakar,festivals-and-living-tradition,TRUE,TRUE,,,TRUE,,TRUE,,,TRUE,,TRUE,,,TRUE,,,,TRUE,,
548,The Tantric Age,548-the-tantric-age,Alexis Sanderson (selected essays),Alexis Sanderson's collected essays on tantric Saiva traditions - definitive contemporary scholarship on Shaiva textual history.,,Saiva Traditions,,In Copyright,the tantric age,the-tantric-age,festivals-and-living-tradition,TRUE,TRUE,,,TRUE,TRUE,TRUE,,,TRUE,,TRUE,,,TRUE,,,,TRUE,,
549,The Saiva Religions among the Khmers,549-the-saiva-religions-among-the-khmers,Alexis Sanderson (essay collection),Sanderson's scholarly studies of Saivism's spread to Cambodia - historical reach of Indian Shaiva traditions across Asia.,,Saiva Traditions,,In Copyright,the saiva religions among the khmers,the-saiva-religions-among-the-khmers,festivals-and-living-tradition,TRUE,TRUE,,,TRUE,,TRUE,,,TRUE,,TRUE,,,TRUE,,,,TRUE,,
550,The Lakulisa-Pasupata Movement,550-the-lakulisa-pasupata-movement,D. R. Bhandarkar,D. R. Bhandarkar's classical scholarly study of the Lakulisha-Pashupata movement - early Shaiva ascetic history in Indological frame.,,Saiva Traditions,,https://archive.org/search?query=%22The%20Lakulisa-Pasupata%20Movement%22%20D.%20R.%20Bhandarkar,the lakulisa-pasupata movement,the-lakulisa-pasupata-movement,festivals-and-living-tradition,TRUE,TRUE,,,TRUE,,TRUE,,,TRUE,,TRUE,,,TRUE,,,,TRUE,,
551,Aghori,551-aghori,Robert E. Svoboda (autobiographical Aghora trilogy),Robert Svoboda's accessible Aghora - first volume of his autobiographical trilogy on his teacher Vimalananda and Aghora practice.,,Saiva Traditions,,In Copyright,aghori,aghori,festivals-and-living-tradition,TRUE,TRUE,,,TRUE,,TRUE,,,TRUE,,TRUE,,,TRUE,,,,TRUE,,
552,Aghora II: Kundalini,552-aghora-ii-kundalini,Robert E. Svoboda,"Svoboda's Aghora II on Kundalini - second volume of the trilogy, Vimalananda on subtle body practice and tantric energetics.",,Saiva Traditions,,In Copyright,aghora ii: kundalini,aghora-ii-kundalini,festivals-and-living-tradition,TRUE,TRUE,,,TRUE,,TRUE,,,TRUE,,TRUE,,,TRUE,,,,TRUE,,
553,Aghora III: The Law of Karma,553-aghora-iii-the-law-of-karma,Robert E. Svoboda,"Svoboda's Aghora III on the Law of Karma - final volume of the trilogy, Vimalananda's teachings on karmic mechanics.",,Saiva Traditions,,In Copyright,aghora iii: the law of karma,aghora-iii-the-law-of-karma,festivals-and-living-tradition,TRUE,TRUE,,,TRUE,,TRUE,,,TRUE,,TRUE,,,TRUE,,,,TRUE,,
554,The Doctrine of the Mahesvara,554-the-doctrine-of-the-mahesvara,A. M. Pathak,A. M. Pathak's scholarly study of the Maheshvara doctrine - academic treatment of Shaiva theological traditions and their development.,,Saiva Traditions,,In Copyright,the doctrine of the mahesvara,the-doctrine-of-the-mahesvara,festivals-and-living-tradition,TRUE,TRUE,,,TRUE,,TRUE,,,TRUE,,TRUE,,,TRUE,,,,TRUE,,
555,Indian Philosophy: A Critical Survey,555-indian-philosophy-a-critical-survey,Chandradhar Sharma,Chandradhar Sharma's classical Indian-authored critical survey of Indian philosophy - accessible textbook of all major darshanas.,,"Sanskrit Philosophy of Mind, Self, and Consciousness",,https://archive.org/search?query=%22Indian%20Philosophy%22%20Chandradhar%20Sharma,indian philosophy: a critical survey,indian-philosophy-a-critical-survey,language-and-sanskrit,TRUE,,,,TRUE,TRUE,,,,TRUE,,,,,,,,,TRUE,TRUE,TRUE
556,A Critical Survey of Indian Philosophy,556-a-critical-survey-of-indian-philosophy,Chandradhar Sharma,Sharma's earlier critical survey of Indian philosophy - useful older Indian-authored academic introduction to the field.,,"Sanskrit Philosophy of Mind, Self, and Consciousness",,https://archive.org/search?query=%22A%20Critical%20Survey%20of%20Indian%20Philosophy%22%20Chandradhar%20Sharma,a critical survey of indian philosophy,a-critical-survey-of-indian-philosophy,language-and-sanskrit,TRUE,,,,TRUE,TRUE,,,,TRUE,,,,,,,,,TRUE,TRUE,TRUE
557,A History of Indian Philosophy,557-a-history-of-indian-philosophy,Surendranath Dasgupta (5 vols),Surendranath Dasgupta's monumental five-volume History of Indian Philosophy - most comprehensive academic survey ever written.,,"Sanskrit Philosophy of Mind, Self, and Consciousness",,https://archive.org/details/historyofindianp01dasguoft,a history of indian philosophy,a-history-of-indian-philosophy,language-and-sanskrit,TRUE,,,,TRUE,TRUE,,,,TRUE,,,,,,,,,TRUE,TRUE,TRUE
558,Indian Philosophy,558-indian-philosophy,S. Radhakrishnan (2 vols),Radhakrishnan's classical two-volume Indian Philosophy - foundational Indian-authored survey shaping 20th-century philosophical reception.,,"Sanskrit Philosophy of Mind, Self, and Consciousness",,https://archive.org/details/IndianPhilosophyVol1Radhakrishnan,indian philosophy,indian-philosophy,language-and-sanskrit,TRUE,,,,TRUE,TRUE,,,,TRUE,,,,,,,,,TRUE,TRUE,TRUE
559,Indian Philosophical Analysis,559-indian-philosophical-analysis,"Karl H. Potter (Encyclopedia, multi-vol)",Karl Potter's monumental ongoing Encyclopedia of Indian Philosophies - definitive multi-volume academic reference work in the field.,,"Sanskrit Philosophy of Mind, Self, and Consciousness",,In Copyright,indian philosophical analysis,indian-philosophical-analysis,language-and-sanskrit,TRUE,,,,TRUE,TRUE,,,,TRUE,,,,,,,,,TRUE,TRUE,TRUE
560,Encyclopedia of Indian Philosophies,560-encyclopedia-of-indian-philosophies,"Karl H. Potter (ed., series)",Potter's edited continuing series - Bibliographic and analytical reference covering each Indian philosophical school comprehensively.,,"Sanskrit Philosophy of Mind, Self, and Consciousness",,In Copyright,encyclopedia of indian philosophies,encyclopedia-of-indian-philosophies,language-and-sanskrit,TRUE,,,,TRUE,TRUE,,,,TRUE,,,,,,,,,TRUE,TRUE,TRUE
561,The Philosophy of the Upanishads,561-the-philosophy-of-the-upanishads,Paul Deussen,Paul Deussen's classical 1906 Philosophy of the Upanishads - foundational German Indological study of Upanishadic thought.,,"Sanskrit Philosophy of Mind, Self, and Consciousness",,https://archive.org/details/philosophyofupan00deusuoft,the philosophy of the upanishads,the-philosophy-of-the-upanishads,language-and-sanskrit,TRUE,,,,TRUE,TRUE,,,,TRUE,,,,,,,,,TRUE,TRUE,TRUE
562,The System of the Vedanta,562-the-system-of-the-vedanta,Paul Deussen,Deussen's classical 1912 System of the Vedanta - foundational German academic study of Shankara's Advaita Vedanta.,,"Sanskrit Philosophy of Mind, Self, and Consciousness",,https://archive.org/details/cu31924093013005,the system of the vedanta,the-system-of-the-vedanta,language-and-sanskrit,TRUE,,,,TRUE,TRUE,,,,TRUE,,,,,,,,,TRUE,TRUE,TRUE
563,Philosophy of Hindu Sadhana,563-philosophy-of-hindu-sadhana,Nalini Kanta Brahma,"Nalini Kanta Brahma's scholarly study of Hindu spiritual practice - sadhana across traditions, Indian-authored academic work.",,"Sanskrit Philosophy of Mind, Self, and Consciousness",,In Copyright,philosophy of hindu sadhana,philosophy-of-hindu-sadhana,language-and-sanskrit,TRUE,,,,TRUE,TRUE,,,,TRUE,,,,,,,,,TRUE,TRUE,TRUE
564,The Conception of Rights in Ancient India,564-the-conception-of-rights-in-ancient-india,Adi Doctor,Adi Doctor's scholarly study of rights in ancient Indian thought - comparative philosophical treatment of premodern Indian polity.,,"Sanskrit Philosophy of Mind, Self, and Consciousness",,In Copyright,the conception of rights in ancient india,the-conception-of-rights-in-ancient-india,language-and-sanskrit,TRUE,,,,TRUE,TRUE,,TRUE,,TRUE,,,,,,,,,TRUE,TRUE,TRUE
565,Indian Philosophy: An Introduction to Hindu and Buddhist Thought,565-indian-philosophy-an-introduction-to-hindu-and-buddhist-thought,Richard King,Richard King's accessible academic introduction to Hindu and Buddhist philosophy - clear single-volume textbook for students.,,"Sanskrit Philosophy of Mind, Self, and Consciousness",,In Copyright,indian philosophy: an introduction to hindu and buddhist thought,indian-philosophy-an-introduction-to-hindu-and-buddhist-thought,language-and-sanskrit,TRUE,,,,TRUE,TRUE,,,,TRUE,,,,,,,,,TRUE,TRUE,TRUE
566,Early Advaita Vedanta and Buddhism,566-early-advaita-vedanta-and-buddhism,Richard King,King's scholarly study of early Advaita Vedanta and Buddhist Madhyamaka - Gaudapada's relationship to Buddhist thought.,,"Sanskrit Philosophy of Mind, Self, and Consciousness",,In Copyright,early advaita vedanta and buddhism,early-advaita-vedanta-and-buddhism,language-and-sanskrit,TRUE,,,,TRUE,TRUE,,,,TRUE,,,,,,,,,TRUE,TRUE,TRUE
567,Classical Indian Philosophy of Mind,567-classical-indian-philosophy-of-mind,Stephen Phillips,Stephen Phillips's broad academic study of classical Indian philosophy of mind - accessible scholarly entry to the field.,,"Sanskrit Philosophy of Mind, Self, and Consciousness",,In Copyright,classical indian philosophy of mind,classical-indian-philosophy-of-mind,language-and-sanskrit,TRUE,,,,TRUE,TRUE,,,,TRUE,,,,,,,,,TRUE,TRUE,TRUE
568,The Routledge Companion to Indian Philosophy,568-the-routledge-companion-to-indian-philosophy,Brian Black & Chakravarthi Ram-Prasad,Black and Ram-Prasad's edited Routledge Companion to Indian Philosophy - major contemporary scholarly reference volume.,,"Sanskrit Philosophy of Mind, Self, and Consciousness",,In Copyright,the routledge companion to indian philosophy,the-routledge-companion-to-indian-philosophy,language-and-sanskrit,TRUE,,,,TRUE,TRUE,,,,TRUE,,,,,,,,,TRUE,TRUE,TRUE
569,Indian Philosophy: A New Approach,569-indian-philosophy-a-new-approach,A. P. Mishra,A. P. Mishra's accessible Indian-authored introduction to Indian philosophy - useful textbook treatment of darshana studies.,,"Sanskrit Philosophy of Mind, Self, and Consciousness",,In Copyright,indian philosophy: a new approach,indian-philosophy-a-new-approach,language-and-sanskrit,TRUE,,,,TRUE,TRUE,,,,TRUE,,,,,,,,,TRUE,TRUE,TRUE
570,Six Systems of Hindu Philosophy,570-six-systems-of-hindu-philosophy,Max Müller,Max Müller's classical 1899 Six Systems of Hindu Philosophy - foundational older Indological survey of the six darshanas.,,"Sanskrit Philosophy of Mind, Self, and Consciousness",,https://archive.org/details/sixsystemsofhind00mlrich,six systems of hindu philosophy,six-systems-of-hindu-philosophy,language-and-sanskrit,TRUE,,,,TRUE,TRUE,,,,TRUE,,,,,,,,,TRUE,TRUE,TRUE
571,The Six Systems of Indian Philosophy,571-the-six-systems-of-indian-philosophy,Surendranath Dasgupta,Dasgupta's accessible compact survey of the six darshanas - useful single-volume Indian-authored introduction to the systems.,,"Sanskrit Philosophy of Mind, Self, and Consciousness",,https://archive.org/search?query=%22The%20Six%20Systems%20of%20Indian%20Philosophy%22%20Surendranath%20Dasgupta,the six systems of indian philosophy,the-six-systems-of-indian-philosophy,language-and-sanskrit,TRUE,,,,TRUE,TRUE,,,,TRUE,,,,,,,,,TRUE,TRUE,TRUE
572,Studies in the History of Indian Philosophy,572-studies-in-the-history-of-indian-philosophy,Debiprasad Chattopadhyaya (3 vols),Debiprasad Chattopadhyaya's three-volume Marxist-influenced studies in Indian philosophy - distinctive materialist Indian academic perspective.,,"Sanskrit Philosophy of Mind, Self, and Consciousness",,In Copyright,studies in the history of indian philosophy,studies-in-the-history-of-indian-philosophy,language-and-sanskrit,TRUE,,,,TRUE,TRUE,,,,TRUE,,,,,,,,,TRUE,TRUE,TRUE
573,Lokayata: A Study in Ancient Indian Materialism,573-lokayata-a-study-in-ancient-indian-materialism,Debiprasad Chattopadhyaya,Chattopadhyaya's classic Lokayata - Marxist-influenced study of ancient Indian materialism and Carvaka tradition.,,"Sanskrit Philosophy of Mind, Self, and Consciousness",,In Copyright,lokayata: a study in ancient indian materialism,lokayata-a-study-in-ancient-indian-materialism,language-and-sanskrit,TRUE,,,,TRUE,TRUE,,,,TRUE,,,,,,,,,TRUE,TRUE,TRUE
574,What is Living and What is Dead in Indian Philosophy,574-what-is-living-and-what-is-dead-in-indian-philosophy,Debiprasad Chattopadhyaya,Chattopadhyaya's controversial study reclaiming materialist threads in Indian philosophy - distinctive ideological reading of darshanas.,,"Sanskrit Philosophy of Mind, Self, and Consciousness",,In Copyright,what is living and what is dead in indian philosophy,what-is-living-and-what-is-dead-in-indian-philosophy,language-and-sanskrit,TRUE,,,,TRUE,TRUE,,,TRUE,TRUE,,,,,,,,,TRUE,TRUE,TRUE
575,Indian Realism,575-indian-realism,Jadunath Sinha,Jadunath Sinha's scholarly study of Indian realism - Indian-authored academic treatment of Nyaya-Vaisheshika realist philosophy.,,"Sanskrit Philosophy of Mind, Self, and Consciousness",,In Copyright,indian realism,indian-realism,language-and-sanskrit,TRUE,,,,TRUE,TRUE,,,,TRUE,,,,,,,,,TRUE,TRUE,TRUE
576,Indian Psychology: Perception,576-indian-psychology-perception,Jadunath Sinha,Sinha's classical scholarly study of perception in Indian philosophy - Indian-authored academic work on Indian psychology of cognition.,,"Sanskrit Philosophy of Mind, Self, and Consciousness",,In Copyright,indian psychology: perception,indian-psychology-perception,language-and-sanskrit,TRUE,,,,TRUE,TRUE,,,,TRUE,,,,,,,,,TRUE,TRUE,TRUE
577,Indian Theories of Knowledge,577-indian-theories-of-knowledge,Jadunath Sinha,Sinha's classical scholarly study of Indian theories of knowledge - comprehensive Indian-authored academic treatment of pramana theory.,,"Sanskrit Philosophy of Mind, Self, and Consciousness",,In Copyright,indian theories of knowledge,indian-theories-of-knowledge,language-and-sanskrit,TRUE,,,,TRUE,TRUE,,,,TRUE,,,,,,,,,TRUE,TRUE,TRUE
578,The Doctrine of the Self in Indian Thought,578-the-doctrine-of-the-self-in-indian-thought,Sangam Lal Pandey,Sangam Lal Pandey's scholarly study of self-doctrine in Indian thought - atman across darshanas in Indian-authored academic frame.,,"Sanskrit Philosophy of Mind, Self, and Consciousness",,In Copyright,the doctrine of the self in indian thought,the-doctrine-of-the-self-in-indian-thought,language-and-sanskrit,TRUE,,,,TRUE,TRUE,,,,TRUE,,,,,,,,,TRUE,TRUE,TRUE
579,The Life Divine,579-the-life-divine,Sri Aurobindo,"Sri Aurobindo's magnum opus on integral non-dualism - vast philosophical synthesis of Vedanta, evolution, and divine manifestation in matter.","2-seeker-path,6-evolutionary-spirit",Sri Aurobindo and Integral Vision,,https://www.aurobindo.ru/workings/sa/21-22/0021-22_e.pdf,the life divine,the-life-divine,civilizational-consciousness,TRUE,TRUE,TRUE,TRUE,TRUE,TRUE,TRUE,TRUE,TRUE,TRUE,TRUE,,,,,TRUE,,,TRUE,TRUE,TRUE
580,The Synthesis of Yoga,580-the-synthesis-of-yoga,Sri Aurobindo,"Aurobindo's masterwork on integral yoga - synthesis of karma, jnana, and bhakti yogas as one path of integral spiritual practice.",6-evolutionary-spirit,Sri Aurobindo and Integral Vision,,https://www.aurobindo.ru/workings/sa/23-24/0023-24_e.pdf,the synthesis of yoga,the-synthesis-of-yoga,civilizational-consciousness,TRUE,TRUE,TRUE,TRUE,TRUE,TRUE,TRUE,TRUE,TRUE,TRUE,TRUE,,,,,TRUE,,,TRUE,TRUE,TRUE
581,The Human Cycle,581-the-human-cycle,Sri Aurobindo,Aurobindo's philosophical study of social evolution - civilizational stages from infrarational to spiritual phases of human development.,,Sri Aurobindo and Integral Vision,,https://www.aurobindo.ru/workings/sa/25/0025_e.pdf,the human cycle,the-human-cycle,civilizational-consciousness,TRUE,TRUE,TRUE,TRUE,TRUE,TRUE,TRUE,TRUE,TRUE,TRUE,TRUE,,,,,TRUE,,,TRUE,TRUE,TRUE
582,The Ideal of Human Unity,582-the-ideal-of-human-unity,Sri Aurobindo,"Aurobindo's vision of human unity - political philosophy on world federation, the spiritual destiny of humankind, and global civilization.",,Sri Aurobindo and Integral Vision,,https://www.aurobindo.ru/workings/sa/25/0025_e.pdf,the ideal of human unity,the-ideal-of-human-unity,civilizational-consciousness,TRUE,TRUE,TRUE,TRUE,TRUE,TRUE,TRUE,TRUE,TRUE,TRUE,TRUE,,,,,TRUE,,,TRUE,TRUE,TRUE
583,The Foundations of Indian Culture,583-the-foundations-of-indian-culture,Sri Aurobindo,Aurobindo's foundational essays on Indian civilization - defends Indian culture against colonial critiques in profound philosophical depth.,,Sri Aurobindo and Integral Vision,,https://www.aurobindo.ru/workings/sa/20/0020_e.pdf,the foundations of indian culture,the-foundations-of-indian-culture,civilizational-consciousness,TRUE,TRUE,TRUE,TRUE,TRUE,TRUE,TRUE,TRUE,TRUE,TRUE,TRUE,,,,,TRUE,,,TRUE,TRUE,TRUE
584,Savitri: A Legend and a Symbol,584-savitri-a-legend-and-a-symbol,Sri Aurobindo,"Aurobindo's epic 24,000-line spiritual poem on Savitri's victory over death - culmination of his integral yoga as poetic vision.",,Sri Aurobindo and Integral Vision,,https://www.aurobindo.ru/workings/sa/33-34/0033-34_e.pdf,savitri: a legend and a symbol,savitri-a-legend-and-a-symbol,civilizational-consciousness,TRUE,TRUE,TRUE,TRUE,TRUE,TRUE,TRUE,TRUE,TRUE,TRUE,TRUE,,,,,TRUE,,,TRUE,TRUE,TRUE
585,The Future Poetry,585-the-future-poetry,Sri Aurobindo,"Aurobindo's reflections on poetry, mantra, and the future of literature - integral aesthetics rooted in Indian rasa-dhvani tradition.",,Sri Aurobindo and Integral Vision,,https://www.aurobindo.ru/workings/sa/26/0026_e.pdf,the future poetry,the-future-poetry,civilizational-consciousness,TRUE,TRUE,TRUE,TRUE,TRUE,TRUE,TRUE,TRUE,TRUE,TRUE,TRUE,,,,,TRUE,,,TRUE,TRUE,TRUE
586,The Renaissance in India,586-the-renaissance-in-india,Sri Aurobindo,Aurobindo's reflections on India's spiritual rebirth - civilizational essays on the renaissance of Hindu thought in modernity.,,Sri Aurobindo and Integral Vision,,https://www.aurobindo.ru/workings/sa/20/0020_e.pdf,the renaissance in india,the-renaissance-in-india,civilizational-consciousness,TRUE,TRUE,TRUE,TRUE,TRUE,TRUE,TRUE,TRUE,TRUE,TRUE,TRUE,,,,,TRUE,,,TRUE,TRUE,TRUE
587,Letters on Yoga,587-letters-on-yoga,Sri Aurobindo (4 vols),Aurobindo's four-volume Letters on Yoga - practical sadhana correspondence with disciples on integral yoga's daily practice.,,Sri Aurobindo and Integral Vision,,https://www.aurobindo.ru/workings/sa/28-31/0028-31_e.pdf,letters on yoga,letters-on-yoga,civilizational-consciousness,TRUE,TRUE,TRUE,TRUE,TRUE,TRUE,TRUE,TRUE,TRUE,TRUE,TRUE,,,,,TRUE,,,TRUE,TRUE,TRUE
588,India's Rebirth,588-indias-rebirth,Sri Aurobindo,Aurobindo's collected nationalist essays on India's destiny - political-spiritual writings from his pre-Pondicherry revolutionary period.,,Sri Aurobindo and Integral Vision,,https://archive.org/search?query=%22India%27s%20Rebirth%22%20Sri%20Aurobindo,india's rebirth,indias-rebirth,civilizational-consciousness,TRUE,TRUE,TRUE,TRUE,TRUE,TRUE,TRUE,TRUE,TRUE,TRUE,TRUE,,,,,TRUE,,,TRUE,TRUE,TRUE
589,The Mother,589-the-mother,Sri Aurobindo,Aurobindo's brief masterwork on the divine Mother - theological text on the Shakti aspect of integral yoga sadhana.,,Sri Aurobindo and Integral Vision,,https://www.aurobindo.ru/workings/sa/32/0032_e.pdf,the mother,the-mother,civilizational-consciousness,TRUE,TRUE,TRUE,TRUE,TRUE,TRUE,TRUE,TRUE,TRUE,TRUE,TRUE,,,,,TRUE,,,TRUE,TRUE,TRUE
590,The Mother's Agenda,590-the-mothers-agenda,The Mother (Mirra Alfassa),The Mother's intimate spiritual journal of supramental experiences - record of yoga at the cellular level over thirteen years.,,Sri Aurobindo and Integral Vision,,In Copyright,the mother's agenda,the-mothers-agenda,civilizational-consciousness,TRUE,TRUE,TRUE,TRUE,TRUE,TRUE,TRUE,TRUE,TRUE,TRUE,TRUE,,,,,TRUE,,,TRUE,TRUE,TRUE
591,Sri Aurobindo: A Biography and a History,591-sri-aurobindo-a-biography-and-a-history,K. R. Srinivasa Iyengar,Iyengar's monumental scholarly biography and intellectual history of Sri Aurobindo - most comprehensive Aurobindo study available.,,Sri Aurobindo and Integral Vision,,In Copyright,sri aurobindo: a biography and a history,sri-aurobindo-a-biography-and-a-history,civilizational-consciousness,TRUE,TRUE,TRUE,TRUE,TRUE,TRUE,TRUE,TRUE,TRUE,TRUE,TRUE,,,,,TRUE,,,TRUE,TRUE,TRUE
592,Sri Aurobindo or the Adventure of Consciousness,592-sri-aurobindo-or-the-adventure-of-consciousness,Satprem,Satprem's mystical biography of Aurobindo's yoga as adventure of consciousness - accessible introduction to integral yoga practice.,,Sri Aurobindo and Integral Vision,,In Copyright,sri aurobindo or the adventure of consciousness,sri-aurobindo-or-the-adventure-of-consciousness,civilizational-consciousness,TRUE,TRUE,TRUE,TRUE,TRUE,TRUE,TRUE,TRUE,TRUE,TRUE,TRUE,,,,,TRUE,,,TRUE,TRUE,TRUE
593,The Adventure of the Supramental,593-the-adventure-of-the-supramental,Satprem,Satprem's accessible introduction to the supramental yoga - Aurobindo's later work on transformation of matter through consciousness.,,Sri Aurobindo and Integral Vision,,In Copyright,the adventure of the supramental,the-adventure-of-the-supramental,civilizational-consciousness,TRUE,TRUE,TRUE,TRUE,TRUE,TRUE,TRUE,TRUE,TRUE,TRUE,TRUE,,,,,TRUE,,,TRUE,TRUE,TRUE
594,The Mind of Light,594-the-mind-of-light,Sri Aurobindo,Aurobindo's compact statement on the supramental - concentrated philosophical exposition of his most radical yogic claim.,,Sri Aurobindo and Integral Vision,,https://archive.org/search?query=%22The%20Mind%20of%20Light%22%20Sri%20Aurobindo,the mind of light,the-mind-of-light,civilizational-consciousness,TRUE,TRUE,TRUE,TRUE,TRUE,TRUE,TRUE,TRUE,TRUE,TRUE,TRUE,,,,,TRUE,,,TRUE,TRUE,TRUE
595,The Complete Works of Swami Vivekananda,595-the-complete-works-of-swami-vivekananda,9 vols,"Swami Vivekananda's Complete Works in nine volumes - foundational corpus of modern Vedanta, lectures, letters, and writings.",2-seeker-path,"Vivekananda, Ramakrishna, and Modern Vedanta",,https://www.ramakrishnavivekananda.info/vivekananda/complete_works.htm,the complete works of swami vivekananda,the-complete-works-of-swami-vivekananda,civilizational-consciousness,TRUE,TRUE,TRUE,TRUE,TRUE,TRUE,TRUE,TRUE,TRUE,TRUE,TRUE,TRUE,,TRUE,,,,,TRUE,TRUE,TRUE
596,The Gospel of Sri Ramakrishna,596-the-gospel-of-sri-ramakrishna,Mahendranath Gupta (M.) / Swami Nikhilananda,Mahendranath Gupta's intimate Bengali record of Ramakrishna's daily teachings - supreme document of modern Indian spirituality.,,"Vivekananda, Ramakrishna, and Modern Vedanta",,https://www.belurmath.org/gospel/,the gospel of sri ramakrishna,the-gospel-of-sri-ramakrishna,civilizational-consciousness,TRUE,TRUE,TRUE,TRUE,TRUE,TRUE,TRUE,TRUE,TRUE,TRUE,TRUE,TRUE,,TRUE,,,,,TRUE,TRUE,TRUE
597,Sri Ramakrishna: The Great Master,597-sri-ramakrishna-the-great-master,Swami Saradananda,"Saradananda's authoritative biographical study of Ramakrishna - Lila Prasanga, the disciple-monk's classical hagiography.",,"Vivekananda, Ramakrishna, and Modern Vedanta",,https://archive.org/search?query=%22Sri%20Ramakrishna%22%20Swami%20Saradananda,sri ramakrishna: the great master,sri-ramakrishna-the-great-master,civilizational-consciousness,TRUE,TRUE,TRUE,TRUE,TRUE,TRUE,TRUE,TRUE,TRUE,TRUE,TRUE,TRUE,,TRUE,,,,,TRUE,TRUE,TRUE
598,Sri Ramakrishna and His Divine Play,598-sri-ramakrishna-and-his-divine-play,Swami Chetanananda,Chetanananda's accessible modern biography of Ramakrishna - recent Ramakrishna Mission account drawing on full textual sources.,,"Vivekananda, Ramakrishna, and Modern Vedanta",,https://archive.org/search?query=%22Sri%20Ramakrishna%20and%20His%20Divine%20Play%22%20Swami%20Chetanananda,sri ramakrishna and his divine play,sri-ramakrishna-and-his-divine-play,civilizational-consciousness,TRUE,TRUE,TRUE,TRUE,TRUE,TRUE,TRUE,TRUE,TRUE,TRUE,TRUE,TRUE,,TRUE,,,,,TRUE,TRUE,TRUE
599,Ramakrishna and His Disciples,599-ramakrishna-and-his-disciples,Christopher Isherwood,Christopher Isherwood's literary biography of Ramakrishna - accessible Western literary introduction to the Bengali saint.,7-awakened-hindu,"Vivekananda, Ramakrishna, and Modern Vedanta",,In Copyright,ramakrishna and his disciples,ramakrishna-and-his-disciples,civilizational-consciousness,TRUE,TRUE,TRUE,TRUE,TRUE,TRUE,TRUE,TRUE,TRUE,TRUE,TRUE,TRUE,,TRUE,,,,,TRUE,TRUE,TRUE
600,The Life of Swami Vivekananda,600-the-life-of-swami-vivekananda,His Eastern and Western Disciples (2 vols),His Eastern and Western Disciples' two-volume Vivekananda biography - definitive Ramakrishna Mission account of the swami's life.,,"Vivekananda, Ramakrishna, and Modern Vedanta",,In Copyright,the life of swami vivekananda,the-life-of-swami-vivekananda,civilizational-consciousness,TRUE,TRUE,TRUE,TRUE,TRUE,TRUE,TRUE,TRUE,TRUE,TRUE,TRUE,TRUE,,TRUE,,,,,TRUE,TRUE,TRUE
601,Vivekananda: A Biography,601-vivekananda-a-biography,Swami Nikhilananda,Swami Nikhilananda's accessible biographical study of Vivekananda - Ramakrishna Mission introductory volume on the Vedantic teacher.,,"Vivekananda, Ramakrishna, and Modern Vedanta",,https://archive.org/search?query=%22Vivekananda%22%20Swami%20Nikhilananda,vivekananda: a biography,vivekananda-a-biography,civilizational-consciousness,TRUE,TRUE,TRUE,TRUE,TRUE,TRUE,TRUE,TRUE,TRUE,TRUE,TRUE,TRUE,,TRUE,,,,,TRUE,TRUE,TRUE
602,Swami Vivekananda,602-swami-vivekananda,Sailendra Nath Dhar,Sailendra Nath Dhar's exhaustive scholarly Vivekananda biography - voluminous historical account drawing on archival sources.,,"Vivekananda, Ramakrishna, and Modern Vedanta",,In Copyright,swami vivekananda,swami-vivekananda,civilizational-consciousness,TRUE,TRUE,TRUE,TRUE,TRUE,TRUE,TRUE,TRUE,TRUE,TRUE,TRUE,TRUE,,TRUE,,,,,TRUE,TRUE,TRUE
603,The Master as I Saw Him,603-the-master-as-i-saw-him,Sister Nivedita,Sister Nivedita's intimate memoir of her Master Vivekananda - Margaret Noble's record of her guru and the Vedantic life.,7-awakened-hindu,"Vivekananda, Ramakrishna, and Modern Vedanta",,https://archive.org/details/masterasisawhim00nive,the master as i saw him,the-master-as-i-saw-him,civilizational-consciousness,TRUE,TRUE,TRUE,TRUE,TRUE,TRUE,TRUE,TRUE,TRUE,TRUE,TRUE,TRUE,,TRUE,,,,,TRUE,TRUE,TRUE
604,The Web of Indian Life,604-the-web-of-indian-life,Sister Nivedita,"Nivedita's classic 1904 Web of Indian Life - Irish-Indian disciple's meditations on Indian civilization, culture, and women.",,"Vivekananda, Ramakrishna, and Modern Vedanta",,https://archive.org/details/webofindianlife00nive,the web of indian life,the-web-of-indian-life,civilizational-consciousness,TRUE,TRUE,TRUE,TRUE,TRUE,TRUE,TRUE,TRUE,TRUE,TRUE,TRUE,TRUE,,TRUE,,,,,TRUE,TRUE,TRUE
605,Cradle Tales of Hinduism,605-cradle-tales-of-hinduism,Sister Nivedita,Nivedita's Cradle Tales of Hinduism - accessible retellings of Hindu myths and stories by the Vivekananda disciple.,,"Vivekananda, Ramakrishna, and Modern Vedanta",,https://archive.org/details/cradletalesofhin00nive,cradle tales of hinduism,cradle-tales-of-hinduism,civilizational-consciousness,TRUE,TRUE,TRUE,TRUE,TRUE,TRUE,TRUE,TRUE,TRUE,TRUE,TRUE,TRUE,,TRUE,,,,,TRUE,TRUE,TRUE
606,Footfalls of Indian History,606-footfalls-of-indian-history,Sister Nivedita,Nivedita's reflections on Indian historical figures and themes - civilizational essays from the Vivekananda disciple.,,"Vivekananda, Ramakrishna, and Modern Vedanta",,https://archive.org/details/footfallsofindia00nive,footfalls of indian history,footfalls-of-indian-history,civilizational-consciousness,TRUE,TRUE,TRUE,TRUE,TRUE,TRUE,TRUE,TRUE,TRUE,TRUE,TRUE,TRUE,,TRUE,,,,,TRUE,TRUE,TRUE
607,Hindu View of Life,607-hindu-view-of-life,S. Radhakrishnan,Radhakrishnan's classic Hindu View of Life - foundational 20th-century philosophical statement of Hindu universalism.,,"Vivekananda, Ramakrishna, and Modern Vedanta",,https://archive.org/search?query=%22Hindu%20View%20of%20Life%22%20S.%20Radhakrishnan,hindu view of life,hindu-view-of-life,civilizational-consciousness,TRUE,TRUE,TRUE,TRUE,TRUE,TRUE,TRUE,TRUE,TRUE,TRUE,TRUE,TRUE,,TRUE,,,,,TRUE,TRUE,TRUE
608,The Hindu View of Christ,608-the-hindu-view-of-christ,S. Radhakrishnan (in Eastern Religions and Western Thought),Radhakrishnan's reflections on Christ from the Hindu philosophical perspective - comparative theological essays in his major work.,,"Vivekananda, Ramakrishna, and Modern Vedanta",,https://archive.org/search?query=%22The%20Hindu%20View%20of%20Christ%22%20S.%20Radhakrishnan,the hindu view of christ,the-hindu-view-of-christ,civilizational-consciousness,TRUE,TRUE,TRUE,TRUE,TRUE,TRUE,TRUE,TRUE,TRUE,TRUE,TRUE,TRUE,,TRUE,,,,,TRUE,TRUE,TRUE
609,Eastern Religions and Western Thought,609-eastern-religions-and-western-thought,S. Radhakrishnan,Radhakrishnan's classical scholarly study comparing Eastern and Western thought - major work of cross-civilizational philosophy.,,"Vivekananda, Ramakrishna, and Modern Vedanta",,https://archive.org/search?query=%22Eastern%20Religions%20and%20Western%20Thought%22%20S.%20Radhakrishnan,eastern religions and western thought,eastern-religions-and-western-thought,civilizational-consciousness,TRUE,TRUE,TRUE,TRUE,TRUE,TRUE,TRUE,TRUE,TRUE,TRUE,TRUE,TRUE,,TRUE,,,,,TRUE,TRUE,TRUE
610,The Idealist View of Life,610-the-idealist-view-of-life,S. Radhakrishnan,Radhakrishnan's Idealist View of Life - his major philosophical statement on idealism and the spiritual nature of reality.,,"Vivekananda, Ramakrishna, and Modern Vedanta",,https://archive.org/search?query=%22The%20Idealist%20View%20of%20Life%22%20S.%20Radhakrishnan,the idealist view of life,the-idealist-view-of-life,civilizational-consciousness,TRUE,TRUE,TRUE,TRUE,TRUE,TRUE,TRUE,TRUE,TRUE,TRUE,TRUE,TRUE,,TRUE,,,,,TRUE,TRUE,TRUE
611,Recovery of Faith,611-recovery-of-faith,S. Radhakrishnan,Radhakrishnan's reflective book on faith and modern crisis - late-career meditation on religion's place in contemporary life.,,"Vivekananda, Ramakrishna, and Modern Vedanta",,https://archive.org/search?query=%22Recovery%20of%20Faith%22%20S.%20Radhakrishnan,recovery of faith,recovery-of-faith,civilizational-consciousness,TRUE,TRUE,TRUE,TRUE,TRUE,TRUE,TRUE,TRUE,TRUE,TRUE,TRUE,TRUE,,TRUE,,,,,TRUE,TRUE,TRUE
612,Religion and Society,612-religion-and-society,S. Radhakrishnan,Radhakrishnan's collected essays on religion and society - Hindu philosophical perspective on social and political questions.,,"Vivekananda, Ramakrishna, and Modern Vedanta",,https://archive.org/search?query=%22Religion%20and%20Society%22%20S.%20Radhakrishnan,religion and society,religion-and-society,civilizational-consciousness,TRUE,TRUE,TRUE,TRUE,TRUE,TRUE,TRUE,TRUE,TRUE,TRUE,TRUE,TRUE,,TRUE,,,,,TRUE,TRUE,TRUE
613,Talks with Sri Ramana Maharshi,613-talks-with-sri-ramana-maharshi,Munagala Venkataramiah,Munagala Venkataramiah's foundational Talks with Ramana Maharshi - central record of the Sage of Arunachala's daily satsang dialogues.,2-seeker-path,"Ramana Maharshi, Nisargadatta, and Modern Advaita Voices",,https://archive.org/details/talkswithsriramana,talks with sri ramana maharshi,talks-with-sri-ramana-maharshi,civilizational-consciousness,TRUE,,,,TRUE,,,,,TRUE,,,,,,,,,,TRUE,
614,Be As You Are: The Teachings of Sri Ramana Maharshi,614-be-as-you-are-the-teachings-of-sri-ramana-maharshi,David Godman,"David Godman's beautifully edited Ramana Maharshi anthology - best single-volume introduction to Ramana's teaching, organized topically.",,"Ramana Maharshi, Nisargadatta, and Modern Advaita Voices",,In Copyright,be as you are: the teachings of sri ramana maharshi,be-as-you-are-the-teachings-of-sri-ramana-maharshi,civilizational-consciousness,TRUE,,,TRUE,TRUE,,,,,TRUE,,,,,,,,,,TRUE,
615,Day by Day with Bhagavan,615-day-by-day-with-bhagavan,A. Devaraja Mudaliar,"Devaraja Mudaliar's daily diary of conversations with Ramana - intimate complementary record to Talks, full of fresh material.",,"Ramana Maharshi, Nisargadatta, and Modern Advaita Voices",,https://archive.org/search?query=%22Day%20by%20Day%20with%20Bhagavan%22%20A.%20Devaraja%20Mudaliar,day by day with bhagavan,day-by-day-with-bhagavan,civilizational-consciousness,TRUE,,TRUE,,TRUE,,,,,TRUE,,,,,,,,,,TRUE,
616,Sri Ramana Gita,616-sri-ramana-gita,Kavyakantha Ganapati Muni,Ganapati Muni's Sanskrit Ramana Gita - disciple-poet's record of philosophical dialogues with the Sage of Arunachala.,,"Ramana Maharshi, Nisargadatta, and Modern Advaita Voices",,https://archive.org/search?query=%22Sri%20Ramana%20Gita%22%20Kavyakantha%20Ganapati%20Muni,sri ramana gita,sri-ramana-gita,civilizational-consciousness,TRUE,,,,TRUE,,,,,TRUE,,,,,,,,,,TRUE,
617,Ulladu Narpadu (Forty Verses on Reality),617-ulladu-narpadu-forty-verses-on-reality,Sri Ramana (with various commentaries),"Sri Ramana's central teaching text Forty Verses on Reality - concise core statement of self-inquiry, foundational for Advaita seekers.",,"Ramana Maharshi, Nisargadatta, and Modern Advaita Voices",,https://archive.org/details/SriRamanaMaharshi-FortyVersesOnReality-UlladuNarpadu,ulladu narpadu (forty verses on reality),ulladu-narpadu-forty-verses-on-reality,civilizational-consciousness,TRUE,,,,TRUE,,,,,TRUE,,,,,,,,,,TRUE,
618,The Spiritual Teachings of Ramana Maharshi,618-the-spiritual-teachings-of-ramana-maharshi,Ramana Maharshi,Sri Ramana Maharshi's collected spiritual teachings - accessible compilation of the Sage of Arunachala's central instructions.,,"Ramana Maharshi, Nisargadatta, and Modern Advaita Voices",,In Copyright,the spiritual teachings of ramana maharshi,the-spiritual-teachings-of-ramana-maharshi,civilizational-consciousness,TRUE,,,,TRUE,,,,,TRUE,,,,,,,,,,TRUE,
619,The Mountain Path Anthology,619-the-mountain-path-anthology,Ramanasramam,Ramanasramam's collected Mountain Path articles - anthology drawn from the ashram's journal of Ramana-related scholarship and reflection.,,"Ramana Maharshi, Nisargadatta, and Modern Advaita Voices",,In Copyright,the mountain path anthology,the-mountain-path-anthology,civilizational-consciousness,TRUE,,,,TRUE,,,,,TRUE,,,,,,,,,,TRUE,
620,Ramana Maharshi and the Path of Self-Knowledge,620-ramana-maharshi-and-the-path-of-self-knowledge,Arthur Osborne,Arthur Osborne's classical biographical study of Ramana Maharshi - accessible introduction to the sage and his self-inquiry path.,,"Ramana Maharshi, Nisargadatta, and Modern Advaita Voices",,https://archive.org/search?query=%22Ramana%20Maharshi%20and%20the%20Path%20of%20Self-Knowledge%22%20Arthur%20Osborne,ramana maharshi and the path of self-knowledge,ramana-maharshi-and-the-path-of-self-knowledge,civilizational-consciousness,TRUE,,,,TRUE,,,,,TRUE,,,,,,,,,,TRUE,
621,The Collected Works of Ramana Maharshi,621-the-collected-works-of-ramana-maharshi,Arthur Osborne (ed.),Osborne's edition of Ramana's Collected Works - Sanskrit and Tamil compositions of the Sage of Arunachala in English.,,"Ramana Maharshi, Nisargadatta, and Modern Advaita Voices",,https://archive.org/details/CollectedWorksOfRamanaMaharshi,the collected works of ramana maharshi,the-collected-works-of-ramana-maharshi,civilizational-consciousness,TRUE,,,,TRUE,,,,,TRUE,,,,,,,,,,TRUE,
622,I Am That,622-i-am-that,Sri Nisargadatta Maharaj (Maurice Frydman),Maurice Frydman's translation of Nisargadatta Maharaj's I Am That - Bombay Advaita master's foundational satsang dialogues.,"2-seeker-path,10-daily-dharma","Ramana Maharshi, Nisargadatta, and Modern Advaita Voices",,https://archive.org/details/IAmThatNisargadatta,i am that,i-am-that,civilizational-consciousness,TRUE,,,,TRUE,,,,,TRUE,,,,,,,,,,TRUE,
623,Seeds of Consciousness,623-seeds-of-consciousness,Sri Nisargadatta Maharaj,Nisargadatta Maharaj's earlier teachings - preliminary Bombay satsang material on consciousness and the Absolute.,,"Ramana Maharshi, Nisargadatta, and Modern Advaita Voices",,In Copyright,seeds of consciousness,seeds-of-consciousness,civilizational-consciousness,TRUE,,,,TRUE,,,,,TRUE,,,,,,,,,,TRUE,
624,Prior to Consciousness,624-prior-to-consciousness,Sri Nisargadatta Maharaj,Nisargadatta's later teachings on consciousness's primacy - the Bombay master's mature statements before his 1981 death.,,"Ramana Maharshi, Nisargadatta, and Modern Advaita Voices",,In Copyright,prior to consciousness,prior-to-consciousness,civilizational-consciousness,TRUE,,,,TRUE,,,,,TRUE,,,,,,,,,,TRUE,
625,Consciousness and the Absolute,625-consciousness-and-the-absolute,Sri Nisargadatta Maharaj,"Nisargadatta's continued late teachings on the Absolute - companion volume to Prior to Consciousness, his final phase.",,"Ramana Maharshi, Nisargadatta, and Modern Advaita Voices",,In Copyright,consciousness and the absolute,consciousness-and-the-absolute,civilizational-consciousness,TRUE,,,,TRUE,,,,,TRUE,,,,,,,,,,TRUE,
626,The Ultimate Medicine,626-the-ultimate-medicine,Sri Nisargadatta Maharaj,Nisargadatta's late teachings on direct realization - concise satsang dialogues from his final period in Bombay.,,"Ramana Maharshi, Nisargadatta, and Modern Advaita Voices",,In Copyright,the ultimate medicine,the-ultimate-medicine,civilizational-consciousness,TRUE,,,,TRUE,,,,,TRUE,,,,,,,,,,TRUE,
627,The Nectar of Immortality,627-the-nectar-of-immortality,Sri Nisargadatta Maharaj,Nisargadatta's teachings on the immortal nature - companion volume of the Bombay Advaita master's final-phase satsangs.,,"Ramana Maharshi, Nisargadatta, and Modern Advaita Voices",,In Copyright,the nectar of immortality,the-nectar-of-immortality,civilizational-consciousness,TRUE,,,,TRUE,,,,,TRUE,,,,,,,,,,TRUE,
628,Living from the Heart,628-living-from-the-heart,Robert Adams,"Robert Adams's California satsang dialogues - American Advaita teacher in Ramana Maharshi's lineage, accessible direct teaching.",,"Ramana Maharshi, Nisargadatta, and Modern Advaita Voices",,In Copyright,living from the heart,living-from-the-heart,civilizational-consciousness,TRUE,,,,TRUE,,,,,TRUE,,,TRUE,,,,,,,TRUE,
629,Final Talks,629-final-talks,Annamalai Swami,"Annamalai Swami's final talks - Ramana disciple's late satsang dialogues, edited by David Godman with biographical context.",,"Ramana Maharshi, Nisargadatta, and Modern Advaita Voices",,In Copyright,final talks,final-talks,civilizational-consciousness,TRUE,,,,TRUE,,,,,TRUE,,,,,,,,,,TRUE,
630,Living by the Words of Bhagavan,630-living-by-the-words-of-bhagavan,David Godman,David Godman's biographical record of Annamalai Swami - Tamil Ramana disciple's life and teaching faithfully recorded.,,"Ramana Maharshi, Nisargadatta, and Modern Advaita Voices",,In Copyright,living by the words of bhagavan,living-by-the-words-of-bhagavan,civilizational-consciousness,TRUE,,,,TRUE,,,,,TRUE,,,,,,,,,,TRUE,
631,The Precepts of Jesus,631-the-precepts-of-jesus,Rammohan Roy,Rammohan Roy's reformist Christian-Hindu synthesis - controversial 1820 work attempting Vedantic-Christian theological reconciliation.,,Hindu Reform and the Long Nineteenth Century,,https://archive.org/search?query=%22The%20Precepts%20of%20Jesus%22%20Rammohan%20Roy,the precepts of jesus,the-precepts-of-jesus,dharmashastra-and-polity,,TRUE,TRUE,TRUE,TRUE,TRUE,TRUE,TRUE,TRUE,,TRUE,TRUE,TRUE,TRUE,,,,,,TRUE,TRUE
632,Translation of an Abridgement of the Vedant,632-translation-of-an-abridgement-of-the-vedant,Rammohan Roy,Roy's pioneering 1816 abridged Vedanta translation - first major Indian-authored English presentation of Vedantic philosophy.,,Hindu Reform and the Long Nineteenth Century,,https://archive.org/search?query=%22Translation%20of%20an%20Abridgement%20of%20the%20Vedant%22%20Rammohan%20Roy,translation of an abridgement of the vedant,translation-of-an-abridgement-of-the-vedant,dharmashastra-and-polity,TRUE,TRUE,TRUE,TRUE,TRUE,TRUE,TRUE,TRUE,TRUE,,TRUE,TRUE,TRUE,TRUE,,,,,,TRUE,TRUE
633,Selected Works of Raja Rammohun Roy,633-selected-works-of-raja-rammohun-roy,Sushobhan Sarkar (ed.),Sushobhan Sarkar's edited selected works of Rammohan Roy - accessible scholarly anthology of the Brahmo Samaj founder.,,Hindu Reform and the Long Nineteenth Century,,https://archive.org/details/SelectedWorksOfRajaRamMohanRoy,selected works of raja rammohun roy,selected-works-of-raja-rammohun-roy,dharmashastra-and-polity,,TRUE,TRUE,TRUE,TRUE,TRUE,TRUE,TRUE,TRUE,,TRUE,TRUE,TRUE,TRUE,,,,,,TRUE,TRUE
634,The Brahmo Samaj,634-the-brahmo-samaj,Sivanath Sastri,Sivanath Sastri's classical 1911 history of the Brahmo Samaj - foundational insider history of the Bengali reform movement.,,Hindu Reform and the Long Nineteenth Century,,https://archive.org/details/historyofbrahmos00sast,the brahmo samaj,the-brahmo-samaj,dharmashastra-and-polity,,TRUE,TRUE,TRUE,TRUE,TRUE,TRUE,TRUE,TRUE,,TRUE,TRUE,TRUE,TRUE,,,,,,TRUE,TRUE
635,Autobiography of Maharshi Devendranath Tagore,635-autobiography-of-maharshi-devendranath-tagore,Devendranath Tagore,"Devendranath Tagore's autobiography - Brahmo Samaj second-generation leader and Rabindranath Tagore's father, religious reformer.",,Hindu Reform and the Long Nineteenth Century,,https://archive.org/search?query=%22Autobiography%20of%20Maharshi%20Devendranath%20Tagore%22%20Devendranath%20Tagore,autobiography of maharshi devendranath tagore,autobiography-of-maharshi-devendranath-tagore,dharmashastra-and-polity,,TRUE,TRUE,TRUE,TRUE,TRUE,TRUE,TRUE,TRUE,,TRUE,TRUE,TRUE,TRUE,,,,,,TRUE,TRUE
636,The Life and Letters of Keshub Chunder Sen,636-the-life-and-letters-of-keshub-chunder-sen,P. C. Mozoomdar,Mozoomdar's biographical study of Keshub Chunder Sen - controversial third-generation Brahmo leader who courted Christianity.,,Hindu Reform and the Long Nineteenth Century,,In Copyright,the life and letters of keshub chunder sen,the-life-and-letters-of-keshub-chunder-sen,dharmashastra-and-polity,,TRUE,TRUE,TRUE,TRUE,TRUE,TRUE,TRUE,TRUE,,TRUE,TRUE,TRUE,TRUE,,,,,,TRUE,TRUE
637,Satyarth Prakash,637-satyarth-prakash,Swami Dayananda Saraswati,Dayananda Saraswati's Satyarth Prakash - Arya Samaj founder's foundational 1875 statement of Vedic monotheist reform.,,Hindu Reform and the Long Nineteenth Century,,https://archive.org/details/satyarthprakash00sara,satyarth prakash,satyarth-prakash,dharmashastra-and-polity,,TRUE,TRUE,TRUE,TRUE,TRUE,TRUE,TRUE,TRUE,,TRUE,TRUE,TRUE,TRUE,,,,,,TRUE,TRUE
638,The Light of Truth,638-the-light-of-truth,Swami Dayananda Saraswati (Satyarth Prakash trans.),"Light of Truth - alternate English translation of Dayananda's Satyarth Prakash, Arya Samaj's foundational manifesto.",,Hindu Reform and the Long Nineteenth Century,,https://archive.org/details/lightoftruth00sara,the light of truth,the-light-of-truth,dharmashastra-and-polity,,TRUE,TRUE,TRUE,TRUE,TRUE,TRUE,TRUE,TRUE,,TRUE,TRUE,TRUE,TRUE,,,,,,TRUE,TRUE
639,Dayananda Saraswati: His Life and Ideas,639-dayananda-saraswati-his-life-and-ideas,J. T. F. Jordens,J. T. F. Jordens's scholarly biography of Dayananda Saraswati - definitive academic study of the Arya Samaj founder.,,Hindu Reform and the Long Nineteenth Century,,In Copyright,dayananda saraswati: his life and ideas,dayananda-saraswati-his-life-and-ideas,dharmashastra-and-polity,,TRUE,TRUE,TRUE,TRUE,TRUE,TRUE,TRUE,TRUE,,TRUE,TRUE,TRUE,TRUE,,,,,,TRUE,TRUE
640,The Arya Samaj,640-the-arya-samaj,Lala Lajpat Rai,Lala Lajpat Rai's classical study of the Arya Samaj - second-generation insider account of Dayananda's reform movement.,,Hindu Reform and the Long Nineteenth Century,,In Copyright,the arya samaj,the-arya-samaj,dharmashastra-and-polity,,TRUE,TRUE,TRUE,TRUE,TRUE,TRUE,TRUE,TRUE,,TRUE,TRUE,TRUE,TRUE,,,,,,TRUE,TRUE
641,The Theosophical Movement,641-the-theosophical-movement,Charles J. Ryan,Charles Ryan's classical Theosophical Society history - sympathetic insider account of the movement and its Indian connections.,,Hindu Reform and the Long Nineteenth Century,,In Copyright,the theosophical movement,the-theosophical-movement,dharmashastra-and-polity,,TRUE,TRUE,TRUE,TRUE,TRUE,TRUE,TRUE,TRUE,,TRUE,TRUE,TRUE,TRUE,,,,,,TRUE,TRUE
642,Studies in the History of the Indian Renaissance,642-studies-in-the-history-of-the-indian-renaissance,David Kopf,David Kopf's scholarly studies of the Bengal Renaissance - academic essays on 19th-century Indian intellectual reform.,,Hindu Reform and the Long Nineteenth Century,,In Copyright,studies in the history of the indian renaissance,studies-in-the-history-of-the-indian-renaissance,dharmashastra-and-polity,,TRUE,TRUE,TRUE,TRUE,TRUE,TRUE,TRUE,TRUE,,TRUE,TRUE,TRUE,TRUE,,,,,,TRUE,TRUE
643,The Brahmo Samaj and the Shaping of the Modern Indian Mind,643-the-brahmo-samaj-and-the-shaping-of-the-modern-indian-mind,David Kopf,Kopf's scholarly study of the Brahmo Samaj - definitive academic work on the movement and modern Indian thought.,,Hindu Reform and the Long Nineteenth Century,,In Copyright,the brahmo samaj and the shaping of the modern indian mind,the-brahmo-samaj-and-the-shaping-of-the-modern-indian-mind,dharmashastra-and-polity,,TRUE,TRUE,TRUE,TRUE,TRUE,TRUE,TRUE,TRUE,,TRUE,TRUE,TRUE,TRUE,,,,,,TRUE,TRUE
644,British Orientalism and the Bengal Renaissance,644-british-orientalism-and-the-bengal-renaissance,David Kopf,"Kopf's classical academic study of British Orientalism in Bengal - Indology's role in shaping Indian modernity, foundational text.",,Hindu Reform and the Long Nineteenth Century,,In Copyright,british orientalism and the bengal renaissance,british-orientalism-and-the-bengal-renaissance,dharmashastra-and-polity,,TRUE,TRUE,TRUE,TRUE,TRUE,TRUE,TRUE,TRUE,,TRUE,TRUE,TRUE,TRUE,,,,,,TRUE,TRUE
645,The Ideologies of the Raj,645-the-ideologies-of-the-raj,Thomas R. Metcalf,Thomas Metcalf's scholarly study of Raj ideologies - academic work on British colonial governance and its civilizational claims.,,Hindu Reform and the Long Nineteenth Century,,In Copyright,the ideologies of the raj,the-ideologies-of-the-raj,dharmashastra-and-polity,,TRUE,TRUE,TRUE,TRUE,TRUE,TRUE,TRUE,TRUE,,TRUE,TRUE,TRUE,TRUE,,,,,,TRUE,TRUE
646,The Discovery of India,646-the-discovery-of-india,Jawaharlal Nehru,Nehru's Discovery of India - foundational 1946 Congress statement of secular Indian civilizational nationalism written in prison.,,Hindu Reform and the Long Nineteenth Century,,https://archive.org/details/DiscoveryOfIndia,the discovery of india,the-discovery-of-india,dharmashastra-and-polity,,TRUE,TRUE,TRUE,TRUE,TRUE,TRUE,TRUE,TRUE,,TRUE,TRUE,TRUE,TRUE,,,,,,TRUE,TRUE
647,Hind Swaraj,647-hind-swaraj,M. K. Gandhi,Gandhi's pivotal 1909 Hind Swaraj - radical critique of modern civilization and statement of swaraj as moral self-rule.,,Hindu Reform and the Long Nineteenth Century,,https://www.mkgandhi.org/ebks/hind_swaraj.pdf,hind swaraj,hind-swaraj,dharmashastra-and-polity,,TRUE,TRUE,TRUE,TRUE,TRUE,TRUE,TRUE,TRUE,,TRUE,TRUE,TRUE,TRUE,,,,,,TRUE,TRUE
648,The Story of My Experiments with Truth,648-the-story-of-my-experiments-with-truth,M. K. Gandhi,Gandhi's autobiographical My Experiments with Truth - Mahatma's reflective account of his evolving moral and spiritual practice.,,Hindu Reform and the Long Nineteenth Century,,https://www.mkgandhi.org/ebks/An%20Autobiography.pdf,the story of my experiments with truth,the-story-of-my-experiments-with-truth,dharmashastra-and-polity,,TRUE,TRUE,TRUE,TRUE,TRUE,TRUE,TRUE,TRUE,,TRUE,TRUE,TRUE,TRUE,,,,,,TRUE,TRUE
649,From Yeravda Mandir,649-from-yeravda-mandir,M. K. Gandhi,Gandhi's From Yeravda Mandir - short prison meditations on the eleven yamas and niyamas of his ashram disciplines.,,Hindu Reform and the Long Nineteenth Century,,https://archive.org/search?query=%22From%20Yeravda%20Mandir%22%20M.%20K.%20Gandhi,from yeravda mandir,from-yeravda-mandir,dharmashastra-and-polity,,TRUE,TRUE,TRUE,TRUE,TRUE,TRUE,TRUE,TRUE,TRUE,TRUE,TRUE,TRUE,TRUE,,,,,,TRUE,TRUE
650,Anasakti Yoga,650-anasakti-yoga,M. K. Gandhi,"Gandhi's Anasakti Yoga - his Gujarati-English Bhagavad Gita translation and commentary, the Gita as karma yoga of non-attachment.",,Hindu Reform and the Long Nineteenth Century,,https://archive.org/search?query=%22Anasakti%20Yoga%22%20M.%20K.%20Gandhi,anasakti yoga,anasakti-yoga,dharmashastra-and-polity,,TRUE,TRUE,TRUE,TRUE,TRUE,TRUE,TRUE,TRUE,TRUE,TRUE,TRUE,TRUE,TRUE,,,,,,TRUE,TRUE
651,The Eternal Religion,651-the-eternal-religion,Ananda Coomaraswamy,Coomaraswamy's foundational essays on Sanatana Dharma - Ceylon-American philosopher's perennialist statement of eternal religion.,,Civilizational and Indic Studies - Indian Voices,,https://archive.org/search?query=%22The%20Eternal%20Religion%22%20Ananda%20Coomaraswamy,the eternal religion,the-eternal-religion,civilizational-consciousness,TRUE,TRUE,TRUE,TRUE,TRUE,TRUE,TRUE,TRUE,TRUE,,TRUE,TRUE,TRUE,TRUE,TRUE,TRUE,,,TRUE,TRUE,TRUE
652,The Dance of Shiva,652-the-dance-of-shiva,Ananda Coomaraswamy,Coomaraswamy's celebrated essays on Indian art and aesthetics - including the famous Dance of Shiva on Nataraja's cosmic symbolism.,,Civilizational and Indic Studies - Indian Voices,,https://archive.org/details/danceofshiva014159mbp,the dance of shiva,the-dance-of-shiva,civilizational-consciousness,TRUE,TRUE,TRUE,TRUE,TRUE,TRUE,TRUE,TRUE,TRUE,,TRUE,TRUE,TRUE,TRUE,TRUE,TRUE,,,TRUE,TRUE,TRUE
653,Hinduism and Buddhism,653-hinduism-and-buddhism,Ananda Coomaraswamy,Coomaraswamy's scholarly comparative study of Hinduism and Buddhism - perennialist reading emphasizing their shared metaphysical core.,,Civilizational and Indic Studies - Indian Voices,,https://archive.org/details/HinduismAndBuddhism_201702,hinduism and buddhism,hinduism-and-buddhism,civilizational-consciousness,TRUE,TRUE,TRUE,TRUE,TRUE,TRUE,TRUE,TRUE,TRUE,,TRUE,TRUE,TRUE,TRUE,TRUE,TRUE,,,TRUE,TRUE,TRUE
654,The Transformation of Nature in Art,654-the-transformation-of-nature-in-art,Ananda Coomaraswamy,Coomaraswamy's classical study of the philosophy of art in Indian tradition - symbolism and the role of art as spiritual transformation.,,Civilizational and Indic Studies - Indian Voices,,https://archive.org/search?query=%22The%20Transformation%20of%20Nature%20in%20Art%22%20Ananda%20Coomaraswamy,the transformation of nature in art,the-transformation-of-nature-in-art,civilizational-consciousness,TRUE,TRUE,TRUE,TRUE,TRUE,TRUE,TRUE,TRUE,TRUE,,TRUE,TRUE,TRUE,TRUE,TRUE,TRUE,,,TRUE,TRUE,TRUE
655,Christian and Oriental Philosophy of Art,655-christian-and-oriental-philosophy-of-art,Ananda Coomaraswamy,"Coomaraswamy's foundational comparative aesthetics - Indian, medieval Christian, and traditional civilizational philosophy of art.",,Civilizational and Indic Studies - Indian Voices,,https://archive.org/search?query=%22Christian%20and%20Oriental%20Philosophy%20of%20Art%22%20Ananda%20Coomaraswamy,christian and oriental philosophy of art,christian-and-oriental-philosophy-of-art,civilizational-consciousness,TRUE,TRUE,TRUE,TRUE,TRUE,TRUE,TRUE,TRUE,TRUE,,TRUE,TRUE,TRUE,TRUE,TRUE,TRUE,,,TRUE,TRUE,TRUE
656,Time and Eternity,656-time-and-eternity,Ananda Coomaraswamy,"Coomaraswamy's metaphysical study of time and eternity in Indian tradition - kala, kshana, and the Vedantic transcendence of time.",,Civilizational and Indic Studies - Indian Voices,,https://archive.org/details/timeandeternity030682mbp,time and eternity,time-and-eternity,civilizational-consciousness,TRUE,TRUE,TRUE,TRUE,TRUE,TRUE,TRUE,TRUE,TRUE,,TRUE,TRUE,TRUE,TRUE,TRUE,TRUE,,,TRUE,TRUE,TRUE
657,Spiritual Authority and Temporal Power in the Indian Theory of Government,657-spiritual-authority-and-temporal-power-in-the-indian-theory-of-government,Ananda Coomaraswamy,Coomaraswamy's Sanskrit-Indian political philosophy - sacerdotal and royal power in Vedic and dharmic civilizational theory.,,Civilizational and Indic Studies - Indian Voices,,https://archive.org/search?query=%22Spiritual%20Authority%20and%20Temporal%20Power%20in%20the%20Indian%20Theory%20of%20Government%22%20Ananda%20Coomaraswamy,spiritual authority and temporal power in the indian theory of government,spiritual-authority-and-temporal-power-in-the-indian-theory-of-government,civilizational-consciousness,TRUE,TRUE,TRUE,TRUE,TRUE,TRUE,TRUE,TRUE,TRUE,,TRUE,TRUE,TRUE,TRUE,TRUE,TRUE,,,TRUE,TRUE,TRUE
658,Yakshas,658-yakshas,Ananda Coomaraswamy,"Coomaraswamy's classical scholarly study of Yakshas - early Indian iconography of nature spirits, foundational Indological work.",,Civilizational and Indic Studies - Indian Voices,,https://archive.org/details/yaksas01coomuoft,yakshas,yakshas,civilizational-consciousness,TRUE,TRUE,TRUE,TRUE,TRUE,TRUE,TRUE,TRUE,TRUE,,TRUE,TRUE,TRUE,TRUE,TRUE,TRUE,,,TRUE,TRUE,TRUE
659,The Bugbear of Literacy,659-the-bugbear-of-literacy,Ananda Coomaraswamy,Coomaraswamy's celebrated essay collection on traditional civilization - sharp critique of modern industrial education and culture.,,Civilizational and Indic Studies - Indian Voices,,https://archive.org/search?query=%22The%20Bugbear%20of%20Literacy%22%20Ananda%20Coomaraswamy,the bugbear of literacy,the-bugbear-of-literacy,civilizational-consciousness,TRUE,TRUE,TRUE,TRUE,TRUE,TRUE,TRUE,TRUE,TRUE,,TRUE,TRUE,TRUE,TRUE,TRUE,TRUE,,,TRUE,TRUE,TRUE
660,Am I My Brother's Keeper?,660-am-i-my-brothers-keeper,Ananda Coomaraswamy,Coomaraswamy's collection of philosophical-cultural essays - perennialist civilizational reflections in his characteristic learned style.,,Civilizational and Indic Studies - Indian Voices,,https://archive.org/search?query=%22Am%20I%20My%20Brother%27s%20Keeper%3F%22%20Ananda%20Coomaraswamy,am i my brother's keeper?,am-i-my-brothers-keeper,civilizational-consciousness,TRUE,TRUE,TRUE,TRUE,TRUE,TRUE,TRUE,TRUE,TRUE,,TRUE,TRUE,TRUE,TRUE,TRUE,TRUE,,,TRUE,TRUE,TRUE
661,Selected Papers,661-selected-papers,"Ananda Coomaraswamy (Roger Lipsey ed., 3 vols)",Roger Lipsey's three-volume edition of Coomaraswamy's selected papers - definitive scholarly anthology of his collected work.,,Civilizational and Indic Studies - Indian Voices,,https://archive.org/search?query=%22Selected%20Papers%22%20Ananda%20Coomaraswamy,selected papers,selected-papers,civilizational-consciousness,TRUE,TRUE,TRUE,TRUE,TRUE,TRUE,TRUE,TRUE,TRUE,,TRUE,TRUE,TRUE,TRUE,TRUE,TRUE,,,TRUE,TRUE,TRUE
662,The Wonder That Was India,662-the-wonder-that-was-india,A. L. Basham,A. L. Basham's classical 1954 The Wonder That Was India - beloved single-volume Western academic survey of ancient Indian civilization.,,Civilizational and Indic Studies - Indian Voices,,https://archive.org/details/in.ernet.dli.2015.131811,the wonder that was india,the-wonder-that-was-india,civilizational-consciousness,TRUE,TRUE,TRUE,TRUE,TRUE,TRUE,TRUE,TRUE,TRUE,,TRUE,TRUE,TRUE,TRUE,TRUE,TRUE,,,TRUE,TRUE,TRUE
663,The Origins and Development of Classical Hinduism,663-the-origins-and-development-of-classical-hinduism,A. L. Basham,Basham's posthumous 1989 study of classical Hinduism's origins and development - scholarly survey from leading mid-century Indologist.,,Civilizational and Indic Studies - Indian Voices,,In Copyright,the origins and development of classical hinduism,the-origins-and-development-of-classical-hinduism,civilizational-consciousness,TRUE,TRUE,TRUE,TRUE,TRUE,TRUE,TRUE,TRUE,TRUE,,TRUE,TRUE,TRUE,TRUE,TRUE,TRUE,,,TRUE,TRUE,TRUE
664,Ancient Indian Tradition and Mythology,664-ancient-indian-tradition-and-mythology,Bibek Debroy & Dipavali Debroy,Bibek Debroy and Dipavali Debroy's accessible introductions to ancient Indian texts - useful gateway scholarly volumes for general readers.,,Civilizational and Indic Studies - Indian Voices,,In Copyright,ancient indian tradition and mythology,ancient-indian-tradition-and-mythology,civilizational-consciousness,TRUE,TRUE,TRUE,TRUE,TRUE,TRUE,TRUE,TRUE,TRUE,,TRUE,TRUE,TRUE,TRUE,TRUE,TRUE,,,TRUE,TRUE,TRUE
665,India: A Sacred Geography,665-india-a-sacred-geography,Diana Eck,"Diana Eck's beautiful scholarly study of India as sacred geography - landscape, tirtha, and devi-bhumi in Indian religious imagination.",,Civilizational and Indic Studies - Indian Voices,,In Copyright,india: a sacred geography,india-a-sacred-geography,civilizational-consciousness,TRUE,TRUE,TRUE,TRUE,TRUE,TRUE,TRUE,TRUE,TRUE,,TRUE,TRUE,TRUE,TRUE,TRUE,TRUE,,,TRUE,TRUE,TRUE
666,Banaras: City of Light,666-banaras-city-of-light,Diana Eck,"Eck's classic scholarly study of Banaras as sacred city - Kashi, ghats, temples, and the holiest of Hindu pilgrimage centers.",,Civilizational and Indic Studies - Indian Voices,,In Copyright,banaras: city of light,banaras-city-of-light,civilizational-consciousness,TRUE,TRUE,TRUE,TRUE,TRUE,TRUE,TRUE,TRUE,TRUE,,TRUE,TRUE,TRUE,TRUE,TRUE,TRUE,,,TRUE,TRUE,TRUE
667,Darsan: Seeing the Divine Image in India,667-darsan-seeing-the-divine-image-in-india,Diana Eck,Eck's foundational scholarly study of darshan - the Hindu practice of seeing and being seen by the divine in temple worship.,,Civilizational and Indic Studies - Indian Voices,,In Copyright,darsan: seeing the divine image in india,darsan-seeing-the-divine-image-in-india,civilizational-consciousness,TRUE,TRUE,TRUE,TRUE,TRUE,TRUE,TRUE,TRUE,TRUE,,TRUE,TRUE,TRUE,TRUE,TRUE,TRUE,,,TRUE,TRUE,TRUE
668,The Hindu Pantheon,668-the-hindu-pantheon,Edward Moor,"Edward Moor's classical 1810 Hindu Pantheon - foundational early Indological iconographic study of the Hindu gods, period source.",,Civilizational and Indic Studies - Indian Voices,,https://archive.org/details/hindupantheon00moor,the hindu pantheon,the-hindu-pantheon,civilizational-consciousness,TRUE,TRUE,TRUE,TRUE,TRUE,TRUE,TRUE,TRUE,TRUE,,TRUE,TRUE,TRUE,TRUE,TRUE,TRUE,,,TRUE,TRUE,TRUE
669,The Soul of India,669-the-soul-of-india,Bipin Chandra Pal,Bipin Chandra Pal's classical Indian-authored civilizational study - Bengali nationalist on India's spiritual and political soul.,,Civilizational and Indic Studies - Indian Voices,,https://archive.org/search?query=%22The%20Soul%20of%20India%22%20Bipin%20Chandra%20Pal,the soul of india,the-soul-of-india,civilizational-consciousness,TRUE,TRUE,TRUE,TRUE,TRUE,TRUE,TRUE,TRUE,TRUE,,TRUE,TRUE,TRUE,TRUE,TRUE,TRUE,,,TRUE,TRUE,TRUE
670,Bharata Shakti,670-bharata-shakti,Bipin Chandra Pal,Pal's reflections on India's distinctive civilizational power - Indian-authored political-spiritual nationalism from the early 20th century.,,Civilizational and Indic Studies - Indian Voices,,https://archive.org/search?query=%22Bharata%20Shakti%22%20Bipin%20Chandra%20Pal,bharata shakti,bharata-shakti,civilizational-consciousness,TRUE,TRUE,TRUE,TRUE,TRUE,TRUE,TRUE,TRUE,TRUE,,TRUE,TRUE,TRUE,TRUE,TRUE,TRUE,,,TRUE,TRUE,TRUE
671,India's Past,671-indias-past,A. A. Macdonell,A. A. Macdonell's classical Indological survey of India's past - historic Western academic introduction now superseded but historically significant.,,Civilizational and Indic Studies - Indian Voices,,https://archive.org/details/indiaspastsurvey0000macd,india's past,indias-past,civilizational-consciousness,TRUE,TRUE,TRUE,TRUE,TRUE,TRUE,TRUE,TRUE,TRUE,,TRUE,TRUE,TRUE,TRUE,TRUE,TRUE,,,TRUE,TRUE,TRUE
672,Aspects of Hindu Civilization,672-aspects-of-hindu-civilization,Devesh Soneji (ed.),Devesh Soneji's edited scholarly volume on Hindu civilization - academic essays on contemporary aspects of Hindu cultural life.,,Civilizational and Indic Studies - Indian Voices,,In Copyright,aspects of hindu civilization,aspects-of-hindu-civilization,civilizational-consciousness,TRUE,TRUE,TRUE,TRUE,TRUE,TRUE,TRUE,TRUE,TRUE,,TRUE,TRUE,TRUE,TRUE,TRUE,TRUE,,,TRUE,TRUE,TRUE
673,The Hindu Mind,673-the-hindu-mind,Bansi Pandit,Bansi Pandit's accessible introductory book on Hindu philosophy and practice - clear modern primer for general readers.,,Civilizational and Indic Studies - Indian Voices,,In Copyright,the hindu mind,the-hindu-mind,civilizational-consciousness,TRUE,TRUE,TRUE,TRUE,TRUE,TRUE,TRUE,TRUE,TRUE,,TRUE,TRUE,TRUE,TRUE,TRUE,TRUE,,,TRUE,TRUE,TRUE
674,Eternal India,674-eternal-india,Indira Gandhi,Indira Gandhi's Eternal India - published reflection on civilizational continuity from India's third Prime Minister.,,Civilizational and Indic Studies - Indian Voices,,https://archive.org/search?query=%22Eternal%20India%22%20Indira%20Gandhi,eternal india,eternal-india,civilizational-consciousness,TRUE,TRUE,TRUE,TRUE,TRUE,TRUE,TRUE,TRUE,TRUE,,TRUE,TRUE,TRUE,TRUE,TRUE,TRUE,,,TRUE,TRUE,TRUE
675,Indian Renaissance,675-indian-renaissance,Sri Aurobindo (already listed; the multi-essay collection),Aurobindo's collected Indian Renaissance essays - Foundations of Indian Culture's complementary collection on civilizational rebirth.,,Civilizational and Indic Studies - Indian Voices,,https://archive.org/search?query=%22Indian%20Renaissance%22%20Sri%20Aurobindo,indian renaissance,indian-renaissance,civilizational-consciousness,TRUE,TRUE,TRUE,TRUE,TRUE,TRUE,TRUE,TRUE,TRUE,TRUE,TRUE,TRUE,TRUE,TRUE,TRUE,TRUE,,,TRUE,TRUE,TRUE
676,The Rise of the Indian Civilization,676-the-rise-of-the-indian-civilization,D. P. Singhal,D. P. Singhal's scholarly civilizational study of India's rise - Indian-authored academic perspective on civilizational history.,,Civilizational and Indic Studies - Indian Voices,,In Copyright,the rise of the indian civilization,the-rise-of-the-indian-civilization,civilizational-consciousness,TRUE,TRUE,TRUE,TRUE,TRUE,TRUE,TRUE,TRUE,TRUE,,TRUE,TRUE,TRUE,TRUE,TRUE,TRUE,,,TRUE,TRUE,TRUE
677,India and World Civilization,677-india-and-world-civilization,D. P. Singhal (2 vols),Singhal's two-volume India and World Civilization - Indian-authored study of India's interactions with global civilizations.,,Civilizational and Indic Studies - Indian Voices,,In Copyright,india and world civilization,india-and-world-civilization,civilizational-consciousness,TRUE,TRUE,TRUE,TRUE,TRUE,TRUE,TRUE,TRUE,TRUE,,TRUE,TRUE,TRUE,TRUE,TRUE,TRUE,,,TRUE,TRUE,TRUE
678,The Indus Civilization,678-the-indus-civilization,Mortimer Wheeler,"Mortimer Wheeler's classical 1953 Indus Civilization - foundational older Western archaeological study, now scholarly contested.",,Civilizational and Indic Studies - Indian Voices,,https://archive.org/details/induscivilizatio00wheerich,the indus civilization,the-indus-civilization,civilizational-consciousness,TRUE,TRUE,TRUE,TRUE,TRUE,TRUE,TRUE,TRUE,TRUE,,TRUE,TRUE,TRUE,TRUE,TRUE,TRUE,,,TRUE,TRUE,TRUE
679,The Indus Civilization: A Contemporary Perspective,679-the-indus-civilization-a-contemporary-perspective,Gregory Possehl,Gregory Possehl's modern scholarly study of the Indus Civilization - definitive contemporary archaeological synthesis on Sindhu-Sarasvati.,,Civilizational and Indic Studies - Indian Voices,,In Copyright,the indus civilization: a contemporary perspective,the-indus-civilization-a-contemporary-perspective,civilizational-consciousness,TRUE,TRUE,TRUE,TRUE,TRUE,TRUE,TRUE,TRUE,TRUE,,TRUE,TRUE,TRUE,TRUE,TRUE,TRUE,,,TRUE,TRUE,TRUE
680,The Indus Saga and the Making of Pakistan,680-the-indus-saga-and-the-making-of-pakistan,Aitzaz Ahsan (counterpoint reading),"Aitzaz Ahsan's Pakistani counterpoint reading - argues Indus Civilization's continuity belongs to Pakistan, not India.",,Civilizational and Indic Studies - Indian Voices,,In Copyright,the indus saga and the making of pakistan,the-indus-saga-and-the-making-of-pakistan,civilizational-consciousness,TRUE,TRUE,TRUE,TRUE,TRUE,TRUE,TRUE,TRUE,TRUE,,TRUE,TRUE,TRUE,TRUE,TRUE,TRUE,,,TRUE,TRUE,TRUE
681,Foundations of Indian Culture,681-foundations-of-indian-culture,Shri KM Munshi,"Shri KM Munshi details the basic tenets of Indian civilization, with the emic lens only he can bring.",,Civilizational and Indic Studies - Indian Voices,,,foundations of indian culture,foundations-of-indian-culture,civilizational-consciousness,TRUE,TRUE,TRUE,TRUE,TRUE,TRUE,TRUE,TRUE,TRUE,,TRUE,TRUE,TRUE,TRUE,TRUE,TRUE,,,TRUE,TRUE,TRUE
682,The Lost River: On the Trail of the Sarasvati,682-the-lost-river-on-the-trail-of-the-sarasvati,Michel Danino,Michel Danino's celebrated scholarly study of the Sarasvati River - definitive case for the Vedic river's geographic and historical reality.,3-intellectual-path,Sindhu-Sarasvati and the Indo-European Question,,In Copyright,the lost river: on the trail of the sarasvati,the-lost-river-on-the-trail-of-the-sarasvati,sindhu-sarasvati-and-origins,,TRUE,,,,,,,TRUE,,,,,,,,,,,,TRUE
683,Indian Culture and India's Future,683-indian-culture-and-indias-future,Michel Danino,Danino's reflections on Indian civilization's deep continuity - accessible scholarly meditation on cultural and historical themes.,,Sindhu-Sarasvati and the Indo-European Question,,In Copyright,indian culture and india's future,indian-culture-and-indias-future,sindhu-sarasvati-and-origins,,TRUE,,,,,,,TRUE,TRUE,,,,,,,,,,,TRUE
684,The Invasion That Never Was,684-the-invasion-that-never-was,Michel Danino,Danino's accessible Indian Cultural Argument against Aryan Invasion Theory - popular-academic treatment of the migration debate.,,Sindhu-Sarasvati and the Indo-European Question,,In Copyright,the invasion that never was,the-invasion-that-never-was,sindhu-sarasvati-and-origins,,TRUE,,,,,,,TRUE,,,,,,,,,,,,TRUE
685,The Sarasvati Flows On,685-the-sarasvati-flows-on,B. B. Lal,B. B. Lal's later scholarly work on Sarasvati civilization - distinguished Indian archaeologist's case for Vedic-Harappan continuity.,,Sindhu-Sarasvati and the Indo-European Question,,In Copyright,the sarasvati flows on,the-sarasvati-flows-on,sindhu-sarasvati-and-origins,,TRUE,,,,,,,TRUE,,,,,,,,,,,,TRUE
686,Rigvedic Aryans and the Saraswati-Sindhu Civilization,686-rigvedic-aryans-and-the-saraswati-sindhu-civilization,B. B. Lal,Lal's scholarly archaeological study of Rigvedic Aryans and Saraswati-Sindhu civilization - Indian-authored continuity argument.,,Sindhu-Sarasvati and the Indo-European Question,,In Copyright,rigvedic aryans and the saraswati-sindhu civilization,rigvedic-aryans-and-the-saraswati-sindhu-civilization,sindhu-sarasvati-and-origins,,TRUE,,,,,,,TRUE,,,,,,,,,,,,TRUE
687,The Earliest Civilisation of South Asia,687-the-earliest-civilisation-of-south-asia,B. B. Lal,Lal's broad scholarly survey of South Asia's earliest civilization - Indian archaeological perspective on Indus-Sarasvati origins.,,Sindhu-Sarasvati and the Indo-European Question,,In Copyright,the earliest civilisation of south asia,the-earliest-civilisation-of-south-asia,sindhu-sarasvati-and-origins,,TRUE,,,,,,,TRUE,,,,,,,,,,,,TRUE
688,India 1947–1997: New Light on the Indus Civilization,688-india-1947–1997-new-light-on-the-indus-civilization,B. B. Lal,Lal's collected scholarly essays on the Indus Civilization - fifty years of Indian archaeological perspective on Harappan studies.,,Sindhu-Sarasvati and the Indo-European Question,,In Copyright,india 1947–1997: new light on the indus civilization,india-1947–1997-new-light-on-the-indus-civilization,sindhu-sarasvati-and-origins,,TRUE,,,,,,,TRUE,,,,,,,,,,,,TRUE
689,Homeland of the Aryans,689-homeland-of-the-aryans,Talageri Shrikant,Shrikant Talageri's scholarly Out-of-India argument - controversial linguistic-textual case for Indo-European homeland in northern India.,,Sindhu-Sarasvati and the Indo-European Question,,In Copyright,homeland of the aryans,homeland-of-the-aryans,sindhu-sarasvati-and-origins,,TRUE,,,,,,,TRUE,,,,,,,,,,,,TRUE
690,The Rigveda: A Historical Analysis,690-the-rigveda-a-historical-analysis,Shrikant Talageri,Talageri's scholarly Rigvedic chronological analysis - Indian-authored case using internal Rig Veda evidence to date Vedic civilization.,,Sindhu-Sarasvati and the Indo-European Question,,https://archive.org/search?query=%22The%20Rigveda%22%20Shrikant%20Talageri,the rigveda: a historical analysis,the-rigveda-a-historical-analysis,sindhu-sarasvati-and-origins,,TRUE,,,,,,,TRUE,,,,,,,,,,,,TRUE
691,The Rigveda and the Avesta,691-the-rigveda-and-the-avesta,Shrikant Talageri,Talageri's comparative study of the Rigveda and the Iranian Avesta - Indian-authored argument on Indo-Iranian textual relationship.,,Sindhu-Sarasvati and the Indo-European Question,,https://archive.org/search?query=%22The%20Rigveda%20and%20the%20Avesta%22%20Shrikant%20Talageri,the rigveda and the avesta,the-rigveda-and-the-avesta,sindhu-sarasvati-and-origins,,TRUE,,,,,,,TRUE,,,,,,,,,,,,TRUE
692,"Genetics, Geology, and the Aryan Debate","692-genetics,-geology,-and-the-aryan-debate",Shrikant Talageri (essays),"Talageri's collected essays on genetics, geology, and the Aryan question - controversial Indian-authored intervention in migration debate.",,Sindhu-Sarasvati and the Indo-European Question,,In Copyright,"genetics, geology, and the aryan debate","genetics,-geology,-and-the-aryan-debate",sindhu-sarasvati-and-origins,,TRUE,,,,,,,TRUE,,,,,,,,,,,,TRUE
693,Aryan Invasion Theory and Indian Nationalism,693-aryan-invasion-theory-and-indian-nationalism,Shrikant Talageri,Talageri's polemical study of Aryan Invasion Theory and Indian nationalism - political dimensions of the Indo-European question.,,Sindhu-Sarasvati and the Indo-European Question,,In Copyright,aryan invasion theory and indian nationalism,aryan-invasion-theory-and-indian-nationalism,sindhu-sarasvati-and-origins,,TRUE,,,,,,TRUE,TRUE,,,,,,,,,,,,TRUE
694,The Aryan Invasion Theory: A Reappraisal,694-the-aryan-invasion-theory-a-reappraisal,Shrikant Talageri,Talageri's earlier comprehensive critique of Aryan Invasion Theory - book-length Indian-authored case against migration models.,,Sindhu-Sarasvati and the Indo-European Question,,In Copyright,the aryan invasion theory: a reappraisal,the-aryan-invasion-theory-a-reappraisal,sindhu-sarasvati-and-origins,,TRUE,,,,,,,TRUE,,,,,,,,,,,,TRUE
695,Update on the Aryan Invasion Debate,695-update-on-the-aryan-invasion-debate,Koenraad Elst,Koenraad Elst's scholarly update on the Aryan Invasion debate - Belgian Indologist's outsider sympathetic-to-indigenous-position analysis.,,Sindhu-Sarasvati and the Indo-European Question,,In Copyright,update on the aryan invasion debate,update-on-the-aryan-invasion-debate,sindhu-sarasvati-and-origins,,TRUE,,,,,,,TRUE,,,,,,,,,,,,TRUE
696,Asterisk in Bharopiyasthan,696-asterisk-in-bharopiyasthan,Koenraad Elst,"Elst's scholarly study of the homeland question - Asterisk in Bharopiyasthan, his methodological intervention in Indo-European debate.",,Sindhu-Sarasvati and the Indo-European Question,,In Copyright,asterisk in bharopiyasthan,asterisk-in-bharopiyasthan,sindhu-sarasvati-and-origins,,TRUE,,,,,,,TRUE,,,,,,,,,,,,TRUE
697,The Saffron Swastika,697-the-saffron-swastika,Koenraad Elst,Elst's controversial scholarly study of Hindu nationalism - outsider Belgian Indologist's sympathetic analysis of Sangh ideology.,,Sindhu-Sarasvati and the Indo-European Question,,In Copyright,the saffron swastika,the-saffron-swastika,sindhu-sarasvati-and-origins,,TRUE,,,,,,TRUE,TRUE,,,,,,,,,,,,TRUE
698,Decolonizing the Hindu Mind,698-decolonizing-the-hindu-mind,Koenraad Elst,Elst's controversial book on decolonizing Hindu thought - reclaims Hindu intellectual autonomy from colonial-era frameworks.,,Sindhu-Sarasvati and the Indo-European Question,,In Copyright,decolonizing the hindu mind,decolonizing-the-hindu-mind,sindhu-sarasvati-and-origins,,TRUE,TRUE,,,,,,TRUE,,,,,,,,,,,,TRUE
699,Negationism in India,699-negationism-in-india,Koenraad Elst,Elst's polemical study of Indian historical negationism - scholarly critique of leftist-Marxist Indian historiography on Islamic period.,,Sindhu-Sarasvati and the Indo-European Question,,In Copyright,negationism in india,negationism-in-india,sindhu-sarasvati-and-origins,,TRUE,TRUE,,,,,,TRUE,,,,,,,,,,,,TRUE
700,Who Is a Hindu?,700-who-is-a-hindu,Koenraad Elst,Elst's controversial study of the question Who Is a Hindu? - Belgian Indologist's analysis of Hindu identity and self-definition.,,Sindhu-Sarasvati and the Indo-European Question,,In Copyright,who is a hindu?,who-is-a-hindu,sindhu-sarasvati-and-origins,,TRUE,,,,,,,TRUE,,,,,,,,,,,,TRUE
701,Origin of Brahmi Script,701-origin-of-brahmi-script,Subhash Kak,Subhash Kak's scholarly study of Brahmi script's origins - Indic computer scientist's case for indigenous Indian writing system development.,,Sindhu-Sarasvati and the Indo-European Question,,In Copyright,origin of brahmi script,origin-of-brahmi-script,sindhu-sarasvati-and-origins,,TRUE,,,,,,,TRUE,,,,,,,,,,,,TRUE
702,The Astronomical Code of the Rigveda,702-the-astronomical-code-of-the-rigveda,Subhash Kak,Subhash Kak's scholarly study of Vedic astronomy - Indian-authored case for sophisticated astronomical knowledge encoded in Rig Veda.,,Sindhu-Sarasvati and the Indo-European Question,,https://archive.org/search?query=%22The%20Astronomical%20Code%20of%20the%20Rigveda%22%20Subhash%20Kak,the astronomical code of the rigveda,the-astronomical-code-of-the-rigveda,sindhu-sarasvati-and-origins,,TRUE,,,,,,,TRUE,,,,,,,,,,,,TRUE
703,In Search of the Cradle of Civilization,703-in-search-of-the-cradle-of-civilization,"Georg Feuerstein, Subhash Kak, David Frawley","Feuerstein, Kak, and Frawley's scholarly civilizational synthesis - Indic case for Vedic India as the cradle of human civilization.",,Sindhu-Sarasvati and the Indo-European Question,,In Copyright,in search of the cradle of civilization,in-search-of-the-cradle-of-civilization,sindhu-sarasvati-and-origins,,TRUE,,,,,,,TRUE,,,,,,,,,,,,TRUE
704,"Gods, Sages and Kings","704-gods,-sages-and-kings",David Frawley,David Frawley's accessible Vedic civilizational synthesis - American practitioner-scholar's case for Vedic origins of Indian culture.,,Sindhu-Sarasvati and the Indo-European Question,,In Copyright,"gods, sages and kings","gods,-sages-and-kings",sindhu-sarasvati-and-origins,,TRUE,,,,,,,TRUE,,,,,,,,,,,,TRUE
705,The Rig Veda and the History of India,705-the-rig-veda-and-the-history-of-india,David Frawley,Frawley's scholarly study reading the Rig Veda for ancient Indian historical content - internal textual evidence for Vedic dating.,,Sindhu-Sarasvati and the Indo-European Question,,https://archive.org/search?query=%22The%20Rig%20Veda%20and%20the%20History%20of%20India%22%20David%20Frawley,the rig veda and the history of india,the-rig-veda-and-the-history-of-india,sindhu-sarasvati-and-origins,,TRUE,,,,,,,TRUE,,,,,,,,,,,,TRUE
706,"Hidden Horizons: Unearthing 10,000 Years of Indian Culture","706-hidden-horizons-unearthing-10,000-years-of-indian-culture",Saraswati Research Centre,Saraswati Research Centre's scholarly volume on India's deep cultural prehistory - multi-author argument for ten-millennia continuity.,,Sindhu-Sarasvati and the Indo-European Question,,In Copyright,"hidden horizons: unearthing 10,000 years of indian culture","hidden-horizons-unearthing-10,000-years-of-indian-culture",sindhu-sarasvati-and-origins,,TRUE,,,,,,,TRUE,,,,,,,,,,,,TRUE
707,Early Indians,707-early-indians,Tony Joseph (counterpoint),Tony Joseph's bestselling 2018 genetic-archaeological synthesis - argues for Aryan migration based on ancient DNA evidence.,,Sindhu-Sarasvati and the Indo-European Question,,In Copyright,early indians,early-indians,sindhu-sarasvati-and-origins,,TRUE,,,,,,,TRUE,,,,,,,,,,,,TRUE
708,The Aryans: A History and an Archaeology of Origins,708-the-aryans-a-history-and-an-archaeology-of-origins,Edwin Bryant (multiple titles),Edwin Bryant's standard scholarly works on Aryan origins debate - definitive academic surveys of competing Indo-European theories.,,Sindhu-Sarasvati and the Indo-European Question,,In Copyright,the aryans: a history and an archaeology of origins,the-aryans-a-history-and-an-archaeology-of-origins,sindhu-sarasvati-and-origins,,TRUE,,,,,,,TRUE,,,,,,,,,,,,TRUE
709,The Quest for the Origins of Vedic Culture,709-the-quest-for-the-origins-of-vedic-culture,Edwin Bryant,Bryant's monumental 2001 scholarly study of the Vedic origins debate - gold-standard academic treatment of the Aryan question.,,Sindhu-Sarasvati and the Indo-European Question,,In Copyright,the quest for the origins of vedic culture,the-quest-for-the-origins-of-vedic-culture,sindhu-sarasvati-and-origins,,TRUE,,,,,,,TRUE,,,,,,,,,,,,TRUE
710,The Indo-Aryan Controversy,710-the-indo-aryan-controversy,Edwin Bryant & Laurie Patton (eds.),Bryant and Patton's edited scholarly volume on the Indo-Aryan controversy - major academic essays from all sides of the debate.,,Sindhu-Sarasvati and the Indo-European Question,,In Copyright,the indo-aryan controversy,the-indo-aryan-controversy,sindhu-sarasvati-and-origins,,TRUE,,,,,,,TRUE,,,,,,,,,,,,TRUE
711,"The Horse, the Wheel, and Language","711-the-horse,-the-wheel,-and-language",David W. Anthony (counterpoint),David Anthony's classical 2007 archaeological study - current Western scholarly standard for steppe-origin Indo-European migration thesis.,,Sindhu-Sarasvati and the Indo-European Question,,In Copyright,"the horse, the wheel, and language","the-horse,-the-wheel,-and-language",sindhu-sarasvati-and-origins,,TRUE,,,,TRUE,,,TRUE,,,,,,,,,,,,TRUE
712,India: A History,712-india-a-history,John Keay,"John Keay's accessible single-volume India history - popular Western academic survey from prehistory to the present, well-regarded.",,Ancient Indian History,,In Copyright,india: a history,india-a-history,history-and-civilizational-recovery,,TRUE,,,,TRUE,TRUE,,,,TRUE,TRUE,,,TRUE,,,,TRUE,,TRUE
713,India in the Vedic Age,713-india-in-the-vedic-age,A. C. Das,A. C. Das's classical Indian-authored study of the Vedic Age - older accessible Indian academic introduction to early Indian history.,,Ancient Indian History,,In Copyright,india in the vedic age,india-in-the-vedic-age,history-and-civilizational-recovery,,TRUE,,,,,TRUE,,,,TRUE,TRUE,,,TRUE,,,,TRUE,,TRUE
714,A History of India,714-a-history-of-india,Romila Thapar (Vol. 1),Romila Thapar's first volume Penguin History of India - classical leftist-Marxist academic survey shaping Indian historiography.,,Ancient Indian History,,In Copyright,a history of india,a-history-of-india,history-and-civilizational-recovery,,TRUE,,,,,TRUE,,TRUE,,TRUE,TRUE,,,TRUE,,,,TRUE,,TRUE
715,Early India: From the Origins to A.D. 1300,715-early-india-from-the-origins-to-ad-1300,Romila Thapar,Thapar's scholarly Early India from origins to 1300 CE - major academic synthesis representing the dominant Indian historiographic tradition.,,Ancient Indian History,,In Copyright,early india: from the origins to a.d. 1300,early-india-from-the-origins-to-ad-1300,history-and-civilizational-recovery,,TRUE,,,,,TRUE,,TRUE,,TRUE,TRUE,,,TRUE,,,,TRUE,,TRUE
716,From Lineage to State,716-from-lineage-to-state,Romila Thapar,"Thapar's classical scholarly study of state formation in early India - From Lineage to State, foundational academic work.",,Ancient Indian History,,In Copyright,from lineage to state,from-lineage-to-state,history-and-civilizational-recovery,,TRUE,,,,,TRUE,,,,TRUE,TRUE,TRUE,,TRUE,,,,TRUE,,TRUE
717,Asoka and the Decline of the Mauryas,717-asoka-and-the-decline-of-the-mauryas,Romila Thapar,Thapar's classical scholarly study of Ashoka and Mauryan decline - definitive academic work on the Mauryan empire's history.,,Ancient Indian History,,In Copyright,asoka and the decline of the mauryas,asoka-and-the-decline-of-the-mauryas,history-and-civilizational-recovery,,TRUE,,,,,TRUE,,,,TRUE,TRUE,,,TRUE,,,,TRUE,,TRUE
718,The Past Before Us,718-the-past-before-us,Romila Thapar,Thapar's scholarly reflections on Indian historiographic methods - methodological essays on writing the Indian past.,,Ancient Indian History,,In Copyright,the past before us,the-past-before-us,history-and-civilizational-recovery,,TRUE,,,,,TRUE,,TRUE,,TRUE,TRUE,,,TRUE,,,,TRUE,,TRUE
719,Cultural Pasts,719-cultural-pasts,Romila Thapar,"Thapar's collected scholarly essays on Indian cultural history - academic studies on memory, identity, and historical representation.",,Ancient Indian History,,In Copyright,cultural pasts,cultural-pasts,history-and-civilizational-recovery,,TRUE,,,,,TRUE,,,,TRUE,TRUE,,,TRUE,,,,TRUE,,TRUE
720,Ancient Indian Social History,720-ancient-indian-social-history,Romila Thapar,"Thapar's classical scholarly study of ancient Indian social history - caste, class, and social structure in early India.",,Ancient Indian History,,In Copyright,ancient indian social history,ancient-indian-social-history,history-and-civilizational-recovery,,TRUE,,,,,TRUE,,,,TRUE,TRUE,,,TRUE,,,,TRUE,,TRUE
721,The Mauryas Revisited,721-the-mauryas-revisited,Romila Thapar (counterpoint reading),Thapar's late reconsideration of the Mauryas - scholarly reassessment of her earlier influential work on Ashoka's empire.,,Ancient Indian History,,In Copyright,the mauryas revisited,the-mauryas-revisited,history-and-civilizational-recovery,,TRUE,,,,,TRUE,,,,TRUE,TRUE,,,TRUE,,,,TRUE,,TRUE
722,Ancient India,722-ancient-india,R. C. Majumdar,R. C. Majumdar's classical scholarly study of ancient India - foundational mid-century Indian-authored academic survey.,,Ancient Indian History,,https://archive.org/search?query=%22Ancient%20India%22%20R.%20C.%20Majumdar,ancient india,ancient-india,history-and-civilizational-recovery,,TRUE,,,,,TRUE,,,,TRUE,TRUE,,,TRUE,,,,TRUE,,TRUE
723,The History and Culture of the Indian People,723-the-history-and-culture-of-the-indian-people,"R. C. Majumdar (ed., 11 vols, Bharatiya Vidya Bhavan)",Majumdar's monumental eleven-volume Bharatiya Vidya Bhavan History and Culture of the Indian People - foundational Indian-authored history.,,Ancient Indian History,,https://archive.org/details/HistoryAndCultureOfIndianPeopleVolume01TheVedicAge,the history and culture of the indian people,the-history-and-culture-of-the-indian-people,history-and-civilizational-recovery,,TRUE,,,,,TRUE,,,,TRUE,TRUE,,,TRUE,,,,TRUE,,TRUE
724,Corpus of Indian Studies,724-corpus-of-indian-studies,R. C. Majumdar,R. C. Majumdar's collected Indian historiographical essays - Indian-authored academic perspective on writing Indian history.,,Ancient Indian History,,https://archive.org/search?query=%22Corpus%20of%20Indian%20Studies%22%20R.%20C.%20Majumdar,corpus of indian studies,corpus-of-indian-studies,history-and-civilizational-recovery,,TRUE,,,,,TRUE,,TRUE,,TRUE,TRUE,,,TRUE,,,,TRUE,,TRUE
725,India and Central Asia,725-india-and-central-asia,Buddha Prakash,Buddha Prakash's scholarly study of India and Central Asia - historical and cultural connections in classical Indian history.,,Ancient Indian History,,https://archive.org/search?query=%22India%20and%20Central%20Asia%22%20Buddha%20Prakash,india and central asia,india-and-central-asia,history-and-civilizational-recovery,,TRUE,,,,,TRUE,,,,TRUE,TRUE,,,TRUE,,,,TRUE,,TRUE
726,Ancient India,726-ancient-india,Sailendra Nath Sen,Sailendra Nath Sen's accessible scholarly textbook of ancient India - Indian-authored academic introduction widely used in universities.,,Ancient Indian History,,https://archive.org/search?query=%22Ancient%20India%22%20R.%20C.%20Majumdar,ancient india,ancient-india,history-and-civilizational-recovery,,TRUE,,,,,TRUE,,,,TRUE,TRUE,,,TRUE,,,,TRUE,,TRUE
727,Indian Antiquities,727-indian-antiquities,Thomas Maurice,Thomas Maurice's classical 1793 Indian Antiquities - pioneering older Western Indological work on Indian civilization.,,Ancient Indian History,,In Copyright,indian antiquities,indian-antiquities,history-and-civilizational-recovery,,TRUE,,,,TRUE,TRUE,,,,TRUE,TRUE,,,TRUE,,,,TRUE,,TRUE
728,The Age of the Imperial Guptas,728-the-age-of-the-imperial-guptas,R. C. Majumdar & A. S. Altekar,Majumdar and Altekar's classical scholarly study of the Imperial Guptas - definitive Indian-authored academic work on golden age India.,,Ancient Indian History,,https://archive.org/search?query=%22The%20Age%20of%20the%20Imperial%20Guptas%22%20R.%20C.%20Majumdar%20%26%20A.%20S.%20Altekar,the age of the imperial guptas,the-age-of-the-imperial-guptas,history-and-civilizational-recovery,,TRUE,,,,,TRUE,,,,TRUE,TRUE,,,TRUE,,,,TRUE,,TRUE
729,The Gupta Empire,729-the-gupta-empire,R. C. Majumdar,Majumdar's focused scholarly study of the Gupta empire - comprehensive academic treatment of India's classical age dynasty.,,Ancient Indian History,,https://archive.org/search?query=%22The%20Gupta%20Empire%22%20R.%20C.%20Majumdar,the gupta empire,the-gupta-empire,history-and-civilizational-recovery,,TRUE,,,,,TRUE,,,,TRUE,TRUE,,,TRUE,,,,TRUE,,TRUE
730,The Classical Age,730-the-classical-age,R. C. Majumdar (ed.),Majumdar's edited scholarly volume on the Classical Age - Bharatiya Vidya Bhavan's major work on Gupta-period civilization.,,Ancient Indian History,,https://archive.org/search?query=%22The%20Classical%20Age%22%20R.%20C.%20Majumdar,the classical age,the-classical-age,history-and-civilizational-recovery,,TRUE,,,,,TRUE,,,,TRUE,TRUE,,,TRUE,,,,TRUE,,TRUE
731,Hindu Polity,731-hindu-polity,K. P. Jayaswal,K. P. Jayaswal's classical 1924 study of Hindu polity - foundational Indian-authored academic work on ancient Indian government.,,Ancient Indian History,,https://archive.org/details/hindu-polity-by-k-p-jayaswal-india,hindu polity,hindu-polity,history-and-civilizational-recovery,,TRUE,,,,,TRUE,TRUE,,,TRUE,TRUE,,,TRUE,,,,TRUE,,TRUE
732,Ancient Indian Polity,732-ancient-indian-polity,Anant Sadashiv Altekar,Anant Sadashiv Altekar's classical scholarly study of ancient Indian government - Indian-authored academic political history of early India.,,Ancient Indian History,,https://archive.org/search?query=%22Ancient%20Indian%20Polity%22%20Anant%20Sadashiv%20Altekar,ancient indian polity,ancient-indian-polity,history-and-civilizational-recovery,,TRUE,,,,,TRUE,TRUE,,,TRUE,TRUE,,,TRUE,,,,TRUE,,TRUE
733,State and Government in Ancient India,733-state-and-government-in-ancient-india,A. S. Altekar,Altekar's classical scholarly study of state and government in ancient India - Indian-authored academic work on classical political institutions.,,Ancient Indian History,,https://archive.org/search?query=%22State%20and%20Government%20in%20Ancient%20India%22%20A.%20S.%20Altekar,state and government in ancient india,state-and-government-in-ancient-india,history-and-civilizational-recovery,,TRUE,,TRUE,,,TRUE,,,,TRUE,TRUE,,,TRUE,,,,TRUE,,TRUE
734,Education in Ancient India,734-education-in-ancient-india,A. S. Altekar,Altekar's classical scholarly study of education in ancient India - Indian-authored academic work on traditional learning systems.,,Ancient Indian History,,https://archive.org/search?query=%22Education%20in%20Ancient%20India%22%20A.%20S.%20Altekar,education in ancient india,education-in-ancient-india,history-and-civilizational-recovery,,TRUE,,TRUE,,,TRUE,,,,TRUE,TRUE,,,TRUE,,,,TRUE,,TRUE
735,The Position of Women in Hindu Civilization,735-the-position-of-women-in-hindu-civilization,A. S. Altekar,Altekar's classical scholarly study of women's position in Hindu civilization - Indian-authored academic work on women's historical roles.,,Ancient Indian History,,https://archive.org/details/PositionOfWomenInHinduCivilizationAS.Altekar,the position of women in hindu civilization,the-position-of-women-in-hindu-civilization,history-and-civilizational-recovery,,TRUE,,,,,TRUE,,,,TRUE,TRUE,,,TRUE,,,,TRUE,,TRUE
736,The Cambridge History of India (Ancient India volumes),736-the-cambridge-history-of-india-ancient-india-volumes,E. J. Rapson (ed.),E. J. Rapson's edited Cambridge History of India ancient volumes - classical foundational older Western academic reference work.,,Ancient Indian History,,https://archive.org/details/CambridgeHistoryOfIndia,the cambridge history of india (ancient india volumes),the-cambridge-history-of-india-ancient-india-volumes,history-and-civilizational-recovery,,TRUE,,,,TRUE,TRUE,,,,TRUE,TRUE,,,TRUE,,,,TRUE,,TRUE
737,The Oxford History of India,737-the-oxford-history-of-india,Vincent Smith / Percival Spear,Vincent Smith and Percival Spear's Oxford History of India - classical older Western academic single-volume historical survey.,,Ancient Indian History,,https://archive.org/details/oxfordhistoryof000spea,the oxford history of india,the-oxford-history-of-india,history-and-civilizational-recovery,,TRUE,,,,TRUE,TRUE,,,,TRUE,TRUE,,,TRUE,,,,TRUE,,TRUE
738,India in the Time of Patanjali,738-india-in-the-time-of-patanjali,B. N. Puri,B. N. Puri's scholarly study of Patanjali-period India - Indian-authored academic work on the second-century BCE Indian context.,,Ancient Indian History,,In Copyright,india in the time of patanjali,india-in-the-time-of-patanjali,history-and-civilizational-recovery,,TRUE,,,,,TRUE,,,,TRUE,TRUE,,,TRUE,,,,TRUE,,TRUE
739,Ancient Indian Education,739-ancient-indian-education,Radha Kumud Mookerji,Radha Kumud Mookerji's classical scholarly study of ancient Indian education - Indian-authored academic work on traditional gurukula systems.,,Ancient Indian History,,https://archive.org/details/AncientIndianEducationBrahmanicalAndBuddhistByRadhaKumudMookerji,ancient indian education,ancient-indian-education,history-and-civilizational-recovery,,TRUE,,TRUE,,,TRUE,,,,TRUE,TRUE,,,TRUE,,,,TRUE,,TRUE
740,Hindu Civilization,740-hindu-civilization,Radha Kumud Mookerji,Mookerji's classical Indian-authored scholarly survey of Hindu civilization - comprehensive mid-century academic work for general readers.,,Ancient Indian History,,https://archive.org/details/HinduCivilizationByR.k.Mookerji,hindu civilization,hindu-civilization,history-and-civilizational-recovery,,TRUE,,,,,TRUE,,,,TRUE,TRUE,,,TRUE,,,,TRUE,,TRUE
741,Chandragupta Maurya and His Times,741-chandragupta-maurya-and-his-times,Radha Kumud Mookerji,Mookerji's classical scholarly study of Chandragupta Maurya - Indian-authored academic work on the Mauryan empire's founder.,,Ancient Indian History,,https://archive.org/details/in.ernet.dli.2015.107521,chandragupta maurya and his times,chandragupta-maurya-and-his-times,history-and-civilizational-recovery,,TRUE,,,,,TRUE,,,,TRUE,TRUE,,,TRUE,,,,TRUE,,TRUE
742,Asoka,742-asoka,Radha Kumud Mookerji,Mookerji's classical scholarly study of Ashoka - Indian-authored academic work on the Mauryan emperor's life and Buddhist impact.,,Ancient Indian History,,https://archive.org/details/in.ernet.dli.2015.49866,asoka,asoka,history-and-civilizational-recovery,,TRUE,,,,,TRUE,,,,TRUE,TRUE,,,TRUE,,,,TRUE,,TRUE
743,The Fundamental Unity of India,743-the-fundamental-unity-of-india,Radha Kumud Mookerji,Mookerji's classical Indian-authored argument for ancient Indian unity - civilizational case for Bharatavarsha's deep cultural integration.,,Ancient Indian History,,https://archive.org/details/fundamentalunity0000raja,the fundamental unity of india,the-fundamental-unity-of-india,history-and-civilizational-recovery,,TRUE,,,,,TRUE,,,,TRUE,TRUE,,,TRUE,,,,TRUE,,TRUE
744,The History of South India,744-the-history-of-south-india,K. A. Nilakanta Sastri,K. A. Nilakanta Sastri's foundational scholarly history of South India - definitive Indian-authored academic work on the southern peninsula.,,Ancient Indian History,,https://archive.org/search?query=%22The%20History%20of%20South%20India%22%20K.%20A.%20Nilakanta%20Sastri,the history of south india,the-history-of-south-india,history-and-civilizational-recovery,,TRUE,,,,,TRUE,,,,TRUE,TRUE,,,TRUE,,,,TRUE,,TRUE
745,The Cholas,745-the-cholas,K. A. Nilakanta Sastri,Nilakanta Sastri's classical scholarly study of the Cholas - definitive Indian-authored academic history of the Tamil imperial dynasty.,,Ancient Indian History,,https://archive.org/details/cholas035191mbp,the cholas,the-cholas,history-and-civilizational-recovery,,TRUE,,,,,TRUE,,,,TRUE,TRUE,,,TRUE,,,,TRUE,,TRUE
746,A History of South India: From Prehistoric Times to the Fall of Vijayanagar,746-a-history-of-south-india-from-prehistoric-times-to-the-fall-of-vijayanagar,K. A. Nilakanta Sastri,Nilakanta Sastri's classical academic survey of South Indian history - gold-standard Indian-authored history from prehistoric to Vijayanagar.,,Ancient Indian History,,https://archive.org/details/historyofsouthin0000kana,a history of south india: from prehistoric times to the fall of vijayanagar,a-history-of-south-india-from-prehistoric-times-to-the-fall-of-vijayanagar,history-and-civilizational-recovery,,TRUE,,,,,TRUE,,,,TRUE,TRUE,,,TRUE,,,,TRUE,,TRUE
747,The Pandyan Kingdom,747-the-pandyan-kingdom,K. A. Nilakanta Sastri,Nilakanta Sastri's classical scholarly study of the Pandyan kingdom - Indian-authored academic history of the Tamil southern dynasty.,,Ancient Indian History,,https://archive.org/search?query=%22The%20Pandyan%20Kingdom%22%20K.%20A.%20Nilakanta%20Sastri,the pandyan kingdom,the-pandyan-kingdom,history-and-civilizational-recovery,,TRUE,,,,,TRUE,,,,TRUE,TRUE,,,TRUE,,,,TRUE,,TRUE
748,The Cultural Heritage of India,748-the-cultural-heritage-of-india,Ramakrishna Mission Institute (5 vols),Ramakrishna Mission's five-volume Cultural Heritage of India - classic Indian-authored academic encyclopedia of Hindu civilization.,,Ancient Indian History,,https://archive.org/details/CulturalHeritageOfIndiaVol1,the cultural heritage of india,the-cultural-heritage-of-india,history-and-civilizational-recovery,,TRUE,,,,,TRUE,,,,TRUE,TRUE,,,TRUE,,,,TRUE,,TRUE
749,Fractal Mandala - A History of Ancient India,749-fractal-mandala---a-history-of-ancient-india,Amritanshu Pandey,Fractal Maṇḍala is a fresh exploration of Indian civilization through its own stories and traditions.,,Ancient Indian History,,,fractal mandala - a history of ancient india,fractal-mandala---a-history-of-ancient-india,history-and-civilizational-recovery,,TRUE,,,,,TRUE,,,,TRUE,TRUE,,,TRUE,,,,TRUE,,TRUE
750,The Imperial Vijayanagara Empire,750-the-imperial-vijayanagara-empire,Robert Sewell (A Forgotten Empire),Robert Sewell's classical 1900 A Forgotten Empire - foundational Western historical study of the Vijayanagara Hindu empire.,,Medieval India,,https://archive.org/details/forgottenempirev00sewerich,the imperial vijayanagara empire,the-imperial-vijayanagara-empire,history-and-civilizational-recovery,,TRUE,TRUE,,,TRUE,TRUE,TRUE,TRUE,,,TRUE,,,TRUE,TRUE,TRUE,,,,TRUE
751,Vijayanagara: The City and the Empire,751-vijayanagara-the-city-and-the-empire,A. V. Subrahmanya,A. V. Subrahmanya's scholarly study of Vijayanagara as imperial city - Indian-authored academic work on the medieval Hindu capital.,,Medieval India,,In Copyright,vijayanagara: the city and the empire,vijayanagara-the-city-and-the-empire,history-and-civilizational-recovery,,TRUE,TRUE,,,,TRUE,TRUE,TRUE,,,TRUE,,,TRUE,TRUE,TRUE,,,,TRUE
752,The Vijayanagara Empire,752-the-vijayanagara-empire,N. Venkataramanayya,N. Venkataramanayya's classical scholarly study of Vijayanagara - Indian-authored academic history of the southern Hindu empire.,,Medieval India,,https://archive.org/search?query=%22The%20Vijayanagara%20Empire%22%20N.%20Venkataramanayya,the vijayanagara empire,the-vijayanagara-empire,history-and-civilizational-recovery,,TRUE,TRUE,,,,TRUE,TRUE,TRUE,,,TRUE,,,TRUE,TRUE,TRUE,,,,TRUE
753,Splendours of Vijayanagara,753-splendours-of-vijayanagara,Padma Kaimal et al.,Padma Kaimal et al.'s scholarly art-historical volume on Vijayanagara - splendid academic study of the empire's cultural achievement.,,Medieval India,,In Copyright,splendours of vijayanagara,splendours-of-vijayanagara,history-and-civilizational-recovery,,TRUE,TRUE,,,,TRUE,TRUE,TRUE,,,TRUE,,,TRUE,TRUE,TRUE,,,,TRUE
754,A Forgotten Empire (Vijayanagar),754-a-forgotten-empire-vijayanagar,Robert Sewell,Sewell's foundational A Forgotten Empire - classical Western historical reconstruction of Vijayanagara from Portuguese sources.,,Medieval India,,https://archive.org/details/forgottenempirev00sewerich,a forgotten empire (vijayanagar),a-forgotten-empire-vijayanagar,history-and-civilizational-recovery,,TRUE,TRUE,,,TRUE,TRUE,TRUE,TRUE,,,TRUE,,,TRUE,TRUE,TRUE,,,,TRUE
755,The Cholas,755-the-cholas,Nilakanta Sastri (re-listing because foundational),Nilakanta Sastri's foundational Cholas study - definitive Indian-authored academic history of the great Tamil imperial dynasty.,,Medieval India,,https://archive.org/details/cholas035191mbp,the cholas,the-cholas,history-and-civilizational-recovery,,TRUE,TRUE,,,,TRUE,TRUE,TRUE,,,TRUE,,,TRUE,TRUE,TRUE,,,,TRUE
756,Medieval India,756-medieval-india,Satish Chandra (2 vols),Satish Chandra's standard two-volume scholarly history of medieval India - widely-used Indian academic textbook on the Sultanate-Mughal era.,,Medieval India,,In Copyright,medieval india,medieval-india,history-and-civilizational-recovery,,TRUE,TRUE,,,,TRUE,TRUE,TRUE,,,TRUE,,,TRUE,TRUE,TRUE,,,,TRUE
757,The Last Mughal,757-the-last-mughal,William Dalrymple,William Dalrymple's bestselling history of the 1857 uprising and Bahadur Shah Zafar - accessible popular scholarly Mughal twilight.,,Medieval India,,In Copyright,the last mughal,the-last-mughal,history-and-civilizational-recovery,,TRUE,TRUE,,,,TRUE,TRUE,TRUE,,,TRUE,,,TRUE,TRUE,TRUE,,,,TRUE
758,"The Anarchy: The East India Company, Corporate Violence, and the Pillage of an Empire","758-the-anarchy-the-east-india-company,-corporate-violence,-and-the-pillage-of-an-empire",William Dalrymple,Dalrymple's bestselling 2019 history of the East India Company - popular scholarly account of corporate colonization of India.,,Medieval India,,In Copyright,"the anarchy: the east india company, corporate violence, and the pillage of an empire","the-anarchy-the-east-india-company,-corporate-violence,-and-the-pillage-of-an-empire",history-and-civilizational-recovery,,TRUE,TRUE,,,,TRUE,TRUE,TRUE,,,TRUE,,,TRUE,TRUE,TRUE,,,,TRUE
759,White Mughals,759-white-mughals,William Dalrymple,Dalrymple's bestselling history of British-Indian intermarriage in early colonial India - Hyderabad romance and cultural fusion.,,Medieval India,,In Copyright,white mughals,white-mughals,history-and-civilizational-recovery,,TRUE,TRUE,,,,TRUE,TRUE,TRUE,,,TRUE,,,TRUE,TRUE,TRUE,,,,TRUE
760,The Return of a King,760-the-return-of-a-king,William Dalrymple,Dalrymple's bestselling history of the First Anglo-Afghan War - popular scholarly account of British imperial disaster.,,Medieval India,,In Copyright,the return of a king,the-return-of-a-king,history-and-civilizational-recovery,,TRUE,TRUE,,,,TRUE,TRUE,TRUE,,,TRUE,,,TRUE,TRUE,TRUE,,,,TRUE
761,The Aurangzeb Reader,761-the-aurangzeb-reader,Audrey Truschke,"Audrey Truschke's scholarly Aurangzeb sourcebook - controversial Western academic revisionist take, contested by Indian historians.",,Medieval India,,In Copyright,the aurangzeb reader,the-aurangzeb-reader,history-and-civilizational-recovery,,TRUE,TRUE,,,TRUE,TRUE,TRUE,TRUE,,,TRUE,,,TRUE,TRUE,TRUE,,,,TRUE
762,Aurangzeb: The Man and the Myth,762-aurangzeb-the-man-and-the-myth,Audrey Truschke,"Truschke's controversial Aurangzeb biography - Western academic revisionism on the Mughal emperor, sharply contested by Indian scholars.",,Medieval India,,In Copyright,aurangzeb: the man and the myth,aurangzeb-the-man-and-the-myth,history-and-civilizational-recovery,,TRUE,TRUE,,,TRUE,TRUE,TRUE,TRUE,,,TRUE,,,TRUE,TRUE,TRUE,,,,TRUE
763,Tipu Sultan: As Known in Kerala,763-tipu-sultan-as-known-in-kerala,Ravi Varma (regional perspective),"Ravi Varma's regional Kerala perspective on Tipu Sultan - counterpoint to romanticized Tipu narratives, focuses on Malabar atrocities.",,Medieval India,,In Copyright,tipu sultan: as known in kerala,tipu-sultan-as-known-in-kerala,history-and-civilizational-recovery,,TRUE,TRUE,,,,TRUE,TRUE,TRUE,,,TRUE,,,TRUE,TRUE,TRUE,,,,TRUE
764,Tipu Sultan: The Tyrant of Mysore,764-tipu-sultan-the-tyrant-of-mysore,Sandeep Balakrishna,Sandeep Balakrishna's revisionist Tipu Sultan biography - Indian-authored academic counter-history challenging Tipu hagiography.,,Medieval India,,In Copyright,tipu sultan: the tyrant of mysore,tipu-sultan-the-tyrant-of-mysore,history-and-civilizational-recovery,,TRUE,TRUE,,,,TRUE,TRUE,TRUE,,,TRUE,,,TRUE,TRUE,TRUE,,,,TRUE
765,70 Years of Secularism,765-70-years-of-secularism,Sandeep Balakrishna,Balakrishna's polemical Indian-authored critique of Indian secularism - civilizational right-Hindu intellectual perspective.,,Medieval India,,In Copyright,70 years of secularism,70-years-of-secularism,history-and-civilizational-recovery,,TRUE,TRUE,,,TRUE,TRUE,TRUE,TRUE,,,TRUE,,,TRUE,TRUE,TRUE,,,TRUE,TRUE
766,Stories from Indian History,766-stories-from-indian-history,Sandeep Balakrishna (ed.),Balakrishna's edited Indian-authored history anthology - collected stories from Indian historical narrative tradition.,,Medieval India,,In Copyright,stories from indian history,stories-from-indian-history,history-and-civilizational-recovery,,TRUE,TRUE,,,,TRUE,TRUE,TRUE,,,TRUE,,,TRUE,TRUE,TRUE,,,,TRUE
767,The Indian Struggle,767-the-indian-struggle,Subhas Chandra Bose,Subhas Chandra Bose's classical 1935 Indian Struggle - foundational nationalist statement from the Forward Bloc/INA leader.,,Medieval India,,https://archive.org/details/IndianStruggle1920To1942,the indian struggle,the-indian-struggle,history-and-civilizational-recovery,,TRUE,TRUE,,,,TRUE,TRUE,TRUE,,,TRUE,,,TRUE,TRUE,TRUE,,,,TRUE
768,India's Struggle for Independence,768-indias-struggle-for-independence,Bipan Chandra,Bipan Chandra's scholarly history of India's freedom movement - leftist-Marxist Indian academic standard textbook treatment.,,Medieval India,,In Copyright,india's struggle for independence,indias-struggle-for-independence,history-and-civilizational-recovery,,TRUE,TRUE,,,,TRUE,TRUE,TRUE,,,TRUE,,,TRUE,TRUE,TRUE,,,,TRUE
769,India After Independence,769-india-after-independence,Bipan Chandra et al.,Bipan Chandra's scholarly history of post-Independence India - leftist-Marxist Indian academic survey of the Nehruvian-Indira period.,,Medieval India,,In Copyright,india after independence,india-after-independence,history-and-civilizational-recovery,,TRUE,TRUE,,,,TRUE,TRUE,TRUE,,,TRUE,,,TRUE,TRUE,TRUE,,,,TRUE
770,India Wins Freedom,770-india-wins-freedom,Maulana Abul Kalam Azad,"Maulana Abul Kalam Azad's classical 1958 memoir - first Education Minister's account of Partition, Congress politics, and Independence.",,Medieval India,,https://archive.org/details/IndiaWinsFreedom,india wins freedom,india-wins-freedom,history-and-civilizational-recovery,,TRUE,TRUE,TRUE,,,TRUE,TRUE,TRUE,,,TRUE,,,TRUE,TRUE,TRUE,,,,TRUE
771,The Indian Freedom Struggle,771-the-indian-freedom-struggle,Tara Chand (4 vols),Tara Chand's classical four-volume scholarly study of the Indian freedom struggle - Indian-authored academic history of nationalism.,,Medieval India,,https://archive.org/details/HistoryOfFreedomMovementInIndia,the indian freedom struggle,the-indian-freedom-struggle,history-and-civilizational-recovery,,TRUE,TRUE,,,,TRUE,TRUE,TRUE,,,TRUE,,,TRUE,TRUE,TRUE,,,,TRUE
772,The Untold Story of Indian Partition,772-the-untold-story-of-indian-partition,Narendra Singh Sarila,Narendra Singh Sarila's revisionist 2005 Partition history - Indian princely-secretary's archive-based account of British Partition design.,,Medieval India,,In Copyright,the untold story of indian partition,the-untold-story-of-indian-partition,history-and-civilizational-recovery,,TRUE,TRUE,,,,TRUE,TRUE,TRUE,,,TRUE,,,TRUE,TRUE,TRUE,,,,TRUE
773,Being Different: An Indian Challenge to Western Universalism,773-being-different-an-indian-challenge-to-western-universalism,Rajiv Malhotra,Rajiv Malhotra's foundational 2011 statement of Indian civilizational distinctiveness - central decolonial Hindu intellectual text.,,Decolonial and Civilizational Critique,,In Copyright,being different: an indian challenge to western universalism,being-different-an-indian-challenge-to-western-universalism,indology-and-civilizational-critique,TRUE,TRUE,TRUE,TRUE,TRUE,TRUE,TRUE,TRUE,TRUE,,TRUE,TRUE,TRUE,TRUE,,TRUE,TRUE,TRUE,TRUE,TRUE,TRUE
774,Breaking India,774-breaking-india,Rajiv Malhotra & Aravindan Neelakandan,Malhotra and Neelakandan's polemical study of forces fragmenting Indian unity - Hindu nationalist critique of Indology and missionaries.,,Decolonial and Civilizational Critique,,In Copyright,breaking india,breaking-india,indology-and-civilizational-critique,TRUE,TRUE,TRUE,TRUE,TRUE,TRUE,TRUE,TRUE,TRUE,,TRUE,TRUE,TRUE,TRUE,,TRUE,TRUE,TRUE,TRUE,TRUE,TRUE
775,Indra's Net,775-indras-net,Rajiv Malhotra,Malhotra's scholarly civilizational study contesting Hindutva-Vedanta links - interconnectedness as Hindu metaphysical principle.,,Decolonial and Civilizational Critique,,In Copyright,indra's net,indras-net,indology-and-civilizational-critique,TRUE,TRUE,TRUE,TRUE,TRUE,TRUE,TRUE,TRUE,TRUE,,TRUE,TRUE,TRUE,TRUE,,TRUE,TRUE,TRUE,TRUE,TRUE,TRUE
776,The Battle for Sanskrit,776-the-battle-for-sanskrit,Rajiv Malhotra,Malhotra's polemical critique of Sheldon Pollock's Sanskrit scholarship - sets out Hindu intellectual challenge to Western Indology.,9-decolonial-lens,Decolonial and Civilizational Critique,,In Copyright,the battle for sanskrit,the-battle-for-sanskrit,indology-and-civilizational-critique,TRUE,TRUE,TRUE,TRUE,TRUE,TRUE,TRUE,TRUE,TRUE,,TRUE,TRUE,TRUE,TRUE,,TRUE,TRUE,TRUE,TRUE,TRUE,TRUE
777,Academic Hinduphobia,777-academic-hinduphobia,Rajiv Malhotra,Malhotra's polemical academic critique of Hinduphobia in Western university programs - Hindu intellectual response to Indology.,,Decolonial and Civilizational Critique,,In Copyright,academic hinduphobia,academic-hinduphobia,indology-and-civilizational-critique,TRUE,TRUE,TRUE,TRUE,TRUE,TRUE,TRUE,TRUE,TRUE,,TRUE,TRUE,TRUE,TRUE,,TRUE,TRUE,TRUE,TRUE,TRUE,TRUE
778,Snakes in the Ganga,778-snakes-in-the-ganga,Rajiv Malhotra & Vijaya Viswanathan,Malhotra and Viswanathan's polemical 2022 critique of US-India intellectual influence networks - Hindu nationalist civilizational analysis.,,Decolonial and Civilizational Critique,,In Copyright,snakes in the ganga,snakes-in-the-ganga,indology-and-civilizational-critique,TRUE,TRUE,TRUE,TRUE,TRUE,TRUE,TRUE,TRUE,TRUE,,TRUE,TRUE,TRUE,TRUE,,TRUE,TRUE,TRUE,TRUE,TRUE,TRUE
779,The Imagined Religion,779-the-imagined-religion,Rajiv Malhotra (in critical essays),Malhotra's collected critical essays on Western academic constructions of Hinduism - decolonial Hindu intellectual interventions.,,Decolonial and Civilizational Critique,,In Copyright,the imagined religion,the-imagined-religion,indology-and-civilizational-critique,TRUE,TRUE,TRUE,TRUE,TRUE,TRUE,TRUE,TRUE,TRUE,,TRUE,TRUE,TRUE,TRUE,,TRUE,TRUE,TRUE,TRUE,TRUE,TRUE
780,Sanjeev Sanyal,780-sanjeev-sanyal,The Ocean of Churn,Sanjeev Sanyal's accessible bestselling history of the Indian Ocean - civilizational maritime perspective on Indian-Asian connections.,,Decolonial and Civilizational Critique,,In Copyright,sanjeev sanyal,sanjeev-sanyal,indology-and-civilizational-critique,TRUE,TRUE,TRUE,TRUE,TRUE,TRUE,TRUE,TRUE,TRUE,,TRUE,TRUE,TRUE,TRUE,,TRUE,TRUE,TRUE,TRUE,TRUE,TRUE
781,Land of the Seven Rivers,781-land-of-the-seven-rivers,Sanjeev Sanyal,"Sanyal's accessible bestselling popular geographical history of India - landscape, rivers, and civilizational continuity for general readers.",,Decolonial and Civilizational Critique,,In Copyright,land of the seven rivers,land-of-the-seven-rivers,indology-and-civilizational-critique,TRUE,TRUE,TRUE,TRUE,TRUE,TRUE,TRUE,TRUE,TRUE,,TRUE,TRUE,TRUE,TRUE,,TRUE,TRUE,TRUE,TRUE,TRUE,TRUE
782,The Indian Renaissance,782-the-indian-renaissance,Sanjeev Sanyal,Sanyal's accessible reflections on India's civilizational rebirth - popular scholarly Indian intellectual perspective on contemporary themes.,,Decolonial and Civilizational Critique,,In Copyright,the indian renaissance,the-indian-renaissance,indology-and-civilizational-critique,TRUE,TRUE,TRUE,TRUE,TRUE,TRUE,TRUE,TRUE,TRUE,TRUE,TRUE,TRUE,TRUE,TRUE,,TRUE,TRUE,TRUE,TRUE,TRUE,TRUE
783,The Incarnations of India,783-the-incarnations-of-india,Sanjeev Sanyal,Sanyal's accessible scholarly treatment of India's transformative phases - popular history of civilizational reincarnation across periods.,,Decolonial and Civilizational Critique,,In Copyright,the incarnations of india,the-incarnations-of-india,indology-and-civilizational-critique,TRUE,TRUE,TRUE,TRUE,TRUE,TRUE,TRUE,TRUE,TRUE,TRUE,TRUE,TRUE,TRUE,TRUE,,TRUE,TRUE,TRUE,TRUE,TRUE,TRUE
784,Revolutionaries,784-revolutionaries,Sanjeev Sanyal,Sanyal's accessible 2023 scholarly study of Indian revolutionary nationalists - popular history of the militant freedom struggle.,,Decolonial and Civilizational Critique,,In Copyright,revolutionaries,revolutionaries,indology-and-civilizational-critique,TRUE,TRUE,TRUE,TRUE,TRUE,TRUE,TRUE,TRUE,TRUE,,TRUE,TRUE,TRUE,TRUE,,TRUE,TRUE,TRUE,TRUE,TRUE,TRUE
785,The Heathen in His Blindness,785-the-heathen-in-his-blindness,S. N. Balagangadhara,S. N. Balagangadhara's foundational scholarly critique of Western religious studies - argues 'religion' is a Christian-derived category.,,Decolonial and Civilizational Critique,,In Copyright,the heathen in his blindness,the-heathen-in-his-blindness,indology-and-civilizational-critique,TRUE,TRUE,TRUE,TRUE,TRUE,TRUE,TRUE,TRUE,TRUE,,TRUE,TRUE,TRUE,TRUE,,TRUE,TRUE,TRUE,TRUE,TRUE,TRUE
786,Reconceptualizing India Studies,786-reconceptualizing-india-studies,S. N. Balagangadhara,Balagangadhara's scholarly call to reconceptualize India studies - Hindu intellectual project for non-colonial academic frameworks.,,Decolonial and Civilizational Critique,,In Copyright,reconceptualizing india studies,reconceptualizing-india-studies,indology-and-civilizational-critique,TRUE,TRUE,TRUE,TRUE,TRUE,TRUE,TRUE,TRUE,TRUE,,TRUE,TRUE,TRUE,TRUE,,TRUE,TRUE,TRUE,TRUE,TRUE,TRUE
787,Do All Roads Lead to Jerusalem?,787-do-all-roads-lead-to-jerusalem,S. N. Balagangadhara,Balagangadhara's scholarly comparative study of religion's universality - challenges the Christian-derived universal-religion thesis.,,Decolonial and Civilizational Critique,,In Copyright,do all roads lead to jerusalem?,do-all-roads-lead-to-jerusalem,indology-and-civilizational-critique,TRUE,TRUE,TRUE,TRUE,TRUE,TRUE,TRUE,TRUE,TRUE,,TRUE,TRUE,TRUE,TRUE,,TRUE,TRUE,TRUE,TRUE,TRUE,TRUE
788,Western Foundations of the Caste System,788-western-foundations-of-the-caste-system,"Martin Fárek, Dunkin Jalki, Sufiya Pathan, Prakash Shah (eds.)",Fárek and Jalki's edited scholarly critique of Western caste discourse - academic argument that 'caste system' is a colonial construct.,,Decolonial and Civilizational Critique,,In Copyright,western foundations of the caste system,western-foundations-of-the-caste-system,indology-and-civilizational-critique,TRUE,TRUE,TRUE,TRUE,TRUE,TRUE,TRUE,TRUE,TRUE,,TRUE,TRUE,TRUE,TRUE,,TRUE,TRUE,TRUE,TRUE,TRUE,TRUE
789,The Caste System in India,789-the-caste-system-in-india,Jodi O'Brien (counterpoint),Surinder Jodhka's accessible scholarly study of caste - mainstream academic counterpoint to revisionist caste-as-colonial-construct theses.,,Decolonial and Civilizational Critique,,In Copyright,the caste system in india,the-caste-system-in-india,indology-and-civilizational-critique,TRUE,TRUE,TRUE,TRUE,TRUE,TRUE,TRUE,TRUE,TRUE,,TRUE,TRUE,TRUE,TRUE,,TRUE,TRUE,TRUE,TRUE,TRUE,TRUE
790,Caste,790-caste,Surinder Jodhka,Jodhka's broader scholarly study of caste as living social reality - accessible Indian academic introduction for general readers.,,Decolonial and Civilizational Critique,,In Copyright,caste,caste,indology-and-civilizational-critique,TRUE,TRUE,TRUE,TRUE,TRUE,TRUE,TRUE,TRUE,TRUE,,TRUE,TRUE,TRUE,TRUE,,TRUE,TRUE,TRUE,TRUE,TRUE,TRUE
791,Western Indology and Its Quest for Power,791-western-indology-and-its-quest-for-power,Sandeep Balakrishna,Sandeep Balakrishna's polemical Indian-authored critique of Western Indology - civilizational Hindu intellectual perspective on academic field.,,Decolonial and Civilizational Critique,,In Copyright,western indology and its quest for power,western-indology-and-its-quest-for-power,indology-and-civilizational-critique,TRUE,TRUE,TRUE,TRUE,TRUE,TRUE,TRUE,TRUE,TRUE,,TRUE,TRUE,TRUE,TRUE,,TRUE,TRUE,TRUE,TRUE,TRUE,TRUE
792,Invading the Sacred,792-invading-the-sacred,"Krishnan Ramaswamy, Antonio de Nicolas, Aditi Banerjee (eds.)","Ramaswamy, de Nicolas, and Banerjee's edited polemical volume - Hindu intellectual critiques of American academic Hinduphobia.",,Decolonial and Civilizational Critique,,In Copyright,invading the sacred,invading-the-sacred,indology-and-civilizational-critique,TRUE,TRUE,TRUE,TRUE,TRUE,TRUE,TRUE,TRUE,TRUE,,TRUE,TRUE,TRUE,TRUE,,TRUE,TRUE,TRUE,TRUE,TRUE,TRUE
793,The Battle for Sanskrit (companion volume),793-the-battle-for-sanskrit-companion-volume,Rajiv Malhotra,Malhotra's companion volume to The Battle for Sanskrit - fuller scholarly critique of Sheldon Pollock's Sanskrit philological project.,,Decolonial and Civilizational Critique,,In Copyright,the battle for sanskrit (companion volume),the-battle-for-sanskrit-companion-volume,indology-and-civilizational-critique,TRUE,TRUE,TRUE,TRUE,TRUE,TRUE,TRUE,TRUE,TRUE,,TRUE,TRUE,TRUE,TRUE,,TRUE,TRUE,TRUE,TRUE,TRUE,TRUE
794,Decolonizing the Mind,794-decolonizing-the-mind,Ngugi wa Thiong'o (comparative reading),"Ngugi wa Thiong'o's classical African decolonial text - useful comparative reading on language, mind, and colonization beyond India.",,Decolonial and Civilizational Critique,,In Copyright,decolonizing the mind,decolonizing-the-mind,indology-and-civilizational-critique,TRUE,TRUE,TRUE,TRUE,TRUE,TRUE,TRUE,TRUE,TRUE,,TRUE,TRUE,TRUE,TRUE,,TRUE,TRUE,TRUE,TRUE,TRUE,TRUE
795,Orientalism,795-orientalism,Edward Said (foundational counter-context),Edward Said's foundational 1978 Orientalism - landmark Western academic critique of Western scholarly construction of the Orient.,,Decolonial and Civilizational Critique,,In Copyright,orientalism,orientalism,indology-and-civilizational-critique,TRUE,TRUE,TRUE,TRUE,TRUE,TRUE,TRUE,TRUE,TRUE,,TRUE,TRUE,TRUE,TRUE,,TRUE,TRUE,TRUE,TRUE,TRUE,TRUE
796,Eurocentrism,796-eurocentrism,Samir Amin,Samir Amin's classical Marxist critique of Eurocentrism - useful Egyptian-French comparative reading for civilizational decolonization.,,Decolonial and Civilizational Critique,,In Copyright,eurocentrism,eurocentrism,indology-and-civilizational-critique,TRUE,TRUE,TRUE,TRUE,TRUE,TRUE,TRUE,TRUE,TRUE,,TRUE,TRUE,TRUE,TRUE,,TRUE,TRUE,TRUE,TRUE,TRUE,TRUE
797,Empire of Reason,797-empire-of-reason,Pankaj Mishra (selections),"Pankaj Mishra's selected critical writings - Indian-authored intellectual perspective on empire, modernity, and India.",,Decolonial and Civilizational Critique,,In Copyright,empire of reason,empire-of-reason,indology-and-civilizational-critique,TRUE,TRUE,TRUE,TRUE,TRUE,TRUE,TRUE,TRUE,TRUE,,TRUE,TRUE,TRUE,TRUE,,TRUE,TRUE,TRUE,TRUE,TRUE,TRUE
798,From the Ruins of Empire,798-from-the-ruins-of-empire,Pankaj Mishra,Mishra's scholarly bestselling history of Asian intellectual response to Western imperialism - civilizational Asian renaissance.,,Decolonial and Civilizational Critique,,In Copyright,from the ruins of empire,from-the-ruins-of-empire,indology-and-civilizational-critique,TRUE,TRUE,TRUE,TRUE,TRUE,TRUE,TRUE,TRUE,TRUE,,TRUE,TRUE,TRUE,TRUE,,TRUE,TRUE,TRUE,TRUE,TRUE,TRUE
799,The Great Hindu Civilisation,799-the-great-hindu-civilisation,Pavan Varma,Pavan Varma's accessible bestselling civilizational study of Hindu cultural greatness - Indian intellectual perspective for general readers.,,Decolonial and Civilizational Critique,,In Copyright,the great hindu civilisation,the-great-hindu-civilisation,indology-and-civilizational-critique,TRUE,TRUE,TRUE,TRUE,TRUE,TRUE,TRUE,TRUE,TRUE,,TRUE,TRUE,TRUE,TRUE,,TRUE,TRUE,TRUE,TRUE,TRUE,TRUE
800,Becoming Indian,800-becoming-indian,Pavan Varma,Varma's reflections on becoming Indian - accessible Indian intellectual meditation on civilizational identity in modern India.,,Decolonial and Civilizational Critique,,In Copyright,becoming indian,becoming-indian,indology-and-civilizational-critique,TRUE,TRUE,TRUE,TRUE,TRUE,TRUE,TRUE,TRUE,TRUE,TRUE,TRUE,TRUE,TRUE,TRUE,,TRUE,TRUE,TRUE,TRUE,TRUE,TRUE
801,The Greater India,801-the-greater-india,R. C. Majumdar,Majumdar's classical scholarly study of Greater India - Indian-authored academic work on cultural Indianization of Southeast Asia.,,Decolonial and Civilizational Critique,,https://archive.org/search?query=%22The%20Greater%20India%22%20R.%20C.%20Majumdar,the greater india,the-greater-india,indology-and-civilizational-critique,TRUE,TRUE,TRUE,TRUE,TRUE,TRUE,TRUE,TRUE,TRUE,,TRUE,TRUE,TRUE,TRUE,,TRUE,TRUE,TRUE,TRUE,TRUE,TRUE
802,"Hindu Manners, Customs and Ceremonies","802-hindu-manners,-customs-and-ceremonies","Abbé J. A. Dubois (period source, read critically)","Abbé Dubois's classical 1816 Hindu Manners - classical period Western source on Hindu customs, requires critical reading.",,Decolonial and Civilizational Critique,,https://archive.org/details/hindumannerscust00dubo,"hindu manners, customs and ceremonies","hindu-manners,-customs-and-ceremonies",indology-and-civilizational-critique,TRUE,TRUE,TRUE,TRUE,TRUE,TRUE,TRUE,TRUE,TRUE,,TRUE,TRUE,TRUE,TRUE,,TRUE,TRUE,TRUE,TRUE,TRUE,TRUE
803,Svayambodha and Shatrubodha - Hindu View of Self and the World,803-svayambodha-and-shatrubodha---hindu-view-of-self-and-the-world,Pankaj Saxena,Svayambodha and Shatrubodha aims to build a foundational framework to help Hindus discover who they are and who they are not.,9-decolonial-lens,Decolonial and Civilizational Critique,,,svayambodha and shatrubodha - hindu view of self and the world,svayambodha-and-shatrubodha---hindu-view-of-self-and-the-world,indology-and-civilizational-critique,TRUE,TRUE,TRUE,TRUE,TRUE,TRUE,TRUE,TRUE,TRUE,,TRUE,TRUE,TRUE,TRUE,,TRUE,TRUE,TRUE,TRUE,TRUE,TRUE
804,The Nay Science: A History of German Indology,804-the-nay-science-a-history-of-german-indology,"Vishwa Adluri, Joydeep Bagchee","Taking German Indological scholarship on the Mahabharata and the Bhagavadgita as example, a critique of the modern valorization of method over truth in the humanities.",,Decolonial and Civilizational Critique,,,the nay science: a history of german indology,the-nay-science-a-history-of-german-indology,indology-and-civilizational-critique,TRUE,TRUE,TRUE,TRUE,TRUE,TRUE,TRUE,TRUE,TRUE,,TRUE,TRUE,TRUE,TRUE,,TRUE,TRUE,TRUE,TRUE,TRUE,TRUE
805,The Hindus: An Alternative History,805-the-hindus-an-alternative-history,Wendy Doniger,Wendy Doniger's controversial 2009 Hindu history - leftist-feminist Western academic narrative widely contested by Indian scholars.,,Hindu Studies - Contemporary Scholarship and Critique,,In Copyright,the hindus: an alternative history,the-hindus-an-alternative-history,indology-and-civilizational-critique,TRUE,TRUE,TRUE,,TRUE,TRUE,TRUE,,TRUE,,,TRUE,TRUE,,,TRUE,TRUE,TRUE,,TRUE,TRUE
806,The Camphor Flame,806-the-camphor-flame,Christopher Fuller,Christopher Fuller's foundational scholarly study of popular Hinduism - accessible academic introduction to lived devotional religion.,,Hindu Studies - Contemporary Scholarship and Critique,,In Copyright,the camphor flame,the-camphor-flame,indology-and-civilizational-critique,TRUE,TRUE,TRUE,,TRUE,TRUE,TRUE,,TRUE,,,TRUE,TRUE,,,TRUE,TRUE,TRUE,,TRUE,TRUE
807,The Renewal of the Priesthood,807-the-renewal-of-the-priesthood,Christopher Fuller,Fuller's scholarly study of Tamil Brahmin priestly culture - academic ethnography of South Indian temple priesthood.,,Hindu Studies - Contemporary Scholarship and Critique,,In Copyright,the renewal of the priesthood,the-renewal-of-the-priesthood,indology-and-civilizational-critique,TRUE,TRUE,TRUE,TRUE,TRUE,TRUE,TRUE,,TRUE,,,TRUE,TRUE,,,TRUE,TRUE,TRUE,,TRUE,TRUE
808,Modern Hinduism,808-modern-hinduism,David Smith,David Smith's scholarly study of Hinduism in modernity - accessible academic introduction to contemporary Hindu life and thought.,,Hindu Studies - Contemporary Scholarship and Critique,,In Copyright,modern hinduism,modern-hinduism,indology-and-civilizational-critique,TRUE,TRUE,TRUE,,TRUE,TRUE,TRUE,,TRUE,,,TRUE,TRUE,,,TRUE,TRUE,TRUE,,TRUE,TRUE
809,Hinduism and Modernity,809-hinduism-and-modernity,David Smith,Smith's scholarly study of Hinduism's modern transformations - academic treatment of religious change and continuity.,,Hindu Studies - Contemporary Scholarship and Critique,,In Copyright,hinduism and modernity,hinduism-and-modernity,indology-and-civilizational-critique,TRUE,TRUE,TRUE,,TRUE,TRUE,TRUE,,TRUE,,,TRUE,TRUE,,,TRUE,TRUE,TRUE,,TRUE,TRUE
810,An Introduction to Hinduism,810-an-introduction-to-hinduism,Gavin Flood,"Gavin Flood's standard scholarly Introduction to Hinduism - accessible Cambridge academic textbook, widely assigned in universities.",,Hindu Studies - Contemporary Scholarship and Critique,,In Copyright,an introduction to hinduism,an-introduction-to-hinduism,indology-and-civilizational-critique,TRUE,TRUE,TRUE,,TRUE,TRUE,TRUE,,TRUE,,,TRUE,TRUE,,,TRUE,TRUE,TRUE,,TRUE,TRUE
811,The Blackwell Companion to Hinduism,811-the-blackwell-companion-to-hinduism,Gavin Flood (ed.),Flood's edited Blackwell Companion to Hinduism - major scholarly reference volume of contemporary academic essays on the field.,,Hindu Studies - Contemporary Scholarship and Critique,,In Copyright,the blackwell companion to hinduism,the-blackwell-companion-to-hinduism,indology-and-civilizational-critique,TRUE,TRUE,TRUE,,TRUE,TRUE,TRUE,,TRUE,,,TRUE,TRUE,,,TRUE,TRUE,TRUE,,TRUE,TRUE
812,The Truth Within: A History of Inwardness,812-the-truth-within-a-history-of-inwardness,Gavin Flood,Flood's scholarly study of inwardness in Indian religious traditions - academic comparative work on contemplative interiority.,,Hindu Studies - Contemporary Scholarship and Critique,,In Copyright,the truth within: a history of inwardness,the-truth-within-a-history-of-inwardness,indology-and-civilizational-critique,TRUE,TRUE,TRUE,,TRUE,TRUE,TRUE,,TRUE,,,TRUE,TRUE,,,TRUE,TRUE,TRUE,,TRUE,TRUE
813,The Importance of Religion,813-the-importance-of-religion,Gavin Flood,Flood's accessible scholarly meditation on the importance of religion - phenomenological academic case for religious meaning.,,Hindu Studies - Contemporary Scholarship and Critique,,In Copyright,the importance of religion,the-importance-of-religion,indology-and-civilizational-critique,TRUE,TRUE,TRUE,,TRUE,TRUE,TRUE,,TRUE,TRUE,,TRUE,TRUE,,,TRUE,TRUE,TRUE,,TRUE,TRUE
814,Religion in India,814-religion-in-india,Robert Eric Frykenberg,Robert Frykenberg's scholarly study of Indian religion in historical-cultural context - academic survey emphasizing regional variations.,,Hindu Studies - Contemporary Scholarship and Critique,,In Copyright,religion in india,religion-in-india,indology-and-civilizational-critique,TRUE,TRUE,TRUE,,TRUE,TRUE,TRUE,,TRUE,,,TRUE,TRUE,,,TRUE,TRUE,TRUE,,TRUE,TRUE
815,Hinduism in India,815-hinduism-in-india,Will Sweetman & Aditya Malik (eds.),Sweetman and Malik's edited scholarly volume on Hinduism in India - contemporary academic essays on lived Hindu traditions.,,Hindu Studies - Contemporary Scholarship and Critique,,In Copyright,hinduism in india,hinduism-in-india,indology-and-civilizational-critique,TRUE,TRUE,TRUE,,TRUE,TRUE,TRUE,,TRUE,,,TRUE,TRUE,,,TRUE,TRUE,TRUE,,TRUE,TRUE
816,The Construction of Religious Boundaries,816-the-construction-of-religious-boundaries,Harjot Oberoi,Harjot Oberoi's scholarly study of Sikh religious boundary-formation - academic work on construction of distinct religious identity.,,Hindu Studies - Contemporary Scholarship and Critique,,In Copyright,the construction of religious boundaries,the-construction-of-religious-boundaries,indology-and-civilizational-critique,TRUE,TRUE,TRUE,,TRUE,TRUE,TRUE,,TRUE,,,TRUE,TRUE,,,TRUE,TRUE,TRUE,,TRUE,TRUE
817,Imagining India,817-imagining-india,Ronald Inden,Ronald Inden's scholarly critique of Western imagining of India - academic work on colonial Indology and its constructions.,,Hindu Studies - Contemporary Scholarship and Critique,,In Copyright,imagining india,imagining-india,indology-and-civilizational-critique,TRUE,TRUE,TRUE,,TRUE,TRUE,TRUE,,TRUE,,,TRUE,TRUE,,,TRUE,TRUE,TRUE,,TRUE,TRUE
818,Text and Tradition in South India,818-text-and-tradition-in-south-india,"Velcheru Narayana Rao, David Shulman, Sanjay Subrahmanyam","Rao, Shulman, and Subrahmanyam's scholarly study of South Indian textual traditions - landmark academic work on premodern literary culture.",,Hindu Studies - Contemporary Scholarship and Critique,,https://archive.org/search?query=%22Text%20and%20Tradition%20in%20South%20India%22%20Velcheru%20Narayana%20Rao,text and tradition in south india,text-and-tradition-in-south-india,indology-and-civilizational-critique,TRUE,TRUE,TRUE,,TRUE,TRUE,TRUE,,TRUE,,,TRUE,TRUE,,,TRUE,TRUE,TRUE,,TRUE,TRUE
819,Symbols of Substance,819-symbols-of-substance,"Velcheru Narayana Rao, David Shulman, Sanjay Subrahmanyam",Same authors' scholarly study of South Indian culture - major academic work on substance and symbol in premodern South Indian world.,,Hindu Studies - Contemporary Scholarship and Critique,,https://archive.org/search?query=%22Symbols%20of%20Substance%22%20Velcheru%20Narayana%20Rao,symbols of substance,symbols-of-substance,indology-and-civilizational-critique,TRUE,TRUE,TRUE,,TRUE,TRUE,TRUE,,TRUE,,,TRUE,TRUE,,,TRUE,TRUE,TRUE,,TRUE,TRUE
820,Textures of Time,820-textures-of-time,"Velcheru Narayana Rao, David Shulman, Sanjay Subrahmanyam",Same authors' scholarly study of premodern South Indian historical writing - argues Indian historiography existed before colonial impact.,,Hindu Studies - Contemporary Scholarship and Critique,,https://archive.org/search?query=%22Textures%20of%20Time%22%20Velcheru%20Narayana%20Rao,textures of time,textures-of-time,indology-and-civilizational-critique,TRUE,TRUE,TRUE,,TRUE,TRUE,TRUE,,TRUE,,,TRUE,TRUE,,,TRUE,TRUE,TRUE,,TRUE,TRUE
821,The Cosmic Drama,821-the-cosmic-drama,Doris Srinivasan,Doris Srinivasan's scholarly study of Indian iconographic origins - Indus to Vedic art-historical academic work.,,Hindu Studies - Contemporary Scholarship and Critique,,In Copyright,the cosmic drama,the-cosmic-drama,indology-and-civilizational-critique,TRUE,TRUE,TRUE,,TRUE,TRUE,TRUE,,TRUE,,,TRUE,TRUE,,,TRUE,TRUE,TRUE,TRUE,TRUE,TRUE
822,"Many Heads, Arms, and Eyes","822-many-heads,-arms,-and-eyes",Doris Srinivasan,Srinivasan's classical scholarly study of multi-headed Hindu iconography - academic work on multiplicity in Hindu deity representation.,,Hindu Studies - Contemporary Scholarship and Critique,,In Copyright,"many heads, arms, and eyes","many-heads,-arms,-and-eyes",indology-and-civilizational-critique,TRUE,TRUE,TRUE,,TRUE,TRUE,TRUE,,TRUE,,,TRUE,TRUE,,,TRUE,TRUE,TRUE,TRUE,TRUE,TRUE
823,The Power of Tantra,823-the-power-of-tantra,Hugh Urban,"Hugh Urban's scholarly study of tantric power in modern context - Western academic work on sex, secrecy, and politics in Tantra.",,Hindu Studies - Contemporary Scholarship and Critique,,https://archive.org/search?query=%22The%20Power%20of%20Tantra%22%20Hugh%20Urban,the power of tantra,the-power-of-tantra,indology-and-civilizational-critique,TRUE,TRUE,TRUE,,TRUE,TRUE,TRUE,,TRUE,TRUE,,TRUE,TRUE,,,TRUE,TRUE,TRUE,,TRUE,TRUE
824,"Tantra: Sex, Secrecy, Politics, and Power","824-tantra-sex,-secrecy,-politics,-and-power",Hugh Urban,Urban's broader scholarly study of Tantra in modernity - academic survey of tantric reception in Western and modern Indian contexts.,,Hindu Studies - Contemporary Scholarship and Critique,,https://archive.org/search?query=%22Tantra%22%20Hugh%20Urban,"tantra: sex, secrecy, politics, and power","tantra-sex,-secrecy,-politics,-and-power",indology-and-civilizational-critique,TRUE,TRUE,TRUE,,TRUE,TRUE,TRUE,,TRUE,TRUE,,TRUE,TRUE,,,TRUE,TRUE,TRUE,,TRUE,TRUE
825,Zen and the Art of Postmodern Philosophy,825-zen-and-the-art-of-postmodern-philosophy,David Loy,"David Loy's scholarly comparative philosophy - Buddhist-Western postmodern philosophical engagement, useful comparative reading.",,Hindu Studies - Contemporary Scholarship and Critique,,In Copyright,zen and the art of postmodern philosophy,zen-and-the-art-of-postmodern-philosophy,indology-and-civilizational-critique,TRUE,TRUE,TRUE,,TRUE,TRUE,TRUE,,TRUE,,,TRUE,TRUE,,,TRUE,TRUE,TRUE,,TRUE,TRUE
826,Religion and Power,826-religion-and-power,Daud Ali (ed.),Daud Ali's edited scholarly volume on religion and political power - academic essays on early medieval Indian intersections.,,Hindu Studies - Contemporary Scholarship and Critique,,In Copyright,religion and power,religion-and-power,indology-and-civilizational-critique,TRUE,TRUE,TRUE,,TRUE,TRUE,TRUE,,TRUE,,,TRUE,TRUE,,,TRUE,TRUE,TRUE,,TRUE,TRUE
827,Courtly Culture and Political Life in Early Medieval India,827-courtly-culture-and-political-life-in-early-medieval-india,Daud Ali,Ali's scholarly study of early medieval Indian courtly culture - academic work on aesthetics and politics of South Indian courts.,,Hindu Studies - Contemporary Scholarship and Critique,,In Copyright,courtly culture and political life in early medieval india,courtly-culture-and-political-life-in-early-medieval-india,indology-and-civilizational-critique,TRUE,TRUE,TRUE,,TRUE,TRUE,TRUE,,TRUE,,,TRUE,TRUE,,,TRUE,TRUE,TRUE,TRUE,TRUE,TRUE
828,Forms of Knowledge in Early Modern Asia,828-forms-of-knowledge-in-early-modern-asia,Sheldon Pollock (ed.),Pollock's edited scholarly volume on early modern Asian intellectual culture - academic essays on premodern knowledge production.,,Hindu Studies - Contemporary Scholarship and Critique,,In Copyright,forms of knowledge in early modern asia,forms-of-knowledge-in-early-modern-asia,indology-and-civilizational-critique,TRUE,TRUE,TRUE,,TRUE,TRUE,TRUE,,TRUE,,,TRUE,TRUE,,,TRUE,TRUE,TRUE,,TRUE,TRUE
829,The Conquest of the World by 30 Letters,829-the-conquest-of-the-world-by-30-letters,Sheldon Pollock (essay),Pollock's scholarly essay on Sanskrit's reach across Asia - Sanskrit cosmopolis as transregional civilizational language.,,Hindu Studies - Contemporary Scholarship and Critique,,In Copyright,the conquest of the world by 30 letters,the-conquest-of-the-world-by-30-letters,indology-and-civilizational-critique,TRUE,TRUE,TRUE,,TRUE,TRUE,TRUE,,TRUE,,,TRUE,TRUE,,,TRUE,TRUE,TRUE,,TRUE,TRUE
830,Sanskrit Knowledge Systems on the Eve of Colonialism,830-sanskrit-knowledge-systems-on-the-eve-of-colonialism,Sheldon Pollock (essay collection),Pollock's edited scholarly volume on Sanskrit knowledge systems - academic essays on intellectual production before colonial impact.,,Hindu Studies - Contemporary Scholarship and Critique,,In Copyright,sanskrit knowledge systems on the eve of colonialism,sanskrit-knowledge-systems-on-the-eve-of-colonialism,indology-and-civilizational-critique,TRUE,TRUE,TRUE,,TRUE,TRUE,TRUE,,TRUE,,,TRUE,TRUE,,,TRUE,TRUE,TRUE,,TRUE,TRUE
831,The Battle for Sanskrit,831-the-battle-for-sanskrit,Rajiv Malhotra (full vol.),Malhotra's foundational polemical critique of Pollock's Sanskrit project - Hindu intellectual challenge to Western Sanskrit philology.,9-decolonial-lens,Hindu Studies - Indigenous Reclamation,,In Copyright,the battle for sanskrit,the-battle-for-sanskrit,indology-and-civilizational-critique,TRUE,TRUE,TRUE,TRUE,TRUE,TRUE,TRUE,TRUE,TRUE,,TRUE,TRUE,TRUE,TRUE,,TRUE,TRUE,TRUE,TRUE,TRUE,TRUE
832,Hindutva: Who is a Hindu?,832-hindutva-who-is-a-hindu,V. D. Savarkar,"Savarkar's controversial 1923 Hindutva - foundational ideological text of Hindu nationalist political identity, widely contested.",,Hindu Studies - Indigenous Reclamation,,https://archive.org/details/hindutva-vinayak-damodar-savarkar-pdf,hindutva: who is a hindu?,hindutva-who-is-a-hindu,indology-and-civilizational-critique,TRUE,TRUE,TRUE,TRUE,TRUE,TRUE,TRUE,TRUE,TRUE,,TRUE,TRUE,TRUE,TRUE,,TRUE,TRUE,TRUE,TRUE,TRUE,TRUE
833,Six Glorious Epochs of Indian History,833-six-glorious-epochs-of-indian-history,V. D. Savarkar,Savarkar's polemical Hindu nationalist civilizational history - controversial right-Hindu intellectual reading of Indian historical periods.,,Hindu Studies - Indigenous Reclamation,,https://archive.org/details/six-glorious-epochs-of-indian-history,six glorious epochs of indian history,six-glorious-epochs-of-indian-history,indology-and-civilizational-critique,TRUE,TRUE,TRUE,TRUE,TRUE,TRUE,TRUE,TRUE,TRUE,,TRUE,TRUE,TRUE,TRUE,,TRUE,TRUE,TRUE,TRUE,TRUE,TRUE
834,The Indian War of Independence 1857,834-the-indian-war-of-independence-1857,V. D. Savarkar,Savarkar's classical 1909 Indian War of Independence on the 1857 uprising - banned-by-British nationalist historical interpretation.,,Hindu Studies - Indigenous Reclamation,,https://archive.org/details/IndianWarOfIndependence1857,the indian war of independence 1857,the-indian-war-of-independence-1857,indology-and-civilizational-critique,TRUE,TRUE,TRUE,TRUE,TRUE,TRUE,TRUE,TRUE,TRUE,,TRUE,TRUE,TRUE,TRUE,,TRUE,TRUE,TRUE,TRUE,TRUE,TRUE
835,"We, or Our Nationhood Defined","835-we,-or-our-nationhood-defined",M. S. Golwalkar,"M. S. Golwalkar's controversial 1939 RSS ideological text - early Sangh statement of Hindu cultural nationalism, widely contested.",,Hindu Studies - Indigenous Reclamation,,In Copyright,"we, or our nationhood defined","we,-or-our-nationhood-defined",indology-and-civilizational-critique,TRUE,TRUE,TRUE,TRUE,TRUE,TRUE,TRUE,TRUE,TRUE,,TRUE,TRUE,TRUE,TRUE,,TRUE,TRUE,TRUE,TRUE,TRUE,TRUE
836,Bunch of Thoughts,836-bunch-of-thoughts,M. S. Golwalkar,Golwalkar's collected speeches and writings - central RSS ideological text presenting Hindu cultural nationalist worldview.,,Hindu Studies - Indigenous Reclamation,,In Copyright,bunch of thoughts,bunch-of-thoughts,indology-and-civilizational-critique,TRUE,TRUE,TRUE,TRUE,TRUE,TRUE,TRUE,TRUE,TRUE,,TRUE,TRUE,TRUE,TRUE,,TRUE,TRUE,TRUE,TRUE,TRUE,TRUE
837,Why I Am a Hindu,837-why-i-am-a-hindu,Shashi Tharoor,Shashi Tharoor's accessible bestselling case for cultural Hinduism - Indian intellectual response to Hindutva while affirming Hindu pluralism.,,Hindu Studies - Indigenous Reclamation,,In Copyright,why i am a hindu,why-i-am-a-hindu,indology-and-civilizational-critique,TRUE,TRUE,TRUE,TRUE,TRUE,TRUE,TRUE,TRUE,TRUE,,TRUE,TRUE,TRUE,TRUE,,TRUE,TRUE,TRUE,TRUE,TRUE,TRUE
838,An Era of Darkness,838-an-era-of-darkness,Shashi Tharoor,Tharoor's bestselling polemical history of British colonial damage to India - popular Indian intellectual indictment of empire.,,Hindu Studies - Indigenous Reclamation,,In Copyright,an era of darkness,an-era-of-darkness,indology-and-civilizational-critique,TRUE,TRUE,TRUE,TRUE,TRUE,TRUE,TRUE,TRUE,TRUE,,TRUE,TRUE,TRUE,TRUE,,TRUE,TRUE,TRUE,TRUE,TRUE,TRUE
839,Inglorious Empire,839-inglorious-empire,Shashi Tharoor,Tharoor's bestselling expanded version on British rule's damage to India - popular Indian intellectual case for colonial reparations.,,Hindu Studies - Indigenous Reclamation,,In Copyright,inglorious empire,inglorious-empire,indology-and-civilizational-critique,TRUE,TRUE,TRUE,TRUE,TRUE,TRUE,TRUE,TRUE,TRUE,,TRUE,TRUE,TRUE,TRUE,,TRUE,TRUE,TRUE,TRUE,TRUE,TRUE
840,Hindu Society at Cross Roads,840-hindu-society-at-cross-roads,K. M. Munshi,K. M. Munshi's classical Indian-authored civilizational reflections - Bharatiya Vidya Bhavan founder's perspective on Hindu society.,,Hindu Studies - Indigenous Reclamation,,https://archive.org/search?query=%22Hindu%20Society%20at%20Cross%20Roads%22%20K.%20M.%20Munshi,hindu society at cross roads,hindu-society-at-cross-roads,indology-and-civilizational-critique,TRUE,TRUE,TRUE,TRUE,TRUE,TRUE,TRUE,TRUE,TRUE,,TRUE,TRUE,TRUE,TRUE,,TRUE,TRUE,TRUE,TRUE,TRUE,TRUE
841,The Saga of Indian Sculpture,841-the-saga-of-indian-sculpture,K. M. Munshi,Munshi's scholarly study of Indian sculpture - Bharatiya Vidya Bhavan founder's classical academic work on Hindu artistic tradition.,,Hindu Studies - Indigenous Reclamation,,https://archive.org/search?query=%22The%20Saga%20of%20Indian%20Sculpture%22%20K.%20M.%20Munshi,the saga of indian sculpture,the-saga-of-indian-sculpture,indology-and-civilizational-critique,TRUE,TRUE,TRUE,TRUE,TRUE,TRUE,TRUE,TRUE,TRUE,,TRUE,TRUE,TRUE,TRUE,,TRUE,TRUE,TRUE,TRUE,TRUE,TRUE
842,Bhagavad-gita,842-bhagavad-gita,K. M. Munshi (introductions and lectures),Munshi's introductory lectures on the Bhagavad Gita - accessible Indian intellectual exposition for general readers.,,Hindu Studies - Indigenous Reclamation,,https://archive.org/search?query=%22Bhagavad-gita%22%20K.%20M.%20Munshi,bhagavad-gita,bhagavad-gita,indology-and-civilizational-critique,TRUE,TRUE,TRUE,TRUE,TRUE,TRUE,TRUE,TRUE,TRUE,,TRUE,TRUE,TRUE,TRUE,,TRUE,TRUE,TRUE,TRUE,TRUE,TRUE
843,Krishnavatara,843-krishnavatara,K. M. Munshi (multi-vol historical novel),Munshi's classical multi-volume Krishnavatara - beloved Indian-authored historical novel sequence on Krishna and the Mahabharata.,,Hindu Studies - Indigenous Reclamation,,https://archive.org/search?query=%22Krishnavatara%22%20K.%20M.%20Munshi,krishnavatara,krishnavatara,indology-and-civilizational-critique,TRUE,TRUE,TRUE,TRUE,TRUE,TRUE,TRUE,TRUE,TRUE,,TRUE,TRUE,TRUE,TRUE,,TRUE,TRUE,TRUE,TRUE,TRUE,TRUE
844,Hindu Dharma,844-hindu-dharma,Sri Chandrasekharendra Saraswati (Kanchi Acharya),Sri Chandrasekharendra Saraswati's classical transmitted teachings - the Kanchi Mahaswami's accessible Hindu Dharma instruction.,,Hindu Studies - Indigenous Reclamation,,In Copyright,hindu dharma,hindu-dharma,indology-and-civilizational-critique,TRUE,TRUE,TRUE,TRUE,TRUE,TRUE,TRUE,TRUE,TRUE,,TRUE,TRUE,TRUE,TRUE,,TRUE,TRUE,TRUE,TRUE,TRUE,TRUE
845,The Voice of God,845-the-voice-of-god,Kanchi Mahaswami (compilation),Compilation of the Kanchi Acharya's spoken teachings - accessible transmitted wisdom from the Kanchi Paramacharya for general readers.,,Hindu Studies - Indigenous Reclamation,,In Copyright,the voice of god,the-voice-of-god,indology-and-civilizational-critique,TRUE,TRUE,TRUE,TRUE,TRUE,TRUE,TRUE,TRUE,TRUE,,TRUE,TRUE,TRUE,TRUE,,TRUE,TRUE,TRUE,TRUE,TRUE,TRUE
846,Bharat Ek Khoj of the Sanatana Dharma,846-bharat-ek-khoj-of-the-sanatana-dharma,V. R. Devika,V. R. Devika's accessible introduction to Sanatana Dharma - popular Indian intellectual work for general Hindu readers.,,Hindu Studies - Indigenous Reclamation,,In Copyright,bharat ek khoj of the sanatana dharma,bharat-ek-khoj-of-the-sanatana-dharma,indology-and-civilizational-critique,TRUE,TRUE,TRUE,TRUE,TRUE,TRUE,TRUE,TRUE,TRUE,,TRUE,TRUE,TRUE,TRUE,,TRUE,TRUE,TRUE,TRUE,TRUE,TRUE
847,Eternal Bharat,847-eternal-bharat,Aurobindo (ed. compilation),Compiled Aurobindo civilizational selections - anthology drawing together his key civilizational essays for general readers.,,Hindu Studies - Indigenous Reclamation,,https://archive.org/search?query=%22Eternal%20Bharat%22%20Aurobindo,eternal bharat,eternal-bharat,indology-and-civilizational-critique,TRUE,TRUE,TRUE,TRUE,TRUE,TRUE,TRUE,TRUE,TRUE,,TRUE,TRUE,TRUE,TRUE,,TRUE,TRUE,TRUE,TRUE,TRUE,TRUE
848,The Hindu Civilization,848-the-hindu-civilization,N. S. Rajaram,N. S. Rajaram's polemical study of Hindu civilization - controversial Indian-authored case for civilizational Hindu intellectual heritage.,,Hindu Studies - Indigenous Reclamation,,In Copyright,the hindu civilization,the-hindu-civilization,indology-and-civilizational-critique,TRUE,TRUE,TRUE,TRUE,TRUE,TRUE,TRUE,TRUE,TRUE,,TRUE,TRUE,TRUE,TRUE,,TRUE,TRUE,TRUE,TRUE,TRUE,TRUE
849,The Politics of History,849-the-politics-of-history,N. S. Rajaram,Rajaram's polemical study of historical politics - Indian-authored controversial perspective on contested Indian history.,,Hindu Studies - Indigenous Reclamation,,In Copyright,the politics of history,the-politics-of-history,indology-and-civilizational-critique,TRUE,TRUE,TRUE,TRUE,TRUE,TRUE,TRUE,TRUE,TRUE,,TRUE,TRUE,TRUE,TRUE,,TRUE,TRUE,TRUE,TRUE,TRUE,TRUE
850,Sarasvati River and the Vedic Civilization,850-sarasvati-river-and-the-vedic-civilization,N. S. Rajaram,Rajaram's scholarly study of Sarasvati and Vedic civilization - Indian-authored case for indigenous Vedic-Harappan continuity.,,Hindu Studies - Indigenous Reclamation,,In Copyright,sarasvati river and the vedic civilization,sarasvati-river-and-the-vedic-civilization,indology-and-civilizational-critique,TRUE,TRUE,TRUE,TRUE,TRUE,TRUE,TRUE,TRUE,TRUE,,TRUE,TRUE,TRUE,TRUE,,TRUE,TRUE,TRUE,TRUE,TRUE,TRUE
851,Elements of Hindu Iconography,851-elements-of-hindu-iconography,T. A. Gopinatha Rao (4 vols),T. A. Gopinatha Rao's monumental four-volume Elements of Hindu Iconography - definitive classical Indian academic reference on temple imagery.,,"Art, Iconography, and Architecture",,In Copyright,elements of hindu iconography,elements-of-hindu-iconography,arts-and-aesthetics,TRUE,TRUE,,TRUE,,,TRUE,,,TRUE,,TRUE,,,TRUE,,,,TRUE,,
852,The Hindu Temple,852-the-hindu-temple,Stella Kramrisch (2 vols),Stella Kramrisch's monumental two-volume Hindu Temple - definitive scholarly work on the temple as cosmic ritual diagram.,,"Art, Iconography, and Architecture",,https://archive.org/details/HinduTempleVol.12StellaKramrisch,the hindu temple,the-hindu-temple,arts-and-aesthetics,TRUE,TRUE,,TRUE,,,TRUE,,,TRUE,,TRUE,,,TRUE,,,,TRUE,,
853,The Presence of Siva,853-the-presence-of-siva,Stella Kramrisch,Kramrisch's foundational scholarly study of Shiva iconography and theology - masterwork on Shiva as cosmic principle in Hindu art.,,"Art, Iconography, and Architecture",,In Copyright,the presence of siva,the-presence-of-siva,arts-and-aesthetics,TRUE,TRUE,,TRUE,,,TRUE,,,TRUE,,TRUE,,,TRUE,,,,TRUE,,
854,The Vishnudharmottara,854-the-vishnudharmottara,Stella Kramrisch,"Kramrisch's scholarly study of the Vishnudharmottara - major Sanskrit text on iconography, painting, and Hindu artistic theory.",,"Art, Iconography, and Architecture",,In Copyright,the vishnudharmottara,the-vishnudharmottara,arts-and-aesthetics,TRUE,TRUE,,TRUE,,,TRUE,,,TRUE,,TRUE,,,TRUE,,,,TRUE,,
855,Manifestations of Shiva,855-manifestations-of-shiva,Stella Kramrisch,Kramrisch's collected essays on the manifestations of Shiva - scholarly studies on the deity across art-historical periods.,,"Art, Iconography, and Architecture",,In Copyright,manifestations of shiva,manifestations-of-shiva,arts-and-aesthetics,TRUE,TRUE,,TRUE,,,TRUE,,,TRUE,,TRUE,,,TRUE,,,,TRUE,,
856,Indian Sculpture,856-indian-sculpture,Stella Kramrisch,Kramrisch's foundational scholarly survey of Indian sculpture - classical Western academic work on Hindu sculptural traditions.,,"Art, Iconography, and Architecture",,https://archive.org/details/in.ernet.dli.2015.95641,indian sculpture,indian-sculpture,arts-and-aesthetics,TRUE,TRUE,,TRUE,,TRUE,TRUE,,,TRUE,,TRUE,,,TRUE,,,,TRUE,,
857,Exploring India's Sacred Art,857-exploring-indias-sacred-art,Stella Kramrisch (ed. Barbara Stoler Miller),Barbara Stoler Miller's edited Kramrisch volume on India's sacred art - collected essays representing her career-long scholarly contribution.,,"Art, Iconography, and Architecture",,In Copyright,exploring india's sacred art,exploring-indias-sacred-art,arts-and-aesthetics,TRUE,TRUE,,TRUE,,,TRUE,,,TRUE,,TRUE,,,TRUE,,,,TRUE,,
858,Art and Architecture of India,858-art-and-architecture-of-india,Benjamin Rowland,Benjamin Rowland's classical scholarly survey of Indian art and architecture - accessible older Western academic textbook treatment.,,"Art, Iconography, and Architecture",,In Copyright,art and architecture of india,art-and-architecture-of-india,arts-and-aesthetics,TRUE,TRUE,,TRUE,,TRUE,TRUE,,,TRUE,,TRUE,,,TRUE,,,,TRUE,,
859,The Art of Indian Asia,859-the-art-of-indian-asia,Heinrich Zimmer (2 vols),Heinrich Zimmer's classical two-volume Art of Indian Asia - German-tradition foundational scholarly study of Buddhist-Hindu art history.,,"Art, Iconography, and Architecture",,In Copyright,the art of indian asia,the-art-of-indian-asia,arts-and-aesthetics,TRUE,TRUE,,TRUE,,,TRUE,,,TRUE,,TRUE,,,TRUE,,,,TRUE,,
860,Myths and Symbols in Indian Art and Civilization,860-myths-and-symbols-in-indian-art-and-civilization,Heinrich Zimmer,Zimmer's classical study of Indian myth and symbolism - accessible older Western academic introduction to Hindu mythological art.,,"Art, Iconography, and Architecture",,In Copyright,myths and symbols in indian art and civilization,myths-and-symbols-in-indian-art-and-civilization,arts-and-aesthetics,TRUE,TRUE,,TRUE,,TRUE,TRUE,,TRUE,TRUE,,TRUE,,,TRUE,,,,TRUE,,
861,The King and the Corpse,861-the-king-and-the-corpse,Heinrich Zimmer,Zimmer's classical scholarly study of fairy tale and myth - explores Indian narrative motifs and their psycho-spiritual symbolism.,,"Art, Iconography, and Architecture",,In Copyright,the king and the corpse,the-king-and-the-corpse,arts-and-aesthetics,TRUE,TRUE,,TRUE,,,TRUE,,TRUE,TRUE,,TRUE,,,TRUE,,,,TRUE,,
862,Philosophies of India,862-philosophies-of-india,Heinrich Zimmer,"Zimmer's classical introduction to Indian philosophy - accessible older Western academic survey of darshanas, edited by Joseph Campbell.",,"Art, Iconography, and Architecture",,In Copyright,philosophies of india,philosophies-of-india,arts-and-aesthetics,TRUE,TRUE,,TRUE,,TRUE,TRUE,,,TRUE,,TRUE,,,TRUE,,,,TRUE,,
863,Indian Art,863-indian-art,Vidya Dehejia,Vidya Dehejia's accessible scholarly survey of Indian art - clear contemporary academic introduction by leading South Asian art historian.,4-aesthete-path,"Art, Iconography, and Architecture",,In Copyright,indian art,indian-art,arts-and-aesthetics,TRUE,TRUE,,TRUE,,TRUE,TRUE,,,TRUE,,TRUE,,,TRUE,,,,TRUE,,
864,Indian Painting,864-indian-painting,Vidya Dehejia,"Dehejia's accessible scholarly survey of Indian painting - contemporary academic introduction to miniature, mural, and folk traditions.",,"Art, Iconography, and Architecture",,In Copyright,indian painting,indian-painting,arts-and-aesthetics,TRUE,TRUE,,TRUE,,TRUE,TRUE,,,TRUE,,TRUE,,,TRUE,,,,TRUE,,
865,The Body Adorned,865-the-body-adorned,Vidya Dehejia,"Dehejia's scholarly study of Indian aesthetics of the body - adornment, ornament, and embodiment in classical Indian art.",,"Art, Iconography, and Architecture",,In Copyright,the body adorned,the-body-adorned,arts-and-aesthetics,TRUE,TRUE,,TRUE,,,TRUE,,,TRUE,,TRUE,,,TRUE,,,,TRUE,,
866,The Sensuous and the Sacred,866-the-sensuous-and-the-sacred,Vidya Dehejia,Dehejia's scholarly study of erotic and devotional Indian art - academic work on the sensuous-sacred convergence in temple imagery.,,"Art, Iconography, and Architecture",,In Copyright,the sensuous and the sacred,the-sensuous-and-the-sacred,arts-and-aesthetics,TRUE,TRUE,,TRUE,,,TRUE,,,TRUE,,TRUE,,,TRUE,,,,TRUE,,
867,Indian Temple Sculpture,867-indian-temple-sculpture,John Guy,John Guy's scholarly study of Indian temple sculpture - accessible academic introduction by the Metropolitan Museum curator.,4-aesthete-path,"Art, Iconography, and Architecture",,In Copyright,indian temple sculpture,indian-temple-sculpture,arts-and-aesthetics,TRUE,TRUE,,TRUE,,,TRUE,,,TRUE,,TRUE,,,TRUE,,,,TRUE,,
868,Indian Architecture,868-indian-architecture,Percy Brown (2 vols),Percy Brown's classical two-volume Indian Architecture - foundational older Western academic survey of Hindu and Islamic Indian architecture.,,"Art, Iconography, and Architecture",,https://archive.org/details/IndianArchitectureBuddhistAndHinduPercyBrown,indian architecture,indian-architecture,arts-and-aesthetics,TRUE,TRUE,TRUE,TRUE,,TRUE,TRUE,,,TRUE,,TRUE,,,TRUE,,,,TRUE,,
869,The Hindu Temple: An Introduction,869-the-hindu-temple-an-introduction,George Michell,George Michell's accessible scholarly introduction to the Hindu temple - clear academic primer for general readers.,,"Art, Iconography, and Architecture",,In Copyright,the hindu temple: an introduction,the-hindu-temple-an-introduction,arts-and-aesthetics,TRUE,TRUE,,TRUE,,,TRUE,,,TRUE,,TRUE,,,TRUE,,,,TRUE,,
870,Hindu Art,870-hindu-art,T. Richard Blurton,T. Richard Blurton's accessible British Museum scholarly survey of Hindu art - clear academic introduction for general readers.,,"Art, Iconography, and Architecture",,In Copyright,hindu art,hindu-art,arts-and-aesthetics,TRUE,TRUE,,TRUE,,,TRUE,,,TRUE,,TRUE,,,TRUE,,,,TRUE,,
871,Sacred Sculptures of Thailand,871-sacred-sculptures-of-thailand,Hiram W. Woodward (Indian roots reading),Hiram Woodward's scholarly study of Thai Buddhist sculpture - useful comparative reading on Indian artistic influence in Southeast Asia.,,"Art, Iconography, and Architecture",,In Copyright,sacred sculptures of thailand,sacred-sculptures-of-thailand,arts-and-aesthetics,TRUE,TRUE,,TRUE,,,TRUE,,,TRUE,,TRUE,,,TRUE,,,,TRUE,,
872,Mānasāra (Architectural Treatise),872-mānasāra-architectural-treatise,Prasanna Kumar Acharya,Prasanna Kumar Acharya's classical scholarly translation of the Manasara - foundational Sanskrit treatise on Vastu Shastra and architecture.,,"Art, Iconography, and Architecture",,In Copyright,mānasāra (architectural treatise),mānasāra-architectural-treatise,arts-and-aesthetics,TRUE,TRUE,,TRUE,,,TRUE,,,TRUE,,TRUE,,,TRUE,,,,TRUE,,
873,Vastu Shastra,873-vastu-shastra,Vibhuti Chakrabarti,Vibhuti Chakrabarti's scholarly study of Vastu Shastra - academic work on the Hindu science of architecture and sacred geometry.,,"Art, Iconography, and Architecture",,In Copyright,vastu shastra,vastu-shastra,arts-and-aesthetics,TRUE,TRUE,,TRUE,,TRUE,TRUE,,,TRUE,,TRUE,,,TRUE,,,,TRUE,,
874,The Architecture of the Indian Sultanates,874-the-architecture-of-the-indian-sultanates,Mehrdad Shokoohy,Mehrdad Shokoohy's scholarly study of Indian Sultanate architecture - academic work on pre-Mughal Islamic architectural traditions.,,"Art, Iconography, and Architecture",,In Copyright,the architecture of the indian sultanates,the-architecture-of-the-indian-sultanates,arts-and-aesthetics,TRUE,TRUE,TRUE,TRUE,,,TRUE,,,TRUE,,TRUE,,,TRUE,,,,TRUE,,
875,Bharatas Natyashastra and Indian Theatre,875-bharatas-natyashastra-and-indian-theatre,V. Raghavan,V. Raghavan's classical scholarly study of Bharata's Natyashastra and theatrical tradition - Indian-authored academic work on classical drama.,,"Art, Iconography, and Architecture",,https://archive.org/search?query=%22Bharatas%20Natyashastra%20and%20Indian%20Theatre%22%20V.%20Raghavan,bharatas natyashastra and indian theatre,bharatas-natyashastra-and-indian-theatre,arts-and-aesthetics,TRUE,TRUE,,TRUE,,,TRUE,,,TRUE,,TRUE,,,TRUE,,,,TRUE,,
876,Indian Iconography,876-indian-iconography,Niranjan Ghosh,Niranjan Ghosh's scholarly study of Indian iconography - Indian-authored academic introduction to Hindu deity representation.,,"Art, Iconography, and Architecture",,In Copyright,indian iconography,indian-iconography,arts-and-aesthetics,TRUE,TRUE,,TRUE,,,TRUE,,,TRUE,,TRUE,,,TRUE,,,,TRUE,,
877,Hindu Iconography,877-hindu-iconography,Krishan Yuvraj (in art-history series),Krishan Yuvraj's scholarly art-historical study of Hindu iconography - academic series treatment of deity representation in Indian art.,,"Art, Iconography, and Architecture",,In Copyright,hindu iconography,hindu-iconography,arts-and-aesthetics,TRUE,TRUE,,TRUE,,,TRUE,,,TRUE,,TRUE,,,TRUE,,,,TRUE,,TRUE
878,Aesthetic Experience According to Abhinavagupta,878-aesthetic-experience-according-to-abhinavagupta,Raniero Gnoli,Raniero Gnoli's classical Italian-tradition scholarly study of Abhinavagupta's aesthetics - definitive academic work on rasa theory.,,"Art, Iconography, and Architecture",,In Copyright,aesthetic experience according to abhinavagupta,aesthetic-experience-according-to-abhinavagupta,arts-and-aesthetics,TRUE,TRUE,,TRUE,,,TRUE,,,TRUE,,TRUE,,,TRUE,,,,TRUE,,
879,The Sculpture of India,879-the-sculpture-of-india,Pratapaditya Pal,Pratapaditya Pal's accessible scholarly survey of Indian sculpture - comprehensive academic introduction by leading South Asian art curator.,,"Art, Iconography, and Architecture",,In Copyright,the sculpture of india,the-sculpture-of-india,arts-and-aesthetics,TRUE,TRUE,,TRUE,,,TRUE,,,TRUE,,TRUE,,,TRUE,,,,TRUE,,
880,The Iconography of Hindu Tantric Deities,880-the-iconography-of-hindu-tantric-deities,Gudrun Bühnemann (2 vols),Gudrun Bühnemann's scholarly two-volume study of tantric deity iconography - definitive academic reference on Hindu tantric imagery.,,"Art, Iconography, and Architecture",,In Copyright,the iconography of hindu tantric deities,the-iconography-of-hindu-tantric-deities,arts-and-aesthetics,TRUE,TRUE,,TRUE,,,TRUE,,,TRUE,,TRUE,,,TRUE,,,,TRUE,,
881,The Hindu Pantheon,881-the-hindu-pantheon,Edward Moor (period source),"Edward Moor's classical 1810 Hindu Pantheon - foundational early Western Indological iconographic study, period source.",,"Art, Iconography, and Architecture",,https://archive.org/details/hindupantheon00moor,the hindu pantheon,the-hindu-pantheon,arts-and-aesthetics,TRUE,TRUE,,TRUE,,TRUE,TRUE,,,TRUE,,TRUE,,,TRUE,,,,TRUE,,
882,Indian Aesthetics: An Introduction,882-indian-aesthetics-an-introduction,V. S. Seturaman (ed.),V. S. Seturaman's edited scholarly anthology - accessible Indian academic introduction to Indian aesthetic theory readings.,,"Art, Iconography, and Architecture",,In Copyright,indian aesthetics: an introduction,indian-aesthetics-an-introduction,arts-and-aesthetics,TRUE,TRUE,,TRUE,,,TRUE,,,TRUE,,TRUE,,,TRUE,,,,TRUE,,
883,The Ragas of Northern Indian Music,883-the-ragas-of-northern-indian-music,Alain Daniélou,Alain Daniélou's scholarly study of North Indian raga - French Indophile musicologist's accessible academic survey.,,"Music, Dance, and Performing Arts",,In Copyright,the ragas of northern indian music,the-ragas-of-northern-indian-music,arts-and-aesthetics,TRUE,TRUE,,,,,TRUE,,,TRUE,,,,,,,,,TRUE,,
884,The Ragas of South India,884-the-ragas-of-south-india,Walter Kaufmann,Walter Kaufmann's scholarly study of Carnatic music - academic survey of South Indian classical music's raga system.,,"Music, Dance, and Performing Arts",,In Copyright,the ragas of south india,the-ragas-of-south-india,arts-and-aesthetics,TRUE,TRUE,,,,,TRUE,,,TRUE,,,,,,,,,TRUE,,
885,Northern Indian Music,885-northern-indian-music,Alain Daniélou (2 vols),Daniélou's two-volume scholarly study of Hindustani music - French-tradition academic work on North Indian classical music.,,"Music, Dance, and Performing Arts",,In Copyright,northern indian music,northern-indian-music,arts-and-aesthetics,TRUE,TRUE,,,,,TRUE,,,TRUE,,,,,,,,,TRUE,,
886,The Music of India,886-the-music-of-india,Reginald Massey & Jamila Massey,Reginald and Jamila Massey's accessible scholarly survey of Indian music - academic introduction to Hindustani and Carnatic traditions.,,"Music, Dance, and Performing Arts",,In Copyright,the music of india,the-music-of-india,arts-and-aesthetics,TRUE,TRUE,,,,,TRUE,,,TRUE,,,,,,,,,TRUE,,
887,The Raga-Tala System of Northern Indian Music,887-the-raga-tala-system-of-northern-indian-music,Patrick Moutal,Patrick Moutal's scholarly study of North Indian raga-tala system - accessible academic introduction to Hindustani musical theory.,,"Music, Dance, and Performing Arts",,In Copyright,the raga-tala system of northern indian music,the-raga-tala-system-of-northern-indian-music,arts-and-aesthetics,TRUE,TRUE,,,,,TRUE,,,TRUE,,,,,,,,,TRUE,,
888,Sangeet Ratnakara of Sarngadeva,888-sangeet-ratnakara-of-sarngadeva,R. K. Shringy & Prem Lata Sharma,Shringy and Sharma's translation of Sarngadeva's Sangita Ratnakara - foundational 13th-century Sanskrit treatise on Indian music theory.,,"Music, Dance, and Performing Arts",,https://archive.org/details/SangitaRatnakaraOfSarngadevaVolume1Sringi,sangeet ratnakara of sarngadeva,sangeet-ratnakara-of-sarngadeva,arts-and-aesthetics,TRUE,TRUE,,,,,TRUE,,,TRUE,,,,,,,,,TRUE,,
889,The Natya Shastra,889-the-natya-shastra,Manomohan Ghosh (already listed; included for performance studies),"Manomohan Ghosh's two-volume Natyashastra translation - foundational Sanskrit treatise on theatre, dance, music, and aesthetics.",,"Music, Dance, and Performing Arts",,https://archive.org/details/NatyaShastraEnglishTranslationManmohanGhosh,the natya shastra,the-natya-shastra,arts-and-aesthetics,TRUE,TRUE,,,,,TRUE,,,TRUE,,,,,,,,,TRUE,,
890,Nrityashastra,890-nrityashastra,Bharatamuni (Adya Rangacharya trans.),Adya Rangacharya's translation of Bharata's Natyashastra - accessible Indian-authored alternate version of the foundational dramatic treatise.,,"Music, Dance, and Performing Arts",,https://archive.org/search?query=%22Nrityashastra%22%20Bharatamuni,nrityashastra,nrityashastra,arts-and-aesthetics,TRUE,TRUE,,,,,TRUE,,,TRUE,,,,,,,,,TRUE,,
891,The Abhinaya Darpana of Nandikeshvara,891-the-abhinaya-darpana-of-nandikeshvara,Manomohan Ghosh,Manomohan Ghosh's translation of Nandikeshvara's Abhinaya Darpana - classical Sanskrit handbook on classical Indian dance gesture.,,"Music, Dance, and Performing Arts",,https://archive.org/details/AbhinayaDarpanaOfNandikesvaraGhosh,the abhinaya darpana of nandikeshvara,the-abhinaya-darpana-of-nandikeshvara,arts-and-aesthetics,TRUE,TRUE,,,,,TRUE,,,TRUE,,,,,,,,,TRUE,,
892,Bharatanatyam,892-bharatanatyam,Sunil Kothari,Sunil Kothari's scholarly study of Bharatanatyam - accessible Indian-authored academic introduction to the South Indian classical dance.,,"Music, Dance, and Performing Arts",,In Copyright,bharatanatyam,bharatanatyam,arts-and-aesthetics,TRUE,TRUE,,,,,TRUE,,,TRUE,,,,,,,,,TRUE,,
893,Kuchipudi,893-kuchipudi,Sunil Kothari & Avinash Pasricha,Kothari and Pasricha's scholarly study of Kuchipudi - accessible Indian-authored academic work on the Andhra classical dance form.,,"Music, Dance, and Performing Arts",,In Copyright,kuchipudi,kuchipudi,arts-and-aesthetics,TRUE,TRUE,,,,,TRUE,,,TRUE,,,,,,,,,TRUE,,
894,Odissi,894-odissi,Sunil Kothari,Kothari's scholarly study of Odissi - accessible Indian-authored academic introduction to the Odisha classical dance tradition.,,"Music, Dance, and Performing Arts",,In Copyright,odissi,odissi,arts-and-aesthetics,TRUE,TRUE,,,,,TRUE,,,TRUE,,,,,,,,,TRUE,,
895,Kathakali,895-kathakali,Phillip Zarrilli,Phillip Zarrilli's scholarly study of Kathakali - definitive Western academic ethnographic work on the Kerala dance-theatre form.,,"Music, Dance, and Performing Arts",,In Copyright,kathakali,kathakali,arts-and-aesthetics,TRUE,TRUE,,,,TRUE,TRUE,,,TRUE,,,,,,,,,TRUE,,
896,The Kathakali Complex,896-the-kathakali-complex,Phillip Zarrilli,"Zarrilli's scholarly study of the Kathakali complex - academic work on training, performance, and ritual context of the Kerala form.",,"Music, Dance, and Performing Arts",,In Copyright,the kathakali complex,the-kathakali-complex,arts-and-aesthetics,TRUE,TRUE,,,,,TRUE,,,TRUE,,,,,,,,,TRUE,,
897,Kathak,897-kathak,Sunil Kothari,Sunil Kothari's scholarly study of Kathak - accessible Indian-authored academic introduction to the North Indian classical dance form.,,"Music, Dance, and Performing Arts",,In Copyright,kathak,kathak,arts-and-aesthetics,TRUE,TRUE,,,,,TRUE,,,TRUE,,,,,,,,,TRUE,,
898,Indian Classical Dance,898-indian-classical-dance,Kapila Vatsyayan,Kapila Vatsyayan's classical scholarly study of Indian classical dance - definitive Indian-authored academic survey of all major forms.,,"Music, Dance, and Performing Arts",,https://archive.org/details/IndianClassicalDanceKapilaVatsyayan,indian classical dance,indian-classical-dance,arts-and-aesthetics,TRUE,TRUE,,,,,TRUE,,,TRUE,,,,,,,,,TRUE,,
899,Classical Indian Dance in Literature and the Arts,899-classical-indian-dance-in-literature-and-the-arts,Kapila Vatsyayan,Vatsyayan's scholarly study of dance in Indian literature and visual arts - accessible Indian-authored academic comparative work.,,"Music, Dance, and Performing Arts",,https://archive.org/search?query=%22Classical%20Indian%20Dance%20in%20Literature%20and%20the%20Arts%22%20Kapila%20Vatsyayan,classical indian dance in literature and the arts,classical-indian-dance-in-literature-and-the-arts,arts-and-aesthetics,TRUE,TRUE,,,,,TRUE,,,TRUE,,,,,,,,,TRUE,,
900,Bharata: The Natya-Sastra,900-bharata-the-natya-sastra,Kapila Vatsyayan,Vatsyayan's scholarly study of Bharata's Natyashastra - accessible Indian-authored academic introduction to the dramatic treatise.,,"Music, Dance, and Performing Arts",,https://archive.org/search?query=%22Bharata%22%20Kapila%20Vatsyayan,bharata: the natya-sastra,bharata-the-natya-sastra,arts-and-aesthetics,TRUE,TRUE,,,,,TRUE,,,TRUE,,,,,,,,,TRUE,,
901,The Square and the Circle of the Indian Arts,901-the-square-and-the-circle-of-the-indian-arts,Kapila Vatsyayan,"Vatsyayan's scholarly study of geometric symbolism in Indian arts - academic work on mandala, yantra, and aesthetic geometry.",,"Music, Dance, and Performing Arts",,https://archive.org/search?query=%22The%20Square%20and%20the%20Circle%20of%20the%20Indian%20Arts%22%20Kapila%20Vatsyayan,the square and the circle of the indian arts,the-square-and-the-circle-of-the-indian-arts,arts-and-aesthetics,TRUE,TRUE,,,,,TRUE,,,TRUE,,,,,,,,,TRUE,,
902,Traditions of Indian Folk Dance,902-traditions-of-indian-folk-dance,Kapila Vatsyayan,Vatsyayan's scholarly study of Indian folk dance traditions - accessible Indian-authored academic introduction to regional non-classical forms.,,"Music, Dance, and Performing Arts",,https://archive.org/search?query=%22Traditions%20of%20Indian%20Folk%20Dance%22%20Kapila%20Vatsyayan,traditions of indian folk dance,traditions-of-indian-folk-dance,arts-and-aesthetics,TRUE,TRUE,,,,,TRUE,,,TRUE,,,,,,,,,TRUE,,
903,Dance in Indian Painting,903-dance-in-indian-painting,Kapila Vatsyayan,Vatsyayan's scholarly study of dance representation in Indian painting - academic work on visual arts and performance traditions.,,"Music, Dance, and Performing Arts",,https://archive.org/search?query=%22Dance%20in%20Indian%20Painting%22%20Kapila%20Vatsyayan,dance in indian painting,dance-in-indian-painting,arts-and-aesthetics,TRUE,TRUE,,,,,TRUE,,,TRUE,,,,,,,,,TRUE,,
904,Dance Dialects of India,904-dance-dialects-of-india,Ragini Devi,Ragini Devi's classical scholarly study of Indian dance dialects - pioneering older Indian-authored academic treatment of regional forms.,,"Music, Dance, and Performing Arts",,In Copyright,dance dialects of india,dance-dialects-of-india,arts-and-aesthetics,TRUE,TRUE,,,,,TRUE,,,TRUE,,,,,,,,,TRUE,,
905,Music in India,905-music-in-india,Bonnie C. Wade,Bonnie Wade's scholarly survey of music in India - accessible Western academic introduction widely used in ethnomusicology courses.,,"Music, Dance, and Performing Arts",,In Copyright,music in india,music-in-india,arts-and-aesthetics,TRUE,TRUE,,,,TRUE,TRUE,,,TRUE,,,,,,,,,TRUE,,
906,The Lost World of Hindustani Music,906-the-lost-world-of-hindustani-music,Kumar Prasad Mukherji,Kumar Prasad Mukherji's elegant memoir on the lost world of Hindustani music - Indian intellectual reflection on classical music history.,,"Music, Dance, and Performing Arts",,In Copyright,the lost world of hindustani music,the-lost-world-of-hindustani-music,arts-and-aesthetics,TRUE,TRUE,,,,,TRUE,,,TRUE,,,,,,,,,TRUE,,
907,The Life of Music in North India,907-the-life-of-music-in-north-india,Daniel M. Neuman,Daniel Neuman's classical scholarly ethnography of Hindustani musicians - definitive Western academic work on North Indian musical life.,,"Music, Dance, and Performing Arts",,In Copyright,the life of music in north india,the-life-of-music-in-north-india,arts-and-aesthetics,TRUE,TRUE,,,,TRUE,TRUE,,,TRUE,,,,,,,,,TRUE,,
908,Hindustani Music,908-hindustani-music,Ashok Da. Ranade,Ashok Da. Ranade's scholarly study of Hindustani music traditions - Indian-authored academic introduction to North Indian classical music.,,"Music, Dance, and Performing Arts",,In Copyright,hindustani music,hindustani-music,arts-and-aesthetics,TRUE,TRUE,,,,,TRUE,,,TRUE,,,,,,,,,TRUE,,
909,The Crest of the Peacock,909-the-crest-of-the-peacock,George Gheverghese Joseph,George Joseph's bestselling scholarly study of non-European mathematics - landmark account of Indian mathematics in world history.,,"Hindu Science, Mathematics, Medicine, and Cosmology",,In Copyright,the crest of the peacock,the-crest-of-the-peacock,indian-knowledge-systems-and-education,,TRUE,,,,TRUE,,,,TRUE,TRUE,,,,,,,,,TRUE,
910,Ganita-yukti-bhasa of Jyesthadeva,910-ganita-yukti-bhasa-of-jyesthadeva,"K. V. Sarma, K. Ramasubramanian (3 vols)",Sarma and Ramasubramanian's three-volume scholarly translation of Jyesthadeva's Ganita-yukti-bhasa - Kerala school mathematical treatise.,,"Hindu Science, Mathematics, Medicine, and Cosmology",,In Copyright,ganita-yukti-bhasa of jyesthadeva,ganita-yukti-bhasa-of-jyesthadeva,indian-knowledge-systems-and-education,,TRUE,,,,TRUE,,,,TRUE,TRUE,,,,,,,,,TRUE,
911,The Mathematics of India,911-the-mathematics-of-india,P. P. Divakaran,P. P. Divakaran's accessible scholarly survey of Indian mathematics - Indian-authored academic introduction to the rich mathematical tradition.,,"Hindu Science, Mathematics, Medicine, and Cosmology",,In Copyright,the mathematics of india,the-mathematics-of-india,indian-knowledge-systems-and-education,,TRUE,,,,TRUE,,,,TRUE,TRUE,,,,,,,,,TRUE,
912,Mathematics in India,912-mathematics-in-india,Kim Plofker,"Kim Plofker's scholarly definitive history of mathematics in India - Princeton academic work on the field, current standard reference.",,"Hindu Science, Mathematics, Medicine, and Cosmology",,In Copyright,mathematics in india,mathematics-in-india,indian-knowledge-systems-and-education,,TRUE,,,,TRUE,,,,TRUE,TRUE,,,,,,,,,TRUE,
913,Geometry in Ancient and Medieval India,913-geometry-in-ancient-and-medieval-india,T. A. Saraswati Amma,T. A. Saraswati Amma's classical Indian-authored scholarly study of Indian geometry - academic work on geometric traditions across periods.,,"Hindu Science, Mathematics, Medicine, and Cosmology",,In Copyright,geometry in ancient and medieval india,geometry-in-ancient-and-medieval-india,indian-knowledge-systems-and-education,,TRUE,,,,TRUE,,,,TRUE,TRUE,,,,,,,,,TRUE,
914,Hindu Astronomy,914-hindu-astronomy,W. Brennand,W. Brennand's classical 1896 scholarly study of Hindu astronomy - historic Western Indological work on Indian astronomical tradition.,,"Hindu Science, Mathematics, Medicine, and Cosmology",,https://archive.org/details/in.ernet.dli.2015.157918,hindu astronomy,hindu-astronomy,indian-knowledge-systems-and-education,,TRUE,,,,TRUE,,,,TRUE,TRUE,,,,,,,,,TRUE,
915,The Aryabhatiya of Aryabhata,915-the-aryabhatiya-of-aryabhata,Walter Eugene Clark,Walter Eugene Clark's classical 1930 Aryabhatiya translation - foundational Western academic translation of Aryabhata's mathematical treatise.,,"Hindu Science, Mathematics, Medicine, and Cosmology",,https://archive.org/details/The_Aryabhatiya_of_Aryabhata_Clark_1930,the aryabhatiya of aryabhata,the-aryabhatiya-of-aryabhata,indian-knowledge-systems-and-education,,TRUE,,,,TRUE,,,,TRUE,TRUE,,,,,,,,,TRUE,
916,Aryabhatiya of Aryabhata,916-aryabhatiya-of-aryabhata,Kripa Shankar Shukla & K. V. Sarma,Shukla and K. V. Sarma's scholarly Aryabhatiya translation - definitive modern Indian academic edition of the foundational mathematical text.,,"Hindu Science, Mathematics, Medicine, and Cosmology",,https://archive.org/search?query=%22Aryabhatiya%20of%20Aryabhata%22%20Kripa%20Shankar%20Shukla%20%26%20K.%20V.%20Sarma,aryabhatiya of aryabhata,aryabhatiya-of-aryabhata,indian-knowledge-systems-and-education,,TRUE,,,,TRUE,,,,TRUE,TRUE,,,,,,,,,TRUE,
917,Brahmasphutasiddhanta of Brahmagupta,917-brahmasphutasiddhanta-of-brahmagupta,Various editions (Sudhakara Dvivedi),Sudhakara Dvivedi's classical Indian-authored Brahmasphutasiddhanta editions - scholarly work on Brahmagupta's mathematical-astronomical treatise.,,"Hindu Science, Mathematics, Medicine, and Cosmology",,https://archive.org/search?query=%22Brahmasphutasiddhanta%20of%20Brahmagupta%22%20Various%20editions,brahmasphutasiddhanta of brahmagupta,brahmasphutasiddhanta-of-brahmagupta,indian-knowledge-systems-and-education,,TRUE,,,,TRUE,,,,TRUE,TRUE,,,,,,,,,TRUE,
918,Lilavati of Bhaskara II,918-lilavati-of-bhaskara-ii,"K. S. Patwardhan, S. A. Naimpally, S. L. Singh","Patwardhan, Naimpally, and Singh's scholarly Lilavati translation - Indian academic edition of Bhaskara II's foundational arithmetic treatise.",,"Hindu Science, Mathematics, Medicine, and Cosmology",,https://archive.org/search?query=%22Lilavati%20of%20Bhaskara%20II%22%20K.%20S.%20Patwardhan,lilavati of bhaskara ii,lilavati-of-bhaskara-ii,indian-knowledge-systems-and-education,,TRUE,,,,TRUE,,,,TRUE,TRUE,,,,,,,,,TRUE,
919,Bijaganita of Bhaskara II,919-bijaganita-of-bhaskara-ii,H. T. Colebrooke,H. T. Colebrooke's classical 1817 Bijaganita translation - foundational early Western academic edition of Bhaskara II's algebra treatise.,,"Hindu Science, Mathematics, Medicine, and Cosmology",,https://archive.org/search?query=%22Bijaganita%20of%20Bhaskara%20II%22%20H.%20T.%20Colebrooke,bijaganita of bhaskara ii,bijaganita-of-bhaskara-ii,indian-knowledge-systems-and-education,,TRUE,,,,TRUE,,,,TRUE,TRUE,,,,,,,,,TRUE,
920,Surya Siddhanta,920-surya-siddhanta,Bapu Deva Sastri (and Lancelot Wilkinson),Bapu Deva Sastri and Wilkinson's classical 1860 Surya Siddhanta translation - foundational Western academic edition of Hindu astronomical treatise.,,"Hindu Science, Mathematics, Medicine, and Cosmology",,https://archive.org/details/SuryaSiddhantaBapuDevaSastri,surya siddhanta,surya-siddhanta,indian-knowledge-systems-and-education,,TRUE,,,,TRUE,,,,TRUE,TRUE,,,,,,,,,TRUE,
921,Indian Astronomy,921-indian-astronomy,S. N. Sen & K. S. Shukla (eds.),S. N. Sen and K. S. Shukla's edited scholarly volume on Indian astronomy - academic essays on Hindu astronomical tradition.,,"Hindu Science, Mathematics, Medicine, and Cosmology",,In Copyright,indian astronomy,indian-astronomy,indian-knowledge-systems-and-education,,TRUE,,,,TRUE,,,,TRUE,TRUE,,,,,,,,,TRUE,
922,Pancasiddhantika of Varahamihira,922-pancasiddhantika-of-varahamihira,G. Thibaut & Sudhakara Dvivedi,Thibaut and Dvivedi's classical scholarly Pancasiddhantika edition - academic work on Varahamihira's astronomical compendium.,,"Hindu Science, Mathematics, Medicine, and Cosmology",,https://archive.org/search?query=%22Pancasiddhantika%20of%20Varahamihira%22%20G.%20Thibaut%20%26%20Sudhakara%20Dvivedi,pancasiddhantika of varahamihira,pancasiddhantika-of-varahamihira,indian-knowledge-systems-and-education,,TRUE,,,,TRUE,,,,TRUE,TRUE,,,,,,,,,TRUE,
923,Brihat Samhita of Varahamihira,923-brihat-samhita-of-varahamihira,M. Ramakrishna Bhat (2 vols),Ramakrishna Bhat's two-volume scholarly Brihat Samhita translation - academic edition of Varahamihira's encyclopedic astrological treatise.,,"Hindu Science, Mathematics, Medicine, and Cosmology",,https://archive.org/details/in.ernet.dli.2015.131858,brihat samhita of varahamihira,brihat-samhita-of-varahamihira,indian-knowledge-systems-and-education,,TRUE,,,,TRUE,,,,TRUE,TRUE,,,,,,,,,TRUE,
924,Astrology in Vedic Tradition,924-astrology-in-vedic-tradition,David Frawley (Astrology of the Seers),David Frawley's accessible practitioner-scholar Vedic astrology introduction - popular American Hindu reference on jyotisha tradition.,,"Hindu Science, Mathematics, Medicine, and Cosmology",,In Copyright,astrology in vedic tradition,astrology-in-vedic-tradition,indian-knowledge-systems-and-education,,TRUE,,,,TRUE,,,,TRUE,TRUE,,,,,,,,,TRUE,
925,Light on Life,925-light-on-life,Hart de Fouw & Robert Svoboda,Hart de Fouw and Robert Svoboda's accessible introduction to Vedic astrology - popular Western practitioner-scholar work on jyotisha.,,"Hindu Science, Mathematics, Medicine, and Cosmology",,In Copyright,light on life,light-on-life,indian-knowledge-systems-and-education,,TRUE,,,,TRUE,,,,TRUE,TRUE,,,,,,,,,TRUE,
926,The Greatness of Saturn,926-the-greatness-of-saturn,Robert Svoboda,Robert Svoboda's accessible scholarly study of Saturn in Vedic astrology - popular practitioner-scholar work on Shani's role in jyotisha.,,"Hindu Science, Mathematics, Medicine, and Cosmology",,In Copyright,the greatness of saturn,the-greatness-of-saturn,indian-knowledge-systems-and-education,,TRUE,,,,TRUE,,,,TRUE,TRUE,,,,,,,,,TRUE,
927,Charaka Samhita,927-charaka-samhita,P. V. Sharma (4 vols),P. V. Sharma's classical four-volume Charaka Samhita translation - definitive academic edition of foundational Ayurvedic medical treatise.,,"Hindu Science, Mathematics, Medicine, and Cosmology",,https://archive.org/details/CarakaSamhitaNewEnglishTranslation_201802,charaka samhita,charaka-samhita,indian-knowledge-systems-and-education,,TRUE,,,,TRUE,,,,TRUE,TRUE,,,,,,,,,TRUE,
928,Sushruta Samhita,928-sushruta-samhita,Kaviraj Kunja Lal Bhishagratna (3 vols),Bhishagratna's classical three-volume Sushruta Samhita translation - definitive academic edition of foundational Ayurvedic surgical treatise.,,"Hindu Science, Mathematics, Medicine, and Cosmology",,https://archive.org/details/EnglishTranslationOfSusrutaSamhitaByKavirajKunjaLalBhishagratna,sushruta samhita,sushruta-samhita,indian-knowledge-systems-and-education,,TRUE,,,,TRUE,,,,TRUE,TRUE,,,,,,,,,TRUE,
929,Ashtanga Hridayam of Vagbhata,929-ashtanga-hridayam-of-vagbhata,K. R. Srikantha Murthy (3 vols),Srikantha Murthy's three-volume scholarly Ashtanga Hridayam translation - academic edition of Vagbhata's foundational Ayurvedic compendium.,,"Hindu Science, Mathematics, Medicine, and Cosmology",,https://archive.org/search?query=%22Ashtanga%20Hridayam%20of%20Vagbhata%22%20K.%20R.%20Srikantha%20Murthy,ashtanga hridayam of vagbhata,ashtanga-hridayam-of-vagbhata,indian-knowledge-systems-and-education,,TRUE,,,,TRUE,,,,TRUE,TRUE,,,,,,,,,TRUE,
930,The Roots of Ayurveda,930-the-roots-of-ayurveda,Dominik Wujastyk,Dominik Wujastyk's accessible scholarly survey of Ayurveda's textual roots - academic introduction with translations from key Sanskrit sources.,,"Hindu Science, Mathematics, Medicine, and Cosmology",,In Copyright,the roots of ayurveda,the-roots-of-ayurveda,indian-knowledge-systems-and-education,,TRUE,,,,TRUE,,,,TRUE,TRUE,,,,,,,,,TRUE,
931,A History of Indian Medical Literature,931-a-history-of-indian-medical-literature,G. Jan Meulenbeld (5 vols),Jan Meulenbeld's monumental five-volume scholarly history of Indian medical literature - definitive academic reference on Ayurveda's textual tradition.,,"Hindu Science, Mathematics, Medicine, and Cosmology",,In Copyright,a history of indian medical literature,a-history-of-indian-medical-literature,indian-knowledge-systems-and-education,,TRUE,,,,TRUE,,,,TRUE,TRUE,,,,,,,,,TRUE,
932,The Science of Self-Healing,932-the-science-of-self-healing,Vasant Lad,Vasant Lad's accessible practitioner introduction to Ayurveda - popular American-Indian author's foundational Ayurvedic primer.,,"Hindu Science, Mathematics, Medicine, and Cosmology",,In Copyright,the science of self-healing,the-science-of-self-healing,indian-knowledge-systems-and-education,,TRUE,,,,TRUE,,,,TRUE,TRUE,,,,,,,,,TRUE,
933,Ayurveda: The Science of Self-Healing,933-ayurveda-the-science-of-self-healing,Vasant Lad,Lad's accessible practitioner introduction to Ayurvedic self-healing - popular practical introduction to Ayurvedic principles for general readers.,,"Hindu Science, Mathematics, Medicine, and Cosmology",,In Copyright,ayurveda: the science of self-healing,ayurveda-the-science-of-self-healing,indian-knowledge-systems-and-education,,TRUE,,,,TRUE,,,,TRUE,TRUE,,,,,,,,,TRUE,
934,Prakriti: Your Ayurvedic Constitution,934-prakriti-your-ayurvedic-constitution,Robert Svoboda,Robert Svoboda's accessible scholarly introduction to Ayurvedic constitutional types - popular American practitioner-scholar work on prakriti.,,"Hindu Science, Mathematics, Medicine, and Cosmology",,In Copyright,prakriti: your ayurvedic constitution,prakriti-your-ayurvedic-constitution,indian-knowledge-systems-and-education,,TRUE,,,,TRUE,,,,TRUE,TRUE,,,,,,,,,TRUE,
935,Ayurveda: A Life of Balance,935-ayurveda-a-life-of-balance,Maya Tiwari,Maya Tiwari's accessible practitioner's guide to Ayurvedic life - popular practical introduction to Ayurvedic balance for general readers.,,"Hindu Science, Mathematics, Medicine, and Cosmology",,In Copyright,ayurveda: a life of balance,ayurveda-a-life-of-balance,indian-knowledge-systems-and-education,,TRUE,,,,TRUE,,,,TRUE,TRUE,,,,,,,,,TRUE,
936,Indian Alchemy or Rasayana,936-indian-alchemy-or-rasayana,S. Mahdihassan,S. Mahdihassan's scholarly study of Indian alchemy and Rasayana - Indian-authored academic work on Hindu mineral-medical alchemical tradition.,,"Hindu Science, Mathematics, Medicine, and Cosmology",,In Copyright,indian alchemy or rasayana,indian-alchemy-or-rasayana,indian-knowledge-systems-and-education,,TRUE,,,,TRUE,,,,TRUE,TRUE,,,,,,,,,TRUE,
937,Alchemical Body,937-alchemical-body,David Gordon White (already listed),"David White's scholarly study of medieval Hatha Yoga and Siddha alchemy - kundalini, rasa, and tantric body practices.",,"Hindu Science, Mathematics, Medicine, and Cosmology",,In Copyright,alchemical body,alchemical-body,indian-knowledge-systems-and-education,,TRUE,,,,TRUE,,,,TRUE,TRUE,,,,,,,,TRUE,TRUE,
938,Indian Astronomy: An Introduction,938-indian-astronomy-an-introduction,S. Balachandra Rao,S. Balachandra Rao's accessible Indian-authored scholarly introduction to Indian astronomy - popular academic primer for general readers.,,"Hindu Science, Mathematics, Medicine, and Cosmology",,In Copyright,indian astronomy: an introduction,indian-astronomy-an-introduction,indian-knowledge-systems-and-education,,TRUE,,,,TRUE,,,,TRUE,TRUE,,,,,,,,,TRUE,
939,Indian Mathematics,939-indian-mathematics,S. Balachandra Rao,S. Balachandra Rao's accessible Indian-authored scholarly introduction to Indian mathematics - popular academic primer for general readers.,,"Hindu Science, Mathematics, Medicine, and Cosmology",,In Copyright,indian mathematics,indian-mathematics,indian-knowledge-systems-and-education,,TRUE,,,,TRUE,,,,TRUE,TRUE,,,,,,,,,TRUE,
940,The Arthashastra of Kautilya,940-the-arthashastra-of-kautilya,"Patrick Olivelle (King, Governance, and Law in Ancient India)",Patrick Olivelle's accessible scholarly Arthashastra translation - current academic standard for Kautilya's foundational political treatise.,,"Statecraft, Economics, and Polity",,https://archive.org/search?query=%22The%20Arthashastra%20of%20Kautilya%22%20Patrick%20Olivelle,the arthashastra of kautilya,the-arthashastra-of-kautilya,dharmashastras-and-polity,,TRUE,TRUE,TRUE,,TRUE,,TRUE,TRUE,,,TRUE,,,,,,,,TRUE,TRUE
941,Kautilya's Arthashastra,941-kautilyas-arthashastra,R. P. Kangle (3 vols),"R. P. Kangle's classical three-volume Arthashastra edition - definitive Indian academic work with Sanskrit text, translation, and study.",,"Statecraft, Economics, and Polity",,https://archive.org/search?query=%22Kautilya%27s%20Arthashastra%22%20R.%20P.%20Kangle,kautilya's arthashastra,kautilyas-arthashastra,dharmashastras-and-polity,,TRUE,TRUE,TRUE,,TRUE,,TRUE,TRUE,,,TRUE,,,,,,,,TRUE,TRUE
942,The Arthashastra,942-the-arthashastra,L. N. Rangarajan,L. N. Rangarajan's accessible Penguin Arthashastra - popular thematic English version with extensive editorial introduction and notes.,,"Statecraft, Economics, and Polity",,https://archive.org/search?query=%22The%20Arthashastra%22%20L.%20N.%20Rangarajan,the arthashastra,the-arthashastra,dharmashastras-and-polity,,TRUE,TRUE,TRUE,,TRUE,,TRUE,TRUE,,,TRUE,,,,,,,,TRUE,TRUE
943,Kautilya: The True Founder of Economics,943-kautilya-the-true-founder-of-economics,Balbir Sihag,Balbir Sihag's scholarly study of Kautilya as economic founder - Indian-authored academic case for Arthashastra's economic insight.,,"Statecraft, Economics, and Polity",,https://archive.org/search?query=%22Kautilya%22%20Balbir%20Sihag,kautilya: the true founder of economics,kautilya-the-true-founder-of-economics,dharmashastras-and-polity,,TRUE,TRUE,TRUE,,TRUE,,TRUE,TRUE,,,TRUE,,,,,,,,TRUE,TRUE
944,The Indian Polity,944-the-indian-polity,A. S. Altekar,Altekar's classical scholarly study of Indian polity - Indian-authored academic work on ancient political institutions and theory.,,"Statecraft, Economics, and Polity",,https://archive.org/search?query=%22The%20Indian%20Polity%22%20A.%20S.%20Altekar,the indian polity,the-indian-polity,dharmashastras-and-polity,,TRUE,TRUE,TRUE,,TRUE,,TRUE,TRUE,,,TRUE,,,,,,,,TRUE,TRUE
945,Studies in the Political and Administrative Systems in Ancient and Medieval India,945-studies-in-the-political-and-administrative-systems-in-ancient-and-medieval-india,Pratima Asthana,Pratima Asthana's scholarly studies of Indian political-administrative systems - academic essays on ancient and medieval Indian governance.,,"Statecraft, Economics, and Polity",,In Copyright,studies in the political and administrative systems in ancient and medieval india,studies-in-the-political-and-administrative-systems-in-ancient-and-medieval-india,dharmashastras-and-polity,,TRUE,TRUE,TRUE,,TRUE,,TRUE,TRUE,,,TRUE,,,,,,,,TRUE,TRUE
946,Hindu Polity,946-hindu-polity,K. P. Jayaswal (already listed),K. P. Jayaswal's classical 1924 Hindu Polity - foundational Indian-authored academic study of ancient Hindu political institutions.,,"Statecraft, Economics, and Polity",,https://archive.org/details/hindu-polity-by-k-p-jayaswal-india,hindu polity,hindu-polity,dharmashastras-and-polity,,TRUE,TRUE,TRUE,,TRUE,,TRUE,TRUE,,,TRUE,,,,,,,,TRUE,TRUE
947,The Niti-vakyamrta of Somadeva,947-the-niti-vakyamrta-of-somadeva,N. C. Mehta (selections),N. C. Mehta's translation selections from Somadeva's Niti-vakyamrta - classical Sanskrit treatise on political ethics and statecraft.,,"Statecraft, Economics, and Polity",,https://archive.org/search?query=%22The%20Niti-vakyamrta%20of%20Somadeva%22%20N.%20C.%20Mehta,the niti-vakyamrta of somadeva,the-niti-vakyamrta-of-somadeva,dharmashastras-and-polity,,TRUE,TRUE,TRUE,,TRUE,,TRUE,TRUE,,,TRUE,,,,,,,,TRUE,TRUE
948,Sukraniti,948-sukraniti,B. K. Sarkar (Sacred Books of the Hindus),B. K. Sarkar's classical Sukraniti translation - Sacred Books of the Hindus edition of late Hindu treatise on polity and statecraft.,,"Statecraft, Economics, and Polity",,https://archive.org/search?query=%22Sukraniti%22%20B.%20K.%20Sarkar,sukraniti,sukraniti,dharmashastras-and-polity,,TRUE,TRUE,TRUE,,TRUE,,TRUE,TRUE,,,TRUE,,,,,,,,TRUE,TRUE
949,Indian Economic Tradition,949-indian-economic-tradition,V. M. Dandekar (in collected essays),V. M. Dandekar's collected essays on Indian economic tradition - scholarly Indian academic perspective on economic thought across history.,,"Statecraft, Economics, and Polity",,In Copyright,indian economic tradition,indian-economic-tradition,dharmashastras-and-polity,,TRUE,TRUE,TRUE,,TRUE,,TRUE,TRUE,,,TRUE,,,,,,,,TRUE,TRUE
950,Hindu Economics,950-hindu-economics,M. G. Bokare,M. G. Bokare's controversial Indian-authored study - civilizational economics arguing for Hindu free-market traditions in Hindu economics.,,"Statecraft, Economics, and Polity",,In Copyright,hindu economics,hindu-economics,dharmashastras-and-polity,,TRUE,TRUE,TRUE,,TRUE,,TRUE,TRUE,,,TRUE,,,,,,,,TRUE,TRUE
951,Markets and Manufacture in Early Modern India,951-markets-and-manufacture-in-early-modern-india,Tirthankar Roy (counterpoint),Tirthankar Roy's accessible mainstream scholarly study of premodern Indian commerce - counterpoint to Hindu economics narratives.,,"Statecraft, Economics, and Polity",,In Copyright,markets and manufacture in early modern india,markets-and-manufacture-in-early-modern-india,dharmashastras-and-polity,,TRUE,TRUE,TRUE,,TRUE,,TRUE,TRUE,,,TRUE,,,,,,,,TRUE,TRUE
952,The Economic History of India,952-the-economic-history-of-india,Romesh Chunder Dutt (2 vols),Romesh Chunder Dutt's classical 1902 two-volume Economic History - foundational Indian-authored nationalist economic critique of British rule.,,"Statecraft, Economics, and Polity",,https://archive.org/details/economichistoryo01dutt,the economic history of india,the-economic-history-of-india,dharmashastras-and-polity,,TRUE,TRUE,TRUE,,TRUE,,TRUE,TRUE,,,TRUE,,,,,,,,TRUE,TRUE
953,Ancient Indian Economic Thought,953-ancient-indian-economic-thought,Ratan Lal Basu,Ratan Lal Basu's scholarly study of ancient Indian economic thought - Indian-authored academic work on premodern economic theory.,,"Statecraft, Economics, and Polity",,In Copyright,ancient indian economic thought,ancient-indian-economic-thought,dharmashastras-and-polity,,TRUE,TRUE,TRUE,,TRUE,,TRUE,TRUE,,,TRUE,,,,,,,,TRUE,TRUE
954,Economic Conditions in Ancient India,954-economic-conditions-in-ancient-india,Sharma Sharma (multiple),Sharma's collected scholarly studies of ancient Indian economic conditions - academic Indian-authored work on premodern economic history.,,"Statecraft, Economics, and Polity",,In Copyright,economic conditions in ancient india,economic-conditions-in-ancient-india,dharmashastras-and-polity,,TRUE,TRUE,TRUE,,TRUE,,TRUE,TRUE,,,TRUE,,,,,,,,TRUE,TRUE
955,Money and Credit in Indian History,955-money-and-credit-in-indian-history,Amiya Kumar Bagchi (ed.),Amiya Bagchi's edited scholarly volume on money and credit in Indian history - academic essays on financial systems across Indian periods.,,"Statecraft, Economics, and Polity",,In Copyright,money and credit in indian history,money-and-credit-in-indian-history,language-and-sanskrit,,TRUE,TRUE,TRUE,,TRUE,,TRUE,TRUE,,,TRUE,,,,,,,,TRUE,TRUE
956,A Sanskrit-English Dictionary,956-a-sanskrit-english-dictionary,Monier Monier-Williams,"Monier-Williams's monumental 1899 Sanskrit-English Dictionary - foundational standard scholarly lexicon, indispensable for Sanskrit study.",,Sanskrit Reference and Study,,https://sanskrit-lexicon.uni-koeln.de/scans/MWScan/2020/web/webtc/indexcaller.php,a sanskrit-english dictionary,a-sanskrit-english-dictionary,language-and-sanskrit,,,,,,,,,,,,,,,,,,,,,
957,The Practical Sanskrit-English Dictionary,957-the-practical-sanskrit-english-dictionary,V. S. Apte,V. S. Apte's standard Sanskrit-English Dictionary - most-used practical scholarly Sanskrit reference for student and scholar alike.,,Sanskrit Reference and Study,,https://archive.org/details/Apte-DictionarySanskritEnglish,the practical sanskrit-english dictionary,the-practical-sanskrit-english-dictionary,language-and-sanskrit,,,,,,,,,,,,,,,,,,,,,
958,Sanskrit Grammar,958-sanskrit-grammar,William Dwight Whitney,"William Dwight Whitney's classical 1879 Sanskrit Grammar - foundational scholarly grammar reference, still standard for Vedic Sanskrit.",,Sanskrit Reference and Study,,https://archive.org/details/sanskritgrammari00whituoft,sanskrit grammar,sanskrit-grammar,language-and-sanskrit,,,,,,,,,,,,,,,,,,,,,
959,A Higher Sanskrit Grammar,959-a-higher-sanskrit-grammar,M. R. Kale,M. R. Kale's classical Higher Sanskrit Grammar - accessible Indian-authored academic textbook used widely in Sanskrit study.,,Sanskrit Reference and Study,,In Copyright,a higher sanskrit grammar,a-higher-sanskrit-grammar,language-and-sanskrit,,,,,,,,,,,,,,,,,,,,,
960,Devavanipravesika,960-devavanipravesika,Robert Goldman & Sally Sutherland Goldman,Robert and Sally Goldman's modern Sanskrit textbook - popular contemporary academic teaching grammar widely used in universities.,,Sanskrit Reference and Study,,In Copyright,devavanipravesika,devavanipravesika,language-and-sanskrit,,,,,,TRUE,,,,,,,,,,,,,,,
961,The Sanskrit Language,961-the-sanskrit-language,T. Burrow,T. Burrow's classical 1955 scholarly study of the Sanskrit language - Western Indological academic work on Sanskrit linguistic history.,,Sanskrit Reference and Study,,In Copyright,the sanskrit language,the-sanskrit-language,language-and-sanskrit,,,,,,TRUE,,,,,,,,,,,,,,,
962,Aspects of Panini's Grammar,962-aspects-of-paninis-grammar,Hartmut Scharfe,Hartmut Scharfe's classical scholarly study of Panini's grammar - academic work on the foundational Sanskrit grammatical treatise.,,Sanskrit Reference and Study,,https://archive.org/search?query=%22Aspects%20of%20Panini%27s%20Grammar%22%20Hartmut%20Scharfe,aspects of panini's grammar,aspects-of-paninis-grammar,language-and-sanskrit,,,,,,,,,,,,,,,,,,,,,
963,The Wonder of Sanskrit,963-the-wonder-of-sanskrit,Sampadananda Mishra,Sampadananda Mishra's accessible Indian-authored scholarly introduction to Sanskrit's distinctive features - popular academic primer.,,Sanskrit Reference and Study,,In Copyright,the wonder of sanskrit,the-wonder-of-sanskrit,language-and-sanskrit,,,,,,,,,,,,,,,,,,,,,
964,Sanskrit Manual,964-sanskrit-manual,Roderick Bucknell,Roderick Bucknell's accessible Sanskrit Manual - popular Western practitioner-scholar reference for Sanskrit study.,,Sanskrit Reference and Study,,In Copyright,sanskrit manual,sanskrit-manual,language-and-sanskrit,,,,,,TRUE,,,,,,,,,,,,,,,
965,Teach Yourself Sanskrit,965-teach-yourself-sanskrit,Michael Coulson,Michael Coulson's classical Teach Yourself Sanskrit - popular self-study academic textbook widely used by beginning Sanskrit students.,,Sanskrit Reference and Study,,In Copyright,teach yourself sanskrit,teach-yourself-sanskrit,language-and-sanskrit,,,,,,,,,,,,,,,,,,,,,
966,A New History of Modern Hinduism,966-a-new-history-of-modern-hinduism,Brian K. Pennington (Was Hinduism Invented?),Brian Pennington's accessible scholarly study questioning the modern Hindu construct - academic work on Hinduism's category formation.,,"The Diaspora, Modern Practice, and Global Hinduism",,In Copyright,a new history of modern hinduism,a-new-history-of-modern-hinduism,festivals-and-living-tradition,TRUE,TRUE,TRUE,,TRUE,TRUE,TRUE,,TRUE,TRUE,,,TRUE,,,,TRUE,TRUE,,TRUE,TRUE
967,The Religion of the Hindus,967-the-religion-of-the-hindus,Kenneth Morgan (ed.),Kenneth Morgan's edited scholarly volume on Hindu religious traditions - accessible older academic introduction by Indian-authored contributors.,,"The Diaspora, Modern Practice, and Global Hinduism",,In Copyright,the religion of the hindus,the-religion-of-the-hindus,festivals-and-living-tradition,TRUE,TRUE,TRUE,,TRUE,TRUE,TRUE,,TRUE,TRUE,,,TRUE,,,,TRUE,TRUE,,TRUE,
968,Mantras of the Mind,968-mantras-of-the-mind,Bansi Pandit,Bansi Pandit's accessible introduction to Hindu mantras and devotional practice - popular practical primer for general readers.,,"The Diaspora, Modern Practice, and Global Hinduism",,In Copyright,mantras of the mind,mantras-of-the-mind,festivals-and-living-tradition,TRUE,TRUE,TRUE,,TRUE,TRUE,TRUE,,TRUE,TRUE,,,TRUE,,,,TRUE,TRUE,,TRUE,
969,Modern Hinduism in Text and Context,969-modern-hinduism-in-text-and-context,Lavanya Vemsani (ed.),Lavanya Vemsani's edited scholarly volume on modern Hinduism - academic essays on contemporary Hindu textual and contextual issues.,,"The Diaspora, Modern Practice, and Global Hinduism",,In Copyright,modern hinduism in text and context,modern-hinduism-in-text-and-context,festivals-and-living-tradition,TRUE,TRUE,TRUE,,TRUE,TRUE,TRUE,,TRUE,TRUE,,,TRUE,,,,TRUE,TRUE,,TRUE,
970,The Promise of the New South,970-the-promise-of-the-new-south,Edward L. Ayers (diaspora context - replace if not relevant),Edward Ayers's scholarly study of post-Reconstruction American South - comparative reading on cultural identity (substitute if not relevant).,,"The Diaspora, Modern Practice, and Global Hinduism",,In Copyright,the promise of the new south,the-promise-of-the-new-south,festivals-and-living-tradition,TRUE,TRUE,TRUE,,TRUE,TRUE,TRUE,,TRUE,TRUE,,,TRUE,,,,TRUE,TRUE,,TRUE,
971,Hinduism in America,971-hinduism-in-america,Prema Kurien,Prema Kurien's scholarly ethnographic study of Hindu Americans - accessible academic work on diaspora Hindu community and identity formation.,,"The Diaspora, Modern Practice, and Global Hinduism",,In Copyright,hinduism in america,hinduism-in-america,festivals-and-living-tradition,TRUE,TRUE,TRUE,,TRUE,TRUE,TRUE,,TRUE,TRUE,,,TRUE,,,,TRUE,TRUE,,TRUE,
972,A Place at the Multicultural Table,972-a-place-at-the-multicultural-table,Prema Kurien,Kurien's scholarly study of Hindu American multiculturalism - academic work on diaspora Hindu negotiation of American religious diversity.,,"The Diaspora, Modern Practice, and Global Hinduism",,In Copyright,a place at the multicultural table,a-place-at-the-multicultural-table,festivals-and-living-tradition,TRUE,TRUE,TRUE,,TRUE,TRUE,TRUE,,TRUE,TRUE,,,TRUE,,,,TRUE,TRUE,,TRUE,
973,The Goddess and the Nation,973-the-goddess-and-the-nation,Sumathi Ramaswamy,Sumathi Ramaswamy's scholarly study of Tamil mother tongue devotion - academic work on Tamil identity and the Goddess of Tamil.,,"The Diaspora, Modern Practice, and Global Hinduism",,In Copyright,the goddess and the nation,the-goddess-and-the-nation,festivals-and-living-tradition,TRUE,TRUE,TRUE,,TRUE,TRUE,TRUE,,TRUE,TRUE,,,TRUE,,,,TRUE,TRUE,,TRUE,
974,The Lost Land of Lemuria,974-the-lost-land-of-lemuria,Sumathi Ramaswamy,Ramaswamy's scholarly study of the Lemuria myth - academic work on Tamil claims to lost continent and civilizational identity.,,"The Diaspora, Modern Practice, and Global Hinduism",,In Copyright,the lost land of lemuria,the-lost-land-of-lemuria,festivals-and-living-tradition,TRUE,TRUE,TRUE,,TRUE,TRUE,TRUE,,TRUE,TRUE,,,TRUE,,,,TRUE,TRUE,,TRUE,
975,Passions of the Tongue,975-passions-of-the-tongue,Sumathi Ramaswamy,Ramaswamy's scholarly study of the Tamil tongue - accessible academic work on language passion and Tamil identity politics.,,"The Diaspora, Modern Practice, and Global Hinduism",,In Copyright,passions of the tongue,passions-of-the-tongue,festivals-and-living-tradition,TRUE,TRUE,TRUE,,TRUE,TRUE,TRUE,,TRUE,TRUE,,,TRUE,,,,TRUE,TRUE,,TRUE,
976,Globalizing Hinduism,976-globalizing-hinduism,"Vasudha Narayanan (ed., essays)",Vasudha Narayanan's edited scholarly volume on globalizing Hinduism - academic essays on Hindu transnational community formation.,,"The Diaspora, Modern Practice, and Global Hinduism",,https://archive.org/search?query=%22Globalizing%20Hinduism%22%20Vasudha%20Narayanan,globalizing hinduism,globalizing-hinduism,festivals-and-living-tradition,TRUE,TRUE,TRUE,,TRUE,TRUE,TRUE,,TRUE,TRUE,,,TRUE,,,,TRUE,TRUE,,TRUE,
977,The Hindu Diaspora,977-the-hindu-diaspora,Steven Vertovec,Steven Vertovec's scholarly study of the Hindu diaspora - accessible academic work on global Hindu communities and their development.,,"The Diaspora, Modern Practice, and Global Hinduism",,In Copyright,the hindu diaspora,the-hindu-diaspora,festivals-and-living-tradition,TRUE,TRUE,TRUE,,TRUE,TRUE,TRUE,,TRUE,TRUE,,,TRUE,,,,TRUE,TRUE,,TRUE,
978,Hinduism in the Modern World,978-hinduism-in-the-modern-world,Brian Hatcher (ed.),Brian Hatcher's edited scholarly volume on modern Hinduism - accessible academic essays on contemporary Hindu worlds.,,"The Diaspora, Modern Practice, and Global Hinduism",,In Copyright,hinduism in the modern world,hinduism-in-the-modern-world,festivals-and-living-tradition,TRUE,TRUE,TRUE,,TRUE,TRUE,TRUE,,TRUE,TRUE,,,TRUE,,,,TRUE,TRUE,,TRUE,
979,Contemporary Hinduism,979-contemporary-hinduism,Robin Rinehart (ed.),Robin Rinehart's edited scholarly volume on contemporary Hinduism - accessible academic introduction to current Hindu religious life.,,"The Diaspora, Modern Practice, and Global Hinduism",,In Copyright,contemporary hinduism,contemporary-hinduism,festivals-and-living-tradition,TRUE,TRUE,TRUE,,TRUE,TRUE,TRUE,,TRUE,TRUE,,,TRUE,,,,TRUE,TRUE,TRUE,TRUE,
980,The Oxford History of Hinduism,980-the-oxford-history-of-hinduism,"Gavin Flood (general ed., series)",Gavin Flood's general-edited Oxford History of Hinduism - major contemporary scholarly reference series with multiple thematic volumes.,,"The Diaspora, Modern Practice, and Global Hinduism",,In Copyright,the oxford history of hinduism,the-oxford-history-of-hinduism,festivals-and-living-tradition,TRUE,TRUE,TRUE,,TRUE,TRUE,TRUE,,TRUE,TRUE,,,TRUE,,,,TRUE,TRUE,,TRUE,
981,Sources of Indian Tradition,981-sources-of-indian-tradition,Wm. Theodore de Bary et al. (2 vols),De Bary's classical two-volume Sources of Indian Tradition - foundational academic anthology of Indian religious and philosophical texts.,,Essential Anthologies and Sourcebooks,,In Copyright,sources of indian tradition,sources-of-indian-tradition,indian-knowledge-systems-and-education,TRUE,TRUE,,,TRUE,TRUE,TRUE,,,TRUE,TRUE,,,,,,,,TRUE,TRUE,TRUE
982,The Hindu Tradition,982-the-hindu-tradition,Ainslie T. Embree,Ainslie Embree's classical scholarly Hindu Tradition anthology - accessible academic reader of Hindu textual sources for students.,,Essential Anthologies and Sourcebooks,,In Copyright,the hindu tradition,the-hindu-tradition,indian-knowledge-systems-and-education,TRUE,TRUE,,,TRUE,TRUE,TRUE,,,TRUE,TRUE,,,,,,,,TRUE,TRUE,TRUE
983,Hindu Scriptures,983-hindu-scriptures,R. C. Zaehner,R. C. Zaehner's classical scholarly Hindu Scriptures anthology - accessible older academic reader of Hindu primary religious texts.,,Essential Anthologies and Sourcebooks,,In Copyright,hindu scriptures,hindu-scriptures,indian-knowledge-systems-and-education,TRUE,TRUE,,,TRUE,TRUE,TRUE,,,TRUE,TRUE,,,,,,,,TRUE,TRUE,TRUE
984,Hindu Mysticism,984-hindu-mysticism,S. N. Dasgupta,Surendranath Dasgupta's classical scholarly study of Hindu mysticism - accessible older Indian-authored academic introduction to the tradition.,,Essential Anthologies and Sourcebooks,,https://archive.org/search?query=%22Hindu%20Mysticism%22%20S.%20N.%20Dasgupta,hindu mysticism,hindu-mysticism,indian-knowledge-systems-and-education,TRUE,TRUE,,,TRUE,TRUE,TRUE,,,TRUE,TRUE,,,,,,,,TRUE,TRUE,TRUE
985,The Hindu Religious Tradition,985-the-hindu-religious-tradition,Thomas J. Hopkins,Thomas Hopkins's accessible scholarly introduction to the Hindu religious tradition - clear older academic textbook treatment.,,Essential Anthologies and Sourcebooks,,In Copyright,the hindu religious tradition,the-hindu-religious-tradition,indian-knowledge-systems-and-education,TRUE,TRUE,,,TRUE,TRUE,TRUE,,,TRUE,TRUE,,,,,,,,TRUE,TRUE,TRUE
986,Religions of India in Practice,986-religions-of-india-in-practice,Donald S. Lopez Jr. (ed.),Donald Lopez's edited scholarly Religions of India in Practice - accessible Princeton academic anthology of lived Indian religious texts.,,Essential Anthologies and Sourcebooks,,In Copyright,religions of india in practice,religions-of-india-in-practice,indian-knowledge-systems-and-education,TRUE,TRUE,,,TRUE,TRUE,TRUE,,,TRUE,TRUE,,,,,,,,TRUE,TRUE,TRUE
987,Tantra in Practice,987-tantra-in-practice,David Gordon White (ed.) (already listed),David White's edited Princeton anthology of tantric texts - diverse historical sources spanning Hindu and Buddhist tantric traditions.,,Essential Anthologies and Sourcebooks,,https://archive.org/search?query=%22Tantra%20in%20Practice%22%20David%20Gordon%20White,tantra in practice,tantra-in-practice,indian-knowledge-systems-and-education,TRUE,TRUE,,,TRUE,TRUE,TRUE,,,TRUE,TRUE,,,,,,,,TRUE,TRUE,TRUE
988,Yoga in Practice,988-yoga-in-practice,David Gordon White (ed.) (already listed),White's edited Princeton anthology of yoga texts - diverse historical sources showing yoga's actual lived diversity across traditions.,4-aesthete-path,Essential Anthologies and Sourcebooks,,In Copyright,yoga in practice,yoga-in-practice,indian-knowledge-systems-and-education,TRUE,TRUE,,,TRUE,TRUE,TRUE,,,TRUE,TRUE,,,,,,,,TRUE,TRUE,TRUE
989,Asceticism,989-asceticism,Vincent L. Wimbush & Richard Valantasis (eds.),Wimbush and Valantasis's edited scholarly volume on asceticism - academic essays comparing ascetic traditions across world religions.,,Essential Anthologies and Sourcebooks,,In Copyright,asceticism,asceticism,indian-knowledge-systems-and-education,TRUE,TRUE,,,TRUE,TRUE,TRUE,,,TRUE,TRUE,,,,,,,,TRUE,TRUE,TRUE
990,The Religions of India,990-the-religions-of-india,Friedrich Max Müller / R. C. Zaehner (separate vols),"Zaehner's classical scholarly study of Indian religions - older accessible Western academic introduction to Hindu, Buddhist, and Jain traditions.",,Essential Anthologies and Sourcebooks,,https://archive.org/search?query=%22The%20Religions%20of%20India%22%20Friedrich%20Max%20M%C3%BCller%20/%20R.%20C.%20Zaehner,the religions of india,the-religions-of-india,indian-knowledge-systems-and-education,TRUE,TRUE,,,TRUE,TRUE,TRUE,,,TRUE,TRUE,,,,,,,,TRUE,TRUE,TRUE
991,Indian Civilization: A Sourcebook,991-indian-civilization-a-sourcebook,Sushil Mittal & Gene Thursby (eds.),Mittal and Thursby's edited scholarly Indian Civilization sourcebook - accessible academic anthology covering Indian civilizational history.,,Essential Anthologies and Sourcebooks,,In Copyright,indian civilization: a sourcebook,indian-civilization-a-sourcebook,indian-knowledge-systems-and-education,TRUE,TRUE,,,TRUE,TRUE,TRUE,,,TRUE,TRUE,,,,,,,,TRUE,TRUE,TRUE
992,The Hindu World,992-the-hindu-world,Sushil Mittal & Gene Thursby (eds.),Mittal and Thursby's edited scholarly Hindu World volume - major contemporary academic reference encyclopedia of Hindu traditions.,,Essential Anthologies and Sourcebooks,,In Copyright,the hindu world,the-hindu-world,indian-knowledge-systems-and-education,TRUE,TRUE,,,TRUE,TRUE,TRUE,,,TRUE,TRUE,,,,,,,,TRUE,TRUE,TRUE
993,Studying Hinduism,993-studying-hinduism,Sushil Mittal & Gene Thursby (eds.),Mittal and Thursby's edited scholarly Studying Hinduism volume - accessible academic introduction to methods in Hindu studies.,,Essential Anthologies and Sourcebooks,,In Copyright,studying hinduism,studying-hinduism,indian-knowledge-systems-and-education,TRUE,TRUE,,,TRUE,TRUE,TRUE,,,TRUE,TRUE,,,,,,,,TRUE,TRUE,TRUE
994,The Encyclopedia of Hinduism,994-the-encyclopedia-of-hinduism,Constance Jones & James D. Ryan,Constance Jones and James Ryan's accessible Encyclopedia of Hinduism - single-volume academic reference for general readers.,,Essential Anthologies and Sourcebooks,,In Copyright,the encyclopedia of hinduism,the-encyclopedia-of-hinduism,indian-knowledge-systems-and-education,TRUE,TRUE,,,TRUE,TRUE,TRUE,,,TRUE,TRUE,,,,,,,,TRUE,TRUE,TRUE
995,Brill's Encyclopedia of Hinduism,995-brills-encyclopedia-of-hinduism,"Knut Jacobsen et al. (eds., 6 vols)",Knut Jacobsen's edited Brill Encyclopedia of Hinduism in six volumes - definitive contemporary academic reference work in the field.,,Essential Anthologies and Sourcebooks,,In Copyright,brill's encyclopedia of hinduism,brills-encyclopedia-of-hinduism,indian-knowledge-systems-and-education,TRUE,TRUE,,,TRUE,TRUE,TRUE,,,TRUE,TRUE,,,,,,,,TRUE,TRUE,TRUE
996,The Hindus and Their Religious Systems,996-the-hindus-and-their-religious-systems,Mircea Eliade (in History of Religious Ideas),Mircea Eliade's reflections on Hinduism in his magnum opus - classical Romanian-American academic survey of Hindu religious development.,,Essential Anthologies and Sourcebooks,,In Copyright,the hindus and their religious systems,the-hindus-and-their-religious-systems,indian-knowledge-systems-and-education,TRUE,TRUE,,,TRUE,TRUE,TRUE,,,TRUE,TRUE,,,,,,,,TRUE,TRUE,TRUE
997,A History of Religious Ideas,997-a-history-of-religious-ideas,"Mircea Eliade (3 vols, India sections)",Eliade's classical three-volume History of Religious Ideas - foundational Western academic work with substantial Hindu religious sections.,,Essential Anthologies and Sourcebooks,,In Copyright,a history of religious ideas,a-history-of-religious-ideas,indian-knowledge-systems-and-education,TRUE,TRUE,,,TRUE,TRUE,TRUE,,,TRUE,TRUE,,,,,,,,TRUE,TRUE,TRUE
998,Comparative Mythology,998-comparative-mythology,Max Müller,"Max Müller's classical 1856 Comparative Mythology - foundational Western Indological work, historic introduction to comparative method.",,Essential Anthologies and Sourcebooks,,https://archive.org/details/comparativemyt00mller,comparative mythology,comparative-mythology,indian-knowledge-systems-and-education,TRUE,TRUE,,,TRUE,TRUE,TRUE,,,TRUE,TRUE,,,,,,,,TRUE,TRUE,TRUE
999,The Hindu Religious Year,999-the-hindu-religious-year,Muriel Marion Underhill,Muriel Underhill's classical 1921 study of the Hindu religious year - accessible older Western academic work on Hindu festival tradition.,,Essential Anthologies and Sourcebooks,,https://archive.org/details/hindureligiousye00unde,the hindu religious year,the-hindu-religious-year,indian-knowledge-systems-and-education,TRUE,TRUE,,,TRUE,TRUE,TRUE,,,TRUE,TRUE,,,,,,,,TRUE,TRUE,TRUE
1000,Civilization of the Goddess in India,1000-civilization-of-the-goddess-in-india,Pupul Jayakar (The Earth Mother / The Earthen Drum),Pupul Jayakar's classical scholarly study of the Indian Goddess tradition - beautiful Indian intellectual meditation on the divine feminine.,,Essential Anthologies and Sourcebooks,,In Copyright,civilization of the goddess in india,civilization-of-the-goddess-in-india,indian-knowledge-systems-and-education,TRUE,TRUE,,,TRUE,TRUE,TRUE,,,TRUE,TRUE,,,,,,,,TRUE,TRUE,TRUE