node_id,title,author,type,source,domain_1,domain_2,lens
blog:14-lokas-0-telescopes,14 Lokas and 0 Telescopes - The Cosmos SETI Cannot Scan,Amritanshu Pandey,blog,library,puranas-and-itihasa,civilizational-consciousness,svayambodha
blog:kannur-sacred-heart-of-kerala,Kannur - Discovering the Sacred Heart of Kerala through Bodha Anveshi,Pankaj Saxena,blog,library,sacred-geography-and-temple,festivals-and-living-tradition,svayambodha
blog:how-to-build-a-civilization,How to Build a Civilization,Amritanshu Pandey,blog,library,civilizational-consciousness,language-and-sanskrit,civilizational-consciousness
blog:journey-with-anveshi,My Journey with Anveshi,Pankaj Saxena,blog,library,sacred-geography-and-temple,festivals-and-living-tradition,svayambodha
blog:what-bodha-logo-means,"What the Bodha Logo Means - The Square, the Circle and the Eye of Wisdom",Pankaj Saxena,blog,library,civilizational-consciousness,,civilizational-consciousness
blog:bodha-pyramid-of-priorities-nature-of-hindu-orgs,"Bodha, the Pyramid of Priorities and the Nature of Hindu Organizations",Pankaj Saxena,blog,library,civilizational-consciousness,dharmashastra-and-polity,civilizational-consciousness
blog:svayambodha-and-shatrubodha-review,Book Review | Svayambodha and Shatrubodha,Amritanshu Pandey,blog,library,history-and-civilizational-recovery,indology-and-civilizational-critique,shatrubodha
blog:civilizations-as-karmic-streams,Civilizations as Kārmika Streams,Amritanshu Pandey,blog,library,civilizational-consciousness,history-and-civilizational-recovery,civilizational-consciousness
blog:dharmika-frame-for-sustainability-and-technology,A Dharmika Frame for Sustainability and Technology,Amritanshu Pandey,blog,library,civilizational-consciousness,,civilizational-consciousness
blog:siddhidatri,Siddhidātrī | Navadurgā - Part 9,Padmavathy Manavazhahan,blog,library,festivals-and-living-tradition,puranas-and-itihasa,svayambodha
blog:mahagauri,Mahāgaurī | Navadurgā - Part 8,Padmavathy Manavazhahan,blog,library,festivals-and-living-tradition,puranas-and-itihasa,svayambodha
blog:kalaratri,Kālarātri | Navadurgā - Part 7,Padmavathy Manavazhahan,blog,library,festivals-and-living-tradition,puranas-and-itihasa,svayambodha
blog:katyayani,Kātyāyanī | Navadurgā - Part 6,Padmavathy Manavazhahan,blog,library,festivals-and-living-tradition,puranas-and-itihasa,svayambodha
blog:skandamata,Skandamātā | Navadurgā - Part 5,Padmavathy Manavazhahan,blog,library,festivals-and-living-tradition,puranas-and-itihasa,svayambodha
blog:kushmanda,Kūṣmāṇḍā | Navadurgā - Part 4,Padmavathy Manavazhahan,blog,library,festivals-and-living-tradition,puranas-and-itihasa,svayambodha
blog:chandraghanta,Candraghaṇṭā | Navadurgā - Part 3,Padmavathy Manavazhahan,blog,library,festivals-and-living-tradition,puranas-and-itihasa,svayambodha
blog:brahmacharini,Brahmacāriṇī | Navadurgā - Part 2,Padmavathy Manavazhahan,blog,library,festivals-and-living-tradition,puranas-and-itihasa,svayambodha
blog:shailaputri,Śailaputrī | Navadurgā - Part 1,Padmavathy Manavazhahan,blog,library,festivals-and-living-tradition,puranas-and-itihasa,svayambodha
blog:grandhistoryone,"Grand History, Part 1",Amritanshu Pandey,blog,library,history-and-civilizational-recovery,civilizational-consciousness,civilizational-consciousness
blog:difference-between-us,The Difference Between Us - on One-life vs. Multiple-life Metaphysics,Amritanshu Pandey,blog,library,darshanas-and-philosophy,civilizational-consciousness,svayambodha
blog:bharatiya-wanderlust-1,"Bhāratīya Wanderlust - A Defence of the Out-of-India Model (OIT), Part 1",Amritanshu Pandey,blog,library,sindhu-sarasvati-and-origins,history-and-civilizational-recovery,shatrubodha
blog:bharatiya-wanderlust-2,"Bhāratīya Wanderlust - A Defence of the Out-of-India Model (OIT), Part 2",Amritanshu Pandey,blog,library,sindhu-sarasvati-and-origins,history-and-civilizational-recovery,shatrubodha
blog:bharatiya-wanderlust-3,"Bhāratīya Wanderlust - A Defence of the Out-of-India Model (OIT), Part 3",Amritanshu Pandey,blog,library,sindhu-sarasvati-and-origins,history-and-civilizational-recovery,shatrubodha
blog:returnoframa,राम आयेंगे!,Pankaj Saxena,blog,library,puranas-and-itihasa,civilizational-consciousness,svayambodha
blog:hinduisminblindspot2,Hinduism in the Blind Spot - Part 2,Amritanshu Pandey,blog,library,indology-and-civilizational-critique,civilizational-consciousness,purva-paksha
blog:hinduisminblindspot1,Hinduism in the Blind Spot - Part 1,Amritanshu Pandey,blog,library,indology-and-civilizational-critique,civilizational-consciousness,purva-paksha
blog:tightrope,Walking the Tightrope Between Big Brother and Soma,Amritanshu Pandey,blog,library,civilizational-consciousness,history-and-civilizational-recovery,svayambodha
blog:ramajanmabhumi,Śrī Rāma Comes Back to Ayodhyā,Pankaj Saxena,blog,library,puranas-and-itihasa,civilizational-consciousness,svayambodha
blog:cultureandwarfare,Culture and Warfare - Finding Balance Through Dharma,Pankaj Saxena,blog,library,civilizational-consciousness,puranas-and-itihasa,civilizational-consciousness
blog:dasharajna3,Dāśarājña Recontextualized - Part 3,Amritanshu Pandey,blog,library,sindhu-sarasvati-and-origins,history-and-civilizational-recovery,civilizational-consciousness
blog:dasharajna2,Dāśarājña Recontextualized - Part 2,Amritanshu Pandey,blog,library,sindhu-sarasvati-and-origins,history-and-civilizational-recovery,civilizational-consciousness
blog:dasharajna1,Dāśarājña Recontextualized - Part 1,Amritanshu Pandey,blog,library,sindhu-sarasvati-and-origins,history-and-civilizational-recovery,civilizational-consciousness
blog:gloryofkrishnajanmashtami,Recollection: The Glory of Śrī Kṛṣṇa Janmāṣṭamī,Pankaj Saxena,blog,library,puranas-and-itihasa,festivals-and-living-tradition,svayambodha
blog:artificialintelligencetwo,"Artificial Intelligence is Here - Part 2, from Now to Henceforth",Amritanshu Pandey,blog,library,darshanas-and-philosophy,civilizational-consciousness,svayambodha
blog:freedomofexpression,Freedom of Expression,Padmavathy Manavazhahan,blog,library,indology-and-civilizational-critique,dharmashastra-and-polity,purva-paksha
blog:sanskritvsfate,Sanskṛta vs. FATE Languages,Pankaj Saxena,blog,library,language-and-sanskrit,arts-and-aesthetics,shatrubodha
blog:artificialintelligence,"Artificial Intelligence is Here - Part 1, from Before to Now",Amritanshu Pandey,blog,library,darshanas-and-philosophy,civilizational-consciousness,svayambodha
blog:decolonizinglanguage,Decolonizing Language,Pankaj Saxena,blog,library,language-and-sanskrit,history-and-civilizational-recovery,svayambodha
blog:battleagainsthindusinmanipur,The Battle Against Hindus in Manipur,Pankaj Saxena,blog,library,indology-and-civilizational-critique,dharmashastra-and-polity,shatrubodha
blog:turnersoftime,Turners of Time - How Hindu Festivals Rotate the Year,Pankaj Saxena,blog,library,festivals-and-living-tradition,puranas-and-itihasa,svayambodha
blog:indicenvironmentalism,Indic Environmentalism - A Balance between Tradition and Innovation,Akshay Jha,blog,library,civilizational-consciousness,history-and-civilizational-recovery,svayambodha
blog:dharmikagene,The Dhārmika Gene,Amritanshu Pandey,blog,library,civilizational-consciousness,indian-knowledge-systems-and-education,civilizational-consciousness
blog:chath,Chaṭh - a Living Tradition and Cultural Homecoming,Akshay Jha,blog,library,festivals-and-living-tradition,civilizational-consciousness,svayambodha
blog:svayambodha-shatrubodha,Svayambodha and Śatrubodha - Two Wheels of Civilization,Pankaj Saxena,blog,library,civilizational-consciousness,indology-and-civilizational-critique,civilizational-consciousness
blog:ramasjourney,"Rāma’s Journey – the Avatāra in You, a Fractal Maṇḍala Essay",Amritanshu Pandey,blog,library,puranas-and-itihasa,festivals-and-living-tradition,civilizational-consciousness
blog:ahoiashtami,Ahoi Aṣtamī – How Hindu Dharma Teaches Deep Ecology through Festivals,Pankaj Saxena,blog,library,festivals-and-living-tradition,civilizational-consciousness,svayambodha
blog:rathaasbija,"Ratha as a Bīja of Civilizational DNA, a Fractal Maṇḍala Essay",Amritanshu Pandey,blog,library,sindhu-sarasvati-and-origins,civilizational-consciousness,civilizational-consciousness
blog:artandmeaningmaking,Art and Meaning Making,Pankaj Saxena,blog,library,arts-and-aesthetics,civilizational-consciousness,svayambodha
blog:historyvsitihasa,History is Ontic but Itihāsa is Ontologic – a Fractal Maṇḍala Essay,Amritanshu Pandey,blog,library,history-and-civilizational-recovery,civilizational-consciousness,civilizational-consciousness
blog:problemofculturetransmission,The Problem of Culture Transmission,Pankaj Saxena,blog,library,civilizational-consciousness,festivals-and-living-tradition,svayambodha
blog:towardsdharmacentricpolity,Towards Dharma-centric Polity - Lokmanya Tilak and the Universalization of Gaṇeśa Utsava,Pankaj Saxena,blog,library,festivals-and-living-tradition,dharmashastra-and-polity,svayambodha
blog:decolonizationapersonalfootprint,Decolonization - A Personal Footprint and Some Ramp Ways,Amritanshu Pandey,blog,library,language-and-sanskrit,civilizational-consciousness,svayambodha
blog:fractalmandalatwo,Fractal Maṇḍala 2- the Macrohistoric Case for India's Civilizational Primacy,Amritanshu Pandey,blog,library,indology-and-civilizational-critique,civilizational-consciousness,svayambodha
blog:kshetrashastrautsava,"Kṣetra, Śāstra, Utsava",Pankaj Saxena,blog,library,festivals-and-living-tradition,civilizational-consciousness,svayambodha
blog:indiancivilizationalconsciousness,Indian Civilizational Consciousness,Amritanshu Pandey,blog,library,civilizational-consciousness,,civilizational-consciousness
blog:fractalmandalaone,Fractal Maṇḍala 1- the Macrohistoric Case for India's Civilizational Primacy,Amritanshu Pandey,blog,library,indology-and-civilizational-critique,civilizational-consciousness,svayambodha
blog:synaptic-reconnection-2,Preliminary Schema for Synaptic Reconnection to Civilizational Consciousness - Part 2,Amritanshu Pandey,blog,library,indology-and-civilizational-critique,civilizational-consciousness,svayambodha
blog:four-aphorisms,Caturasūtra - Four Aphorisms,Amritanshu Pandey,blog,library,civilizational-consciousness,darshanas-and-philosophy,civilizational-consciousness
blog:synaptic-reconnection-1,Preliminary Schema for Synaptic Reconnection to Civilizational Consciousness - Part 1,Amritanshu Pandey,blog,library,indology-and-civilizational-critique,civilizational-consciousness,svayambodha
blog:questforharmony,Quest for Harmony,Pankaj Saxena,blog,library,civilizational-consciousness,arts-and-aesthetics,civilizational-consciousness
question:being-indian,What does Being Indian Mean,,question,library,civilizational-consciousness,history-and-civilizational-recovery,civilizational-consciousness
question:core-of-sanatana-dharma,What is the Core of Sanatana Dharma,,question,library,indian-knowledge-systems-and-education,,
question:hindu-institution-generate,What Hindu Institution Will Generate All Others,,question,library,civilizational-consciousness,,civilizational-consciousness
question:hindu-renaissance,"What Idea Must Die, for Hindu Renaissance",,question,library,civilizational-consciousness,,civilizational-consciousness
question:hindu-unity-and-diversity,Is Hindu Unity Compatible With Indian Diversity,,question,library,civilizational-consciousness,,civilizational-consciousness
question:modernity-and-hindu-values,Is Modernity Compatible With Hindu Values,,question,library,civilizational-consciousness,,
question:new-indian-republic,Does India Need Another Republic,,question,library,civilizational-consciousness,,
question:practice-but-not-proven,"What Do Hindus Practice, but Cannot Prove",,question,library,indian-knowledge-systems-and-education,civilizational-consciousness,civilizational-consciousness
question:what-will-destroy,What Will Destroy Hindu Society,,question,library,civilizational-consciousness,indology-and-civilizational-critique,civilizational-consciousness
question:will-save-sanatana-dharma,What Will Save Sanatana Dharma,,question,library,civilizational-consciousness,indology-and-civilizational-critique,civilizational-consciousness
project:artist-in-art,The Artist in Art,,research-project,library,arts-and-aesthetics,indology-and-civilizational-critique,purva-paksha
project:battle-for-dharma-north-east,The Battle for Dharma in North-East,,research-project,library,indology-and-civilizational-critique,,shatrubodha
project:dangs-anatomy-of-religious-terror,Dangs - Anatomy of Religious Terror,,research-project,library,indology-and-civilizational-critique,,shatrubodha
project:hindu-frameworks-of-education,Hindu Frameworks of Education,,research-project,library,indian-knowledge-systems-and-education,civilizational-consciousness,
project:hindu-models-of-temple-management,Hindu Models of Temple Management,,research-project,library,civilizational-consciousness,sacred-geography-and-temple,
project:hindu-response-to-enlightenment,Hindu Response to Enlightenment,,research-project,library,civilizational-consciousness,indology-and-civilizational-critique,civilizational-consciousness
project:hindu-school-of-history,Hindu School of History,,research-project,library,history-and-civilizational-recovery,,
project:interchanging-dynamics-of-hindu-family,Interchanging Dynamics of the Hindu Family,,research-project,library,civilizational-consciousness,,
project:structure-of-hindu-charity,Structure of Hindu Charity,,research-project,library,civilizational-consciousness,,
project:temples-of-madhya-pradesh,Temples of Madhya Pradesh,,research-project,library,sacred-geography-and-temple,,
project:year-in-hajong-village,A Year in Hajong Village,,research-project,library,indology-and-civilizational-critique,,shatrubodha
thinker:ak-saran,AK Saran,,thinker,library,indian-knowledge-systems-and-education,civilizational-consciousness,svayambodha
thinker:alexander-solzhenitsyn,Alexander Solzhenitsyn,,thinker,library,indology-and-civilizational-critique,,purva-paksha
thinker:arthur-koestler,Arthur Koestler,,thinker,library,civilizational-consciousness,indology-and-civilizational-critique,purva-paksha
thinker:bernd-heinrich,Bernd Heinrich,,thinker,library,civilizational-consciousness,,purva-paksha
school:conscilience-school,School of Conscilience,,school,library,indian-knowledge-systems-and-education,,
school:cultural-traditionalists-school,School of Cultural Traditionalists,,school,library,indian-knowledge-systems-and-education,,
school:dharampal-svayambodha-school,Dharampal School of Svayambodha,,school,library,civilizational-consciousness,history-and-civilizational-recovery,svayambodha
thinker:dharampal,Dharampal,,thinker,library,indian-knowledge-systems-and-education,civilizational-consciousness,svayambodha
thinker:eo-wilson,EO Wilson,,thinker,library,civilizational-consciousness,,svayambodha
thinker:ivan-illich,Ivan Illich,,thinker,library,indology-and-civilizational-critique,civilizational-consciousness,purva-paksha
thinker:james-lovelock,James Lovelock,,thinker,library,civilizational-consciousness,,purva-paksha
thinker:kapila-vatsyayana,Kapila Vatsyayana,,thinker,library,indian-knowledge-systems-and-education,arts-and-aesthetics,
thinker:km-munshi,KM Munshi,,thinker,library,history-and-civilizational-recovery,civilizational-consciousness,civilizational-consciousness
thinker:loren-eiseley,Loren Eiseley,,thinker,library,civilizational-consciousness,,purva-paksha
thinker:ms-hiriyanna,MS Hiriyanna,,thinker,library,indian-knowledge-systems-and-education,arts-and-aesthetics,
school:narrative-non-fiction-school,School of Narrative Non-fiction,,school,library,arts-and-aesthetics,history-and-civilizational-recovery,
thinker:nassim-nicholas-taleb,Nassim Nicholas Taleb,,thinker,library,civilizational-consciousness,indology-and-civilizational-critique,purva-paksha
school:political-traditionalists-school,School of Political Traditionalists,,school,library,civilizational-consciousness,,civilizational-consciousness
thinker:ram-swarup,Ram Swarup,,thinker,library,indology-and-civilizational-critique,,purva-paksha
thinker:robert-ardrey,Robert Ardrey,,thinker,library,civilizational-consciousness,,purva-paksha
thinker:sk-rama-rao,SK Ramachandra Rao,,thinker,library,civilizational-consciousness,sacred-geography-and-temple,
school:sri-aurobindo-school,Sri Aurobindo’s School,,school,library,civilizational-consciousness,,civilizational-consciousness
school:swami-vivekananda-school,Swami Vivekananda's School,,school,library,civilizational-consciousness,,svayambodha
thinker:terence-mckenna,Terence McKenna,,thinker,library,civilizational-consciousness,,purva-paksha
thinker:theodore-dalrymple,Theodore Dalrymple,,thinker,library,civilizational-consciousness,indology-and-civilizational-critique,purva-paksha
school:voice-of-india-shatrubodha-school,Voice of India School of Śatrubodha,,school,library,indology-and-civilizational-critique,,purva-paksha
thinker:vs-naipaul,VS Naipaul,,thinker,library,civilizational-consciousness,indology-and-civilizational-critique,civilizational-consciousness
thinker:wade-davis,Wade Davis,,thinker,library,civilizational-consciousness,,purva-paksha
lab:bangladesh-riots-report,Bangladesh Riots Dec 2025 Report,,lab-note,library,dharmashastra-and-polity,,
lab:dharma-as-design,Dharma as Design,,lab-note,library,arts-and-aesthetics,,
lab:foundations-of-indian-culture,Foundations of Indian Culture,,lab-note,library,civilizational-consciousness,,
lab:islamization-of-indonesia,Islamization of Indonesia,,lab-note,library,dharmashastra-and-polity,,
lab:library-additions-20dec,New Additions to Library - Dec 25,,lab-note,library,indian-knowledge-systems-and-education,,
lab:modernity-in-tv-drama,Modernity in TV Drama,,lab-note,library,festivals-and-living-tradition,,
lab:on-mesoamerican-history,On Meso-American History,,lab-note,library,civilizational-consciousness,,
lab:on-the-pagan-view,On the Pagan Worldview,,lab-note,library,civilizational-consciousness,,
lab:sanchar-saathi,Sanchar Sathi,,lab-note,library,dharmashastra-and-polity,,
lab:sanskrit-roots-ontic-bloom,Sanskrit Roots and the Ontic Bloom,,lab-note,library,language-and-sanskrit,,
lab:western-atrocities,Western Atrocities,,lab-note,library,dharmashastra-and-polity,,
book:bol-cry-hindutva-how-rhetoric-trumps-intellect,Cry Hindutva How Rhetoric Trumps Intellect,"Vishwa Adluri, Joydeep Bagchee",book,library,indology-and-civilizational-critique,,purva-paksha
book:bol-german-indology-aryanism-and-anti-semitism,German Indology Aryanism and Anti Semitism,"Vishwa Adluri, Joydeep Bagchee",book,library,indology-and-civilizational-critique,,purva-paksha
book:bol-greeks-in-india,Greeks in India,Demettios Vasilliades,book,library,indology-and-civilizational-critique,,
book:bol-heidegger-and-the-inquiry-into-technology,Heidegger and the Inquiry into Technology,Joydeep Bagchee,book,library,indology-and-civilizational-critique,civilizational-consciousness,purva-paksha
book:bol-hindu-studies-in-a-secular-academy,Hindu Studies in a Secular Academy,Vishwa Adluri,book,library,indology-and-civilizational-critique,,purva-paksha
book:bol-hindu-temples-vol-1,Hindu Temples Vol 1,Sita Ram Goel,book,library,sacred-geography-and-temple,indology-and-civilizational-critique,shatrubodha
book:bol-hindu-temples-vol-2,Hindu Temples Vol 2,Sita Ram Goel,book,library,sacred-geography-and-temple,indology-and-civilizational-critique,shatrubodha
book:bol-how-i-became-a-hindu,How I Became a Hindu,Sita Ram Goel,book,library,indology-and-civilizational-critique,,svayambodha
book:bol-jews-and-hindus-in-indology,Jews and Hindus in Indology,"Vishwa Adluri, Joydeep Bagchee",book,library,indology-and-civilizational-critique,,purva-paksha
book:bol-methods-and-context-rethinking-religion,Methods and Context Rethinking Religion,"Vishwa Adluri, Joydeep Bagchee",book,library,indology-and-civilizational-critique,,purva-paksha
book:bol-paradigm-lost-the-application-of-the-historical-critical-method-to-the-bhagavadgita,Paradigm Lost the Application of the Historical Critical Method to the Bhagavadgita,"Vishwa Adluri, Joydeep Bagchee",book,library,indology-and-civilizational-critique,,purva-paksha
book:bol-philosophy-and-criticism,Philosophy and Criticism,"Vishwa Adluri, Joydeep Bagchee",book,library,indology-and-civilizational-critique,,
book:bol-poetic-immortality-to-salvation,Poetic Immortality to Salvation,"Vishwa Adluri, Joydeep Bagchee",book,library,indology-and-civilizational-critique,,
book:bol-pride-and-prejudice-orientalism-and-germany,Pride and Prejudice Orientalism and Germany,Vishwa Adluri,book,library,indology-and-civilizational-critique,,purva-paksha
book:bol-the-banality-of-indology,The Banality of Indology,"Vishwa Adluri, Joydeep Bagchee",book,library,indology-and-civilizational-critique,,purva-paksha
book:bol-the-nay-science,The Nay Science,"Vishwa Adluri, Joydeep Bagchee",book,library,indology-and-civilizational-critique,,purva-paksha
book:bol-the-origins-of-racism-in-the-humanities,The Origins of Racism in the Humanities,"Vishwa Adluri, Joydeep Bagchee",book,library,indology-and-civilizational-critique,,purva-paksha
book:bol-the-passion-of-paul-hacker,The Passion of Paul Hacker,"Vishwa Adluri, Joydeep Bagchee",book,library,indology-and-civilizational-critique,,purva-paksha
book:bol-the-real-threat-to-humanities-today,The Real Threat to Humanities Today,"Vishwa Adluri, Joydeep Bagchee",book,library,indology-and-civilizational-critique,,purva-paksha
book:bol-theses-on-indology,Theses on Indology,"Vishwa Adluri, Joydeep Bagchee",book,library,indology-and-civilizational-critique,,purva-paksha
book:bol-a-primer-of-indian-logic,A Primer of Indian Logic,S. Kuppuswami Sastri,book,library,darshanas-and-philosophy,,
book:bol-an-elementary-treatise-on-mimamsa,An Elementary Treatise on Mimamsa,Laugakshi Bhaskara,book,library,darshanas-and-philosophy,,
book:bol-gangesa's-theory-of-truth,Gangesa's Theory of Truth,Jitendra Nath Mohanty,book,library,darshanas-and-philosophy,,
book:bol-gaudapada-karika,Gaudapada Karika,Gaudapada,book,library,darshanas-and-philosophy,,
book:bol-gautama's-nyayasutras,Gautama's Nyayasutras,Gautama,book,library,darshanas-and-philosophy,,
book:bol-gheranda-samhita,Gheranda Samhita,Translated by Srisa Chandra Vasu,book,library,darshanas-and-philosophy,,
book:bol-hindu-realism-an-introduction-to-vaisheshika,Hindu Realism An Introduction to Vaisheshika,JC Chatterjee,book,library,darshanas-and-philosophy,,
book:bol-history-of-dharmashastras-vol-1,History of Dharmashastras Vol 1,PV Kane,book,library,dharmashastra-and-polity,,
book:bol-history-of-dharmashastras-vol-2-part-1,History of Dharmashastras Vol 2 Part 1,PV Kane,book,library,dharmashastra-and-polity,festivals-and-living-tradition,
book:bol-history-of-dharmashastras-vol-2-part-2,History of Dharmashastras Vol 2 Part 2,PV Kane,book,library,dharmashastra-and-polity,festivals-and-living-tradition,
book:bol-history-of-dharmashastras-vol-3,History of Dharmashastras Vol 3,PV Kane,book,library,dharmashastra-and-polity,,
book:bol-history-of-dharmashastras-vol-4,History of Dharmashastras Vol 4,PV Kane,book,library,dharmashastra-and-polity,,
book:bol-history-of-dharmashastras-vol-5-part-1,History of Dharmashastras Vol 5 Part 1,PV Kane,book,library,dharmashastra-and-polity,,
book:bol-history-of-dharmashastras-vol-5-part-2,History of Dharmashastras Vol 5 Part 2,PV Kane,book,library,dharmashastra-and-polity,,
"book:bol-logic,-language-and-reality","Logic, Language and Reality",Bimal Krishna Matilal,book,library,language-and-sanskrit,darshanas-and-philosophy,
book:bol-outline-of-hindu-philosophy,Outline of Hindu Philosophy,M. Hiriyanna,book,library,darshanas-and-philosophy,,
book:bol-paratrishika-vivarana-by-abhinavagupta,Paratrishika Vivarana by Abhinavagupta,Jaideva Singh,book,library,darshanas-and-philosophy,civilizational-consciousness,
book:bol-patanjali's-yogasutras,Patanjali's Yogasutras,Patanjali,book,library,darshanas-and-philosophy,,
book:bol-purva-mimamsa-in-its-sources,Purva Mimamsa in its Sources,Dr. Ganganatha Jha,book,library,darshanas-and-philosophy,,
book:bol-quintessence-of-brahmasutra,Quintessence of Brahmasutra,Mahamahopadhyaya Iranganti Rangacharya,book,library,darshanas-and-philosophy,,
book:bol-sankhya-philosophy-by-banerji,Sankhya Philosophy by Banerji,Chandra Banerji,book,library,darshanas-and-philosophy,,
book:bol-sastradipika,Sastradipika,"Parthasarathi Mishra, translated by D. Venkatramiah",book,library,darshanas-and-philosophy,,
book:bol-siddhantabindu,Siddhantabindu,"Srimat Madhusudana Sarasvati, translated by Achalananda",book,library,darshanas-and-philosophy,,
book:bol-six-ways-of-knowing,Six Ways of Knowing,D.M. Datta,book,library,darshanas-and-philosophy,,
book:bol-the-advaita-vedanta-of-brahmasiddhi,The Advaita Vedanta of Brahmasiddhi,Allen Wright Thrasher,book,library,darshanas-and-philosophy,,
book:bol-the-nyaya-theory-of-knowledge,The Nyaya Theory of Knowledge,S.C. Chatterjee,book,library,darshanas-and-philosophy,,
book:bol-the-paramarthasara-of-adisesa,The Paramarthasara of Adisesa,Adi Sesa,book,library,darshanas-and-philosophy,,
book:bol-the-purva-mimamsa-sutras-of-jaimini,The Purva Mimamsa Sutras of Jaimini,"Jaimini, translated by Dr. Ganganatha Jha",book,library,darshanas-and-philosophy,,
book:bol-the-sankhya-aphorisms-of-kapila,The Sankhya Aphorisms of Kapila,"Kapila, translated by J. Ballantyne",book,library,darshanas-and-philosophy,,
book:bol-the-sankhya-karika-of-iswara-krishna,The Sankhya Karika of Iswara Krishna,HT Colebrooke,book,library,darshanas-and-philosophy,,
book:bol-the-sankhya-philosophy,The Sankhya Philosophy,Major BD Basu,book,library,darshanas-and-philosophy,,
book:bol-the-sankhya-system-by-keith,The Sankhya System by Keith,AB Keith,book,library,darshanas-and-philosophy,,
book:bol-the-vaisheshika-darshan,The Vaisheshika Darshan,John Wells,book,library,darshanas-and-philosophy,,
book:bol-the-yogasutras-of-patanjali,The Yogasutras of Patanjali,"Patanjali, translated by Sriram Lele",book,library,darshanas-and-philosophy,,
book:bol-theories-of-language,Theories of Language,Korada Subrahmanyam,book,library,language-and-sanskrit,,
book:bol-yogasutra-with-commentary-of-madhavacharya,Yogasutra with Commentary of Madhavacharya,Madhvacharya,book,library,darshanas-and-philosophy,,
book:bol-a-scheme-for-knowledge-representation-in-samskritam,A Scheme for Knowledge Representation in Samskritam,P. Ramanujan,book,library,language-and-sanskrit,indian-knowledge-systems-and-education,
book:bol-bhartṛhari’s-linguistic-ontology-and-the-semantics-of-ātmanepada,Bhartṛhari’s Linguistic Ontology and the Semantics of Ātmanepada,Dilip Loundo,book,library,language-and-sanskrit,,
book:bol-essential-coomaraswamy,Essential Coomaraswamy,Ananda Coomaraswamy,book,library,arts-and-aesthetics,history-and-civilizational-recovery,civilizational-consciousness
book:bol-future-of-mankind,Future of Mankind,Sri Aurobindo,book,library,civilizational-consciousness,,civilizational-consciousness
book:bol-hindu-dharma,Hindu Dharma,S. Radhakrishnan,book,library,civilizational-consciousness,,civilizational-consciousness
book:bol-the-beautiful-tree,The Beautiful Tree,Dharampal,book,library,history-and-civilizational-recovery,,svayambodha
book:bol-the-knowledge-structure-in-the-amarakosha,The Knowledge Structure in the Amarakosha,Sivaja S. Nair,book,library,language-and-sanskrit,indian-knowledge-systems-and-education,
book:bol-the-vedas,The Vedas,Chandrasekharendra Saraswati,book,library,sruti-and-veda,,
book:bol-vākyapadīya,Vākyapadīya,Bhartṛhari,book,library,language-and-sanskrit,,
book:bol-64-arts-in-ancient-india,64 Arts in Ancient India,Anil Baran Ganguly,book,library,arts-and-aesthetics,indian-knowledge-systems-and-education,
book:bol-amarakośaḥ-devanāgarī,Amarakośaḥ Devanāgarī,Amarasiṃha,book,library,language-and-sanskrit,,
book:bol-amarakosha-english-translation,Amarakosha English Translation,NG Sardesai,book,library,language-and-sanskrit,,
book:bol-art-experience,Art Experience,M Hiriyanna,book,library,arts-and-aesthetics,,
book:bol-hindustani-music,Hindustani Music,Lakshmi Sreeram,book,library,arts-and-aesthetics,,
book:bol-historical-methods,Historical Methods,Shonaleeka Kaul,book,library,history-and-civilizational-recovery,indology-and-civilizational-critique,
book:bol-ideas-of-history-in-sanskrit-literature,Ideas of History in Sanskrit Literature,RC Majumdar,book,library,history-and-civilizational-recovery,civilizational-consciousness,svayambodha
book:bol-illustrated-amarakosha-in-4-languages,Illustrated Amarakosha in 4 Languages,Dr. H Madhav,book,library,language-and-sanskrit,,
book:bol-indian-concept-of-performance,Indian Concept of Performance,Bharat Gupt,book,library,arts-and-aesthetics,,
book:bol-introduction-to-iks,Introduction to IKS,Kapil Kapoor,book,library,indian-knowledge-systems-and-education,,
book:bol-introduction-to-sanskrit-shabdamitra,Introduction to Sanskrit Shabdamitra,"Kulkarni, Joshi et al",book,library,language-and-sanskrit,,
"book:bol-language-and-reality,-world-view-of-the-nyaya-vaisesika-system-of-indian-philosophy","Language and Reality, World View of the Nyaya-Vaisesika System of Indian Philosophy",VN Jha,book,library,darshanas-and-philosophy,language-and-sanskrit,
book:bol-on-natyashastra,On Natyashastra,Bharat Gupt,book,library,arts-and-aesthetics,,
book:bol-on-the-nature-of-mathematics-and-scientific-knowledge-in-indian-tradition,On the Nature of Mathematics and Scientific Knowledge in Indian Tradition,MD Srinivas,book,library,indian-knowledge-systems-and-education,darshanas-and-philosophy,
book:bol-the-kalās,The Kalās,A Venkatasubbiah,book,library,arts-and-aesthetics,festivals-and-living-tradition,
book:bol-a-practical-sanskrit-introductory,A Practical Sanskrit Introductory,C Wikner,book,library,language-and-sanskrit,,
book:bol-sanskrit-grammar,Sanskrit Grammar,WD Whitney,book,library,language-and-sanskrit,,
book:bol-agni-purana,Agni Purana,,book,library,puranas-and-itihasa,,
book:bol-aitareya-upanishad,Aitareya Upanishad,,book,library,sruti-and-veda,darshanas-and-philosophy,
book:bol-bhagavata-purana,Bhagavata Purana,,book,library,puranas-and-itihasa,,
book:bol-brahma-purana,Brahma Purana,,book,library,puranas-and-itihasa,sacred-geography-and-temple,
book:bol-brahmanda-purana,Brahmanda Purana,,book,library,puranas-and-itihasa,,
book:bol-brhadaranyak-upanishad,Brhadaranyak Upanishad,,book,library,sruti-and-veda,,
book:bol-chandogya-upanishad,Chandogya Upanishad,,book,library,darshanas-and-philosophy,sruti-and-veda,
book:bol-garuda-purana,Garuda Purana,,book,library,puranas-and-itihasa,,
book:bol-geography-of-the-puranas,Geography of the Puranas,MA Ali,book,library,puranas-and-itihasa,sacred-geography-and-temple,
book:bol-harivansha-purana,Harivansha Purana,,book,library,puranas-and-itihasa,,
book:bol-isha-upanishad,Isha Upanishad,,book,library,sruti-and-veda,,
book:bol-katha-upanishad,Katha Upanishad,,book,library,sruti-and-veda,darshanas-and-philosophy,
book:bol-kena-upanishad,Kena Upanishad,,book,library,sruti-and-veda,,
book:bol-kurma-purana,Kurma Purana,,book,library,puranas-and-itihasa,sacred-geography-and-temple,civilizational-consciousness
book:bol-linga-purana,Linga Purana,,book,library,puranas-and-itihasa,sacred-geography-and-temple,
book:bol-maitrayaniya-upanishad,Maitrayaniya Upanishad,,book,library,darshanas-and-philosophy,,
book:bol-mandukya-upanishad,Mandukya Upanishad,,book,library,sruti-and-veda,darshanas-and-philosophy,
book:bol-markandeya-purana,Markandeya Purana,,book,library,puranas-and-itihasa,,
book:bol-matsya-purana,Matsya Purana,,book,library,puranas-and-itihasa,sacred-geography-and-temple,
book:bol-mundaka-upanishad,Mundaka Upanishad,,book,library,sruti-and-veda,,
book:bol-narada-purana,Narada Purana,,book,library,puranas-and-itihasa,festivals-and-living-tradition,
book:bol-padma-purana,Padma Purana,,book,library,puranas-and-itihasa,sacred-geography-and-temple,
book:bol-prashna-upanishad,Prashna Upanishad,,book,library,sruti-and-veda,,
book:bol-shiva-purana,Shiva Purana,,book,library,puranas-and-itihasa,,
book:bol-skanda-purana,Skanda Purana,,book,library,puranas-and-itihasa,sacred-geography-and-temple,
book:bol-taittiriya-upanishad,Taittiriya Upanishad,,book,library,sruti-and-veda,,
book:bol-vamana-purana,Vamana Purana,,book,library,puranas-and-itihasa,sacred-geography-and-temple,
book:bol-varaha-purana,Varaha Purana,,book,library,puranas-and-itihasa,sacred-geography-and-temple,
book:bol-vayu-purana,Vayu Purana,,book,library,puranas-and-itihasa,history-and-civilizational-recovery,
book:bol-vishnu-purana,Vishnu Purana,,book,library,puranas-and-itihasa,,
book:bol-light-of-the-vedas,Light of the Vedas,David Frawley,book,library,sruti-and-veda,,
book:bol-argument-and-design-the-unity-of-the-mahabharata,Argument and Design the Unity of the Mahabharata,"Vishwa Adluri, Joydeep Bagchee",book,library,puranas-and-itihasa,,
book:bol-arthashastra,Arthashastra,Kautilya,book,library,dharmashastra-and-polity,,
book:bol-civil-disobedience-in-indian-tradition,Civil Disobedience in Indian Tradition,Dharampal,book,library,dharmashastra-and-polity,,
"book:bol-essays-on-tradition,-recovery-and-freedom","Essays on Tradition, Recovery and Freedom",Dharampal,book,library,history-and-civilizational-recovery,civilizational-consciousness,svayambodha
book:bol-gandhis-theory-of-society-and-our-times,Gandhis Theory of Society and Our Times,AK Saran,book,library,dharmashastra-and-polity,,
book:bol-hermeneutics-and-narrative-architecture,Hermeneutics and Narrative Architecture,Vishwa Adluri,book,library,puranas-and-itihasa,,
book:bol-indian-science-and-technology-in-the-18th-century,Indian Science and Technology in the 18th Century,Dharampal,book,library,history-and-civilizational-recovery,civilizational-consciousness,svayambodha
book:bol-katha-sarit-sagar,Katha Sarit Sagar,C.H. Tawney,book,library,puranas-and-itihasa,,
book:bol-panchayat-raj-and-india's-polity,Panchayat Raj and India's Polity,Dharampal,book,library,dharmashastra-and-polity,,
book:bol-prolegomena-to-any-future-mahabharata-studies,Prolegomena to any Future Mahabharata Studies,"Vishwa Adluri, Joydeep Bagchee",book,library,puranas-and-itihasa,,
book:bol-rajatarangini,Rajatarangini,Ranjit Sitaram Pandit,book,library,history-and-civilizational-recovery,puranas-and-itihasa,
book:bol-rediscovering-india,Rediscovering India,Dharampal,book,library,history-and-civilizational-recovery,civilizational-consciousness,svayambodha
book:bol-rigveda-a-historical-analysis,Rigveda a Historical Analysis,Shrikant Talageri,book,library,sruti-and-veda,,
book:bol-the-crisis-of-hinduism,The Crisis of Hinduism,AK Saran,book,library,history-and-civilizational-recovery,,civilizational-consciousness
book:bol-the-perils-of-textual-transmission,The Perils of Textual Transmission,Vishwa Adluri,book,library,history-and-civilizational-recovery,indology-and-civilizational-critique,
book:bol-the-redemption-of-the-brahman,The Redemption of the Brahman,"Vishwa Adluri, Joydeep Bagchee",book,library,history-and-civilizational-recovery,indology-and-civilizational-critique,purva-paksha
book:bol-the-riks,The Riks,Shri Paramasiva Iyer,book,library,sruti-and-veda,,
book:bol-the-secret-of-the-veda,The Secret of the Veda,Sri Aurobindo,book,library,sruti-and-veda,,
book:bol-treatise-on-rigveda,Treatise on Rigveda,Vedayana,book,library,sruti-and-veda,,
book:bol-wisdom-of-the-ancient-seers,Wisdom of the Ancient Seers,David Frawley,book,library,sruti-and-veda,,
book:bol-religious-sects-of-hindus,Religious Sects of Hindus,HH Wilson,book,library,indology-and-civilizational-critique,,
book:bol-all-about-hinduism,All About Hinduism,Sri Swami Sivananda,book,library,indian-knowledge-systems-and-education,festivals-and-living-tradition,
book:bol-hinduism-ancient-and-modern,Hinduism Ancient and Modern,Rai Bahadur Lala Baij Nath,book,library,history-and-civilizational-recovery,,
book:bol-elementary-textbook-of-hindu-ethics,Elementary Textbook of Hindu Religion and Ethics,,book,library,indian-knowledge-systems-and-education,,
book:bol-advanced-textbook-of-hindu-religion-and-ethics,Advanced Textbook of Hindu Religion and Ethics,,book,library,indian-knowledge-systems-and-education,,
book:bol-a-study-of-tarakasamgraha-as-compromise-between-nyaya-and-vaisheshika,A Study of Tarakasamgraha as Compromise Between Nyaya and Vaisheshika,Priya M. P.,book,library,darshanas-and-philosophy,,
book:bol-abhinavagupta-a-historical-and-philosophical-study,Abhinavagupta a Historical and Philosophical Study,Unknown,book,library,darshanas-and-philosophy,,
book:bol-agnihotra-kranti,Agnihotra Kranti,Unknown,book,library,indian-knowledge-systems-and-education,,
book:bol-gulmavrikshayurveda,Gulmavrikshayurveda,Unknown,book,library,indian-knowledge-systems-and-education,,
book:bol-hindu-dharma-radhakrishnan,Hindu Dharma Radhakrishnan,S. Radhakrishnan,book,library,civilizational-consciousness,festivals-and-living-tradition,
book:bol-lokopakara,Lokopakara,Unknown,book,library,indian-knowledge-systems-and-education,,
book:bol-the-mimamsa-sutras-of-jaimini,The Mimamsa Sutras of Jaimini,Jaimini,book,library,darshanas-and-philosophy,,
book:bol-https://talageri.blogspot.com/2020/05/the-logic-of-rigvedic-geography_6.html,Logic of Rig Vedic Geography,Shrikant Talageri,book,library,sindhu-sarasvati-and-origins,,
book:bol-https://talageri.blogspot.com/2020/05/the-iksvakus-in-rigveda.html,Ikshvakus in the Rig Veda,Shrikant Talageri,book,library,sindhu-sarasvati-and-origins,,
book:bol-https://talageri.blogspot.com/2020/04/the-identity-of-enemies-of-sudas-in.html,Identity of the Enemies of Sudas,Shrikant Talageri,book,library,sindhu-sarasvati-and-origins,,
book:bol-https://talageri.blogspot.com/2019/10/dravidian-connections-with-harappan.html,Dravidian Connections to Rig Veda and Harappa,Shrikant Talageri,book,library,sindhu-sarasvati-and-origins,,
book:bol-https://talageri.blogspot.com/2019/10/the-primarily-dravidian-and-pan-indian_30.html,Dravidian and Pan-Indian Nature of Hinduism,Shrikant Talageri,book,library,indology-and-civilizational-critique,sindhu-sarasvati-and-origins,
book:bol-https://www.academia.edu/45189821/p%c5%abrva_pak%e1%b9%a3a_of_sheldon_pollocks_use_of_chronology_2016_,Pūrva-pakṣa of Sheldon Pollock's use of Chronology,"Manogna Sastry, Megh Kalyanasundaram",book,library,sindhu-sarasvati-and-origins,indology-and-civilizational-critique,purva-paksha
book:bol-https://www.academia.edu/30800576/vanishing_rivers_yesterdays_sarasvati_todays_ganges,Vanishing Rivers Yesterdays Sarasvati Todays Ganga,Michel Danino,book,library,sindhu-sarasvati-and-origins,,
book:bol-https://www.academia.edu/38369132/sarasvat%c4%ab_in_the_mah%c4%81bh%c4%81rata_a_study_sastry_and_kalyanasundaram_2019_pdf,Sarasvatī in the Mahābhārata - A Study,Sastry and Kalyanasundaram,book,library,puranas-and-itihasa,sindhu-sarasvati-and-origins,
book:bol-https://www.academia.edu/39719725/the_sarasvati_river_issues_and_debates,The Sarasvati River Issues And Debates,Michel Danino,book,library,sindhu-sarasvati-and-origins,,
book:bol-https://www.researchgate.net/publication/336281430_remote_sensing_of_groundwater_along_the_saraswati_palaeochannels_in_western_part_of_jaisalmer_district_thar_desert_maeer's_mit_pune_journal_special_issue_1999-2000_pp_28-36,Sarasvati Palaeochannel Groundwater Remote Sensing,Kar and Shukla,book,library,sindhu-sarasvati-and-origins,,
book:bol-https://www.academia.edu/36995146/on_the_preliminary_periodization_of_the_vedic_culture_a_draft_2018,On The Preliminary Periodization Of The Harappan Civilization,Igor A. Tonoyan-Belyayev,book,library,sindhu-sarasvati-and-origins,,
book:bol-https://www.academia.edu/1573411/vedic_roots_of_early_tamil_culture,Vedic Roots Of Early Tamil Culture,Michel Danino,book,library,sindhu-sarasvati-and-origins,,
book:bol-https://www.academia.edu/18428649/the_indo_aryans_of_ancient_south_asia_language_material_culture_and_ethnicity,The Indo Aryans Of Ancient South Asia,Michael Witzel,book,library,sindhu-sarasvati-and-origins,language-and-sanskrit,
book:bol-https://www.academia.edu/23185706/the_horse_and_the_aryan_debate,The Horse And The Aryan Debate,Michel Danino,book,library,sindhu-sarasvati-and-origins,,
book:bol-https://journal.fi/store/article/view/49745,The Coming of Aryans to Iran and India,Asko Parpola,book,library,sindhu-sarasvati-and-origins,,
book:bol-https://www.academia.edu/713990/early_indian_history_linguistic_and_textual_parameters,Rig Vedic History,Michael Witzel,book,library,sindhu-sarasvati-and-origins,,
book:bol-https://www.academia.edu/19380740/ramas_realm,Rama's Realm,Michael Witzel,book,library,puranas-and-itihasa,,
book:bol-https://doi.org/10.11588/ejvs.2016.1.933,On the Battle of Ten Kings,Ranier Stuhrmann,book,library,sindhu-sarasvati-and-origins,,
book:bol-https://doi.org/10.11588/ejvs.2001.2.829,On Talageri,Michael Witzel,book,library,sindhu-sarasvati-and-origins,,purva-paksha
book:bol-https://doi.org/10.11588/xarep.00000112,Non Aryan Names In Rig Veda,Michael Witzel,book,library,sindhu-sarasvati-and-origins,,
book:bol-https://www.academia.edu/28703992/new_perspectives_on_our_cultural_pasts,New Perspectives On Our Cultural Pasts,Michel Danino,book,library,history-and-civilizational-recovery,,
book:bol-https://www.academia.edu/42795350/vedic_genetics_cow_omni_form_decipherment_of_indus_valley_seals_vedic_genetics_cow_omni_form_decipherment_of_indus_valley_seals_vedic_culture_sea_ls_indus_valley_vedic_culture_seals_the_light_of_life_dna_tva_%c3%88_the_shaper_of_all_creatures,Vedic Genetics Cow Omni Form Decipherment,Chandra Prakash Dvivedi,book,library,sruti-and-veda,,
book:bol-https://www.researchgate.net/publication/326216679_the_prehistoric_peopling_of_southeast_asia,The Prehistoric Peopling Of Southeast Asia,McColl et al.,book,library,sindhu-sarasvati-and-origins,,
book:bol-https://www.academia.edu/21620946/the_himalayas_as_a_prehistoric_corridor_for_the_peopling_of_east_and_southeast_asia,The Himalayas As A Prehistoric Corridor,George van Driem,book,library,sindhu-sarasvati-and-origins,,
book:bol-https://doi.org/10.1126%2fscience.aat7487,The Formation of Human Populations in South and Central Asia,Narasimhan et al.,book,library,sindhu-sarasvati-and-origins,,
book:bol-https://www.academia.edu/32806632/the_eastern_himalayan_corridor_in_prehistory,The Eastern Himalayan Corridor In Prehistory,George van Driem,book,library,sindhu-sarasvati-and-origins,,
book:bol-https://www.nature.com/articles/ejhg2016198,Reconstructing The Population History Of the Gond,Chaubey et al.,book,library,sindhu-sarasvati-and-origins,,
book:bol-https://www.jstor.org/stable/2155742,Prehistoric Skeletal Record of Man in South Asia,Kenneth AR Kennedy,book,library,sindhu-sarasvati-and-origins,,
book:bol-https://doi.org/10.1007/bf02704749,Prehistoric Human Colonisation Of India,VN Misra,book,library,sindhu-sarasvati-and-origins,,
book:bol-https://doi.org/10.1093/gbe/evz039,Origin Of Rice,Civan et al.,book,library,sindhu-sarasvati-and-origins,,
book:bol-https://www.researchgate.net/publication/334302195_on_peopling_of_india_ancient_dna_perspectives_by_k_thangaraj_and_niraj_rai,On Peopling of India Ancient Genetics Perspectives,Thangaraj and Rai,book,library,sindhu-sarasvati-and-origins,,
book:bol-https://www.himalayanlanguages.org/files/driem/pdfs/2008bielmeierfs,Linguistic Population Prehistory Of The Greater Himalaya Region,George van Driem,book,library,sindhu-sarasvati-and-origins,,
book:bol-https://www.academia.edu/5966134/origins_and_history_of_haplogroup_r1a_y_dna_,Haplogroup R1A,Maciamo,book,library,sindhu-sarasvati-and-origins,,
book:bol-https://www.academia.edu/10168403/glimpses_of_the_ethnolinguistic_prehistory_of_northeastern_india,Glimpses Of The Ethnolinguistic Prehistory of Northeastern India,George van Driem,book,library,indology-and-civilizational-critique,,shatrubodha
book:bol-https://www.academia.edu/23185582/genetics_and_the_aryan_issue,Genetics And The Aryan Issue,Michel Danino,book,library,sindhu-sarasvati-and-origins,,
book:bol-https://pragyata.com/genetic-proof-for-the-ait-look-again/,"Genetics And AIT, Look Again",Koenraad Elst,book,library,sindhu-sarasvati-and-origins,,
book:bol-https://www.nature.com/articles/s41598-020-61941-z,Genetic And Linguistic Non Correspondence,Srivastava et al.,book,library,sindhu-sarasvati-and-origins,,
book:bol-https://doi.org/10.1073/pnas.94.15.7719,"Genes, Peoples and Languages",LL Cavalli-Sforza,book,library,sindhu-sarasvati-and-origins,,
book:bol-https://www.academia.edu/39713619/a_preliminary_study_of_the_worked_bone_industry_in_the_middle_and_lower_ganga_valleys_from_the_mesolithic_to_the_early_historic_periods,Worked Bone Industry,Chattopadhyay and Bandopadhyay,book,library,sindhu-sarasvati-and-origins,,
book:bol-https://www.academia.edu/43127134/the_sanauli_chariot_and_its_archaeological_and_historical_context,The Sanauli Chariot And Its Archaeological and Historical Context,Giacomo Benedetti,book,library,sindhu-sarasvati-and-origins,,
book:bol-https://www.academia.edu/1573406/the_harappan_heritage_and_the_aryan_problem,The Harappan Heritage And The Aryan Problem,Michel Danino,book,library,sindhu-sarasvati-and-origins,,
book:bol-https://www.academia.edu/32806838/the_epistemological_event_horizon_in_archaeology,The Epistemological Event Horizon In Archaeology,George van Driem,book,library,darshanas-and-philosophy,,
book:bol-http://www.safarmer.com/indo-eurasian/sibri,Sibri and the South Cemetery of Mehrgarh,Marielle Santoni,book,library,sindhu-sarasvati-and-origins,,
book:bol-https://www.researchgate.net/publication/339739681_sanauli_a_late_harappan_burial_site,Sanauli a Late Harappan Burial Site,Sharma et al.,book,library,sindhu-sarasvati-and-origins,,
book:bol-https://www.scribd.com/document/260613722/origin-of-early-harappan-cultures-in-the-sarasvati-valley-recent-archaeological-evidence-and-radiometric-dates,Origin Of Early Harappan Cultures In The Sarasvati Valley,KN Dikshit,book,library,sindhu-sarasvati-and-origins,,
book:bol-https://www.academia.edu/14422781/indus_valley_microscopy_and_crystallography,Indus Valley Electron Microscopy And Crystallography,Chandra Prakash Trivedi,book,library,sindhu-sarasvati-and-origins,,
book:bol-https://www.academia.edu/33047934/vishnu_in_rigveda,Vishnu In Rigveda,Dmitri Semenov,book,library,sruti-and-veda,,
book:bol-https://www.academia.edu/40693122/semenenko_a_a_on_the_true_meaning_of_ashva_in_rigveda,True Meaning Of Ashva,Aleksandr Semenenko,book,library,sindhu-sarasvati-and-origins,,
book:bol-https://www.academia.edu/27920498/the_indo_european_cloudland,The Indo European Cloudland,Michel Danino,book,library,indology-and-civilizational-critique,,purva-paksha
book:bol-http://koenraadelst.blogspot.com/2014/03/shrikant-talageri-vs-hans-heinrich-hock.html,The Debate Between Talageri and Hoch,Koenraad Elst,book,library,sindhu-sarasvati-and-origins,,
book:bol-https://www.academia.edu/38556391/the_a_of_abc_of_indian_chronology_dimensions_of_the_aryan_problem_revisited_in_2017,The A of ABC of Indian chronology: Dimensions of the Aryan problem revisited in 2017,Sastry and Kalyanasundaram,book,library,sindhu-sarasvati-and-origins,,
book:bol-https://www.academia.edu/37699698/short_notes_on_paninian_sanskrit_versus_expected_mature_harappan_language_2018,Short Notes On Paninian Sanskrit Versus Mature Harappan,Igor A. Tonoyan-Belyayev,book,library,sindhu-sarasvati-and-origins,,
book:bol-https://www.academia.edu/36983855/rigvedic_and_written_mature_harappan_part_2_2018_,Rigvedic And Written Mature Harappan 2,Igor A. Tonoyan-Belyayev,book,library,sindhu-sarasvati-and-origins,,
book:bol-https://www.academia.edu/36977387/rigvedic_and_written_mature_harappan_part_1_2018_,Rigvedic And Written Mature Harappan 1,Igor A. Tonoyan-Belyayev,book,library,sindhu-sarasvati-and-origins,,
book:bol-https://www.academia.edu/37972069/on_the_meaning_of_hymns_to_maruts_in_rigveda,On the Meaning of Hymns to Maruts in the Rigveda,Dmitri Semenov,book,library,sruti-and-veda,sindhu-sarasvati-and-origins,
book:bol-https://doi.org/10.1017/ehs.2020.14,Munda Languages Are Father Tongues But Japanese and Korean Are Not,George van Driem,book,library,sindhu-sarasvati-and-origins,,
book:bol-https://asc.iitgn.ac.in/assets/publications/research_papers/methodological_issues_in_the_indo-european_debate_m_danino_2019,Methodological Issues In The Indo European Debate,Michel Danino,book,library,sindhu-sarasvati-and-origins,language-and-sanskrit,
book:bol-https://www.academia.edu/20041969/the_conflict_between_vedic_aryans_and_iranians,Iranians Vs Vedic Aryans,Koenraad Elst,book,library,sindhu-sarasvati-and-origins,,
book:bol-http://dx.doi.org/10.1163/9789004409354_014,Indo Uralic Indo Anatolian Indo Tocharian,Michael Peyrot,book,library,sindhu-sarasvati-and-origins,,
book:bol-https://www.academia.edu/43475166/semenenko_a_a_images_of_solar_bulls_in_early_harappa_rigveda_and_avesta_as_manifestations_of_one_and_the_same_ancient_aryan_cult,Images Of Solar Bulls,Aleksandr Semenenko,book,library,sindhu-sarasvati-and-origins,,
book:bol-https://doi.org/10.1371/journal.pone.0185684,Harappan Discontinuity 4500 Ybp,Pokharia et al.,book,library,sindhu-sarasvati-and-origins,,
book:bol-https://www.academia.edu/44476370/in_search_of_the_oldest_common_indo_european_urheimat_preliminary_linguistic_evidence_from_dravidian,In Search Of The Oldest Common Indo European Urheimat,Igor A. Tonoyan-Belyayev,book,library,sindhu-sarasvati-and-origins,,
book:bol-https://www.academia.edu/43671591/the_%e1%b9%9agvedic_religious_system_and_its_central_asian_and_hindukush_antecedents,Antecedents Of Rig Vedic Religion,Michael Witzel,book,library,sindhu-sarasvati-and-origins,,
book:bol-https://indiafacts.org/excavations-show-the-cultural-continuity-of-the-vedic-harappans/,Excavating Vedic Harappans,Koenraad Elst,book,library,sindhu-sarasvati-and-origins,,
book:bol-https://www.academia.edu/31296251/coexistence_of_culture_and_civilization_a_study_in_terms_of_indus_valley_civilization_and_chalcolithic_cultures_of_ganga_plain,Coexistence of Culture and Civilization ISC and OCP,Sontakke and Sontakke,book,library,sindhu-sarasvati-and-origins,,
book:bol-https://www.academia.edu/8246055/animal_based_subsistence_in_the_ganga_valley,Animal Subsistence In Ganga Valley,PP Joglekar,book,library,sindhu-sarasvati-and-origins,,
book:bol-https://www.academia.edu/18306905/the_eurasian_spread_zone_and_the_indo_european_dispersal,Eurasian Spreadzone And IE Dispersal,Johanna Nichols,book,library,sindhu-sarasvati-and-origins,,
book:bol-https://www.science.org/doi/10.1126/science.aav1002,Ancient Cattle Genomics,Verdugo et al.,book,library,sindhu-sarasvati-and-origins,,
book:bol-https://www.academia.edu/28869625/the_epicenter_of_the_indo-european_linguistic_spread,Epicenter of the Indo-European Linguistic Spread,Johanna Nichols,book,library,sindhu-sarasvati-and-origins,language-and-sanskrit,
book:bol-https://www.academia.edu/243477/chronology_and_culture_history_in_the_indus_valley,Chronology And Culture History In The Indus Valley,Mark Manuel,book,library,sindhu-sarasvati-and-origins,,
book:bol-https://pragyata.com/ait-and-the-science-of-linguistics/,AIT And Linguistics,Koenraad Elst,book,library,sindhu-sarasvati-and-origins,,
book:bol-https://www.academia.edu/29284028/discovering_the_sarasvati_river_from_1855_to_2014,Discovering The Sarasvati River,Michel Danino,book,library,sindhu-sarasvati-and-origins,,
book:bol-https://www.researchgate.net/publication/46734907_chera_chola_pandya_using_archaeological_evidence_to_identify_the_tamil_kingdoms_of_early_historic_south_india,Chera Chola Pandya Using Archaeological Evidence to Identify the Tamil Kingdoms of Early Historic South India,Shinu Abraham,book,library,sindhu-sarasvati-and-origins,,
book:bol-https://www.academia.edu/38344745/semenenko_aleksandr_andreyevich_the_absence_of_the_sword_from_rigveda_and_atharvaveda_and_the_problem_of_indo_aryans_origin,Absence Of Sword From Rig Veda,Aleksandr Semenenko,book,library,sindhu-sarasvati-and-origins,,
book:bol-https://www.academia.edu/40104001/demilitarizing_the_rigveda_a_scrutiny_of_vedic_horses_chariots_and_warfare,Demilitarizing The Rigveda,Michel Danino,book,library,sindhu-sarasvati-and-origins,,
book:bol-https://doi.org/10.11588/ejvs.2001.3.830,Autochthonous Aryans,Michael Witzel,book,library,sindhu-sarasvati-and-origins,,
book:bol-https://www.academia.edu/43763287/a_timeline_of_ayodhya_nicole_elfi_and_michel_danino,A Timeline Of Ayodhya,Nicole Elfi and Michel Danino,book,library,history-and-civilizational-recovery,sindhu-sarasvati-and-origins,svayambodha
book:bol-https://www.academia.edu/12539595/decipherment_of_indus_valley_seals_indus_valley_human_genetics,Decipherment Of Indus Valley Vedic Seals,Chandra Prakash Trivedi,book,library,sindhu-sarasvati-and-origins,,
book:bol-https://www.academia.edu/31811479/asura_and_its_derivatives_in_rigveda,Asura And Its Derivatives In Rigveda,Dmitri Semenov,book,library,sindhu-sarasvati-and-origins,,
book:bol-https://www.academia.edu/10168597/a_prehistoric_thoroughfare_between_the_ganges_and_the_himalayas,A Prehistoric Thoroughfare Between The Ganges and the Himalaya,George van Driem,book,library,sindhu-sarasvati-and-origins,,
book:bol-https://www.academia.edu/27879822/from_sarasvati_to_ganga,From Sarasvati To Ganga,Michel Danino,book,library,sindhu-sarasvati-and-origins,,
book:bol-https://www.academia.edu/43472674/decipherment_of_indus_valley_script_and_rebuses,Decipherment Of Indus Valley Seals,Srini Kalyanaraman,book,library,sindhu-sarasvati-and-origins,,
book:bol-http://koenraadelst.blogspot.com/2019/05/astronomical-chronology-of-vedic.html,Astronomical Chronology Of Vedic Literature,Koenraad Elst,book,library,sindhu-sarasvati-and-origins,,
book:bol-https://www.academia.edu/37026878/a_note_on_pie_and_nuclear_nostratic_nn_preliminary_report,A Note On PIE And Nuclear Nostratic,Igor A. Tonoyan-Belyayev,book,library,sindhu-sarasvati-and-origins,,
book:bol-https://www.academia.edu/36998766/five_waves_of_indo_european_expansion_a_preliminary_model_2018_,Five Waves Of Indo European Expansion,Igor A. Tonoyan-Belyayev,book,library,sindhu-sarasvati-and-origins,,
book:bol-https://www.researchgate.net/publication/316664725_converging_views_on_asian_prehistory_from_different_windows_on_the_past,Converging Views On Asian Prehistory,George van Driem,book,library,sindhu-sarasvati-and-origins,,
book:bol-https://doi.org/10.1002/9781119055280.ch13,Aryans And The Indus Civilization,Michel Danino,book,library,sindhu-sarasvati-and-origins,,
book:bol-http://nrs.harvard.edu/urn-3:hul.instrepos:9886300,Females In Rig Veda,Michael Witzel,book,library,sruti-and-veda,,
book:bol-https://doi.org/10.11114/ijsss.v6i1.2809,Continuity Of European Languages,Anton Perdih,book,library,sindhu-sarasvati-and-origins,,
book:bol-https://doi.org/10.1371/journal.pone.0192299,Archaeological and Anthropological Studies on the Harappan Cemetery of Rakhigarhi,Shinde et a.,book,library,sindhu-sarasvati-and-origins,,
book:bol-https://www.academia.edu/23253141/a_dravido_harappan_connection_the_issue_of_methodology,A Dravido Harappan Connection The Issue,Michel Danino,book,library,sindhu-sarasvati-and-origins,,
book:bol-https://www.academia.edu/43690308/on_indian_historical_writing_the_case_of_the_va%e1%b9%83%c5%9b%c4%81val%c4%abs,Indian Historical Writing,Michael Witzel,book,library,history-and-civilizational-recovery,civilizational-consciousness,svayambodha
book:bol-https://www.academia.edu/39599444/fabricating_evidence_in_support_of_the_aryan_invasion_migration_theory,Fabricating Evidence In Support Of The AIT,Michel Danino,book,library,sindhu-sarasvati-and-origins,history-and-civilizational-recovery,
book:bol-https://doi.org/10.1007/s12038-012-9256-9,Complex Genetic Origin of Indian Populations and Its Implications,Tamang et al.,book,library,sindhu-sarasvati-and-origins,,
book:bol-https://doi.org/10.1016/j.quaint.2016.09.018,Archaeobotany Of Ganga Plain 2500 BC,Pokharia et al.,book,library,sindhu-sarasvati-and-origins,,
book:bol-https://a-genetics.blogspot.com/2021/11/narasimhan-criticism-1.html,Scratching my head! — Criticism of Narsimhan VM et al 2019,Ashish Kulkarni,book,library,sindhu-sarasvati-and-origins,,
book:bol-https://www.academia.edu/7683313/the_chronology_of_puranic_kings_and_rigvedic_rishis_in_comparison_with_the_phases_of_the_sindhu_sarasvati_civilization,Chronology Of Kings Puranic Kings and Rigvedic Rshis,Giacomo Benedetti,book,library,sindhu-sarasvati-and-origins,,
book:bol-https://talageri.blogspot.com/2020/04/aryas-dasas-and-dasyus-in-rigveda.html,"Aryas, Dasas and Dasyus",Shrikant Talageri,book,library,sindhu-sarasvati-and-origins,,
book:bol-https://talageri.blogspot.com/2017/07/the-aryan-story-vs-true-aryan-history.html,Aryan Story vs True Aryan History,Shrikant Talageri,book,library,sindhu-sarasvati-and-origins,,
book:bol-https://talageri.blogspot.com/2020/05/the-varsagira-battle-in-rigveda.html,Varsagira Battle,Shrikant Talageri,book,library,sindhu-sarasvati-and-origins,,
book:bol-https://talageri.blogspot.com/2019/09/rakhigarhi-and-after.html,Rakhigarhi and After,Shrikant Talageri,book,library,sindhu-sarasvati-and-origins,,
book:bol-https://talageri.blogspot.com/2020/07/the-full-out-of-india-case-in-short.html,Out of India Case in Full,Shrikant Talageri,book,library,sindhu-sarasvati-and-origins,,
book:bol-https://doi.org/10.1017/9781108758666,The Indo European Language Family,Thomas Olander,book,library,sindhu-sarasvati-and-origins,language-and-sanskrit,
b1000:1,The Rig Veda,Ralph T. H. Griffith,book,bharata1000,sruti-and-veda,,
b1000:3,The Rigveda: The Earliest Religious Poetry of India,Stephanie Jamison & Joel Brereton,book,bharata1000,sruti-and-veda,,
b1000:4,Hymns of the Rigveda,H. H. Wilson,book,bharata1000,sruti-and-veda,,
b1000:5,The Rig Veda Samhita,"Sri Aurobindo (selections, with commentary)",book,bharata1000,sruti-and-veda,,
b1000:7,Hymns to the Mystic Fire,Sri Aurobindo,book,bharata1000,sruti-and-veda,,
b1000:8,The Sama Veda,Ralph T. H. Griffith,book,bharata1000,sruti-and-veda,,
b1000:9,Hymns of the Samaveda,Devi Chand,book,bharata1000,sruti-and-veda,,
b1000:10,The Yajur Veda (White),Ralph T. H. Griffith,book,bharata1000,sruti-and-veda,,
b1000:11,The Shatapatha Brahmana,Julius Eggeling (5 vols),book,bharata1000,sruti-and-veda,,
b1000:12,The Krishna Yajurveda,Arthur Berriedale Keith (Taittiriya Samhita),book,bharata1000,sruti-and-veda,,
b1000:13,The Atharva Veda,Maurice Bloomfield,book,bharata1000,sruti-and-veda,,
b1000:14,Hymns of the Atharvaveda,Ralph T. H. Griffith,book,bharata1000,sruti-and-veda,,
b1000:15,Atharvaveda,William Dwight Whitney,book,bharata1000,sruti-and-veda,,
b1000:16,Vedic Hymns,Max Müller,book,bharata1000,sruti-and-veda,,
b1000:17,The Hymns of the Rgveda in the Eighth Mandala,H. D. Velankar,book,bharata1000,sruti-and-veda,,
b1000:18,Vedic Mythology,Arthur Anthony Macdonell,book,bharata1000,sruti-and-veda,,
b1000:19,Vedic Index of Names and Subjects,A. A. Macdonell & A. B. Keith,book,bharata1000,sruti-and-veda,,
b1000:20,The Religion and Philosophy of the Veda and Upanishads,A. B. Keith,book,bharata1000,sruti-and-veda,,
b1000:21,The Aitareya Brahmana,Martin Haug,book,bharata1000,sruti-and-veda,,
b1000:22,The Kaushitaki Brahmana,E. R. Sreekrishna Sarma,book,bharata1000,sruti-and-veda,,
b1000:23,The Tandya Mahabrahmana,W. Caland,book,bharata1000,sruti-and-veda,,
b1000:24,The Jaiminiya Brahmana,H. W. Bodewitz (selections),book,bharata1000,sruti-and-veda,,
b1000:25,The Aitareya Aranyaka,Arthur Berriedale Keith,book,bharata1000,sruti-and-veda,,
b1000:26,The Taittiriya Aranyaka,A. Mahadeva Sastri,book,bharata1000,sruti-and-veda,,
b1000:27,Brahmanas and Aranyakas,Sukumari Bhattacharji,book,bharata1000,sruti-and-veda,,
b1000:28,The Principal Upanishads,S. Radhakrishnan,book,bharata1000,sruti-and-veda,,
b1000:29,The Thirteen Principal Upanishads,Robert Ernest Hume,book,bharata1000,sruti-and-veda,,
b1000:30,The Upanishads,Eknath Easwaran,book,bharata1000,sruti-and-veda,,
b1000:31,The Upanishads,Swami Nikhilananda (4 vols),book,bharata1000,sruti-and-veda,,
b1000:32,The Early Upanishads,Patrick Olivelle,book,bharata1000,sruti-and-veda,,
b1000:33,Eight Upanishads with the Commentary of Sankaracharya,Swami Gambhirananda,book,bharata1000,sruti-and-veda,,
b1000:34,The Brihadaranyaka Upanishad with Shankara's Commentary,Swami Madhavananda,book,bharata1000,sruti-and-veda,,
b1000:35,The Chandogya Upanishad with Shankara's Commentary,Swami Gambhirananda,book,bharata1000,sruti-and-veda,,
b1000:36,The Isa Upanishad,Sri Aurobindo,book,bharata1000,sruti-and-veda,,
b1000:37,The Kena Upanishad,Sri Aurobindo,book,bharata1000,sruti-and-veda,,
b1000:38,The Katha Upanishad,Swami Sarvananda,book,bharata1000,sruti-and-veda,,
b1000:39,The Mandukya Upanishad with Gaudapada's Karika,Swami Nikhilananda,book,bharata1000,sruti-and-veda,,
b1000:40,The Mundaka Upanishad,Swami Sarvananda,book,bharata1000,sruti-and-veda,,
b1000:41,The Prashna Upanishad,Swami Sharvananda,book,bharata1000,sruti-and-veda,,
b1000:42,The Taittiriya Upanishad,Swami Sharvananda,book,bharata1000,sruti-and-veda,,
b1000:43,The Aitareya Upanishad,Swami Sharvananda,book,bharata1000,sruti-and-veda,,
b1000:44,The Shvetashvatara Upanishad,Swami Tyagisananda,book,bharata1000,sruti-and-veda,,
b1000:45,Thirty Minor Upanishads,K. Narayanasvami Aiyar,book,bharata1000,sruti-and-veda,,
b1000:46,The Yoga Upanishads,T. R. Srinivasa Ayyangar,book,bharata1000,sruti-and-veda,,
b1000:47,The Saiva Upanishads,T. R. Srinivasa Ayyangar,book,bharata1000,sruti-and-veda,,
b1000:48,The Vaishnava Upanishads,A. G. Krishna Warrier,book,bharata1000,sruti-and-veda,,
b1000:49,The Sakta Upanishads,A. G. Krishna Warrier,book,bharata1000,sruti-and-veda,,
b1000:50,The Sannyasa Upanishads,Patrick Olivelle,book,bharata1000,sruti-and-veda,,
b1000:51,The Mahabharata,"Bibek Debroy (10 vols, unabridged)",book,bharata1000,puranas-and-itihasa,,
b1000:52,The Mahabharata,"J. A. B. van Buitenen (3 vols, partial)",book,bharata1000,puranas-and-itihasa,,
b1000:53,The Mahabharata,Kisari Mohan Ganguli (12 vols),book,bharata1000,puranas-and-itihasa,,
b1000:54,The Mahabharata,C. Rajagopalachari (abridged),book,bharata1000,puranas-and-itihasa,,
b1000:55,The Mahabharata,Ramesh Menon (modern retelling),book,bharata1000,puranas-and-itihasa,,
b1000:56,The Mahabharata,P. Lal (transcreation),book,bharata1000,puranas-and-itihasa,,
b1000:57,Mahabharata Unravelled,Ami Ganatra,book,bharata1000,puranas-and-itihasa,,
b1000:58,The Difficulty of Being Good,Gurcharan Das,book,bharata1000,puranas-and-itihasa,,
b1000:59,Yuganta: The End of an Epoch,Iravati Karve,book,bharata1000,puranas-and-itihasa,,
b1000:60,On the Meaning of the Mahabharata,V. S. Sukthankar,book,bharata1000,puranas-and-itihasa,,
b1000:61,The Mahabharata: An Inquiry in the Human Condition,Chaturvedi Badrinath,book,bharata1000,puranas-and-itihasa,,
b1000:62,Reading the Fifth Veda,Alf Hiltebeitel,book,bharata1000,puranas-and-itihasa,,
b1000:63,The Ritual of Battle: Krishna in the Mahabharata,Alf Hiltebeitel,book,bharata1000,puranas-and-itihasa,,
b1000:64,Rethinking the Mahabharata,Alf Hiltebeitel,book,bharata1000,puranas-and-itihasa,,
b1000:65,The Cult of Draupadi,Alf Hiltebeitel (2 vols),book,bharata1000,puranas-and-itihasa,,
b1000:66,The Mahabharata: A Modern Rendering,Ramesh Menon,book,bharata1000,puranas-and-itihasa,,
b1000:67,Mahabharata Now,Arindam Chakrabarti & Sibaji Bandyopadhyay,book,bharata1000,puranas-and-itihasa,,
b1000:68,The Mahabharata: A Literary Study,Krishna Chaitanya,book,bharata1000,puranas-and-itihasa,,
b1000:69,The Mahabharata Patriline,Simon Brodbeck,book,bharata1000,puranas-and-itihasa,,
b1000:70,Krishna's Mahabharatas,Buddhadeva Bose,book,bharata1000,puranas-and-itihasa,,
b1000:71,Bhagavad Gita As It Is,A. C. Bhaktivedanta Swami Prabhupada,book,bharata1000,puranas-and-itihasa,,
b1000:72,The Bhagavad Gita,Eknath Easwaran,book,bharata1000,puranas-and-itihasa,,
b1000:73,The Bhagavad Gita According to Gandhi,M. K. Gandhi,book,bharata1000,puranas-and-itihasa,,
b1000:74,Essays on the Gita,Sri Aurobindo,book,bharata1000,puranas-and-itihasa,,
b1000:75,Bhagavad Gita with the Commentary of Sankaracharya,Swami Gambhirananda,book,bharata1000,puranas-and-itihasa,,
b1000:76,Srimad Bhagavad Gita Bhasya of Sri Sankaracharya,A. G. Krishna Warrier,book,bharata1000,puranas-and-itihasa,,
b1000:77,Bhagavad Gita with the Commentary of Ramanuja,Swami Adidevananda,book,bharata1000,puranas-and-itihasa,,
b1000:78,The Bhagavad Gita,S. Radhakrishnan,book,bharata1000,puranas-and-itihasa,,
b1000:79,The Bhagavad Gita,Winthrop Sargeant,book,bharata1000,puranas-and-itihasa,,
b1000:80,The Bhagavad Gita,Graham Schweig,book,bharata1000,puranas-and-itihasa,,
b1000:81,The Bhagavad Gita,Laurie L. Patton,book,bharata1000,puranas-and-itihasa,,
b1000:82,Jnaneshwari,Sant Jnaneshwar (V. G. Pradhan trans.),book,bharata1000,puranas-and-itihasa,,
b1000:83,Gita Rahasya,Bal Gangadhar Tilak,book,bharata1000,puranas-and-itihasa,,
b1000:84,The Holy Geeta,Swami Chinmayananda,book,bharata1000,puranas-and-itihasa,,
b1000:85,The Bhagavad Gita: A New Translation,Stephen Mitchell,book,bharata1000,puranas-and-itihasa,,
b1000:86,Talks on the Gita,Vinoba Bhave,book,bharata1000,puranas-and-itihasa,,
b1000:87,Discourses on the Gita,Sri Ramana Maharshi,book,bharata1000,puranas-and-itihasa,,
b1000:88,The Mahabharata's Bhagavad Gita,Rita Sherma & Arvind Sharma (eds.),book,bharata1000,puranas-and-itihasa,,
b1000:89,The Valmiki Ramayana,Bibek Debroy (3 vols),book,bharata1000,puranas-and-itihasa,,
b1000:90,The Ramayana of Valmiki,"Robert P. Goldman et al. (Princeton, 7 vols)",book,bharata1000,puranas-and-itihasa,,
b1000:91,The Ramayana,C. Rajagopalachari,book,bharata1000,puranas-and-itihasa,,
b1000:92,The Ramayana,Ramesh Menon,book,bharata1000,puranas-and-itihasa,,
b1000:93,The Ramayana,R. K. Narayan,book,bharata1000,puranas-and-itihasa,,
b1000:94,Ramayana Unravelled,Ami Ganatra,book,bharata1000,puranas-and-itihasa,,
b1000:95,The Adhyatma Ramayana,Swami Tapasyananda,book,bharata1000,puranas-and-itihasa,,
b1000:96,Ramcharitmanas of Tulsidas,F. S. Growse,book,bharata1000,puranas-and-itihasa,,
b1000:97,Ramcharitmanas,R. C. Prasad,book,bharata1000,puranas-and-itihasa,,
b1000:98,Kamba Ramayanam,P. S. Sundaram,book,bharata1000,puranas-and-itihasa,,
b1000:99,Iramavataram,A. K. Ramanujan (selections),book,bharata1000,puranas-and-itihasa,,
b1000:100,Yoga Vasistha,Swami Venkatesananda,book,bharata1000,puranas-and-itihasa,,
b1000:101,The Concise Yoga Vasistha,Swami Venkatesananda,book,bharata1000,puranas-and-itihasa,,
b1000:102,Many Ramayanas,Paula Richman (ed.),book,bharata1000,puranas-and-itihasa,,
b1000:103,Questioning Ramayanas,Paula Richman (ed.),book,bharata1000,puranas-and-itihasa,,
b1000:104,The Ramayana Revisited,Mandakranta Bose (ed.),book,bharata1000,puranas-and-itihasa,,
b1000:105,The Ramayana in Indian Thought and Literature,V. Raghavan,book,bharata1000,puranas-and-itihasa,,
b1000:106,The Ramayana Tradition in Asia,V. Raghavan (ed.),book,bharata1000,puranas-and-itihasa,,
b1000:107,The Mystery of Sita,Sampadananda Mishra,book,bharata1000,puranas-and-itihasa,,
b1000:108,Sita's Sister,Kavita Kane,book,bharata1000,puranas-and-itihasa,,
b1000:109,Asura: Tale of the Vanquished,Anand Neelakantan,book,bharata1000,puranas-and-itihasa,,
b1000:110,Ramayana: The Game of Life,Shubha Vilas,book,bharata1000,puranas-and-itihasa,,
b1000:111,The Bhagavata Purana,Edwin Bryant (selections),book,bharata1000,puranas-and-itihasa,,
b1000:112,Srimad Bhagavatam,A. C. Bhaktivedanta Swami Prabhupada,book,bharata1000,puranas-and-itihasa,,
b1000:113,Srimad Bhagavata Mahapurana,C. L. Goswami (2 vols),book,bharata1000,puranas-and-itihasa,,
b1000:114,The Bhagavata Purana,Ramesh Menon,book,bharata1000,puranas-and-itihasa,,
b1000:115,Krishna: The Beautiful Legend of God (Bhagavata Book X),Edwin Bryant,book,bharata1000,puranas-and-itihasa,,
b1000:116,The Vishnu Purana,H. H. Wilson,book,bharata1000,puranas-and-itihasa,,
b1000:117,The Shiva Purana,"J. L. Shastri (Motilal, 4 vols)",book,bharata1000,puranas-and-itihasa,,
b1000:118,The Linga Purana,J. L. Shastri (2 vols),book,bharata1000,puranas-and-itihasa,,
b1000:119,The Skanda Purana,G. V. Tagare (multi-vol),book,bharata1000,puranas-and-itihasa,,
b1000:120,The Markandeya Purana,F. Eden Pargiter,book,bharata1000,puranas-and-itihasa,,
b1000:121,The Devi Bhagavata Purana,Swami Vijnanananda,book,bharata1000,puranas-and-itihasa,,
b1000:122,The Devi Mahatmya,Swami Jagadiswarananda,book,bharata1000,puranas-and-itihasa,,
b1000:123,Encountering the Goddess: A Translation of the Devi-Mahatmya,Thomas Coburn,book,bharata1000,puranas-and-itihasa,,
b1000:124,The Garuda Purana,Ernest Wood & S. V. Subrahmanyam,book,bharata1000,puranas-and-itihasa,,
b1000:125,The Agni Purana,N. Gangadharan,book,bharata1000,puranas-and-itihasa,,
b1000:126,The Vamana Purana,Anand Swarup Gupta,book,bharata1000,puranas-and-itihasa,,
b1000:127,The Brahma Purana,G. P. Bhatt (Motilal),book,bharata1000,puranas-and-itihasa,,
b1000:128,The Brahmavaivarta Purana,Rajendra Nath Sen,book,bharata1000,puranas-and-itihasa,,
b1000:129,The Brahmanda Purana,G. V. Tagare,book,bharata1000,puranas-and-itihasa,,
b1000:130,The Padma Purana,N. A. Deshpande,book,bharata1000,puranas-and-itihasa,,
b1000:131,The Matsya Purana,A Taluqdar of Oudh,book,bharata1000,puranas-and-itihasa,,
b1000:132,The Kurma Purana,G. V. Tagare,book,bharata1000,puranas-and-itihasa,,
b1000:133,The Varaha Purana,Venkitasubramonia Iyer,book,bharata1000,puranas-and-itihasa,,
b1000:134,The Narada Purana,G. V. Tagare,book,bharata1000,puranas-and-itihasa,,
b1000:135,The Bhavishya Purana,Motilal Banarsidass edition,book,bharata1000,puranas-and-itihasa,,
b1000:136,Kalki Purana,B. K. Chaturvedi,book,bharata1000,puranas-and-itihasa,,
b1000:137,The Ancient Indian Cosmogony,Sukumari Bhattacharji,book,bharata1000,puranas-and-itihasa,,
b1000:138,Puranic Encyclopaedia,Vettam Mani,book,bharata1000,puranas-and-itihasa,,
b1000:139,Studies in the Puranic Records on Hindu Rites and Customs,R. C. Hazra,book,bharata1000,puranas-and-itihasa,,
b1000:140,Studies in the Upapuranas,R. C. Hazra (2 vols),book,bharata1000,puranas-and-itihasa,,
b1000:141,The Puranas: A Study in Indian Religious Tradition,V. R. Ramachandra Dikshitar,book,bharata1000,puranas-and-itihasa,,
b1000:142,Classical Hindu Mythology,Cornelia Dimmitt & J. A. B. van Buitenen,book,bharata1000,puranas-and-itihasa,,
b1000:144,Hindu World,Benjamin Walker (2 vols),book,bharata1000,puranas-and-itihasa,,
b1000:145,The Indian Theogony,Sukumari Bhattacharji,book,bharata1000,puranas-and-itihasa,,
b1000:146,The Nyaya Sutras of Gautama,Mahamahopadhyaya Satisa Chandra Vidyabhusana,book,bharata1000,darshanas-and-philosophy,,
b1000:147,Nyaya-Bhashya of Vatsyayana,Ganganatha Jha,book,bharata1000,darshanas-and-philosophy,,
b1000:148,A History of Indian Logic,S. C. Vidyabhusana,book,bharata1000,darshanas-and-philosophy,,
b1000:149,Indian Logic and Atomism,Arthur Berriedale Keith,book,bharata1000,darshanas-and-philosophy,,
b1000:151,Perception: An Essay on Classical Indian Theories of Knowledge,Bimal Krishna Matilal,book,bharata1000,darshanas-and-philosophy,,
b1000:152,The Character of Logic in India,Bimal Krishna Matilal,book,bharata1000,darshanas-and-philosophy,,
b1000:153,"Epistemology, Logic, and Grammar in Indian Philosophical Analysis",Bimal Krishna Matilal,book,bharata1000,darshanas-and-philosophy,,
b1000:154,Gangesha's Theory of Indeterminate Perception,Stephen Phillips,book,bharata1000,darshanas-and-philosophy,,
b1000:155,Classical Indian Metaphysics,Stephen Phillips,book,bharata1000,darshanas-and-philosophy,,
b1000:156,Epistemology of Perception,J. N. Mohanty,book,bharata1000,darshanas-and-philosophy,,
b1000:157,Indian Philosophy: A Counter-Perspective,Daya Krishna,book,bharata1000,darshanas-and-philosophy,,
b1000:158,The Vaisheshika Sutras of Kanada,Nandalal Sinha,book,bharata1000,darshanas-and-philosophy,,
b1000:159,Padarthadharmasangraha of Prashastapada,Ganganatha Jha,book,bharata1000,darshanas-and-philosophy,,
b1000:160,Indian Atomism,Anantalal Thakur,book,bharata1000,darshanas-and-philosophy,,
b1000:161,Theories of the Self,Joel Whitney,book,bharata1000,darshanas-and-philosophy,,
b1000:162,The Samkhya Karika of Ishvarakrishna,Gerald Larson,book,bharata1000,darshanas-and-philosophy,,
b1000:163,Classical Samkhya,Gerald Larson,book,bharata1000,darshanas-and-philosophy,,
b1000:164,The Samkhya System,A. B. Keith,book,bharata1000,darshanas-and-philosophy,,
b1000:165,Samkhya: A Dualist Tradition in Indian Philosophy,Gerald Larson & Ram Shankar Bhattacharya,book,bharata1000,darshanas-and-philosophy,,
b1000:166,Yuktidipika,Albrecht Wezler & Shujun Motegi (eds.),book,bharata1000,darshanas-and-philosophy,,
b1000:167,Tattva-Samasa,V. P. Varma,book,bharata1000,darshanas-and-philosophy,,
b1000:168,The Samkhya Philosophy,Nandalal Sinha,book,bharata1000,darshanas-and-philosophy,,
b1000:169,The Yoga Sutras of Patanjali,Edwin Bryant,book,bharata1000,darshanas-and-philosophy,,
b1000:170,Yoga Sutras of Patanjali,Swami Satchidananda,book,bharata1000,darshanas-and-philosophy,,
b1000:171,The Yoga Sutras of Patanjali,Swami Vivekananda,book,bharata1000,darshanas-and-philosophy,,
b1000:172,Light on the Yoga Sutras of Patanjali,B. K. S. Iyengar,book,bharata1000,darshanas-and-philosophy,,
b1000:173,Patanjali's Yoga Sutras with the Commentary of Vyasa,Bangali Baba,book,bharata1000,darshanas-and-philosophy,,
b1000:174,The Yoga System of Patanjali,James Haughton Woods,book,bharata1000,darshanas-and-philosophy,,
b1000:175,Yoga: Immortality and Freedom,Mircea Eliade,book,bharata1000,darshanas-and-philosophy,,
b1000:176,The Yoga Tradition,Georg Feuerstein,book,bharata1000,darshanas-and-philosophy,,
b1000:177,The Alchemical Body,David Gordon White,book,bharata1000,darshanas-and-philosophy,,
b1000:178,Sinister Yogis,David Gordon White,book,bharata1000,darshanas-and-philosophy,,
b1000:179,The Yoga Sutra of Patanjali: A Biography,David Gordon White,book,bharata1000,darshanas-and-philosophy,,
b1000:180,Roots of Yoga,James Mallinson & Mark Singleton,book,bharata1000,darshanas-and-philosophy,,
b1000:181,The Hatha Yoga Pradipika,Swami Muktibodhananda,book,bharata1000,darshanas-and-philosophy,,
b1000:182,The Gheranda Samhita,Swami Niranjanananda Saraswati,book,bharata1000,darshanas-and-philosophy,,
b1000:183,The Shiva Samhita,James Mallinson,book,bharata1000,darshanas-and-philosophy,,
b1000:184,Yoga in Practice,David Gordon White (ed.),book,bharata1000,darshanas-and-philosophy,,
b1000:185,Light on Yoga,B. K. S. Iyengar,book,bharata1000,darshanas-and-philosophy,,
b1000:186,Light on Pranayama,B. K. S. Iyengar,book,bharata1000,darshanas-and-philosophy,,
b1000:187,The Heart of Yoga,T. K. V. Desikachar,book,bharata1000,darshanas-and-philosophy,,
b1000:188,Asana Pranayama Mudra Bandha,Swami Satyananda Saraswati,book,bharata1000,darshanas-and-philosophy,,
b1000:189,Four Chapters on Freedom,Swami Satyananda Saraswati,book,bharata1000,darshanas-and-philosophy,,
b1000:190,The Tree of Yoga,B. K. S. Iyengar,book,bharata1000,darshanas-and-philosophy,,
b1000:192,Sabara-Bhashya,Ganganatha Jha (3 vols),book,bharata1000,darshanas-and-philosophy,,
b1000:193,The Prabhakara School of Purva Mimamsa,Ganganatha Jha,book,bharata1000,darshanas-and-philosophy,,
b1000:194,Purva-Mimamsa in its Sources,Ganganatha Jha,book,bharata1000,darshanas-and-philosophy,,
b1000:195,The Slokavarttika of Kumarila Bhatta,Ganganatha Jha,book,bharata1000,darshanas-and-philosophy,,
b1000:196,Manameyodaya,C. Kunhan Raja & S. S. Suryanarayana Sastri,book,bharata1000,darshanas-and-philosophy,,
b1000:197,The Mimamsa Theory of Self-Recognition,D. M. Datta,book,bharata1000,darshanas-and-philosophy,,
b1000:198,Materials for the Study of the Apastamba Sutras,Daniel H. H. Ingalls (background),book,bharata1000,darshanas-and-philosophy,,
b1000:199,The Brahma Sutras,Swami Sivananda,book,bharata1000,darshanas-and-philosophy,,
b1000:200,Brahma Sutra Bhashya of Shankara,Swami Gambhirananda,book,bharata1000,darshanas-and-philosophy,,
b1000:201,The Vedanta Sutras with the Commentary of Sankaracharya,George Thibaut (3 vols),book,bharata1000,darshanas-and-philosophy,,
b1000:202,The Vedanta Sutras with the Commentary of Ramanuja,George Thibaut,book,bharata1000,darshanas-and-philosophy,,
b1000:203,The Brahma Sutras of Madhva,S. Subba Rau,book,bharata1000,darshanas-and-philosophy,,
b1000:204,Vedanta Paribhasha of Dharmaraja Adhvarindra,Swami Madhavananda,book,bharata1000,darshanas-and-philosophy,,
b1000:205,The Vivekachudamani of Shankaracharya,Swami Madhavananda,book,bharata1000,darshanas-and-philosophy,,
b1000:206,Atma Bodha,Swami Nikhilananda,book,bharata1000,darshanas-and-philosophy,,
b1000:207,Tattva Bodha,Swami Tattvavidananda Saraswati,book,bharata1000,darshanas-and-philosophy,,
b1000:208,Drig Drishya Viveka,Swami Nikhilananda,book,bharata1000,darshanas-and-philosophy,,
b1000:209,Aparokshanubhuti,Swami Vimuktananda,book,bharata1000,darshanas-and-philosophy,,
b1000:210,Upadesha Sahasri,Swami Jagadananda,book,bharata1000,darshanas-and-philosophy,,
b1000:211,The Method of the Vedanta,Swami Satchidanandendra,book,bharata1000,darshanas-and-philosophy,,
b1000:212,Brahma-Sutras: A Critical Exposition,V. H. Date,book,bharata1000,darshanas-and-philosophy,,
b1000:213,The Philosophy of Advaita,T. M. P. Mahadevan,book,bharata1000,darshanas-and-philosophy,,
b1000:214,Outlines of Indian Philosophy,M. Hiriyanna,book,bharata1000,darshanas-and-philosophy,,
b1000:215,The Essentials of Indian Philosophy,M. Hiriyanna,book,bharata1000,darshanas-and-philosophy,,
b1000:216,Studies in Vedanta,M. Hiriyanna,book,bharata1000,darshanas-and-philosophy,,
b1000:217,Methods of Knowledge According to Advaita Vedanta,Swami Satprakashananda,book,bharata1000,darshanas-and-philosophy,,
b1000:218,Sankara and Indian Philosophy,Natalia Isayeva,book,bharata1000,darshanas-and-philosophy,,
b1000:219,Sankara's Crest-Jewel of Discrimination,Swami Prabhavananda & Christopher Isherwood,book,bharata1000,darshanas-and-philosophy,,
b1000:220,The Naiskarmya Siddhi of Suresvara,A. J. Alston,book,bharata1000,darshanas-and-philosophy,,
b1000:221,The Heart of Sri Sankara,A. J. Alston,book,bharata1000,darshanas-and-philosophy,,
b1000:222,Samkara on the Absolute,A. J. Alston (6-vol Sankara source-book),book,bharata1000,darshanas-and-philosophy,,
b1000:223,Mandukya Upanishad with Gaudapada's Karika and Sankara's Commentary,Swami Nikhilananda,book,bharata1000,darshanas-and-philosophy,,
b1000:224,Gaudapada,T. M. P. Mahadevan,book,bharata1000,darshanas-and-philosophy,,
b1000:225,The Philosophy of the Mandukya Karika,V. R. R. Dikshitar,book,bharata1000,darshanas-and-philosophy,,
b1000:226,Panchadashi,Swami Swahananda,book,bharata1000,darshanas-and-philosophy,,
b1000:227,Yoga Vasistha Maharamayana,Vihari Lal Mitra,book,bharata1000,darshanas-and-philosophy,,
b1000:228,The Crest-Jewel of Wisdom,Charles Johnston,book,bharata1000,darshanas-and-philosophy,,
b1000:229,Sri Sankara's Teachings in His Own Words,Swami Atmananda,book,bharata1000,darshanas-and-philosophy,,
b1000:230,The Path to the Goal,Swami Bhajanananda,book,bharata1000,darshanas-and-philosophy,,
b1000:231,Sri Bhasya of Ramanuja,M. Rangacharya & M. B. Varadaraja Aiyangar,book,bharata1000,darshanas-and-philosophy,,
b1000:232,Vedartha Sangraha of Sri Ramanuja,S. S. Raghavachar,book,bharata1000,darshanas-and-philosophy,,
b1000:233,Gita Bhashya of Ramanuja,Swami Adidevananda,book,bharata1000,darshanas-and-philosophy,,
b1000:234,Vedanta Deshika's Yatindra-Mata-Dipika,Swami Adidevananda,book,bharata1000,darshanas-and-philosophy,,
b1000:235,The Philosophy of Visistadvaita,P. N. Srinivasachari,book,bharata1000,darshanas-and-philosophy,,
b1000:236,Ramanuja and the Sri Vaishnava Tradition,John Carman,book,bharata1000,darshanas-and-philosophy,,
b1000:237,"Ramanuja: His Life, Religion and Philosophy",Swami Tapasyananda,book,bharata1000,darshanas-and-philosophy,,
b1000:238,The Theology of Ramanuja,John Braisted Carman,book,bharata1000,darshanas-and-philosophy,,
b1000:239,Ramanuja on the Yoga,Robert Lester,book,bharata1000,darshanas-and-philosophy,,
b1000:240,The Embodiment of Bhakti,Vasudha Narayanan,book,bharata1000,darshanas-and-philosophy,,
b1000:241,The Way and the Goal,Vasudha Narayanan,book,bharata1000,darshanas-and-philosophy,,
b1000:242,The Brahma Sutras with Madhva's Commentary,S. Subba Rau,book,bharata1000,darshanas-and-philosophy,,
b1000:243,Madhva's Teachings in His Own Words,Bannanje Govindacharya,book,bharata1000,darshanas-and-philosophy,,
b1000:244,The Philosophy of Sri Madhvacharya,B. N. K. Sharma,book,bharata1000,darshanas-and-philosophy,,
b1000:245,A History of the Dvaita School of Vedanta,B. N. K. Sharma,book,bharata1000,darshanas-and-philosophy,,
b1000:246,Madhva's Anuvyakhyana,B. N. K. Sharma,book,bharata1000,darshanas-and-philosophy,,
b1000:247,Tattvodyota of Madhva,B. N. K. Sharma,book,bharata1000,darshanas-and-philosophy,,
b1000:248,Dvaita Vedanta,Deepak Sarma,book,bharata1000,darshanas-and-philosophy,,
b1000:249,An Introduction to Madhva Vedanta,Deepak Sarma,book,bharata1000,darshanas-and-philosophy,,
b1000:250,The Bhagavata-Sandarbhas of Jiva Gosvami,Satyanarayana Dasa,book,bharata1000,darshanas-and-philosophy,,
b1000:251,The Six Goswamis of Vrindavana,Satyaraja Dasa (Steven Rosen),book,bharata1000,darshanas-and-philosophy,,
b1000:252,Sri Caitanya-Caritamrta,Krishnadasa Kaviraja (Bhaktivedanta Swami trans.),book,bharata1000,darshanas-and-philosophy,,
b1000:253,Bhagavata-Tattva-Viveka,Visvanatha Cakravarti,book,bharata1000,darshanas-and-philosophy,,
b1000:254,The Bhakti Sutras of Narada,Swami Tyagisananda,book,bharata1000,darshanas-and-philosophy,,
b1000:255,The Bhakti Sutras of Shandilya,E. B. Cowell,book,bharata1000,darshanas-and-philosophy,,
b1000:256,Vallabha's Anubhashya,Mridula I. Marfatia,book,bharata1000,darshanas-and-philosophy,,
b1000:257,Suddhadvaita,Mridula I. Marfatia,book,bharata1000,darshanas-and-philosophy,,
b1000:258,Nimbarka and His Philosophy,Roma Bose,book,bharata1000,darshanas-and-philosophy,,
b1000:259,Vedanta of Nimbarka,Manik Lal Sandal,book,bharata1000,darshanas-and-philosophy,,
b1000:260,Achintya Bhedabheda,O. B. L. Kapoor,book,bharata1000,darshanas-and-philosophy,,
b1000:261,The Dhammapada,Eknath Easwaran,book,bharata1000,darshanas-and-philosophy,,
b1000:262,In the Buddha's Words,Bhikkhu Bodhi,book,bharata1000,darshanas-and-philosophy,,
b1000:263,The Long Discourses of the Buddha,Maurice Walshe,book,bharata1000,darshanas-and-philosophy,,
b1000:264,The Middle Length Discourses of the Buddha,Bhikkhu Bodhi & Bhikkhu Nanamoli,book,bharata1000,darshanas-and-philosophy,,
b1000:265,The Connected Discourses of the Buddha,Bhikkhu Bodhi,book,bharata1000,darshanas-and-philosophy,,
b1000:266,Buddhist Texts Through the Ages,Edward Conze,book,bharata1000,darshanas-and-philosophy,,
b1000:267,The Word of the Buddha,Nyanatiloka,book,bharata1000,darshanas-and-philosophy,,
b1000:268,Mulamadhyamakakarika of Nagarjuna,Jay Garfield (The Fundamental Wisdom of the Middle Way),book,bharata1000,darshanas-and-philosophy,,
b1000:269,The Philosophy of the Middle Way,David Kalupahana,book,bharata1000,darshanas-and-philosophy,,
b1000:270,Nagarjuna: The Philosophy of the Middle Way,David Kalupahana,book,bharata1000,darshanas-and-philosophy,,
b1000:271,Empty Words: Buddhist Philosophy and Cross-Cultural Interpretation,Jay Garfield,book,bharata1000,darshanas-and-philosophy,,
b1000:272,Vasubandhu's Vijnaptimatratasiddhi,Stefan Anacker,book,bharata1000,darshanas-and-philosophy,,
b1000:273,Yogacara Buddhism,Dan Lusthaus,book,bharata1000,darshanas-and-philosophy,,
b1000:274,Buddhist Logic,F. Th. Stcherbatsky (2 vols),book,bharata1000,darshanas-and-philosophy,,
b1000:275,The Central Conception of Buddhism,F. Th. Stcherbatsky,book,bharata1000,darshanas-and-philosophy,,
b1000:276,The Conception of Buddhist Nirvana,F. Th. Stcherbatsky,book,bharata1000,darshanas-and-philosophy,,
b1000:277,A History of Indian Buddhism,Étienne Lamotte,book,bharata1000,darshanas-and-philosophy,,
b1000:278,Indian Buddhism,A. K. Warder,book,bharata1000,darshanas-and-philosophy,,
b1000:279,Indian Esoteric Buddhism,Ronald Davidson,book,bharata1000,darshanas-and-philosophy,,
b1000:280,The Awakening of Faith,Ashvaghosha (Yoshito Hakeda trans.),book,bharata1000,darshanas-and-philosophy,,
b1000:281,Tattvartha Sutra,Umasvati (Nathmal Tatia trans.),book,bharata1000,darshanas-and-philosophy,,
b1000:282,The Acaranga Sutra,Hermann Jacobi,book,bharata1000,darshanas-and-philosophy,,
b1000:283,The Sutrakritanga,Hermann Jacobi,book,bharata1000,darshanas-and-philosophy,,
b1000:284,The Uttaradhyayana Sutra,Hermann Jacobi,book,bharata1000,darshanas-and-philosophy,,
b1000:285,Outlines of Jainism,J. L. Jaini,book,bharata1000,darshanas-and-philosophy,,
b1000:286,The Jaina Path of Purification,Padmanabh Jaini,book,bharata1000,darshanas-and-philosophy,,
b1000:287,Gender and Salvation: Jaina Debates on the Spiritual Liberation of Women,Padmanabh Jaini,book,bharata1000,darshanas-and-philosophy,,
b1000:288,Jaina Sutras,Hermann Jacobi,book,bharata1000,darshanas-and-philosophy,,
b1000:289,The Heart of Jainism,Sinclair Stevenson,book,bharata1000,darshanas-and-philosophy,,
b1000:290,Studies in Jaina Philosophy,Nathmal Tatia,book,bharata1000,darshanas-and-philosophy,,
b1000:291,Jainism,Helmuth von Glasenapp,book,bharata1000,darshanas-and-philosophy,,
b1000:292,Jaina Theory of Reality and Knowledge,Y. J. Padmarajiah,book,bharata1000,darshanas-and-philosophy,,
b1000:293,Principles of Tantra,Arthur Avalon (John Woodroffe),book,bharata1000,sacred-geography-and-temple,darshanas-and-philosophy,
b1000:294,The Serpent Power,Arthur Avalon,book,bharata1000,sacred-geography-and-temple,darshanas-and-philosophy,
b1000:295,Shakti and Shakta,Arthur Avalon,book,bharata1000,sacred-geography-and-temple,darshanas-and-philosophy,
b1000:296,The Garland of Letters,Arthur Avalon,book,bharata1000,sacred-geography-and-temple,darshanas-and-philosophy,
b1000:297,Introduction to Tantra Sastra,Arthur Avalon,book,bharata1000,sacred-geography-and-temple,darshanas-and-philosophy,
b1000:298,Hymns to the Goddess,Arthur Avalon,book,bharata1000,sacred-geography-and-temple,darshanas-and-philosophy,
b1000:299,Tantra in Practice,David Gordon White (ed.),book,bharata1000,sacred-geography-and-temple,darshanas-and-philosophy,
b1000:300,Kiss of the Yogini,David Gordon White,book,bharata1000,sacred-geography-and-temple,darshanas-and-philosophy,
b1000:301,The Tantric Body,Gavin Flood,book,bharata1000,sacred-geography-and-temple,darshanas-and-philosophy,
b1000:302,The Roots of Tantra,Katherine Anne Harper & Robert L. Brown (eds.),book,bharata1000,sacred-geography-and-temple,darshanas-and-philosophy,
b1000:303,The Mahanirvana Tantra,Arthur Avalon,book,bharata1000,sacred-geography-and-temple,darshanas-and-philosophy,
b1000:304,The Saundarya Lahari of Sankaracharya,W. Norman Brown,book,bharata1000,sacred-geography-and-temple,darshanas-and-philosophy,
b1000:305,Sri Vidya: The Tantra of Tripurasundari,Douglas Renfrew Brooks,book,bharata1000,sacred-geography-and-temple,darshanas-and-philosophy,
b1000:306,The Secret of the Three Cities,Douglas Brooks,book,bharata1000,sacred-geography-and-temple,darshanas-and-philosophy,
b1000:307,Auspicious Wisdom: The Texts and Traditions of Srividya Sakta Tantrism,Douglas Brooks,book,bharata1000,sacred-geography-and-temple,darshanas-and-philosophy,
b1000:308,Devi: The Great Goddess,Vidya Dehejia (ed.),book,bharata1000,sacred-geography-and-temple,darshanas-and-philosophy,
b1000:309,The Tantric View of Life,Herbert V. Guenther,book,bharata1000,sacred-geography-and-temple,darshanas-and-philosophy,
b1000:310,The Doctrine of Vibration,Mark S. G. Dyczkowski,book,bharata1000,sacred-geography-and-temple,darshanas-and-philosophy,
b1000:311,The Stanzas on Vibration,Mark S. G. Dyczkowski,book,bharata1000,sacred-geography-and-temple,darshanas-and-philosophy,
b1000:312,The Aphorisms of Siva,Mark S. G. Dyczkowski,book,bharata1000,sacred-geography-and-temple,darshanas-and-philosophy,
b1000:313,The Canon of the Saivagama,Mark S. G. Dyczkowski,book,bharata1000,sacred-geography-and-temple,darshanas-and-philosophy,
b1000:314,Kashmir Saivism: The Secret Supreme,Swami Lakshmanjoo,book,bharata1000,sacred-geography-and-temple,darshanas-and-philosophy,
b1000:315,Shiva Sutras: The Supreme Awakening,Swami Lakshmanjoo,book,bharata1000,sacred-geography-and-temple,darshanas-and-philosophy,
b1000:316,Vijnana Bhairava,Swami Lakshmanjoo,book,bharata1000,sacred-geography-and-temple,darshanas-and-philosophy,
b1000:317,The Doctrine of Recognition (Pratyabhijnahridayam),Jaideva Singh,book,bharata1000,sacred-geography-and-temple,darshanas-and-philosophy,
b1000:318,Spanda-Karikas,Jaideva Singh,book,bharata1000,sacred-geography-and-temple,darshanas-and-philosophy,
b1000:319,Siva Sutras,Jaideva Singh,book,bharata1000,sacred-geography-and-temple,darshanas-and-philosophy,
b1000:320,Vijnanabhairava,Jaideva Singh,book,bharata1000,sacred-geography-and-temple,darshanas-and-philosophy,
b1000:321,Para-Trishika-Vivarana,Jaideva Singh,book,bharata1000,sacred-geography-and-temple,darshanas-and-philosophy,
b1000:322,The Pratyabhijna Philosophy,Gopinath Kaviraj,book,bharata1000,sacred-geography-and-temple,darshanas-and-philosophy,
b1000:323,Tantraloka of Abhinavagupta,Various translators (Mark Dyczkowski multi-vol project),book,bharata1000,sacred-geography-and-temple,darshanas-and-philosophy,
b1000:324,Abhinavagupta: An Historical and Philosophical Study,K. C. Pandey,book,bharata1000,sacred-geography-and-temple,darshanas-and-philosophy,
b1000:325,The Triadic Heart of Siva,Paul Eduardo Muller-Ortega,book,bharata1000,sacred-geography-and-temple,darshanas-and-philosophy,
b1000:326,Doctrine of Recognition (Isvarapratyabhijnakarika),Raffaele Torella,book,bharata1000,sacred-geography-and-temple,darshanas-and-philosophy,
b1000:327,The Krama Tantricism of Kashmir,Navjivan Rastogi,book,bharata1000,sacred-geography-and-temple,darshanas-and-philosophy,
b1000:328,Introduction to the Tantraloka,Navjivan Rastogi,book,bharata1000,sacred-geography-and-temple,darshanas-and-philosophy,
b1000:329,Hindu Tantric and Sakta Literature,Teun Goudriaan & Sanjukta Gupta,book,bharata1000,sacred-geography-and-temple,darshanas-and-philosophy,
b1000:330,Hindu Tantrism,"Sanjukta Gupta, Dirk Jan Hoens, Teun Goudriaan",book,bharata1000,sacred-geography-and-temple,darshanas-and-philosophy,
b1000:331,The Yoginihrdaya,Andre Padoux,book,bharata1000,sacred-geography-and-temple,darshanas-and-philosophy,
b1000:332,Vac: The Concept of the Word in Selected Hindu Tantras,Andre Padoux,book,bharata1000,sacred-geography-and-temple,darshanas-and-philosophy,
b1000:333,The Hindu Tantric World,Andre Padoux,book,bharata1000,sacred-geography-and-temple,darshanas-and-philosophy,
b1000:334,Tantra: The Path of Ecstasy,Georg Feuerstein,book,bharata1000,sacred-geography-and-temple,darshanas-and-philosophy,
b1000:335,The Sakta Pithas,D. C. Sircar,book,bharata1000,sacred-geography-and-temple,darshanas-and-philosophy,
b1000:336,The Saiva Siddhanta,Mariasusai Dhavamony,book,bharata1000,sacred-geography-and-temple,darshanas-and-philosophy,
b1000:337,Saiva Siddhanta,V. A. Devasenapathi,book,bharata1000,sacred-geography-and-temple,darshanas-and-philosophy,
b1000:338,Periya Puranam,G. Vanmikanathan,book,bharata1000,sacred-geography-and-temple,darshanas-and-philosophy,
b1000:339,Tirumantiram of Tirumular,B. Natarajan (3 vols),book,bharata1000,sacred-geography-and-temple,darshanas-and-philosophy,
b1000:340,The Hymns of Manikkavachakar,G. U. Pope (Tiruvachakam),book,bharata1000,sacred-geography-and-temple,darshanas-and-philosophy,
b1000:341,The Ashtadhyayi of Panini,Sumitra Mangesh Katre,book,bharata1000,language-and-sanskrit,,
b1000:342,Panini: A Survey of Research,George Cardona,book,bharata1000,language-and-sanskrit,,
b1000:343,Panini: His Work and Its Traditions,George Cardona,book,bharata1000,language-and-sanskrit,,
b1000:344,The Mahabhasya of Patanjali,S. D. Joshi & J. A. F. Roodbergen (multi-vol),book,bharata1000,language-and-sanskrit,,
b1000:345,Vakyapadiya of Bhartrhari,K. A. Subramania Iyer,book,bharata1000,language-and-sanskrit,,
b1000:346,The Philosophy of the Grammarians,Harold Coward & K. Kunjunni Raja,book,bharata1000,language-and-sanskrit,,
b1000:347,The Sphota Theory of Language,Harold Coward,book,bharata1000,language-and-sanskrit,,
b1000:348,Bhartrhari: The Philosopher of Word,Tandra Patnaik,book,bharata1000,language-and-sanskrit,,
b1000:349,Word and Sentence: Two Perspectives,Saroja Bhate & Johannes Bronkhorst (eds.),book,bharata1000,language-and-sanskrit,,
b1000:350,India's Philosophy of Meaning,Pratap Bandyopadhyay,book,bharata1000,language-and-sanskrit,,
b1000:351,Sanskrit Studies of M. B. Emeneau,M. B. Emeneau,book,bharata1000,language-and-sanskrit,,
b1000:352,Studies in the History of Sanskrit Poetics,S. K. De,book,bharata1000,language-and-sanskrit,,
b1000:353,The Word and the World,Bimal Krishna Matilal,book,bharata1000,language-and-sanskrit,,
b1000:354,Sentence and Sentence-Meaning in the Bhatta-Mimamsa,V. N. Jha,book,bharata1000,language-and-sanskrit,,
b1000:355,Aspects of Indian Logic and Atomism,Karl Potter,book,bharata1000,language-and-sanskrit,,
b1000:356,The Manusmriti,Patrick Olivelle (Manu's Code of Law),book,bharata1000,dharmashastra-and-polity,,
b1000:357,Chatuh Shloki Manusmriti: An English Commentary,Nithin Sridhar,book,bharata1000,dharmashastra-and-polity,,
b1000:358,Yajnavalkya: A Treatise on Dharma,Patrick Olivelle,book,bharata1000,dharmashastra-and-polity,,
b1000:359,Dharmasutras: The Law Codes of Ancient India,Patrick Olivelle,book,bharata1000,dharmashastra-and-polity,,
b1000:360,The History of Dharmashastra,P. V. Kane (5 vols),book,bharata1000,dharmashastra-and-polity,,
b1000:361,Hindu Law and Custom,Julius Jolly,book,bharata1000,dharmashastra-and-polity,,
b1000:362,Studies in Dharmashastra,Robert Lingat (The Classical Law of India),book,bharata1000,dharmashastra-and-polity,,
b1000:363,Hindu Jurisprudence,N. R. Raghavachariar,book,bharata1000,dharmashastra-and-polity,,
b1000:364,Dharma in Hindu Ethics,Surama Dasgupta,book,bharata1000,dharmashastra-and-polity,,
b1000:365,Concepts of Dharma,V. S. Sukthankar (in critical essays),book,bharata1000,dharmashastra-and-polity,,
b1000:366,Dharma: Hindu Approach to a Purposeful Life,Pankaj Jain,book,bharata1000,dharmashastra-and-polity,,
b1000:367,"Dharma: Studies in its Semantic, Cultural and Religious History",Patrick Olivelle (ed.),book,bharata1000,dharmashastra-and-polity,,
b1000:368,The Hindu Tradition of Dharma,Sushil Kumar Maitra,book,bharata1000,dharmashastra-and-polity,,
b1000:369,Naradasmriti,Richard Lariviere,book,bharata1000,dharmashastra-and-polity,,
b1000:370,Brihaspati Smriti,Julius Jolly,book,bharata1000,dharmashastra-and-polity,,
b1000:371,Vishnusmriti,Patrick Olivelle,book,bharata1000,dharmashastra-and-polity,,
b1000:372,Parashara Dharma Samhita,Krishnamacharya translation,book,bharata1000,dharmashastra-and-polity,,
b1000:373,Dharma and the Hindu Householder,V. M. Apte,book,bharata1000,dharmashastra-and-polity,,
b1000:374,Hitopadesha,Narayana (A. N. D. Haksar trans.),book,bharata1000,puranas-and-itihasa,,
b1000:375,Panchatantra,Vishnu Sharma (Patrick Olivelle trans.),book,bharata1000,puranas-and-itihasa,,
b1000:376,The Panchatantra,Arthur W. Ryder,book,bharata1000,puranas-and-itihasa,,
b1000:377,Kathasaritsagara of Somadeva,"C. H. Tawney (10 vols, Ocean of the Streams of Story)",book,bharata1000,puranas-and-itihasa,,
b1000:378,Brihatkatha-Manjari of Kshemendra,Sheldon Pollock (selections),book,bharata1000,puranas-and-itihasa,,
b1000:379,Brihatkathaslokasamgraha of Budhasvamin,James Mallinson,book,bharata1000,puranas-and-itihasa,,
b1000:380,The Vetalapanchavinshati,Arthur Ryder (Twenty-Two Goblins),book,bharata1000,puranas-and-itihasa,,
b1000:381,Dasakumaracharita of Dandin,Isabelle Onians (What Ten Young Men Did),book,bharata1000,puranas-and-itihasa,,
b1000:382,Nitisara of Kamandaka,M. N. Dutt,book,bharata1000,puranas-and-itihasa,,
b1000:383,Subhashitavali,Indra Nath Choudhuri (selections),book,bharata1000,puranas-and-itihasa,,
b1000:384,The Subhasitaratnakosha,D. D. Kosambi & V. V. Gokhale,book,bharata1000,puranas-and-itihasa,,
b1000:385,Sanskrit Subhashitas,A. N. D. Haksar,book,bharata1000,puranas-and-itihasa,,
b1000:386,The Bhagavad-Gita and the Indian Ethical Tradition,Surendra Verma,book,bharata1000,puranas-and-itihasa,,
b1000:387,The Recognition of Sakuntala,Kalidasa (Somadeva Vasudeva trans.),book,bharata1000,arts-and-aesthetics,,
b1000:388,Sakuntala,Kalidasa (Arthur W. Ryder),book,bharata1000,arts-and-aesthetics,,
b1000:389,The Loom of Time,"Kalidasa (Chandra Rajan, Penguin)",book,bharata1000,arts-and-aesthetics,,
b1000:390,Meghaduta,Kalidasa (M. R. Kale),book,bharata1000,arts-and-aesthetics,,
b1000:391,Kumarasambhava,Kalidasa (Hank Heifetz),book,bharata1000,arts-and-aesthetics,,
b1000:392,Raghuvamsha,Kalidasa (Robert Antoine),book,bharata1000,arts-and-aesthetics,,
b1000:393,Vikramorvashiya,Kalidasa (Velcheru Narayana Rao),book,bharata1000,arts-and-aesthetics,,
b1000:394,Malavikagnimitra,Kalidasa,book,bharata1000,arts-and-aesthetics,,
b1000:395,The Mricchakatika of Sudraka,Diwakar Acharya (The Little Clay Cart),book,bharata1000,arts-and-aesthetics,,
b1000:396,Mudrarakshasa of Vishakhadatta,M. R. Kale,book,bharata1000,arts-and-aesthetics,,
b1000:397,Plays of Bhasa,A. C. Woolner & Lakshman Sarup,book,bharata1000,arts-and-aesthetics,,
b1000:398,The Plays of Bhavabhuti,M. Coulson,book,bharata1000,arts-and-aesthetics,,
b1000:399,Uttararamacharita of Bhavabhuti,Sheldon Pollock (Rama's Last Act),book,bharata1000,arts-and-aesthetics,,
b1000:400,The Naishadha-Charita of Sriharsha,K. K. Handiqui,book,bharata1000,arts-and-aesthetics,,
b1000:401,Kiratarjuniya of Bharavi,Indira Peterson (Arjuna and the Hunter),book,bharata1000,arts-and-aesthetics,,
b1000:402,Shishupalavadha of Magha,Paul Dundas,book,bharata1000,arts-and-aesthetics,,
b1000:403,Buddhacarita of Ashvaghosha,E. H. Johnston (Acts of the Buddha),book,bharata1000,arts-and-aesthetics,,
b1000:404,Saundarananda of Ashvaghosha,Linda Covill (Handsome Nanda),book,bharata1000,arts-and-aesthetics,,
b1000:405,Gita Govinda of Jayadeva,Barbara Stoler Miller (Love Song of the Dark Lord),book,bharata1000,arts-and-aesthetics,,
b1000:406,Amarushataka,Greg Bailey (selections),book,bharata1000,arts-and-aesthetics,,
b1000:407,Bhartrihari: Poems,Barbara Stoler Miller,book,bharata1000,arts-and-aesthetics,,
b1000:408,The Hermit and the Love-Thief,Barbara Stoler Miller,book,bharata1000,arts-and-aesthetics,,
b1000:409,Anyokti of Sanskrit Literature,Daniel H. H. Ingalls (translations),book,bharata1000,arts-and-aesthetics,,
b1000:410,Sanskrit Poetry from Vidyakara's Treasury,Daniel H. H. Ingalls,book,bharata1000,arts-and-aesthetics,,
b1000:411,Sanskrit Drama,A. B. Keith,book,bharata1000,arts-and-aesthetics,,
b1000:412,The History of Sanskrit Literature,A. B. Keith,book,bharata1000,arts-and-aesthetics,,
b1000:413,"The Sanskrit Drama in Its Origin, Development, Theory and Practice",A. B. Keith,book,bharata1000,arts-and-aesthetics,,
b1000:414,Sanskrit Literature,"Maurice Winternitz (3 vols, History of Indian Literature)",book,bharata1000,arts-and-aesthetics,,
b1000:415,The Language of the Gods in the World of Men,Sheldon Pollock,book,bharata1000,arts-and-aesthetics,,
b1000:416,Literary Cultures in History,Sheldon Pollock (ed.),book,bharata1000,arts-and-aesthetics,,
b1000:417,The Birth of Bhasha,Sheldon Pollock,book,bharata1000,arts-and-aesthetics,,
b1000:418,A Rasa Reader,Sheldon Pollock,book,bharata1000,arts-and-aesthetics,,
b1000:419,The Natyashastra of Bharata,Manomohan Ghosh (2 vols),book,bharata1000,arts-and-aesthetics,,
b1000:420,The Dhvanyaloka of Anandavardhana with the Locana of Abhinavagupta,"Daniel Ingalls, Jeffrey Masson, M. V. Patwardhan",book,bharata1000,arts-and-aesthetics,,
b1000:421,Aesthetic Rapture: The Rasadhyaya of the Natyashastra,J. L. Masson & M. V. Patwardhan,book,bharata1000,arts-and-aesthetics,,
b1000:422,Santarasa and Abhinavagupta's Philosophy of Aesthetics,J. L. Masson & M. V. Patwardhan,book,bharata1000,arts-and-aesthetics,,
b1000:423,The Philosophy of Word and Meaning,Gaurinath Sastri,book,bharata1000,arts-and-aesthetics,,
b1000:424,Indian Theories of Meaning,K. Kunjunni Raja,book,bharata1000,arts-and-aesthetics,,
b1000:425,Indian Poetics,Edwin Gerow,book,bharata1000,arts-and-aesthetics,,
b1000:426,Indian Aesthetics,V. Raghavan,book,bharata1000,arts-and-aesthetics,,
b1000:427,Sanskrit Poetics as a Study of Aesthetic,S. K. De,book,bharata1000,arts-and-aesthetics,,
b1000:428,History of Sanskrit Poetics,P. V. Kane,book,bharata1000,arts-and-aesthetics,,
b1000:429,The Number of Rasas,V. Raghavan,book,bharata1000,arts-and-aesthetics,,
b1000:430,The Concept of the Beautiful,V. Raghavan,book,bharata1000,arts-and-aesthetics,,
b1000:431,The Interior Landscape,A. K. Ramanujan (Kuruntokai),book,bharata1000,festivals-and-living-tradition,,
b1000:432,Poems of Love and War,A. K. Ramanujan,book,bharata1000,festivals-and-living-tradition,,
b1000:433,The Smile of Murugan,Kamil Zvelebil,book,bharata1000,festivals-and-living-tradition,,
b1000:434,Tamil Literature,Kamil Zvelebil,book,bharata1000,festivals-and-living-tradition,,
b1000:435,The Tirukkural of Tiruvalluvar,P. S. Sundaram,book,bharata1000,festivals-and-living-tradition,,
b1000:436,Tirukkural,G. U. Pope,book,bharata1000,festivals-and-living-tradition,,
b1000:437,The Eight Anthologies,A. V. Subramanian,book,bharata1000,festivals-and-living-tradition,,
b1000:438,Tolkappiyam,P. S. Subrahmanya Sastri,book,bharata1000,festivals-and-living-tradition,,
b1000:439,Cilappatikaram of Ilango Adigal,R. Parthasarathy,book,bharata1000,festivals-and-living-tradition,,
b1000:440,Manimekalai,Alain Daniélou,book,bharata1000,festivals-and-living-tradition,,
b1000:441,Hymns for the Drowning (Nammalvar),A. K. Ramanujan,book,bharata1000,festivals-and-living-tradition,,
b1000:442,The Sacred Songs of the Lady (Andal),Vidya Dehejia,book,bharata1000,festivals-and-living-tradition,,
b1000:443,Antal and Her Path of Love,Vidya Dehejia,book,bharata1000,festivals-and-living-tradition,,
b1000:444,The Divya Prabandham,Srirama Bharati (selections),book,bharata1000,festivals-and-living-tradition,,
b1000:445,Tiruvaymoli of Nammalvar,John Carman & Vasudha Narayanan,book,bharata1000,festivals-and-living-tradition,,
b1000:446,Tiruppavai of Andal,D. Ramaswamy Ayyangar,book,bharata1000,festivals-and-living-tradition,,
b1000:447,Tiruvachakam,G. U. Pope,book,bharata1000,festivals-and-living-tradition,,
b1000:448,Songs of the Saints of India,John Stratton Hawley & Mark Juergensmeyer,book,bharata1000,festivals-and-living-tradition,,
b1000:449,The Lord of the Meeting Rivers (Basavanna),A. K. Ramanujan (Speaking of Siva),book,bharata1000,festivals-and-living-tradition,,
b1000:450,Speaking of Siva,A. K. Ramanujan,book,bharata1000,festivals-and-living-tradition,,
b1000:451,The Vacanas of Mahadeviyakka,A. K. Ramanujan,book,bharata1000,festivals-and-living-tradition,,
b1000:452,Allama Prabhu and the Lingayat Tradition,Linda Hess (selections),book,bharata1000,festivals-and-living-tradition,,
b1000:453,"Lord as Lover, Lord as Master",Vasudha Narayanan,book,bharata1000,festivals-and-living-tradition,,
b1000:454,Singing the Body of God,Steven P. Hopkins (Vedantadesika),book,bharata1000,festivals-and-living-tradition,,
b1000:455,An Ornament for Jewels,Steven P. Hopkins,book,bharata1000,festivals-and-living-tradition,,
b1000:456,Hymns of the Tamil Saiva Saints,F. Kingsbury & G. E. Phillips,book,bharata1000,festivals-and-living-tradition,,
b1000:457,The Tevaram,V. M. Subramanya Aiyar (selections),book,bharata1000,festivals-and-living-tradition,,
b1000:458,Poems to Siva,Indira Peterson,book,bharata1000,festivals-and-living-tradition,,
b1000:459,Tamil Temple Myths,David Dean Shulman,book,bharata1000,festivals-and-living-tradition,,
b1000:460,The Hungry God,David Dean Shulman,book,bharata1000,festivals-and-living-tradition,,
b1000:461,The King and the Clown in South Indian Myth and Poetry,David Dean Shulman,book,bharata1000,festivals-and-living-tradition,,
b1000:462,More than Real: A History of the Imagination in South India,David Dean Shulman,book,bharata1000,festivals-and-living-tradition,,
b1000:463,The Bijak of Kabir,Linda Hess & Shukdev Singh,book,bharata1000,festivals-and-living-tradition,,
b1000:464,Kabir: The Weaver's Songs,Vinay Dharwadker,book,bharata1000,festivals-and-living-tradition,,
b1000:465,Songs of Kabir,Rabindranath Tagore,book,bharata1000,festivals-and-living-tradition,,
b1000:466,Kabir Granthavali,Charlotte Vaudeville (selections),book,bharata1000,festivals-and-living-tradition,,
b1000:467,A Weaver Named Kabir,Charlotte Vaudeville,book,bharata1000,festivals-and-living-tradition,,
b1000:468,Bodies of Song,Linda Hess,book,bharata1000,festivals-and-living-tradition,,
b1000:469,"Three Bhakti Voices: Mirabai, Surdas, Kabir",John Stratton Hawley,book,bharata1000,festivals-and-living-tradition,,
b1000:470,Surdas: Sur's Ocean,John Stratton Hawley & Kenneth Bryant,book,bharata1000,festivals-and-living-tradition,,
b1000:471,"Krishna, the Butter Thief",John Stratton Hawley,book,bharata1000,festivals-and-living-tradition,,
b1000:472,At Play with Krishna,John Stratton Hawley,book,bharata1000,festivals-and-living-tradition,,
b1000:473,The Memory of Love (Surdas),John Stratton Hawley,book,bharata1000,festivals-and-living-tradition,,
b1000:474,A Storm of Songs,John Stratton Hawley,book,bharata1000,festivals-and-living-tradition,,
b1000:475,The Bhakti Movement: Renaissance or Revivalism?,John Stratton Hawley,book,bharata1000,festivals-and-living-tradition,,
b1000:476,Mirabai: Ecstatic Poems,Andrew Schelling,book,bharata1000,festivals-and-living-tradition,,
b1000:477,For Love of the Dark One: Songs of Mirabai,Andrew Schelling,book,bharata1000,festivals-and-living-tradition,,
b1000:478,Songs of Mirabai,Robert Bly & Jane Hirshfield,book,bharata1000,festivals-and-living-tradition,,
b1000:479,Tulsidas: Ramcharitmanas,Philip Lutgendorf,book,bharata1000,festivals-and-living-tradition,,
b1000:480,The Life of a Text: Performing the Ramcaritmanas of Tulsidas,Philip Lutgendorf,book,bharata1000,festivals-and-living-tradition,,
b1000:481,Tulsidas's Hanuman Chalisa,Philip Lutgendorf,book,bharata1000,festivals-and-living-tradition,,
b1000:482,Hanuman's Tale,Philip Lutgendorf,book,bharata1000,festivals-and-living-tradition,,
b1000:483,Bhajan: The Songs of Praise,Sumati Mutatkar,book,bharata1000,festivals-and-living-tradition,,
b1000:484,The Lord's Song: Songs of Tukaram,Dilip Chitre (Says Tuka),book,bharata1000,festivals-and-living-tradition,,
b1000:485,The Sant Tradition,Charlotte Vaudeville,book,bharata1000,festivals-and-living-tradition,,
b1000:486,Songs of the Saints of Maharashtra,Justin Abbott & N. R. Godbole,book,bharata1000,festivals-and-living-tradition,,
b1000:487,Bhakti Poetry of Medieval India,Neeti M. Sadarangani,book,bharata1000,festivals-and-living-tradition,,
b1000:488,Pathway to God in Hindi,Justin E. Abbott (Eknath),book,bharata1000,festivals-and-living-tradition,,
b1000:489,Eknathi Bhagavata,Justin E. Abbott,book,bharata1000,festivals-and-living-tradition,,
b1000:490,Sant Namdev,Sant Namdev (Justin Abbott trans.),book,bharata1000,festivals-and-living-tradition,,
b1000:491,The Bhakti Sect of Vallabhacharya,Richard Barz,book,bharata1000,festivals-and-living-tradition,,
b1000:492,The Devotional Poems of Mirabai,A. J. Alston,book,bharata1000,festivals-and-living-tradition,,
b1000:493,Sufism and Bhakti,Yoginder Sikand (compilation),book,bharata1000,festivals-and-living-tradition,,
b1000:494,Bhakti and Power,"David L. Haberman, Jack Hawley (eds.)",book,bharata1000,festivals-and-living-tradition,,
b1000:495,Bhakti Religion in North India,David Lorenzen (ed.),book,bharata1000,festivals-and-living-tradition,,
b1000:496,Sri Caitanya-Caritamrta of Krishnadasa Kaviraja,Edward C. Dimock & Tony K. Stewart,book,bharata1000,festivals-and-living-tradition,,
b1000:497,The Caitanya Vaisnava Vedanta of Jiva Gosvami,Ravi M. Gupta,book,bharata1000,festivals-and-living-tradition,,
b1000:498,Acting as a Way of Salvation,David L. Haberman,book,bharata1000,festivals-and-living-tradition,,
b1000:499,Journey through the Twelve Forests,David L. Haberman,book,bharata1000,festivals-and-living-tradition,,
b1000:500,River of Love in an Age of Pollution,David L. Haberman,book,bharata1000,festivals-and-living-tradition,,
b1000:501,The Place of the Hidden Moon,Edward C. Dimock,book,bharata1000,festivals-and-living-tradition,,
b1000:502,The Sound of Two Hands Clapping,Anne Klein (Vajrayana adjacent),book,bharata1000,festivals-and-living-tradition,,
b1000:503,The Final Word: The Caitanya Caritamrta and the Grammar of Religious Tradition,Tony K. Stewart,book,bharata1000,festivals-and-living-tradition,,
b1000:504,The Final Order: The Bhaktirasamrtasindhu,David L. Haberman,book,bharata1000,festivals-and-living-tradition,,
b1000:505,Bhaktirasamrtasindhu of Rupa Gosvami,David Haberman,book,bharata1000,festivals-and-living-tradition,,
b1000:506,Sri Krsna-Caitanya,Susmita Pande,book,bharata1000,festivals-and-living-tradition,,
b1000:507,Lord Chaitanya and the Hare Krishna Movement,Steven J. Rosen,book,bharata1000,festivals-and-living-tradition,,
b1000:508,Chaitanya: His Life and Teachings,Sisir Kumar Ghose,book,bharata1000,festivals-and-living-tradition,,
b1000:509,The Devotional Poetry of Vidyapati,Deben Bhattacharya,book,bharata1000,festivals-and-living-tradition,,
b1000:510,Songs of Vidyapati,Subhadra Jha,book,bharata1000,festivals-and-living-tradition,,
b1000:511,The Devi Mahatmya,Devadatta Kali (In Praise of the Goddess),book,bharata1000,festivals-and-living-tradition,puranas-and-itihasa,
b1000:512,The Triumph of the Goddess,C. Mackenzie Brown,book,bharata1000,festivals-and-living-tradition,puranas-and-itihasa,
b1000:513,The Devi Gita,C. Mackenzie Brown (Song of the Goddess),book,bharata1000,festivals-and-living-tradition,puranas-and-itihasa,
b1000:514,"Rama, Krishna, Shiva: A Comparative Mythology",C. Mackenzie Brown,book,bharata1000,festivals-and-living-tradition,puranas-and-itihasa,
b1000:515,Goddesses Who Rule,Elisabeth Benard & Beverly Moon (eds.),book,bharata1000,festivals-and-living-tradition,puranas-and-itihasa,
b1000:516,The Divine Consort,John Stratton Hawley & Donna Wulff (eds.),book,bharata1000,festivals-and-living-tradition,puranas-and-itihasa,
b1000:517,Devi: Goddesses of India,John Stratton Hawley & Donna Wulff (eds.),book,bharata1000,festivals-and-living-tradition,puranas-and-itihasa,
b1000:518,The Daughters of Kali,Rachel Fell McDermott,book,bharata1000,festivals-and-living-tradition,puranas-and-itihasa,
b1000:519,"Mother of My Heart, Daughter of My Dreams",Rachel Fell McDermott,book,bharata1000,festivals-and-living-tradition,puranas-and-itihasa,
b1000:520,Singing to the Goddess,Rachel Fell McDermott,book,bharata1000,festivals-and-living-tradition,puranas-and-itihasa,
b1000:521,Encountering Kali,Rachel Fell McDermott & Jeffrey Kripal (eds.),book,bharata1000,festivals-and-living-tradition,puranas-and-itihasa,
b1000:522,Kali: The Black Goddess of Dakshineswar,Elizabeth Usha Harding,book,bharata1000,festivals-and-living-tradition,puranas-and-itihasa,
b1000:523,Kali's Child,Jeffrey Kripal (controversial; included for engagement),book,bharata1000,festivals-and-living-tradition,puranas-and-itihasa,
b1000:524,The Sword and the Flute,David Kinsley,book,bharata1000,festivals-and-living-tradition,puranas-and-itihasa,
b1000:525,Hindu Goddesses,David Kinsley,book,bharata1000,festivals-and-living-tradition,puranas-and-itihasa,
b1000:526,Tantric Visions of the Divine Feminine,David Kinsley,book,bharata1000,festivals-and-living-tradition,puranas-and-itihasa,
b1000:527,The Ten Mahavidyas,David Kinsley,book,bharata1000,festivals-and-living-tradition,puranas-and-itihasa,
b1000:528,Goddesses and Women in the Indic Religious Tradition,Arvind Sharma (ed.),book,bharata1000,festivals-and-living-tradition,puranas-and-itihasa,
b1000:529,The Goddess and the Devotee,June McDaniel,book,bharata1000,festivals-and-living-tradition,puranas-and-itihasa,
b1000:530,"Offering Flowers, Feeding Skulls",June McDaniel,book,bharata1000,festivals-and-living-tradition,puranas-and-itihasa,
b1000:531,The Madness of the Saints,June McDaniel,book,bharata1000,festivals-and-living-tradition,puranas-and-itihasa,
b1000:532,The Lalita Sahasranama,R. Ananthakrishna Sastri,book,bharata1000,festivals-and-living-tradition,puranas-and-itihasa,
b1000:533,Saundarya Lahari,Pandit S. Subrahmanya Sastri,book,bharata1000,festivals-and-living-tradition,puranas-and-itihasa,
b1000:534,Soundarya Lahari,Swami Tapasyananda,book,bharata1000,festivals-and-living-tradition,puranas-and-itihasa,
b1000:535,Lalita Trishati,N. Krishnaswami Iyer,book,bharata1000,festivals-and-living-tradition,puranas-and-itihasa,
b1000:536,The Mantra Mahodadhi of Mahidhara,Ram Kumar Rai,book,bharata1000,festivals-and-living-tradition,puranas-and-itihasa,
b1000:537,Sakti and Sakta,John Woodroffe (separate from earlier listing - full vol.),book,bharata1000,festivals-and-living-tradition,puranas-and-itihasa,
b1000:538,Tirumantiram of Tirumular,B. Natarajan,book,bharata1000,festivals-and-living-tradition,,
b1000:539,The Periya Puranam,G. Vanmikanathan,book,bharata1000,festivals-and-living-tradition,,
b1000:540,Manikkavachakar's Tiruvachakam,G. U. Pope,book,bharata1000,festivals-and-living-tradition,,
b1000:541,The Saiva Siddhanta,Mariasusai Dhavamony (full),book,bharata1000,festivals-and-living-tradition,,
b1000:542,Pasupata Sutras with Kaundinya's Commentary,Haripada Chakraborti,book,bharata1000,festivals-and-living-tradition,,
b1000:543,The Pasupatas,Daniel Ingalls (essay collection inclusion),book,bharata1000,festivals-and-living-tradition,,
b1000:544,Pasupata Saivism,Minoru Hara,book,bharata1000,festivals-and-living-tradition,,
b1000:545,Saivism in the Diaspora,Ron Geaves,book,bharata1000,festivals-and-living-tradition,,
b1000:546,The Religion of Manikkavacakar,Glenn Yocum,book,bharata1000,festivals-and-living-tradition,,
b1000:547,Hymn-Songs of Manikkavacakar,Glenn Yocum,book,bharata1000,festivals-and-living-tradition,,
b1000:548,The Tantric Age,Alexis Sanderson (selected essays),book,bharata1000,festivals-and-living-tradition,,
b1000:549,The Saiva Religions among the Khmers,Alexis Sanderson (essay collection),book,bharata1000,festivals-and-living-tradition,,
b1000:550,The Lakulisa-Pasupata Movement,D. R. Bhandarkar,book,bharata1000,festivals-and-living-tradition,,
b1000:551,Aghori,Robert E. Svoboda (autobiographical Aghora trilogy),book,bharata1000,festivals-and-living-tradition,,
b1000:552,Aghora II: Kundalini,Robert E. Svoboda,book,bharata1000,festivals-and-living-tradition,,
b1000:553,Aghora III: The Law of Karma,Robert E. Svoboda,book,bharata1000,festivals-and-living-tradition,,
b1000:554,The Doctrine of the Mahesvara,A. M. Pathak,book,bharata1000,festivals-and-living-tradition,,
b1000:555,Indian Philosophy: A Critical Survey,Chandradhar Sharma,book,bharata1000,darshanas-and-philosophy,,
b1000:556,A Critical Survey of Indian Philosophy,Chandradhar Sharma,book,bharata1000,darshanas-and-philosophy,,
b1000:557,A History of Indian Philosophy,Surendranath Dasgupta (5 vols),book,bharata1000,darshanas-and-philosophy,,
b1000:558,Indian Philosophy,S. Radhakrishnan (2 vols),book,bharata1000,darshanas-and-philosophy,,
b1000:559,Indian Philosophical Analysis,"Karl H. Potter (Encyclopedia, multi-vol)",book,bharata1000,darshanas-and-philosophy,,
b1000:560,Encyclopedia of Indian Philosophies,"Karl H. Potter (ed., series)",book,bharata1000,darshanas-and-philosophy,,
b1000:561,The Philosophy of the Upanishads,Paul Deussen,book,bharata1000,darshanas-and-philosophy,,
b1000:562,The System of the Vedanta,Paul Deussen,book,bharata1000,darshanas-and-philosophy,,
b1000:563,Philosophy of Hindu Sadhana,Nalini Kanta Brahma,book,bharata1000,darshanas-and-philosophy,,
b1000:564,The Conception of Rights in Ancient India,Adi Doctor,book,bharata1000,darshanas-and-philosophy,,
b1000:565,Indian Philosophy: An Introduction to Hindu and Buddhist Thought,Richard King,book,bharata1000,darshanas-and-philosophy,,
b1000:566,Early Advaita Vedanta and Buddhism,Richard King,book,bharata1000,darshanas-and-philosophy,,
b1000:567,Classical Indian Philosophy of Mind,Stephen Phillips,book,bharata1000,darshanas-and-philosophy,,
b1000:568,The Routledge Companion to Indian Philosophy,Brian Black & Chakravarthi Ram-Prasad,book,bharata1000,darshanas-and-philosophy,,
b1000:569,Indian Philosophy: A New Approach,A. P. Mishra,book,bharata1000,darshanas-and-philosophy,,
b1000:570,Six Systems of Hindu Philosophy,Max Müller,book,bharata1000,darshanas-and-philosophy,,
b1000:571,The Six Systems of Indian Philosophy,Surendranath Dasgupta,book,bharata1000,darshanas-and-philosophy,,
b1000:572,Studies in the History of Indian Philosophy,Debiprasad Chattopadhyaya (3 vols),book,bharata1000,darshanas-and-philosophy,,
b1000:573,Lokayata: A Study in Ancient Indian Materialism,Debiprasad Chattopadhyaya,book,bharata1000,darshanas-and-philosophy,,
b1000:574,What is Living and What is Dead in Indian Philosophy,Debiprasad Chattopadhyaya,book,bharata1000,darshanas-and-philosophy,,
b1000:575,Indian Realism,Jadunath Sinha,book,bharata1000,darshanas-and-philosophy,,
b1000:576,Indian Psychology: Perception,Jadunath Sinha,book,bharata1000,darshanas-and-philosophy,,
b1000:577,Indian Theories of Knowledge,Jadunath Sinha,book,bharata1000,darshanas-and-philosophy,,
b1000:578,The Doctrine of the Self in Indian Thought,Sangam Lal Pandey,book,bharata1000,darshanas-and-philosophy,,
b1000:579,The Life Divine,Sri Aurobindo,book,bharata1000,civilizational-consciousness,,civilizational-consciousness
b1000:580,The Synthesis of Yoga,Sri Aurobindo,book,bharata1000,civilizational-consciousness,,civilizational-consciousness
b1000:581,The Human Cycle,Sri Aurobindo,book,bharata1000,civilizational-consciousness,,civilizational-consciousness
b1000:582,The Ideal of Human Unity,Sri Aurobindo,book,bharata1000,civilizational-consciousness,,civilizational-consciousness
b1000:583,The Foundations of Indian Culture,Sri Aurobindo,book,bharata1000,civilizational-consciousness,,civilizational-consciousness
b1000:584,Savitri: A Legend and a Symbol,Sri Aurobindo,book,bharata1000,civilizational-consciousness,,civilizational-consciousness
b1000:585,The Future Poetry,Sri Aurobindo,book,bharata1000,civilizational-consciousness,,civilizational-consciousness
b1000:586,The Renaissance in India,Sri Aurobindo,book,bharata1000,civilizational-consciousness,,civilizational-consciousness
b1000:587,Letters on Yoga,Sri Aurobindo (4 vols),book,bharata1000,civilizational-consciousness,,civilizational-consciousness
b1000:588,India's Rebirth,Sri Aurobindo,book,bharata1000,civilizational-consciousness,,civilizational-consciousness
b1000:589,The Mother,Sri Aurobindo,book,bharata1000,civilizational-consciousness,,civilizational-consciousness
b1000:590,The Mother's Agenda,The Mother (Mirra Alfassa),book,bharata1000,civilizational-consciousness,,civilizational-consciousness
b1000:591,Sri Aurobindo: A Biography and a History,K. R. Srinivasa Iyengar,book,bharata1000,civilizational-consciousness,,civilizational-consciousness
b1000:592,Sri Aurobindo or the Adventure of Consciousness,Satprem,book,bharata1000,civilizational-consciousness,,civilizational-consciousness
b1000:593,The Adventure of the Supramental,Satprem,book,bharata1000,civilizational-consciousness,,civilizational-consciousness
b1000:594,The Mind of Light,Sri Aurobindo,book,bharata1000,civilizational-consciousness,,civilizational-consciousness
b1000:595,The Complete Works of Swami Vivekananda,9 vols,book,bharata1000,civilizational-consciousness,,svayambodha
b1000:596,The Gospel of Sri Ramakrishna,Mahendranath Gupta (M.) / Swami Nikhilananda,book,bharata1000,civilizational-consciousness,,svayambodha
b1000:597,Sri Ramakrishna: The Great Master,Swami Saradananda,book,bharata1000,civilizational-consciousness,,svayambodha
b1000:598,Sri Ramakrishna and His Divine Play,Swami Chetanananda,book,bharata1000,civilizational-consciousness,,svayambodha
b1000:599,Ramakrishna and His Disciples,Christopher Isherwood,book,bharata1000,civilizational-consciousness,,svayambodha
b1000:600,The Life of Swami Vivekananda,His Eastern and Western Disciples (2 vols),book,bharata1000,civilizational-consciousness,,svayambodha
b1000:601,Vivekananda: A Biography,Swami Nikhilananda,book,bharata1000,civilizational-consciousness,,svayambodha
b1000:602,Swami Vivekananda,Sailendra Nath Dhar,book,bharata1000,civilizational-consciousness,,svayambodha
b1000:603,The Master as I Saw Him,Sister Nivedita,book,bharata1000,civilizational-consciousness,,svayambodha
b1000:604,The Web of Indian Life,Sister Nivedita,book,bharata1000,civilizational-consciousness,,svayambodha
b1000:605,Cradle Tales of Hinduism,Sister Nivedita,book,bharata1000,civilizational-consciousness,,svayambodha
b1000:606,Footfalls of Indian History,Sister Nivedita,book,bharata1000,civilizational-consciousness,,svayambodha
b1000:607,Hindu View of Life,S. Radhakrishnan,book,bharata1000,civilizational-consciousness,,svayambodha
b1000:608,The Hindu View of Christ,S. Radhakrishnan (in Eastern Religions and Western Thought),book,bharata1000,civilizational-consciousness,,svayambodha
b1000:609,Eastern Religions and Western Thought,S. Radhakrishnan,book,bharata1000,civilizational-consciousness,,svayambodha
b1000:610,The Idealist View of Life,S. Radhakrishnan,book,bharata1000,civilizational-consciousness,,svayambodha
b1000:611,Recovery of Faith,S. Radhakrishnan,book,bharata1000,civilizational-consciousness,,svayambodha
b1000:612,Religion and Society,S. Radhakrishnan,book,bharata1000,civilizational-consciousness,,svayambodha
b1000:613,Talks with Sri Ramana Maharshi,Munagala Venkataramiah,book,bharata1000,darshanas-and-philosophy,,
b1000:614,Be As You Are: The Teachings of Sri Ramana Maharshi,David Godman,book,bharata1000,darshanas-and-philosophy,,
b1000:615,Day by Day with Bhagavan,A. Devaraja Mudaliar,book,bharata1000,darshanas-and-philosophy,,
b1000:616,Sri Ramana Gita,Kavyakantha Ganapati Muni,book,bharata1000,darshanas-and-philosophy,,
b1000:617,Ulladu Narpadu (Forty Verses on Reality),Sri Ramana (with various commentaries),book,bharata1000,darshanas-and-philosophy,,
b1000:618,The Spiritual Teachings of Ramana Maharshi,Ramana Maharshi,book,bharata1000,darshanas-and-philosophy,,
b1000:619,The Mountain Path Anthology,Ramanasramam,book,bharata1000,darshanas-and-philosophy,,
b1000:620,Ramana Maharshi and the Path of Self-Knowledge,Arthur Osborne,book,bharata1000,darshanas-and-philosophy,,
b1000:621,The Collected Works of Ramana Maharshi,Arthur Osborne (ed.),book,bharata1000,darshanas-and-philosophy,,
b1000:622,I Am That,Sri Nisargadatta Maharaj (Maurice Frydman),book,bharata1000,darshanas-and-philosophy,,
b1000:623,Seeds of Consciousness,Sri Nisargadatta Maharaj,book,bharata1000,darshanas-and-philosophy,,
b1000:624,Prior to Consciousness,Sri Nisargadatta Maharaj,book,bharata1000,darshanas-and-philosophy,,
b1000:625,Consciousness and the Absolute,Sri Nisargadatta Maharaj,book,bharata1000,darshanas-and-philosophy,,
b1000:626,The Ultimate Medicine,Sri Nisargadatta Maharaj,book,bharata1000,darshanas-and-philosophy,,
b1000:627,The Nectar of Immortality,Sri Nisargadatta Maharaj,book,bharata1000,darshanas-and-philosophy,,
b1000:628,Living from the Heart,Robert Adams,book,bharata1000,darshanas-and-philosophy,,
b1000:629,Final Talks,Annamalai Swami,book,bharata1000,darshanas-and-philosophy,,
b1000:630,Living by the Words of Bhagavan,David Godman,book,bharata1000,darshanas-and-philosophy,,
b1000:631,The Precepts of Jesus,Rammohan Roy,book,bharata1000,history-and-civilizational-recovery,,svayambodha
b1000:632,Translation of an Abridgement of the Vedant,Rammohan Roy,book,bharata1000,history-and-civilizational-recovery,,svayambodha
b1000:633,Selected Works of Raja Rammohun Roy,Sushobhan Sarkar (ed.),book,bharata1000,history-and-civilizational-recovery,,svayambodha
b1000:634,The Brahmo Samaj,Sivanath Sastri,book,bharata1000,history-and-civilizational-recovery,,svayambodha
b1000:635,Autobiography of Maharshi Devendranath Tagore,Devendranath Tagore,book,bharata1000,history-and-civilizational-recovery,,svayambodha
b1000:636,The Life and Letters of Keshub Chunder Sen,P. C. Mozoomdar,book,bharata1000,history-and-civilizational-recovery,,svayambodha
b1000:637,Satyarth Prakash,Swami Dayananda Saraswati,book,bharata1000,history-and-civilizational-recovery,,svayambodha
b1000:638,The Light of Truth,Swami Dayananda Saraswati (Satyarth Prakash trans.),book,bharata1000,history-and-civilizational-recovery,,svayambodha
b1000:639,Dayananda Saraswati: His Life and Ideas,J. T. F. Jordens,book,bharata1000,history-and-civilizational-recovery,,svayambodha
b1000:640,The Arya Samaj,Lala Lajpat Rai,book,bharata1000,history-and-civilizational-recovery,,svayambodha
b1000:641,The Theosophical Movement,Charles J. Ryan,book,bharata1000,history-and-civilizational-recovery,,svayambodha
b1000:642,Studies in the History of the Indian Renaissance,David Kopf,book,bharata1000,history-and-civilizational-recovery,,svayambodha
b1000:643,The Brahmo Samaj and the Shaping of the Modern Indian Mind,David Kopf,book,bharata1000,history-and-civilizational-recovery,,svayambodha
b1000:644,British Orientalism and the Bengal Renaissance,David Kopf,book,bharata1000,history-and-civilizational-recovery,,svayambodha
b1000:645,The Ideologies of the Raj,Thomas R. Metcalf,book,bharata1000,history-and-civilizational-recovery,,svayambodha
b1000:646,The Discovery of India,Jawaharlal Nehru,book,bharata1000,history-and-civilizational-recovery,,svayambodha
b1000:647,Hind Swaraj,M. K. Gandhi,book,bharata1000,history-and-civilizational-recovery,,svayambodha
b1000:648,The Story of My Experiments with Truth,M. K. Gandhi,book,bharata1000,history-and-civilizational-recovery,,svayambodha
b1000:649,From Yeravda Mandir,M. K. Gandhi,book,bharata1000,history-and-civilizational-recovery,,svayambodha
b1000:650,Anasakti Yoga,M. K. Gandhi,book,bharata1000,history-and-civilizational-recovery,,svayambodha
b1000:651,The Eternal Religion,Ananda Coomaraswamy,book,bharata1000,history-and-civilizational-recovery,indology-and-civilizational-critique,svayambodha
b1000:652,The Dance of Shiva,Ananda Coomaraswamy,book,bharata1000,history-and-civilizational-recovery,indology-and-civilizational-critique,svayambodha
b1000:653,Hinduism and Buddhism,Ananda Coomaraswamy,book,bharata1000,history-and-civilizational-recovery,indology-and-civilizational-critique,svayambodha
b1000:654,The Transformation of Nature in Art,Ananda Coomaraswamy,book,bharata1000,history-and-civilizational-recovery,indology-and-civilizational-critique,svayambodha
b1000:655,Christian and Oriental Philosophy of Art,Ananda Coomaraswamy,book,bharata1000,history-and-civilizational-recovery,indology-and-civilizational-critique,svayambodha
b1000:656,Time and Eternity,Ananda Coomaraswamy,book,bharata1000,history-and-civilizational-recovery,indology-and-civilizational-critique,svayambodha
b1000:657,Spiritual Authority and Temporal Power in the Indian Theory of Government,Ananda Coomaraswamy,book,bharata1000,history-and-civilizational-recovery,indology-and-civilizational-critique,svayambodha
b1000:658,Yakshas,Ananda Coomaraswamy,book,bharata1000,history-and-civilizational-recovery,indology-and-civilizational-critique,svayambodha
b1000:659,The Bugbear of Literacy,Ananda Coomaraswamy,book,bharata1000,history-and-civilizational-recovery,indology-and-civilizational-critique,svayambodha
b1000:660,Am I My Brother's Keeper?,Ananda Coomaraswamy,book,bharata1000,history-and-civilizational-recovery,indology-and-civilizational-critique,svayambodha
b1000:661,Selected Papers,"Ananda Coomaraswamy (Roger Lipsey ed., 3 vols)",book,bharata1000,history-and-civilizational-recovery,indology-and-civilizational-critique,svayambodha
b1000:662,The Wonder That Was India,A. L. Basham,book,bharata1000,history-and-civilizational-recovery,indology-and-civilizational-critique,svayambodha
b1000:663,The Origins and Development of Classical Hinduism,A. L. Basham,book,bharata1000,history-and-civilizational-recovery,indology-and-civilizational-critique,svayambodha
b1000:664,Ancient Indian Tradition and Mythology,Bibek Debroy & Dipavali Debroy,book,bharata1000,history-and-civilizational-recovery,indology-and-civilizational-critique,svayambodha
b1000:665,India: A Sacred Geography,Diana Eck,book,bharata1000,history-and-civilizational-recovery,indology-and-civilizational-critique,svayambodha
b1000:666,Banaras: City of Light,Diana Eck,book,bharata1000,history-and-civilizational-recovery,indology-and-civilizational-critique,svayambodha
b1000:667,Darsan: Seeing the Divine Image in India,Diana Eck,book,bharata1000,history-and-civilizational-recovery,indology-and-civilizational-critique,svayambodha
b1000:668,The Hindu Pantheon,Edward Moor,book,bharata1000,history-and-civilizational-recovery,indology-and-civilizational-critique,svayambodha
b1000:669,The Soul of India,Bipin Chandra Pal,book,bharata1000,history-and-civilizational-recovery,indology-and-civilizational-critique,svayambodha
b1000:670,Bharata Shakti,Bipin Chandra Pal,book,bharata1000,history-and-civilizational-recovery,indology-and-civilizational-critique,svayambodha
b1000:671,India's Past,A. A. Macdonell,book,bharata1000,history-and-civilizational-recovery,indology-and-civilizational-critique,svayambodha
b1000:672,Aspects of Hindu Civilization,Devesh Soneji (ed.),book,bharata1000,history-and-civilizational-recovery,indology-and-civilizational-critique,svayambodha
b1000:673,The Hindu Mind,Bansi Pandit,book,bharata1000,history-and-civilizational-recovery,indology-and-civilizational-critique,svayambodha
b1000:674,Eternal India,Indira Gandhi,book,bharata1000,history-and-civilizational-recovery,indology-and-civilizational-critique,svayambodha
b1000:675,Indian Renaissance,Sri Aurobindo (already listed; the multi-essay collection),book,bharata1000,history-and-civilizational-recovery,indology-and-civilizational-critique,svayambodha
b1000:676,The Rise of the Indian Civilization,D. P. Singhal,book,bharata1000,history-and-civilizational-recovery,indology-and-civilizational-critique,svayambodha
b1000:677,India and World Civilization,D. P. Singhal (2 vols),book,bharata1000,history-and-civilizational-recovery,indology-and-civilizational-critique,svayambodha
b1000:678,The Indus Civilization,Mortimer Wheeler,book,bharata1000,history-and-civilizational-recovery,indology-and-civilizational-critique,svayambodha
b1000:679,The Indus Civilization: A Contemporary Perspective,Gregory Possehl,book,bharata1000,history-and-civilizational-recovery,indology-and-civilizational-critique,svayambodha
b1000:680,The Indus Saga and the Making of Pakistan,Aitzaz Ahsan (counterpoint reading),book,bharata1000,history-and-civilizational-recovery,indology-and-civilizational-critique,svayambodha
b1000:681,Foundations of Indian Culture,Shri KM Munshi,book,bharata1000,history-and-civilizational-recovery,indology-and-civilizational-critique,svayambodha
b1000:682,The Lost River: On the Trail of the Sarasvati,Michel Danino,book,bharata1000,sindhu-sarasvati-and-origins,,purva-paksha
b1000:683,Indian Culture and India's Future,Michel Danino,book,bharata1000,sindhu-sarasvati-and-origins,,purva-paksha
b1000:684,The Invasion That Never Was,Michel Danino,book,bharata1000,sindhu-sarasvati-and-origins,,purva-paksha
b1000:685,The Sarasvati Flows On,B. B. Lal,book,bharata1000,sindhu-sarasvati-and-origins,,purva-paksha
b1000:686,Rigvedic Aryans and the Saraswati-Sindhu Civilization,B. B. Lal,book,bharata1000,sindhu-sarasvati-and-origins,,purva-paksha
b1000:687,The Earliest Civilisation of South Asia,B. B. Lal,book,bharata1000,sindhu-sarasvati-and-origins,,purva-paksha
b1000:688,India 1947–1997: New Light on the Indus Civilization,B. B. Lal,book,bharata1000,sindhu-sarasvati-and-origins,,purva-paksha
b1000:689,Homeland of the Aryans,Talageri Shrikant,book,bharata1000,sindhu-sarasvati-and-origins,,purva-paksha
b1000:690,The Rigveda: A Historical Analysis,Shrikant Talageri,book,bharata1000,sindhu-sarasvati-and-origins,,purva-paksha
b1000:691,The Rigveda and the Avesta,Shrikant Talageri,book,bharata1000,sindhu-sarasvati-and-origins,,purva-paksha
b1000:692,"Genetics, Geology, and the Aryan Debate",Shrikant Talageri (essays),book,bharata1000,sindhu-sarasvati-and-origins,,purva-paksha
b1000:693,Aryan Invasion Theory and Indian Nationalism,Shrikant Talageri,book,bharata1000,sindhu-sarasvati-and-origins,,purva-paksha
b1000:694,The Aryan Invasion Theory: A Reappraisal,Shrikant Talageri,book,bharata1000,sindhu-sarasvati-and-origins,,purva-paksha
b1000:695,Update on the Aryan Invasion Debate,Koenraad Elst,book,bharata1000,sindhu-sarasvati-and-origins,,purva-paksha
b1000:696,Asterisk in Bharopiyasthan,Koenraad Elst,book,bharata1000,sindhu-sarasvati-and-origins,,purva-paksha
b1000:697,The Saffron Swastika,Koenraad Elst,book,bharata1000,sindhu-sarasvati-and-origins,,purva-paksha
b1000:698,Decolonizing the Hindu Mind,Koenraad Elst,book,bharata1000,sindhu-sarasvati-and-origins,,purva-paksha
b1000:699,Negationism in India,Koenraad Elst,book,bharata1000,sindhu-sarasvati-and-origins,,purva-paksha
b1000:700,Who Is a Hindu?,Koenraad Elst,book,bharata1000,sindhu-sarasvati-and-origins,,purva-paksha
b1000:701,Origin of Brahmi Script,Subhash Kak,book,bharata1000,sindhu-sarasvati-and-origins,,purva-paksha
b1000:702,The Astronomical Code of the Rigveda,Subhash Kak,book,bharata1000,sindhu-sarasvati-and-origins,,purva-paksha
b1000:703,In Search of the Cradle of Civilization,"Georg Feuerstein, Subhash Kak, David Frawley",book,bharata1000,sindhu-sarasvati-and-origins,,purva-paksha
b1000:704,"Gods, Sages and Kings",David Frawley,book,bharata1000,sindhu-sarasvati-and-origins,,purva-paksha
b1000:705,The Rig Veda and the History of India,David Frawley,book,bharata1000,sindhu-sarasvati-and-origins,,purva-paksha
b1000:706,"Hidden Horizons: Unearthing 10,000 Years of Indian Culture",Saraswati Research Centre,book,bharata1000,sindhu-sarasvati-and-origins,,purva-paksha
b1000:707,Early Indians,Tony Joseph (counterpoint),book,bharata1000,sindhu-sarasvati-and-origins,,purva-paksha
b1000:708,The Aryans: A History and an Archaeology of Origins,Edwin Bryant (multiple titles),book,bharata1000,sindhu-sarasvati-and-origins,,purva-paksha
b1000:709,The Quest for the Origins of Vedic Culture,Edwin Bryant,book,bharata1000,sindhu-sarasvati-and-origins,,purva-paksha
b1000:710,The Indo-Aryan Controversy,Edwin Bryant & Laurie Patton (eds.),book,bharata1000,sindhu-sarasvati-and-origins,,purva-paksha
b1000:711,"The Horse, the Wheel, and Language",David W. Anthony (counterpoint),book,bharata1000,sindhu-sarasvati-and-origins,,purva-paksha
b1000:712,India: A History,John Keay,book,bharata1000,history-and-civilizational-recovery,,civilizational-consciousness
b1000:713,India in the Vedic Age,A. C. Das,book,bharata1000,history-and-civilizational-recovery,,civilizational-consciousness
b1000:714,A History of India,Romila Thapar (Vol. 1),book,bharata1000,history-and-civilizational-recovery,,civilizational-consciousness
b1000:715,Early India: From the Origins to A.D. 1300,Romila Thapar,book,bharata1000,history-and-civilizational-recovery,,civilizational-consciousness
b1000:716,From Lineage to State,Romila Thapar,book,bharata1000,history-and-civilizational-recovery,,civilizational-consciousness
b1000:717,Asoka and the Decline of the Mauryas,Romila Thapar,book,bharata1000,history-and-civilizational-recovery,,civilizational-consciousness
b1000:718,The Past Before Us,Romila Thapar,book,bharata1000,history-and-civilizational-recovery,,civilizational-consciousness
b1000:719,Cultural Pasts,Romila Thapar,book,bharata1000,history-and-civilizational-recovery,,civilizational-consciousness
b1000:720,Ancient Indian Social History,Romila Thapar,book,bharata1000,history-and-civilizational-recovery,,civilizational-consciousness
b1000:721,The Mauryas Revisited,Romila Thapar (counterpoint reading),book,bharata1000,history-and-civilizational-recovery,,civilizational-consciousness
b1000:722,Ancient India,R. C. Majumdar,book,bharata1000,history-and-civilizational-recovery,,civilizational-consciousness
b1000:723,The History and Culture of the Indian People,"R. C. Majumdar (ed., 11 vols, Bharatiya Vidya Bhavan)",book,bharata1000,history-and-civilizational-recovery,,civilizational-consciousness
b1000:724,Corpus of Indian Studies,R. C. Majumdar,book,bharata1000,history-and-civilizational-recovery,,civilizational-consciousness
b1000:725,India and Central Asia,Buddha Prakash,book,bharata1000,history-and-civilizational-recovery,,civilizational-consciousness
b1000:726,Ancient India,Sailendra Nath Sen,book,bharata1000,history-and-civilizational-recovery,,civilizational-consciousness
b1000:727,Indian Antiquities,Thomas Maurice,book,bharata1000,history-and-civilizational-recovery,,civilizational-consciousness
b1000:728,The Age of the Imperial Guptas,R. C. Majumdar & A. S. Altekar,book,bharata1000,history-and-civilizational-recovery,,civilizational-consciousness
b1000:729,The Gupta Empire,R. C. Majumdar,book,bharata1000,history-and-civilizational-recovery,,civilizational-consciousness
b1000:730,The Classical Age,R. C. Majumdar (ed.),book,bharata1000,history-and-civilizational-recovery,,civilizational-consciousness
b1000:731,Hindu Polity,K. P. Jayaswal,book,bharata1000,history-and-civilizational-recovery,,civilizational-consciousness
b1000:732,Ancient Indian Polity,Anant Sadashiv Altekar,book,bharata1000,history-and-civilizational-recovery,,civilizational-consciousness
b1000:733,State and Government in Ancient India,A. S. Altekar,book,bharata1000,history-and-civilizational-recovery,,civilizational-consciousness
b1000:734,Education in Ancient India,A. S. Altekar,book,bharata1000,history-and-civilizational-recovery,,civilizational-consciousness
b1000:735,The Position of Women in Hindu Civilization,A. S. Altekar,book,bharata1000,history-and-civilizational-recovery,,civilizational-consciousness
b1000:736,The Cambridge History of India (Ancient India volumes),E. J. Rapson (ed.),book,bharata1000,history-and-civilizational-recovery,,civilizational-consciousness
b1000:737,The Oxford History of India,Vincent Smith / Percival Spear,book,bharata1000,history-and-civilizational-recovery,,civilizational-consciousness
b1000:738,India in the Time of Patanjali,B. N. Puri,book,bharata1000,history-and-civilizational-recovery,,civilizational-consciousness
b1000:739,Ancient Indian Education,Radha Kumud Mookerji,book,bharata1000,history-and-civilizational-recovery,,civilizational-consciousness
b1000:740,Hindu Civilization,Radha Kumud Mookerji,book,bharata1000,history-and-civilizational-recovery,,civilizational-consciousness
b1000:741,Chandragupta Maurya and His Times,Radha Kumud Mookerji,book,bharata1000,history-and-civilizational-recovery,,civilizational-consciousness
b1000:742,Asoka,Radha Kumud Mookerji,book,bharata1000,history-and-civilizational-recovery,,civilizational-consciousness
b1000:743,The Fundamental Unity of India,Radha Kumud Mookerji,book,bharata1000,history-and-civilizational-recovery,,civilizational-consciousness
b1000:744,The History of South India,K. A. Nilakanta Sastri,book,bharata1000,history-and-civilizational-recovery,,civilizational-consciousness
b1000:745,The Cholas,K. A. Nilakanta Sastri,book,bharata1000,history-and-civilizational-recovery,,civilizational-consciousness
b1000:746,A History of South India: From Prehistoric Times to the Fall of Vijayanagar,K. A. Nilakanta Sastri,book,bharata1000,history-and-civilizational-recovery,,civilizational-consciousness
b1000:747,The Pandyan Kingdom,K. A. Nilakanta Sastri,book,bharata1000,history-and-civilizational-recovery,,civilizational-consciousness
b1000:748,The Cultural Heritage of India,Ramakrishna Mission Institute (5 vols),book,bharata1000,history-and-civilizational-recovery,,civilizational-consciousness
b1000:749,Fractal Mandala - A History of Ancient India,Amritanshu Pandey,book,bharata1000,history-and-civilizational-recovery,,civilizational-consciousness
b1000:750,The Imperial Vijayanagara Empire,Robert Sewell (A Forgotten Empire),book,bharata1000,history-and-civilizational-recovery,indology-and-civilizational-critique,shatrubodha
b1000:751,Vijayanagara: The City and the Empire,A. V. Subrahmanya,book,bharata1000,history-and-civilizational-recovery,indology-and-civilizational-critique,shatrubodha
b1000:752,The Vijayanagara Empire,N. Venkataramanayya,book,bharata1000,history-and-civilizational-recovery,indology-and-civilizational-critique,shatrubodha
b1000:753,Splendours of Vijayanagara,Padma Kaimal et al.,book,bharata1000,history-and-civilizational-recovery,indology-and-civilizational-critique,shatrubodha
b1000:754,A Forgotten Empire (Vijayanagar),Robert Sewell,book,bharata1000,history-and-civilizational-recovery,indology-and-civilizational-critique,shatrubodha
b1000:755,The Cholas,Nilakanta Sastri (re-listing because foundational),book,bharata1000,history-and-civilizational-recovery,indology-and-civilizational-critique,shatrubodha
b1000:756,Medieval India,Satish Chandra (2 vols),book,bharata1000,history-and-civilizational-recovery,indology-and-civilizational-critique,shatrubodha
b1000:757,The Last Mughal,William Dalrymple,book,bharata1000,history-and-civilizational-recovery,indology-and-civilizational-critique,shatrubodha
b1000:758,"The Anarchy: The East India Company, Corporate Violence, and the Pillage of an Empire",William Dalrymple,book,bharata1000,history-and-civilizational-recovery,indology-and-civilizational-critique,shatrubodha
b1000:759,White Mughals,William Dalrymple,book,bharata1000,history-and-civilizational-recovery,indology-and-civilizational-critique,shatrubodha
b1000:760,The Return of a King,William Dalrymple,book,bharata1000,history-and-civilizational-recovery,indology-and-civilizational-critique,shatrubodha
b1000:761,The Aurangzeb Reader,Audrey Truschke,book,bharata1000,history-and-civilizational-recovery,indology-and-civilizational-critique,shatrubodha
b1000:762,Aurangzeb: The Man and the Myth,Audrey Truschke,book,bharata1000,history-and-civilizational-recovery,indology-and-civilizational-critique,shatrubodha
b1000:763,Tipu Sultan: As Known in Kerala,Ravi Varma (regional perspective),book,bharata1000,history-and-civilizational-recovery,indology-and-civilizational-critique,shatrubodha
b1000:764,Tipu Sultan: The Tyrant of Mysore,Sandeep Balakrishna,book,bharata1000,history-and-civilizational-recovery,indology-and-civilizational-critique,shatrubodha
b1000:765,70 Years of Secularism,Sandeep Balakrishna,book,bharata1000,history-and-civilizational-recovery,indology-and-civilizational-critique,shatrubodha
b1000:766,Stories from Indian History,Sandeep Balakrishna (ed.),book,bharata1000,history-and-civilizational-recovery,indology-and-civilizational-critique,shatrubodha
b1000:767,The Indian Struggle,Subhas Chandra Bose,book,bharata1000,history-and-civilizational-recovery,indology-and-civilizational-critique,shatrubodha
b1000:768,India's Struggle for Independence,Bipan Chandra,book,bharata1000,history-and-civilizational-recovery,indology-and-civilizational-critique,shatrubodha
b1000:769,India After Independence,Bipan Chandra et al.,book,bharata1000,history-and-civilizational-recovery,indology-and-civilizational-critique,shatrubodha
b1000:770,India Wins Freedom,Maulana Abul Kalam Azad,book,bharata1000,history-and-civilizational-recovery,indology-and-civilizational-critique,shatrubodha
b1000:771,The Indian Freedom Struggle,Tara Chand (4 vols),book,bharata1000,history-and-civilizational-recovery,indology-and-civilizational-critique,shatrubodha
b1000:772,The Untold Story of Indian Partition,Narendra Singh Sarila,book,bharata1000,history-and-civilizational-recovery,indology-and-civilizational-critique,shatrubodha
b1000:773,Being Different: An Indian Challenge to Western Universalism,Rajiv Malhotra,book,bharata1000,indology-and-civilizational-critique,,shatrubodha
b1000:774,Breaking India,Rajiv Malhotra & Aravindan Neelakandan,book,bharata1000,indology-and-civilizational-critique,,shatrubodha
b1000:775,Indra's Net,Rajiv Malhotra,book,bharata1000,indology-and-civilizational-critique,,shatrubodha
b1000:776,The Battle for Sanskrit,Rajiv Malhotra,book,bharata1000,indology-and-civilizational-critique,,shatrubodha
b1000:777,Academic Hinduphobia,Rajiv Malhotra,book,bharata1000,indology-and-civilizational-critique,,shatrubodha
b1000:778,Snakes in the Ganga,Rajiv Malhotra & Vijaya Viswanathan,book,bharata1000,indology-and-civilizational-critique,,shatrubodha
b1000:779,The Imagined Religion,Rajiv Malhotra (in critical essays),book,bharata1000,indology-and-civilizational-critique,,shatrubodha
b1000:780,Sanjeev Sanyal,The Ocean of Churn,book,bharata1000,indology-and-civilizational-critique,,shatrubodha
b1000:781,Land of the Seven Rivers,Sanjeev Sanyal,book,bharata1000,indology-and-civilizational-critique,,shatrubodha
b1000:782,The Indian Renaissance,Sanjeev Sanyal,book,bharata1000,indology-and-civilizational-critique,,shatrubodha
b1000:783,The Incarnations of India,Sanjeev Sanyal,book,bharata1000,indology-and-civilizational-critique,,shatrubodha
b1000:784,Revolutionaries,Sanjeev Sanyal,book,bharata1000,indology-and-civilizational-critique,,shatrubodha
b1000:785,The Heathen in His Blindness,S. N. Balagangadhara,book,bharata1000,indology-and-civilizational-critique,,shatrubodha
b1000:786,Reconceptualizing India Studies,S. N. Balagangadhara,book,bharata1000,indology-and-civilizational-critique,,shatrubodha
b1000:787,Do All Roads Lead to Jerusalem?,S. N. Balagangadhara,book,bharata1000,indology-and-civilizational-critique,,shatrubodha
b1000:788,Western Foundations of the Caste System,"Martin Fárek, Dunkin Jalki, Sufiya Pathan, Prakash Shah (eds.)",book,bharata1000,indology-and-civilizational-critique,,shatrubodha
b1000:789,The Caste System in India,Jodi O'Brien (counterpoint),book,bharata1000,indology-and-civilizational-critique,,shatrubodha
b1000:790,Caste,Surinder Jodhka,book,bharata1000,indology-and-civilizational-critique,,shatrubodha
b1000:791,Western Indology and Its Quest for Power,Sandeep Balakrishna,book,bharata1000,indology-and-civilizational-critique,,shatrubodha
b1000:792,Invading the Sacred,"Krishnan Ramaswamy, Antonio de Nicolas, Aditi Banerjee (eds.)",book,bharata1000,indology-and-civilizational-critique,,shatrubodha
b1000:793,The Battle for Sanskrit (companion volume),Rajiv Malhotra,book,bharata1000,indology-and-civilizational-critique,,shatrubodha
b1000:794,Decolonizing the Mind,Ngugi wa Thiong'o (comparative reading),book,bharata1000,indology-and-civilizational-critique,,shatrubodha
b1000:795,Orientalism,Edward Said (foundational counter-context),book,bharata1000,indology-and-civilizational-critique,,shatrubodha
b1000:796,Eurocentrism,Samir Amin,book,bharata1000,indology-and-civilizational-critique,,shatrubodha
b1000:797,Empire of Reason,Pankaj Mishra (selections),book,bharata1000,indology-and-civilizational-critique,,shatrubodha
b1000:798,From the Ruins of Empire,Pankaj Mishra,book,bharata1000,indology-and-civilizational-critique,,shatrubodha
b1000:799,The Great Hindu Civilisation,Pavan Varma,book,bharata1000,indology-and-civilizational-critique,,shatrubodha
b1000:800,Becoming Indian,Pavan Varma,book,bharata1000,indology-and-civilizational-critique,,shatrubodha
b1000:801,The Greater India,R. C. Majumdar,book,bharata1000,indology-and-civilizational-critique,,shatrubodha
b1000:802,"Hindu Manners, Customs and Ceremonies","Abbé J. A. Dubois (period source, read critically)",book,bharata1000,indology-and-civilizational-critique,,shatrubodha
b1000:803,Svayambodha and Shatrubodha - Hindu View of Self and the World,Pankaj Saxena,book,bharata1000,indology-and-civilizational-critique,,shatrubodha
b1000:804,The Nay Science: A History of German Indology,"Vishwa Adluri, Joydeep Bagchee",book,bharata1000,indology-and-civilizational-critique,,shatrubodha
b1000:805,The Hindus: An Alternative History,Wendy Doniger,book,bharata1000,indology-and-civilizational-critique,,purva-paksha
b1000:806,The Camphor Flame,Christopher Fuller,book,bharata1000,indology-and-civilizational-critique,,purva-paksha
b1000:807,The Renewal of the Priesthood,Christopher Fuller,book,bharata1000,indology-and-civilizational-critique,,purva-paksha
b1000:808,Modern Hinduism,David Smith,book,bharata1000,indology-and-civilizational-critique,,purva-paksha
b1000:809,Hinduism and Modernity,David Smith,book,bharata1000,indology-and-civilizational-critique,,purva-paksha
b1000:810,An Introduction to Hinduism,Gavin Flood,book,bharata1000,indology-and-civilizational-critique,,purva-paksha
b1000:811,The Blackwell Companion to Hinduism,Gavin Flood (ed.),book,bharata1000,indology-and-civilizational-critique,,purva-paksha
b1000:812,The Truth Within: A History of Inwardness,Gavin Flood,book,bharata1000,indology-and-civilizational-critique,,purva-paksha
b1000:813,The Importance of Religion,Gavin Flood,book,bharata1000,indology-and-civilizational-critique,,purva-paksha
b1000:814,Religion in India,Robert Eric Frykenberg,book,bharata1000,indology-and-civilizational-critique,,purva-paksha
b1000:815,Hinduism in India,Will Sweetman & Aditya Malik (eds.),book,bharata1000,indology-and-civilizational-critique,,purva-paksha
b1000:816,The Construction of Religious Boundaries,Harjot Oberoi,book,bharata1000,indology-and-civilizational-critique,,purva-paksha
b1000:817,Imagining India,Ronald Inden,book,bharata1000,indology-and-civilizational-critique,,purva-paksha
b1000:818,Text and Tradition in South India,"Velcheru Narayana Rao, David Shulman, Sanjay Subrahmanyam",book,bharata1000,indology-and-civilizational-critique,,purva-paksha
b1000:819,Symbols of Substance,"Velcheru Narayana Rao, David Shulman, Sanjay Subrahmanyam",book,bharata1000,indology-and-civilizational-critique,,purva-paksha
b1000:820,Textures of Time,"Velcheru Narayana Rao, David Shulman, Sanjay Subrahmanyam",book,bharata1000,indology-and-civilizational-critique,,purva-paksha
b1000:821,The Cosmic Drama,Doris Srinivasan,book,bharata1000,indology-and-civilizational-critique,,purva-paksha
b1000:822,"Many Heads, Arms, and Eyes",Doris Srinivasan,book,bharata1000,indology-and-civilizational-critique,,purva-paksha
b1000:823,The Power of Tantra,Hugh Urban,book,bharata1000,indology-and-civilizational-critique,,purva-paksha
b1000:824,"Tantra: Sex, Secrecy, Politics, and Power",Hugh Urban,book,bharata1000,indology-and-civilizational-critique,,purva-paksha
b1000:825,Zen and the Art of Postmodern Philosophy,David Loy,book,bharata1000,indology-and-civilizational-critique,,purva-paksha
b1000:826,Religion and Power,Daud Ali (ed.),book,bharata1000,indology-and-civilizational-critique,,purva-paksha
b1000:827,Courtly Culture and Political Life in Early Medieval India,Daud Ali,book,bharata1000,indology-and-civilizational-critique,,purva-paksha
b1000:828,Forms of Knowledge in Early Modern Asia,Sheldon Pollock (ed.),book,bharata1000,indology-and-civilizational-critique,,purva-paksha
b1000:829,The Conquest of the World by 30 Letters,Sheldon Pollock (essay),book,bharata1000,indology-and-civilizational-critique,,purva-paksha
b1000:830,Sanskrit Knowledge Systems on the Eve of Colonialism,Sheldon Pollock (essay collection),book,bharata1000,indology-and-civilizational-critique,,purva-paksha
b1000:831,The Battle for Sanskrit,Rajiv Malhotra (full vol.),book,bharata1000,indology-and-civilizational-critique,,svayambodha
b1000:832,Hindutva: Who is a Hindu?,V. D. Savarkar,book,bharata1000,indology-and-civilizational-critique,,svayambodha
b1000:833,Six Glorious Epochs of Indian History,V. D. Savarkar,book,bharata1000,indology-and-civilizational-critique,,svayambodha
b1000:834,The Indian War of Independence 1857,V. D. Savarkar,book,bharata1000,indology-and-civilizational-critique,,svayambodha
b1000:835,"We, or Our Nationhood Defined",M. S. Golwalkar,book,bharata1000,indology-and-civilizational-critique,,svayambodha
b1000:836,Bunch of Thoughts,M. S. Golwalkar,book,bharata1000,indology-and-civilizational-critique,,svayambodha
b1000:837,Why I Am a Hindu,Shashi Tharoor,book,bharata1000,indology-and-civilizational-critique,,svayambodha
b1000:838,An Era of Darkness,Shashi Tharoor,book,bharata1000,indology-and-civilizational-critique,,svayambodha
b1000:839,Inglorious Empire,Shashi Tharoor,book,bharata1000,indology-and-civilizational-critique,,svayambodha
b1000:840,Hindu Society at Cross Roads,K. M. Munshi,book,bharata1000,indology-and-civilizational-critique,,svayambodha
b1000:841,The Saga of Indian Sculpture,K. M. Munshi,book,bharata1000,indology-and-civilizational-critique,,svayambodha
b1000:842,Bhagavad-gita,K. M. Munshi (introductions and lectures),book,bharata1000,indology-and-civilizational-critique,,svayambodha
b1000:843,Krishnavatara,K. M. Munshi (multi-vol historical novel),book,bharata1000,indology-and-civilizational-critique,,svayambodha
b1000:845,The Voice of God,Kanchi Mahaswami (compilation),book,bharata1000,indology-and-civilizational-critique,,svayambodha
b1000:846,Bharat Ek Khoj of the Sanatana Dharma,V. R. Devika,book,bharata1000,indology-and-civilizational-critique,,svayambodha
b1000:847,Eternal Bharat,Aurobindo (ed. compilation),book,bharata1000,indology-and-civilizational-critique,,svayambodha
b1000:848,The Hindu Civilization,N. S. Rajaram,book,bharata1000,indology-and-civilizational-critique,,svayambodha
b1000:849,The Politics of History,N. S. Rajaram,book,bharata1000,indology-and-civilizational-critique,,svayambodha
b1000:850,Sarasvati River and the Vedic Civilization,N. S. Rajaram,book,bharata1000,indology-and-civilizational-critique,,svayambodha
b1000:851,Elements of Hindu Iconography,T. A. Gopinatha Rao (4 vols),book,bharata1000,arts-and-aesthetics,,
b1000:852,The Hindu Temple,Stella Kramrisch (2 vols),book,bharata1000,arts-and-aesthetics,,
b1000:853,The Presence of Siva,Stella Kramrisch,book,bharata1000,arts-and-aesthetics,,
b1000:854,The Vishnudharmottara,Stella Kramrisch,book,bharata1000,arts-and-aesthetics,,
b1000:855,Manifestations of Shiva,Stella Kramrisch,book,bharata1000,arts-and-aesthetics,,
b1000:856,Indian Sculpture,Stella Kramrisch,book,bharata1000,arts-and-aesthetics,,
b1000:857,Exploring India's Sacred Art,Stella Kramrisch (ed. Barbara Stoler Miller),book,bharata1000,arts-and-aesthetics,,
b1000:858,Art and Architecture of India,Benjamin Rowland,book,bharata1000,arts-and-aesthetics,,
b1000:859,The Art of Indian Asia,Heinrich Zimmer (2 vols),book,bharata1000,arts-and-aesthetics,,
b1000:860,Myths and Symbols in Indian Art and Civilization,Heinrich Zimmer,book,bharata1000,arts-and-aesthetics,,
b1000:861,The King and the Corpse,Heinrich Zimmer,book,bharata1000,arts-and-aesthetics,,
b1000:862,Philosophies of India,Heinrich Zimmer,book,bharata1000,arts-and-aesthetics,,
b1000:863,Indian Art,Vidya Dehejia,book,bharata1000,arts-and-aesthetics,,
b1000:864,Indian Painting,Vidya Dehejia,book,bharata1000,arts-and-aesthetics,,
b1000:865,The Body Adorned,Vidya Dehejia,book,bharata1000,arts-and-aesthetics,,
b1000:866,The Sensuous and the Sacred,Vidya Dehejia,book,bharata1000,arts-and-aesthetics,,
b1000:867,Indian Temple Sculpture,John Guy,book,bharata1000,arts-and-aesthetics,,
b1000:868,Indian Architecture,Percy Brown (2 vols),book,bharata1000,arts-and-aesthetics,,
b1000:869,The Hindu Temple: An Introduction,George Michell,book,bharata1000,arts-and-aesthetics,,
b1000:870,Hindu Art,T. Richard Blurton,book,bharata1000,arts-and-aesthetics,,
b1000:871,Sacred Sculptures of Thailand,Hiram W. Woodward (Indian roots reading),book,bharata1000,arts-and-aesthetics,,
b1000:872,Mānasāra (Architectural Treatise),Prasanna Kumar Acharya,book,bharata1000,arts-and-aesthetics,,
b1000:873,Vastu Shastra,Vibhuti Chakrabarti,book,bharata1000,arts-and-aesthetics,,
b1000:874,The Architecture of the Indian Sultanates,Mehrdad Shokoohy,book,bharata1000,arts-and-aesthetics,,
b1000:875,Bharatas Natyashastra and Indian Theatre,V. Raghavan,book,bharata1000,arts-and-aesthetics,,
b1000:876,Indian Iconography,Niranjan Ghosh,book,bharata1000,arts-and-aesthetics,,
b1000:877,Hindu Iconography,Krishan Yuvraj (in art-history series),book,bharata1000,arts-and-aesthetics,,
b1000:878,Aesthetic Experience According to Abhinavagupta,Raniero Gnoli,book,bharata1000,arts-and-aesthetics,,
b1000:879,The Sculpture of India,Pratapaditya Pal,book,bharata1000,arts-and-aesthetics,,
b1000:880,The Iconography of Hindu Tantric Deities,Gudrun Bühnemann (2 vols),book,bharata1000,arts-and-aesthetics,,
b1000:881,The Hindu Pantheon,Edward Moor (period source),book,bharata1000,arts-and-aesthetics,,
b1000:882,Indian Aesthetics: An Introduction,V. S. Seturaman (ed.),book,bharata1000,arts-and-aesthetics,,
b1000:883,The Ragas of Northern Indian Music,Alain Daniélou,book,bharata1000,arts-and-aesthetics,,
b1000:884,The Ragas of South India,Walter Kaufmann,book,bharata1000,arts-and-aesthetics,,
b1000:885,Northern Indian Music,Alain Daniélou (2 vols),book,bharata1000,arts-and-aesthetics,,
b1000:886,The Music of India,Reginald Massey & Jamila Massey,book,bharata1000,arts-and-aesthetics,,
b1000:887,The Raga-Tala System of Northern Indian Music,Patrick Moutal,book,bharata1000,arts-and-aesthetics,,
b1000:888,Sangeet Ratnakara of Sarngadeva,R. K. Shringy & Prem Lata Sharma,book,bharata1000,arts-and-aesthetics,,
b1000:889,The Natya Shastra,Manomohan Ghosh (already listed; included for performance studies),book,bharata1000,arts-and-aesthetics,,
b1000:890,Nrityashastra,Bharatamuni (Adya Rangacharya trans.),book,bharata1000,arts-and-aesthetics,,
b1000:891,The Abhinaya Darpana of Nandikeshvara,Manomohan Ghosh,book,bharata1000,arts-and-aesthetics,,
b1000:892,Bharatanatyam,Sunil Kothari,book,bharata1000,arts-and-aesthetics,,
b1000:893,Kuchipudi,Sunil Kothari & Avinash Pasricha,book,bharata1000,arts-and-aesthetics,,
b1000:894,Odissi,Sunil Kothari,book,bharata1000,arts-and-aesthetics,,
b1000:895,Kathakali,Phillip Zarrilli,book,bharata1000,arts-and-aesthetics,,
b1000:896,The Kathakali Complex,Phillip Zarrilli,book,bharata1000,arts-and-aesthetics,,
b1000:897,Kathak,Sunil Kothari,book,bharata1000,arts-and-aesthetics,,
b1000:898,Indian Classical Dance,Kapila Vatsyayan,book,bharata1000,arts-and-aesthetics,,
b1000:899,Classical Indian Dance in Literature and the Arts,Kapila Vatsyayan,book,bharata1000,arts-and-aesthetics,,
b1000:900,Bharata: The Natya-Sastra,Kapila Vatsyayan,book,bharata1000,arts-and-aesthetics,,
b1000:901,The Square and the Circle of the Indian Arts,Kapila Vatsyayan,book,bharata1000,arts-and-aesthetics,,
b1000:902,Traditions of Indian Folk Dance,Kapila Vatsyayan,book,bharata1000,arts-and-aesthetics,,
b1000:903,Dance in Indian Painting,Kapila Vatsyayan,book,bharata1000,arts-and-aesthetics,,
b1000:904,Dance Dialects of India,Ragini Devi,book,bharata1000,arts-and-aesthetics,,
b1000:905,Music in India,Bonnie C. Wade,book,bharata1000,arts-and-aesthetics,,
b1000:906,The Lost World of Hindustani Music,Kumar Prasad Mukherji,book,bharata1000,arts-and-aesthetics,,
b1000:907,The Life of Music in North India,Daniel M. Neuman,book,bharata1000,arts-and-aesthetics,,
b1000:909,The Crest of the Peacock,George Gheverghese Joseph,book,bharata1000,indian-knowledge-systems-and-education,,svayambodha
b1000:910,Ganita-yukti-bhasa of Jyesthadeva,"K. V. Sarma, K. Ramasubramanian (3 vols)",book,bharata1000,indian-knowledge-systems-and-education,,svayambodha
b1000:911,The Mathematics of India,P. P. Divakaran,book,bharata1000,indian-knowledge-systems-and-education,,svayambodha
b1000:912,Mathematics in India,Kim Plofker,book,bharata1000,indian-knowledge-systems-and-education,,svayambodha
b1000:913,Geometry in Ancient and Medieval India,T. A. Saraswati Amma,book,bharata1000,indian-knowledge-systems-and-education,,svayambodha
b1000:914,Hindu Astronomy,W. Brennand,book,bharata1000,indian-knowledge-systems-and-education,,svayambodha
b1000:915,The Aryabhatiya of Aryabhata,Walter Eugene Clark,book,bharata1000,indian-knowledge-systems-and-education,,svayambodha
b1000:916,Aryabhatiya of Aryabhata,Kripa Shankar Shukla & K. V. Sarma,book,bharata1000,indian-knowledge-systems-and-education,,svayambodha
b1000:917,Brahmasphutasiddhanta of Brahmagupta,Various editions (Sudhakara Dvivedi),book,bharata1000,indian-knowledge-systems-and-education,,svayambodha
b1000:918,Lilavati of Bhaskara II,"K. S. Patwardhan, S. A. Naimpally, S. L. Singh",book,bharata1000,indian-knowledge-systems-and-education,,svayambodha
b1000:919,Bijaganita of Bhaskara II,H. T. Colebrooke,book,bharata1000,indian-knowledge-systems-and-education,,svayambodha
b1000:920,Surya Siddhanta,Bapu Deva Sastri (and Lancelot Wilkinson),book,bharata1000,indian-knowledge-systems-and-education,,svayambodha
b1000:921,Indian Astronomy,S. N. Sen & K. S. Shukla (eds.),book,bharata1000,indian-knowledge-systems-and-education,,svayambodha
b1000:922,Pancasiddhantika of Varahamihira,G. Thibaut & Sudhakara Dvivedi,book,bharata1000,indian-knowledge-systems-and-education,,svayambodha
b1000:923,Brihat Samhita of Varahamihira,M. Ramakrishna Bhat (2 vols),book,bharata1000,indian-knowledge-systems-and-education,,svayambodha
b1000:924,Astrology in Vedic Tradition,David Frawley (Astrology of the Seers),book,bharata1000,indian-knowledge-systems-and-education,,svayambodha
b1000:925,Light on Life,Hart de Fouw & Robert Svoboda,book,bharata1000,indian-knowledge-systems-and-education,,svayambodha
b1000:926,The Greatness of Saturn,Robert Svoboda,book,bharata1000,indian-knowledge-systems-and-education,,svayambodha
b1000:927,Charaka Samhita,P. V. Sharma (4 vols),book,bharata1000,indian-knowledge-systems-and-education,,svayambodha
b1000:928,Sushruta Samhita,Kaviraj Kunja Lal Bhishagratna (3 vols),book,bharata1000,indian-knowledge-systems-and-education,,svayambodha
b1000:929,Ashtanga Hridayam of Vagbhata,K. R. Srikantha Murthy (3 vols),book,bharata1000,indian-knowledge-systems-and-education,,svayambodha
b1000:930,The Roots of Ayurveda,Dominik Wujastyk,book,bharata1000,indian-knowledge-systems-and-education,,svayambodha
b1000:931,A History of Indian Medical Literature,G. Jan Meulenbeld (5 vols),book,bharata1000,indian-knowledge-systems-and-education,,svayambodha
b1000:932,The Science of Self-Healing,Vasant Lad,book,bharata1000,indian-knowledge-systems-and-education,,svayambodha
b1000:933,Ayurveda: The Science of Self-Healing,Vasant Lad,book,bharata1000,indian-knowledge-systems-and-education,,svayambodha
b1000:934,Prakriti: Your Ayurvedic Constitution,Robert Svoboda,book,bharata1000,indian-knowledge-systems-and-education,,svayambodha
b1000:935,Ayurveda: A Life of Balance,Maya Tiwari,book,bharata1000,indian-knowledge-systems-and-education,,svayambodha
b1000:936,Indian Alchemy or Rasayana,S. Mahdihassan,book,bharata1000,indian-knowledge-systems-and-education,,svayambodha
b1000:937,Alchemical Body,David Gordon White (already listed),book,bharata1000,indian-knowledge-systems-and-education,,svayambodha
b1000:938,Indian Astronomy: An Introduction,S. Balachandra Rao,book,bharata1000,indian-knowledge-systems-and-education,,svayambodha
b1000:939,Indian Mathematics,S. Balachandra Rao,book,bharata1000,indian-knowledge-systems-and-education,,svayambodha
b1000:940,The Arthashastra of Kautilya,"Patrick Olivelle (King, Governance, and Law in Ancient India)",book,bharata1000,dharmashastra-and-polity,,civilizational-consciousness
b1000:941,Kautilya's Arthashastra,R. P. Kangle (3 vols),book,bharata1000,dharmashastra-and-polity,,civilizational-consciousness
b1000:942,The Arthashastra,L. N. Rangarajan,book,bharata1000,dharmashastra-and-polity,,civilizational-consciousness
b1000:943,Kautilya: The True Founder of Economics,Balbir Sihag,book,bharata1000,dharmashastra-and-polity,,civilizational-consciousness
b1000:944,The Indian Polity,A. S. Altekar,book,bharata1000,dharmashastra-and-polity,,civilizational-consciousness
b1000:945,Studies in the Political and Administrative Systems in Ancient and Medieval India,Pratima Asthana,book,bharata1000,dharmashastra-and-polity,,civilizational-consciousness
b1000:946,Hindu Polity,K. P. Jayaswal (already listed),book,bharata1000,dharmashastra-and-polity,,civilizational-consciousness
b1000:947,The Niti-vakyamrta of Somadeva,N. C. Mehta (selections),book,bharata1000,dharmashastra-and-polity,,civilizational-consciousness
b1000:948,Sukraniti,B. K. Sarkar (Sacred Books of the Hindus),book,bharata1000,dharmashastra-and-polity,,civilizational-consciousness
b1000:949,Indian Economic Tradition,V. M. Dandekar (in collected essays),book,bharata1000,dharmashastra-and-polity,,civilizational-consciousness
b1000:950,Hindu Economics,M. G. Bokare,book,bharata1000,dharmashastra-and-polity,,civilizational-consciousness
b1000:951,Markets and Manufacture in Early Modern India,Tirthankar Roy (counterpoint),book,bharata1000,dharmashastra-and-polity,,civilizational-consciousness
b1000:952,The Economic History of India,Romesh Chunder Dutt (2 vols),book,bharata1000,dharmashastra-and-polity,,civilizational-consciousness
b1000:953,Ancient Indian Economic Thought,Ratan Lal Basu,book,bharata1000,dharmashastra-and-polity,,civilizational-consciousness
b1000:954,Economic Conditions in Ancient India,Sharma Sharma (multiple),book,bharata1000,dharmashastra-and-polity,,civilizational-consciousness
b1000:955,Money and Credit in Indian History,Amiya Kumar Bagchi (ed.),book,bharata1000,dharmashastra-and-polity,,civilizational-consciousness
b1000:956,A Sanskrit-English Dictionary,Monier Monier-Williams,book,bharata1000,language-and-sanskrit,,
b1000:957,The Practical Sanskrit-English Dictionary,V. S. Apte,book,bharata1000,language-and-sanskrit,,
b1000:959,A Higher Sanskrit Grammar,M. R. Kale,book,bharata1000,language-and-sanskrit,,
b1000:960,Devavanipravesika,Robert Goldman & Sally Sutherland Goldman,book,bharata1000,language-and-sanskrit,,
b1000:961,The Sanskrit Language,T. Burrow,book,bharata1000,language-and-sanskrit,,
b1000:962,Aspects of Panini's Grammar,Hartmut Scharfe,book,bharata1000,language-and-sanskrit,,
b1000:963,The Wonder of Sanskrit,Sampadananda Mishra,book,bharata1000,language-and-sanskrit,,
b1000:964,Sanskrit Manual,Roderick Bucknell,book,bharata1000,language-and-sanskrit,,
b1000:965,Teach Yourself Sanskrit,Michael Coulson,book,bharata1000,language-and-sanskrit,,
b1000:966,A New History of Modern Hinduism,Brian K. Pennington (Was Hinduism Invented?),book,bharata1000,civilizational-consciousness,,
b1000:967,The Religion of the Hindus,Kenneth Morgan (ed.),book,bharata1000,civilizational-consciousness,,
b1000:968,Mantras of the Mind,Bansi Pandit,book,bharata1000,civilizational-consciousness,,
b1000:969,Modern Hinduism in Text and Context,Lavanya Vemsani (ed.),book,bharata1000,civilizational-consciousness,,
b1000:970,The Promise of the New South,Edward L. Ayers (diaspora context - replace if not relevant),book,bharata1000,civilizational-consciousness,,
b1000:971,Hinduism in America,Prema Kurien,book,bharata1000,civilizational-consciousness,,
b1000:972,A Place at the Multicultural Table,Prema Kurien,book,bharata1000,civilizational-consciousness,,
b1000:973,The Goddess and the Nation,Sumathi Ramaswamy,book,bharata1000,civilizational-consciousness,,
b1000:974,The Lost Land of Lemuria,Sumathi Ramaswamy,book,bharata1000,civilizational-consciousness,,
b1000:975,Passions of the Tongue,Sumathi Ramaswamy,book,bharata1000,civilizational-consciousness,,
b1000:976,Globalizing Hinduism,"Vasudha Narayanan (ed., essays)",book,bharata1000,civilizational-consciousness,,
b1000:977,The Hindu Diaspora,Steven Vertovec,book,bharata1000,civilizational-consciousness,,
b1000:978,Hinduism in the Modern World,Brian Hatcher (ed.),book,bharata1000,civilizational-consciousness,,
b1000:979,Contemporary Hinduism,Robin Rinehart (ed.),book,bharata1000,civilizational-consciousness,,
b1000:980,The Oxford History of Hinduism,"Gavin Flood (general ed., series)",book,bharata1000,civilizational-consciousness,,
b1000:981,Sources of Indian Tradition,Wm. Theodore de Bary et al. (2 vols),book,bharata1000,history-and-civilizational-recovery,,
b1000:982,The Hindu Tradition,Ainslie T. Embree,book,bharata1000,history-and-civilizational-recovery,,
b1000:983,Hindu Scriptures,R. C. Zaehner,book,bharata1000,history-and-civilizational-recovery,,
b1000:984,Hindu Mysticism,S. N. Dasgupta,book,bharata1000,history-and-civilizational-recovery,,
b1000:985,The Hindu Religious Tradition,Thomas J. Hopkins,book,bharata1000,history-and-civilizational-recovery,,
b1000:986,Religions of India in Practice,Donald S. Lopez Jr. (ed.),book,bharata1000,history-and-civilizational-recovery,,
b1000:987,Tantra in Practice,David Gordon White (ed.) (already listed),book,bharata1000,history-and-civilizational-recovery,,
b1000:988,Yoga in Practice,David Gordon White (ed.) (already listed),book,bharata1000,history-and-civilizational-recovery,,
b1000:989,Asceticism,Vincent L. Wimbush & Richard Valantasis (eds.),book,bharata1000,history-and-civilizational-recovery,,
b1000:990,The Religions of India,Friedrich Max Müller / R. C. Zaehner (separate vols),book,bharata1000,history-and-civilizational-recovery,,
b1000:991,Indian Civilization: A Sourcebook,Sushil Mittal & Gene Thursby (eds.),book,bharata1000,history-and-civilizational-recovery,,
b1000:992,The Hindu World,Sushil Mittal & Gene Thursby (eds.),book,bharata1000,history-and-civilizational-recovery,,
b1000:993,Studying Hinduism,Sushil Mittal & Gene Thursby (eds.),book,bharata1000,history-and-civilizational-recovery,,
b1000:994,The Encyclopedia of Hinduism,Constance Jones & James D. Ryan,book,bharata1000,history-and-civilizational-recovery,,
b1000:995,Brill's Encyclopedia of Hinduism,"Knut Jacobsen et al. (eds., 6 vols)",book,bharata1000,history-and-civilizational-recovery,,
b1000:996,The Hindus and Their Religious Systems,Mircea Eliade (in History of Religious Ideas),book,bharata1000,history-and-civilizational-recovery,,
b1000:997,A History of Religious Ideas,"Mircea Eliade (3 vols, India sections)",book,bharata1000,history-and-civilizational-recovery,,
b1000:998,Comparative Mythology,Max Müller,book,bharata1000,history-and-civilizational-recovery,,
b1000:999,The Hindu Religious Year,Muriel Marion Underhill,book,bharata1000,history-and-civilizational-recovery,,
b1000:1000,Civilization of the Goddess in India,Pupul Jayakar (The Earth Mother / The Earthen Drum),book,bharata1000,history-and-civilizational-recovery,,
external-article:russian-revolution-communism-democracy,100 Years of Russian Revolution - I - Is Communism Compatible with Democracy?,,external-article,library,indology-and-civilizational-critique,history-and-civilizational-recovery,shatrubodha
external-article:communism-killed-freedom-expression,100 Years of Russian Revolution - II - How Communism Killed Freedom of Expression,,external-article,library,indology-and-civilizational-critique,history-and-civilizational-recovery,shatrubodha
external-article:communism-treason,100 Years of Russian Revolution - III - Communism and Treason,,external-article,library,indology-and-civilizational-critique,history-and-civilizational-recovery,shatrubodha
external-article:indira-gandhi-soviet-agent,100 Years of Russian Revolution - IV - Was Indira Gandhi a Soviet Agent?,,external-article,library,indology-and-civilizational-critique,history-and-civilizational-recovery,shatrubodha
external-article:how-marxism-still-influences-indian-politics,100 Years of Russian Revolution - V - How Marxism Still Influences Indian Politics,,external-article,library,indology-and-civilizational-critique,history-and-civilizational-recovery,shatrubodha
external-article:ancient-temples-modern-dacoits-architectural-workshop-gurjara-pratiharas,Ancient Temples and Modern Dacoits Part III - The Architectural Workshop of the Gurjara-Pratiharas,,external-article,library,sacred-geography-and-temple,history-and-civilizational-recovery,
external-article:azaan-freedom-expression-compatible,Azaan and Freedom of Expression - Are They Compatible?,,external-article,library,indology-and-civilizational-critique,civilizational-consciousness,shatrubodha
external-article:case-aol-case-malicious-prosecution,Case Against AOL - A Case of Malicious Prosecution,,external-article,library,indology-and-civilizational-critique,civilizational-consciousness,shatrubodha
external-article:closing-the-pamir-gap-the-great-game-series,Closing the Pamir Gap - The Great Game Series,,external-article,library,history-and-civilizational-recovery,indology-and-civilizational-critique,shatrubodha
external-article:continuous-comprehensive-cumulative-knowledge-tradition-india,"Continuous, Comprehensive and Cumulative - The Knowledge Tradition of India",,external-article,library,indian-knowledge-systems-and-education,history-and-civilizational-recovery,svayambodha
external-article:dharmic-circuits-i,Dharmic Circuits - Sacred Pathways - Part 1,,external-article,library,sacred-geography-and-temple,festivals-and-living-tradition,
external-article:dharmic-circuits-iii,"Dharmic Circuits - The Temple, The Grove and The Lake - Part 3",,external-article,library,sacred-geography-and-temple,festivals-and-living-tradition,
external-article:did-brahmins-monopolize-knowledge-in-ancient-india,Did Brahmins Monopolize Knowledge in Ancient India?,,external-article,library,history-and-civilizational-recovery,indian-knowledge-systems-and-education,svayambodha
external-article:does-india-have-a-national-language,Does India Have a National Language?,,external-article,library,language-and-sanskrit,civilizational-consciousness,civilizational-consciousness
external-article:depression-is-the-absence-of-dukkha-part-i,"Dukh, Depression and Journeys of Life - Depression is the Absence of Dukkha - Part I",,external-article,library,darshanas-and-philosophy,civilizational-consciousness,
external-article:equality-vs-nature-how-hierarchy-can-help-us-save-the-planet,Equality vs Nature - How Hierarchy Can Help Us Save the Planet,,external-article,library,civilizational-consciousness,,purva-paksha
external-article:fighting-for-india-britain-vs-russia-in-the-great-game,Fighting for India - Britain vs Russia in the Great Game,,external-article,library,history-and-civilizational-recovery,indology-and-civilizational-critique,shatrubodha
external-article:grasping-for-the-beyond-on-a-critical-schism-in-the-modern-psyche,Grasping for the Beyond - On a Critical Schism in the Modern Psyche,,external-article,library,darshanas-and-philosophy,civilizational-consciousness,svayambodha
external-article:hindu-deities-in-central-asia-a-forgotten-chapter-of-history,Hindu Deities in Central Asia - A Forgotten Chapter of History,,external-article,library,history-and-civilizational-recovery,civilizational-consciousness,civilizational-consciousness
external-article:hindu-liberals-the-slave-soldiers-of-islamism,Hindu Liberals - The Slave Soldiers of Islamism,,external-article,library,indology-and-civilizational-critique,civilizational-consciousness,shatrubodha
external-article:the-hindu-samizdat-how-hindus-respond-to-censorship-and-bias,Hindu Samizdat - How Hindus Respond to Censorship and Bias,,external-article,library,indology-and-civilizational-critique,civilizational-consciousness,shatrubodha
external-article:a-hindu-view-of-the-simulation-hypothesis,Hindu View of the Simulation Hypothesis,,external-article,library,darshanas-and-philosophy,civilizational-consciousness,svayambodha
external-article:how-lenin-tried-to-foment-communist-revolution-in-india,How Lenin Tried to Foment Communist Revolution in India,,external-article,library,history-and-civilizational-recovery,indology-and-civilizational-critique,shatrubodha
external-article:how-old-is-the-hindu-temple,How Old is the Hindu Temple?,,external-article,library,sacred-geography-and-temple,history-and-civilizational-recovery,
external-article:scroll-part-omidyars-breaking-india-network,How Scroll.in is Part of Omidyar's Breaking India Network,,external-article,library,indology-and-civilizational-critique,civilizational-consciousness,shatrubodha
external-article:how-to-become-superpower-inside-great-game,How to Become a Superpower - Inside the Great Game,,external-article,library,history-and-civilizational-recovery,indology-and-civilizational-critique,shatrubodha
external-article:how-turkey-and-germany-planned-holy-jihad-against-india,How Turkey and Germany Planned Holy Jihad Against India,,external-article,library,history-and-civilizational-recovery,indology-and-civilizational-critique,shatrubodha
external-article:in-memoriam-life-and-works-of-shri-n-s-rajaram,In Memoriam - Life and Works of Shri N.S. Rajaram,,external-article,library,history-and-civilizational-recovery,sindhu-sarasvati-and-origins,
external-article:in-the-name-of-defending-islam-i-understanding-the-muslim-psyche,In the Name of Defending Islam - I - Understanding the Muslim Psyche,,external-article,library,indology-and-civilizational-critique,,shatrubodha
external-article:in-the-name-of-defending-islam-ii-how-radical-muslims-play-victim,In the Name of Defending Islam - II - How Radical Muslims Play Victim,,external-article,library,indology-and-civilizational-critique,,shatrubodha
external-article:intellectual-terrorism-left-case-dr-makarand-paranjpe,Intellectual Terrorism of the Left - The Case for Dr. Makarand Paranjape,,external-article,library,indology-and-civilizational-critique,,shatrubodha
external-article:kaiser-sultan-and-the-holy-jihad-in-india,"Kaiser, Sultan and the Holy Jihad in India",,external-article,library,history-and-civilizational-recovery,indology-and-civilizational-critique,shatrubodha
external-article:letter-to-a-moderate-muslim,Letter to a Moderate Muslim,,external-article,library,indology-and-civilizational-critique,,shatrubodha
external-article:the-making-of-early-kashmir-the-making-of-a-new-literary-star,Making of Early Kashmir - The Making of a New Literary Star,,external-article,library,history-and-civilizational-recovery,,
external-article:man-turned-skull-cap-india-sees-narendra-modi,The Man Who Turned Down the Skull Cap - How India Sees Narendra Modi,,external-article,library,civilizational-consciousness,,civilizational-consciousness
external-article:many-meanings-hindu-temple,The Many Meanings of the Hindu Temple,,external-article,library,sacred-geography-and-temple,indian-knowledge-systems-and-education,
external-article:on-what-is-a-hindu-temple,On What is a Hindu Temple,,external-article,library,sacred-geography-and-temple,history-and-civilizational-recovery,
external-article:the-pundits-how-hindu-hillmen-secretly-mapped-central-asia,Pundits - How Hindu Hillmen Secretly Mapped Central Asia,,external-article,library,history-and-civilizational-recovery,civilizational-consciousness,civilizational-consciousness
external-article:puranas-as-source-for-chronology,Puranas as the Source for a Chronology of Indian History,,external-article,library,history-and-civilizational-recovery,indian-knowledge-systems-and-education,
external-article:the-race-for-lhasa-the-great-game-series,Race for Lhasa - The Great Game Series,,external-article,library,history-and-civilizational-recovery,indology-and-civilizational-critique,shatrubodha
external-article:re-imposing-the-jizyah-decoding-sharjeel-imams-speech,Re-imposing the Jizyah - Decoding Sharjeel Imam's Speech,,external-article,library,indology-and-civilizational-critique,history-and-civilizational-recovery,shatrubodha
external-article:ram-swarup-on-the-communist-challenge,Shri Ram Swarup on the Communist Challenge,,external-article,library,indology-and-civilizational-critique,,shatrubodha
external-article:the-story-of-a-priest,Story of a Priest,,external-article,library,sacred-geography-and-temple,festivals-and-living-tradition,
external-article:tapan-ghosh-a-true-hindu-warrior,Tapan Ghosh - A True Hindu Warrior,,external-article,library,indology-and-civilizational-critique,civilizational-consciousness,shatrubodha
external-article:teaching-research-rot-set,Teaching and Research - The Rot That Has Set In,,external-article,library,indology-and-civilizational-critique,civilizational-consciousness,shatrubodha
external-article:thou-shalt-not-comment-dictatorship-scroll,Thou Shalt Not Comment - The Dictatorship of Scroll.in,,external-article,library,indology-and-civilizational-critique,civilizational-consciousness,shatrubodha
external-article:the-truth-and-the-humbug-in-greta-thunbergs-climate-change-speech,The Truth and the Humbug in Greta Thunberg's Climate Change Speech,,external-article,library,civilizational-consciousness,indology-and-civilizational-critique,purva-paksha
external-article:radical-islam-and-its-unfinished-agendas-case-1-lebanon,Unfinished Agendas of Radical Islam - Case 1 - Lebanon,,external-article,library,indology-and-civilizational-critique,history-and-civilizational-recovery,shatrubodha
external-article:unfinished-agendas-of-radical-islam-case-2-armenia-and-turkey,Unfinished Agendas of Radical Islam - Case 2 - Armenia and Turkey,,external-article,library,indology-and-civilizational-critique,history-and-civilizational-recovery,shatrubodha
external-article:unfinished-agendas-of-radical-islam-case-3-greece-and-spain,Unfinished Agendas of Radical Islam - Case 3 - Greece and Spain,,external-article,library,indology-and-civilizational-critique,history-and-civilizational-recovery,shatrubodha
external-article:unfinished-agendas-of-radical-islam-the-global-gameplan,Unfinished Agendas of Radical Islam - The Global Gameplan,,external-article,library,indology-and-civilizational-critique,civilizational-consciousness,shatrubodha
external-article:we-the-hindus-what-the-cab-means-for-hindu-civilization,We the Hindus - What the CAB Means for Hindu Civilization,,external-article,library,civilizational-consciousness,indology-and-civilizational-critique,civilizational-consciousness
external-article:liberals-hate-baahubali,Why Liberals Hate Baahubali,,external-article,library,civilizational-consciousness,,civilizational-consciousness
external-article:saba-naqvi-afraid-mullahs-tv-must-encourage,Why Saba Naqvi is Afraid of Mullahs on TV - And Why We Must Encourage That,,external-article,library,indology-and-civilizational-critique,,shatrubodha
external-article:witzels-realm-on-reputationist-concerns-over-indias-reclamation-of-its-history,Witzel's Realm - On Reputationist Concerns Over India's Reclamation of Its History,,external-article,library,history-and-civilizational-recovery,indology-and-civilizational-critique,purva-paksha
wiki:hinduism-and-dharmic-thought,Hinduism and Dharmic Thought,Ram Swarup; Sita Ram Goel,wiki,wiki,indology-and-civilizational-critique,civilizational-consciousness,shatrubodha
wiki:hindu-christian-encounters,Hindu-Christian Encounters,Ram Swarup; Sita Ram Goel,wiki,wiki,indology-and-civilizational-critique,,shatrubodha
wiki:islamic-imperialism-and-muslim-politics,Islamic Imperialism and Muslim Politics,Ram Swarup; Sita Ram Goel,wiki,wiki,indology-and-civilizational-critique,history-and-civilizational-recovery,shatrubodha
wiki:hindu-temples-and-iconoclasm,Hindu Temples and Iconoclasm,Ram Swarup; Sita Ram Goel,wiki,wiki,sacred-geography-and-temple,indology-and-civilizational-critique,shatrubodha
wiki:sikhism-and-hindu-sikh-relations,Sikhism and Hindu-Sikh Relations,Ram Swarup; Sita Ram Goel,wiki,wiki,indology-and-civilizational-critique,history-and-civilizational-recovery,shatrubodha
wiki:secularism-expression-and-political-language,"Secularism, Expression and Political Language",Ram Swarup; Sita Ram Goel,wiki,wiki,civilizational-consciousness,indology-and-civilizational-critique,shatrubodha
wiki:gandhi-communism-and-political-economy,"Gandhi, Communism and Political Economy",Ram Swarup; Sita Ram Goel,wiki,wiki,civilizational-consciousness,history-and-civilizational-recovery,shatrubodha
wiki:prehistoric-india-and-archaeology,Prehistoric India and Archaeology,,wiki,wiki,sindhu-sarasvati-and-origins,,
wiki:rta-and-cosmic-order,Ṛta and Cosmic Order,,wiki,wiki,sruti-and-veda,darshanas-and-philosophy,svayambodha
wiki:vedic-deities-and-mythology,Vedic Deities and Mythology,,wiki,wiki,sruti-and-veda,puranas-and-itihasa,svayambodha
wiki:shiva,Śiva: Origins and Theology,,wiki,wiki,puranas-and-itihasa,sruti-and-veda,svayambodha
wiki:karma-and-rebirth,Karma and Rebirth,,wiki,wiki,darshanas-and-philosophy,puranas-and-itihasa,svayambodha
wiki:dharma,Dharma: Semantic Archaeology,,wiki,wiki,darshanas-and-philosophy,dharmashastra-and-polity,svayambodha
wiki:hinduism-sectarian-traditions,Hinduism: Sectarian Traditions,,wiki,wiki,puranas-and-itihasa,darshanas-and-philosophy,svayambodha
wiki:yoga-and-liberation,Yoga and Liberation,,wiki,wiki,darshanas-and-philosophy,,svayambodha
wiki:vedic-ritual-and-sacrifice,Vedic Ritual and Sacrifice,,wiki,wiki,sruti-and-veda,,svayambodha
wiki:sacred-space-and-time,Sacred Space and Time,,wiki,wiki,sacred-geography-and-temple,darshanas-and-philosophy,svayambodha
wiki:indian-sacred-geography,Indian Sacred Geography,,wiki,wiki,sacred-geography-and-temple,,svayambodha
wiki:indian-history-and-civilization,Indian History and Civilization,,wiki,wiki,history-and-civilizational-recovery,sindhu-sarasvati-and-origins,
wiki:phenomenology-of-religion,Phenomenology of Religion,,wiki,wiki,indology-and-civilizational-critique,darshanas-and-philosophy,purva-paksha
wiki:time-eternity-and-cosmic-cycles,"Time, Eternity and Cosmic Cycles",,wiki,wiki,darshanas-and-philosophy,sruti-and-veda,svayambodha
wiki:cultural-memory-and-tradition,Cultural Memory and Tradition,,wiki,wiki,history-and-civilizational-recovery,indian-knowledge-systems-and-education,civilizational-consciousness
wiki:interreligious-dialogue,Interreligious Dialogue,,wiki,wiki,indology-and-civilizational-critique,darshanas-and-philosophy,purva-paksha
wiki:comparative-religion-methodology,Comparative Religion: Methodology,,wiki,wiki,indology-and-civilizational-critique,,purva-paksha
wiki:indian-art-and-aesthetics,Indian Art and Aesthetics,,wiki,wiki,arts-and-aesthetics,darshanas-and-philosophy,svayambodha
wiki:polytheism-and-divine-plurality,Polytheism and Divine Plurality,,wiki,wiki,darshanas-and-philosophy,indology-and-civilizational-critique,svayambodha
wiki:colonial-indology,Colonial Indology,,wiki,wiki,indology-and-civilizational-critique,,shatrubodha
wiki:goddess-tradition,The Goddess Tradition,,wiki,wiki,puranas-and-itihasa,sruti-and-veda,svayambodha
wiki:ancient-indian-chronology,Ancient Indian Chronology,,wiki,wiki,sindhu-sarasvati-and-origins,history-and-civilizational-recovery,
wiki:vedic-literature-and-cosmology,Vedic Literature and Cosmology,,wiki,wiki,sruti-and-veda,sindhu-sarasvati-and-origins,svayambodha
wiki:rigvedic-history-and-geography,Ṛgvedic History and Geography,,wiki,wiki,sindhu-sarasvati-and-origins,sruti-and-veda,
wiki:sarasvati-and-harappan-world,Sarasvatī and the Harappan World,,wiki,wiki,sindhu-sarasvati-and-origins,,
wiki:indo-european-and-aryan-debate,Indo-European and the Aryan Debate,,wiki,wiki,sindhu-sarasvati-and-origins,indology-and-civilizational-critique,shatrubodha
wiki:epics-and-itihasa,Epics and Itihāsa,,wiki,wiki,puranas-and-itihasa,sindhu-sarasvati-and-origins,svayambodha
wiki:sanskrit-and-linguistic-traditions,Sanskrit and Linguistic Traditions,,wiki,wiki,language-and-sanskrit,,svayambodha
wiki:tribes-and-population-history,Tribes and Population History,,wiki,wiki,sindhu-sarasvati-and-origins,history-and-civilizational-recovery,
wiki:hindu-thought-and-sacred-geography,Hindu Thought and Sacred Geography,,wiki,wiki,sacred-geography-and-temple,darshanas-and-philosophy,svayambodha
wiki:indian-knowledge-systems,Indian Knowledge Systems,,wiki,wiki,indian-knowledge-systems-and-education,,svayambodha
wiki:aurobindo-integral-yoga,Integral Yoga (Aurobindo),Sri Aurobindo,wiki,wiki,darshanas-and-philosophy,,svayambodha
wiki:aurobindo-metaphysics-and-spiritual-evolution,Metaphysics and Spiritual Evolution (Aurobindo),Sri Aurobindo,wiki,wiki,darshanas-and-philosophy,sruti-and-veda,svayambodha
wiki:aurobindo-gita-and-karmayoga,The Gita and Karma Yoga (Aurobindo),Sri Aurobindo,wiki,wiki,puranas-and-itihasa,darshanas-and-philosophy,svayambodha
wiki:aurobindo-upanishads-and-vedanta,Upanishads and Vedānta (Aurobindo),Sri Aurobindo,wiki,wiki,sruti-and-veda,darshanas-and-philosophy,svayambodha
wiki:aurobindo-veda-and-vedic-symbolism,The Veda and Vedic Symbolism (Aurobindo),Sri Aurobindo,wiki,wiki,sruti-and-veda,,svayambodha
wiki:aurobindo-political-nationalism-and-spiritualized-action,Political Nationalism and Spiritualized Action (Aurobindo),Sri Aurobindo,wiki,wiki,civilizational-consciousness,dharmashastra-and-polity,civilizational-consciousness
wiki:aurobindo-social-and-political-philosophy,Social and Political Philosophy (Aurobindo),Sri Aurobindo,wiki,wiki,civilizational-consciousness,dharmashastra-and-polity,civilizational-consciousness
wiki:aurobindo-indian-culture-and-civilizational-renewal,Indian Culture and Civilizational Renewal (Aurobindo),Sri Aurobindo,wiki,wiki,civilizational-consciousness,history-and-civilizational-recovery,civilizational-consciousness
wiki:aurobindo-corpus-overview,Sri Aurobindo: Corpus Overview,Sri Aurobindo,wiki,wiki,darshanas-and-philosophy,civilizational-consciousness,svayambodha
wiki:civilizational-theory-and-method,Civilizational Theory and Method,,wiki,wiki,civilizational-consciousness,indology-and-civilizational-critique,civilizational-consciousness
wiki:religion-myth-and-meaning,"Religion, Myth and Meaning",,wiki,wiki,indology-and-civilizational-critique,darshanas-and-philosophy,purva-paksha
wiki:intercultural-contact-and-exchange,Intercultural Contact and Exchange,,wiki,wiki,history-and-civilizational-recovery,indology-and-civilizational-critique,civilizational-consciousness
wiki:civilization-state-and-nationalism,"Civilization, State and Nationalism",,wiki,wiki,civilizational-consciousness,dharmashastra-and-polity,civilizational-consciousness
wiki:wisdom-knowledge-and-education,"Wisdom, Knowledge and Education",,wiki,wiki,indian-knowledge-systems-and-education,civilizational-consciousness,civilizational-consciousness
wiki:comparative-civilizations-review-archive,Comparative Civilizations Review: Archive,,wiki,wiki,indology-and-civilizational-critique,civilizational-consciousness,civilizational-consciousness